module,entity,title,surface,route,persona,fields,primary_action,endpoint,permissions,states,responsive,accessibility,binding_status,evidence
ai_core,aimemories,Ai Memories,form,não localizada,papel autorizado do módulo; requer detalhamento,não vinculado:sem entidade física/DTO correspondente,Salvar registro,/ai_core/resources/aimemories,enforcement backend requer validação,loading;vazio;erro;sucesso;sem_permissao;conflito;dados_desatualizados,desktop;tablet;mobile,label;foco visível;teclado;leitor de tela;contraste,lacuna_entidade_sem_contrato,apps/all-in-one/src/pages/ai_core/AiMemoriesForm.tsx:5
ai_core,aimemories,Ai Memories,list,não localizada,papel autorizado do módulo; requer detalhamento,não vinculado:sem entidade física/DTO correspondente,Abrir detalhes,/ai_core/resources/aimemories,enforcement backend requer validação,loading;vazio;erro;sucesso;sem_permissao;conflito;dados_desatualizados,desktop;tablet;mobile,label;foco visível;teclado;leitor de tela;contraste,lacuna_entidade_sem_contrato,apps/all-in-one/src/pages/ai_core/AiMemoriesList.tsx:5
ai_core,ai_corepermissions,Ai_core Permissões,list,não localizada,papel autorizado do módulo; requer detalhamento,não vinculado:sem entidade física/DTO correspondente,Abrir detalhes,/ai_core/resources/ai_corepermissions,enforcement backend requer validação,loading;vazio;erro;sucesso;sem_permissao;conflito;dados_desatualizados,desktop;tablet;mobile,label;foco visível;teclado;leitor de tela;contraste,lacuna_entidade_sem_contrato,apps/all-in-one/src/pages/ai_core/Ai_corePermissions.tsx:6
ai_core,modelruns,Model Runs,form,não localizada,papel autorizado do módulo; requer detalhamento,não vinculado:sem entidade física/DTO correspondente,Salvar registro,/ai_core/resources/modelruns,enforcement backend requer validação,loading;vazio;erro;sucesso;sem_permissao;conflito;dados_desatualizados,desktop;tablet;mobile,label;foco visível;teclado;leitor de tela;contraste,lacuna_entidade_sem_contrato,apps/all-in-one/src/pages/ai_core/ModelRunsForm.tsx:5
ai_core,modelruns,Model Runs,list,não localizada,papel autorizado do módulo; requer detalhamento,não vinculado:sem entidade física/DTO correspondente,Abrir detalhes,/ai_core/resources/modelruns,enforcement backend requer validação,loading;vazio;erro;sucesso;sem_permissao;conflito;dados_desatualizados,desktop;tablet;mobile,label;foco visível;teclado;leitor de tela;contraste,lacuna_entidade_sem_contrato,apps/all-in-one/src/pages/ai_core/ModelRunsList.tsx:5
ai_core,moderationdecisions,Moderation Decisions,form,não localizada,papel autorizado do módulo; requer detalhamento,não vinculado:sem entidade física/DTO correspondente,Salvar registro,/ai_core/resources/moderationdecisions,enforcement backend requer validação,loading;vazio;erro;sucesso;sem_permissao;conflito;dados_desatualizados,desktop;tablet;mobile,label;foco visível;teclado;leitor de tela;contraste,lacuna_entidade_sem_contrato,apps/all-in-one/src/pages/ai_core/ModerationDecisionsForm.tsx:6
ai_core,moderationdecisions,Moderation Decisions,list,não localizada,papel autorizado do módulo; requer detalhamento,não vinculado:sem entidade física/DTO correspondente,Abrir detalhes,/ai_core/resources/moderationdecisions,enforcement backend requer validação,loading;vazio;erro;sucesso;sem_permissao;conflito;dados_desatualizados,desktop;tablet;mobile,label;foco visível;teclado;leitor de tela;contraste,lacuna_entidade_sem_contrato,apps/all-in-one/src/pages/ai_core/ModerationDecisionsList.tsx:6
api_hub,apiclients,Api Clients,form,não localizada,papel autorizado do módulo; requer detalhamento,não vinculado:sem entidade física/DTO correspondente,Salvar registro,/api_hub/resources/apiclients,enforcement backend requer validação,loading;vazio;erro;sucesso;sem_permissao;conflito;dados_desatualizados,desktop;tablet;mobile,label;foco visível;teclado;leitor de tela;contraste,lacuna_entidade_sem_contrato,apps/all-in-one/src/pages/api_hub/ApiClientsForm.tsx:5
api_hub,apiclients,Api Clients,list,não localizada,papel autorizado do módulo; requer detalhamento,não vinculado:sem entidade física/DTO correspondente,Abrir detalhes,/api_hub/resources/apiclients,enforcement backend requer validação,loading;vazio;erro;sucesso;sem_permissao;conflito;dados_desatualizados,desktop;tablet;mobile,label;foco visível;teclado;leitor de tela;contraste,lacuna_entidade_sem_contrato,apps/all-in-one/src/pages/api_hub/ApiClientsList.tsx:5
api_hub,apikeys,Api Keys,form,não localizada,papel autorizado do módulo; requer detalhamento,não vinculado:sem entidade física/DTO correspondente,Salvar registro,/api_hub/resources/apikeys,enforcement backend requer validação,loading;vazio;erro;sucesso;sem_permissao;conflito;dados_desatualizados,desktop;tablet;mobile,label;foco visível;teclado;leitor de tela;contraste,lacuna_entidade_sem_contrato,apps/all-in-one/src/pages/api_hub/ApiKeysForm.tsx:5
api_hub,apikeys,Api Keys,list,não localizada,papel autorizado do módulo; requer detalhamento,não vinculado:sem entidade física/DTO correspondente,Abrir detalhes,/api_hub/resources/apikeys,enforcement backend requer validação,loading;vazio;erro;sucesso;sem_permissao;conflito;dados_desatualizados,desktop;tablet;mobile,label;foco visível;teclado;leitor de tela;contraste,lacuna_entidade_sem_contrato,apps/all-in-one/src/pages/api_hub/ApiKeysList.tsx:5
api_hub,api_hubpermissions,Api_hub Permissões,list,não localizada,papel autorizado do módulo; requer detalhamento,não vinculado:sem entidade física/DTO correspondente,Abrir detalhes,/api_hub/resources/api_hubpermissions,enforcement backend requer validação,loading;vazio;erro;sucesso;sem_permissao;conflito;dados_desatualizados,desktop;tablet;mobile,label;foco visível;teclado;leitor de tela;contraste,lacuna_entidade_sem_contrato,apps/all-in-one/src/pages/api_hub/Api_hubPermissions.tsx:6
api_hub,integrationruns,Integration Runs,form,não localizada,papel autorizado do módulo; requer detalhamento,não vinculado:sem entidade física/DTO correspondente,Salvar registro,/api_hub/resources/integrationruns,enforcement backend requer validação,loading;vazio;erro;sucesso;sem_permissao;conflito;dados_desatualizados,desktop;tablet;mobile,label;foco visível;teclado;leitor de tela;contraste,lacuna_entidade_sem_contrato,apps/all-in-one/src/pages/api_hub/IntegrationRunsForm.tsx:6
api_hub,integrationruns,Integration Runs,list,não localizada,papel autorizado do módulo; requer detalhamento,não vinculado:sem entidade física/DTO correspondente,Abrir detalhes,/api_hub/resources/integrationruns,enforcement backend requer validação,loading;vazio;erro;sucesso;sem_permissao;conflito;dados_desatualizados,desktop;tablet;mobile,label;foco visível;teclado;leitor de tela;contraste,lacuna_entidade_sem_contrato,apps/all-in-one/src/pages/api_hub/IntegrationRunsList.tsx:6
api_hub,webhooks,Webhooks,form,não localizada,papel autorizado do módulo; requer detalhamento,company_id:ResourceCreate.payload.company_id <-> api_hub.webhooks.company_id;target_url:ResourceCreate.payload.target_url <-> api_hub.webhooks.target_url;event_patterns:ResourceCreate.payload.event_patterns <-> api_hub.webhooks.event_patterns;signing_secret_reference:ResourceCreate.payload.signing_secret_reference <-> api_hub.webhooks.signing_secret_reference,Salvar registro,/api_hub/resources/webhooks,enforcement backend requer validação,loading;vazio;erro;sucesso;sem_permissao;conflito;dados_desatualizados,desktop;tablet;mobile,label;foco visível;teclado;leitor de tela;contraste,comprovado_por_contrato_versionado,apps/all-in-one/src/pages/api_hub/WebhooksForm.tsx:5
api_hub,webhooks,Webhooks,list,não localizada,papel autorizado do módulo; requer detalhamento,company_id:response.payload.company_id <-> api_hub.webhooks.company_id;target_url:response.payload.target_url <-> api_hub.webhooks.target_url;event_patterns:response.payload.event_patterns <-> api_hub.webhooks.event_patterns;signing_secret_reference:response.payload.signing_secret_reference <-> api_hub.webhooks.signing_secret_reference,Abrir detalhes,/api_hub/resources/webhooks,enforcement backend requer validação,loading;vazio;erro;sucesso;sem_permissao;conflito;dados_desatualizados,desktop;tablet;mobile,label;foco visível;teclado;leitor de tela;contraste,comprovado_por_contrato_versionado,apps/all-in-one/src/pages/api_hub/WebhooksList.tsx:5
bi,bipermissions,Bi Permissões,list,não localizada,papel autorizado do módulo; requer detalhamento,não vinculado:sem entidade física/DTO correspondente,Abrir detalhes,/bi/resources/bipermissions,enforcement backend requer validação,loading;vazio;erro;sucesso;sem_permissao;conflito;dados_desatualizados,desktop;tablet;mobile,label;foco visível;teclado;leitor de tela;contraste,lacuna_entidade_sem_contrato,apps/all-in-one/src/pages/bi/BiPermissions.tsx:5
bi,dashboards,Dashboards,form,não localizada,papel autorizado do módulo; requer detalhamento,company_id:ResourceCreate.payload.company_id <-> bi.dashboards.company_id;name:ResourceCreate.payload.name <-> bi.dashboards.name;definition:ResourceCreate.payload.definition <-> bi.dashboards.definition,Salvar registro,/bi/resources/dashboards,enforcement backend requer validação,loading;vazio;erro;sucesso;sem_permissao;conflito;dados_desatualizados,desktop;tablet;mobile,label;foco visível;teclado;leitor de tela;contraste,comprovado_por_contrato_versionado,apps/all-in-one/src/pages/bi/DashboardsForm.tsx:5
bi,dashboards,Dashboards,list,não localizada,papel autorizado do módulo; requer detalhamento,company_id:response.payload.company_id <-> bi.dashboards.company_id;name:response.payload.name <-> bi.dashboards.name;definition:response.payload.definition <-> bi.dashboards.definition,Abrir detalhes,/bi/resources/dashboards,enforcement backend requer validação,loading;vazio;erro;sucesso;sem_permissao;conflito;dados_desatualizados,desktop;tablet;mobile,label;foco visível;teclado;leitor de tela;contraste,comprovado_por_contrato_versionado,apps/all-in-one/src/pages/bi/DashboardsList.tsx:5
bi,datasets,Datasets,form,não localizada,papel autorizado do módulo; requer detalhamento,company_id:ResourceCreate.payload.company_id <-> bi.datasets.company_id,Salvar registro,/bi/resources/datasets,enforcement backend requer validação,loading;vazio;erro;sucesso;sem_permissao;conflito;dados_desatualizados,desktop;tablet;mobile,label;foco visível;teclado;leitor de tela;contraste,comprovado_por_contrato_versionado,apps/all-in-one/src/pages/bi/DatasetsForm.tsx:5
bi,datasets,Datasets,list,não localizada,papel autorizado do módulo; requer detalhamento,company_id:response.payload.company_id <-> bi.datasets.company_id,Abrir detalhes,/bi/resources/datasets,enforcement backend requer validação,loading;vazio;erro;sucesso;sem_permissao;conflito;dados_desatualizados,desktop;tablet;mobile,label;foco visível;teclado;leitor de tela;contraste,comprovado_por_contrato_versionado,apps/all-in-one/src/pages/bi/DatasetsList.tsx:5
bi,exports,Exports,form,não localizada,papel autorizado do módulo; requer detalhamento,company_id:ResourceCreate.payload.company_id <-> bi.exports.company_id,Salvar registro,/bi/resources/exports,enforcement backend requer validação,loading;vazio;erro;sucesso;sem_permissao;conflito;dados_desatualizados,desktop;tablet;mobile,label;foco visível;teclado;leitor de tela;contraste,comprovado_por_contrato_versionado,apps/all-in-one/src/pages/bi/ExportsForm.tsx:5
bi,exports,Exports,list,não localizada,papel autorizado do módulo; requer detalhamento,company_id:response.payload.company_id <-> bi.exports.company_id,Abrir detalhes,/bi/resources/exports,enforcement backend requer validação,loading;vazio;erro;sucesso;sem_permissao;conflito;dados_desatualizados,desktop;tablet;mobile,label;foco visível;teclado;leitor de tela;contraste,comprovado_por_contrato_versionado,apps/all-in-one/src/pages/bi/ExportsList.tsx:5
bi,indicators,Indicators,form,não localizada,papel autorizado do módulo; requer detalhamento,company_id:ResourceCreate.payload.company_id <-> bi.indicators.company_id,Salvar registro,/bi/resources/indicators,enforcement backend requer validação,loading;vazio;erro;sucesso;sem_permissao;conflito;dados_desatualizados,desktop;tablet;mobile,label;foco visível;teclado;leitor de tela;contraste,comprovado_por_contrato_versionado,apps/all-in-one/src/pages/bi/IndicatorsForm.tsx:5
bi,indicators,Indicators,list,não localizada,papel autorizado do módulo; requer detalhamento,company_id:response.payload.company_id <-> bi.indicators.company_id,Abrir detalhes,/bi/resources/indicators,enforcement backend requer validação,loading;vazio;erro;sucesso;sem_permissao;conflito;dados_desatualizados,desktop;tablet;mobile,label;foco visível;teclado;leitor de tela;contraste,comprovado_por_contrato_versionado,apps/all-in-one/src/pages/bi/IndicatorsList.tsx:5
bpm,bpmpermissions,Bpm Permissões,list,não localizada,papel autorizado do módulo; requer detalhamento,não vinculado:sem entidade física/DTO correspondente,Abrir detalhes,/bpm/resources/bpmpermissions,enforcement backend requer validação,loading;vazio;erro;sucesso;sem_permissao;conflito;dados_desatualizados,desktop;tablet;mobile,label;foco visível;teclado;leitor de tela;contraste,lacuna_entidade_sem_contrato,apps/all-in-one/src/pages/bpm/BpmPermissions.tsx:5
bpm,processes,Processes,form,não localizada,papel autorizado do módulo; requer detalhamento,company_id:ResourceCreate.payload.company_id <-> bpm.processes.company_id,Salvar registro,/bpm/resources/processes,enforcement backend requer validação,loading;vazio;erro;sucesso;sem_permissao;conflito;dados_desatualizados,desktop;tablet;mobile,label;foco visível;teclado;leitor de tela;contraste,comprovado_por_contrato_versionado,apps/all-in-one/src/pages/bpm/ProcessesForm.tsx:5
bpm,processes,Processes,list,não localizada,papel autorizado do módulo; requer detalhamento,company_id:response.payload.company_id <-> bpm.processes.company_id,Abrir detalhes,/bpm/resources/processes,enforcement backend requer validação,loading;vazio;erro;sucesso;sem_permissao;conflito;dados_desatualizados,desktop;tablet;mobile,label;foco visível;teclado;leitor de tela;contraste,comprovado_por_contrato_versionado,apps/all-in-one/src/pages/bpm/ProcessesList.tsx:5
bpm,slapolicies,Sla Policies,form,não localizada,papel autorizado do módulo; requer detalhamento,não vinculado:sem entidade física/DTO correspondente,Salvar registro,/bpm/resources/slapolicies,enforcement backend requer validação,loading;vazio;erro;sucesso;sem_permissao;conflito;dados_desatualizados,desktop;tablet;mobile,label;foco visível;teclado;leitor de tela;contraste,lacuna_entidade_sem_contrato,apps/all-in-one/src/pages/bpm/SlaPoliciesForm.tsx:5
bpm,slapolicies,Sla Policies,list,não localizada,papel autorizado do módulo; requer detalhamento,não vinculado:sem entidade física/DTO correspondente,Abrir detalhes,/bpm/resources/slapolicies,enforcement backend requer validação,loading;vazio;erro;sucesso;sem_permissao;conflito;dados_desatualizados,desktop;tablet;mobile,label;foco visível;teclado;leitor de tela;contraste,lacuna_entidade_sem_contrato,apps/all-in-one/src/pages/bpm/SlaPoliciesList.tsx:5
bpm,tasks,Tasks,form,não localizada,papel autorizado do módulo; requer detalhamento,company_id:ResourceCreate.payload.company_id <-> bpm.tasks.company_id,Salvar registro,/bpm/resources/tasks,enforcement backend requer validação,loading;vazio;erro;sucesso;sem_permissao;conflito;dados_desatualizados,desktop;tablet;mobile,label;foco visível;teclado;leitor de tela;contraste,comprovado_por_contrato_versionado,apps/all-in-one/src/pages/bpm/TasksForm.tsx:5
bpm,tasks,Tasks,list,não localizada,papel autorizado do módulo; requer detalhamento,company_id:response.payload.company_id <-> bpm.tasks.company_id,Abrir detalhes,/bpm/resources/tasks,enforcement backend requer validação,loading;vazio;erro;sucesso;sem_permissao;conflito;dados_desatualizados,desktop;tablet;mobile,label;foco visível;teclado;leitor de tela;contraste,comprovado_por_contrato_versionado,apps/all-in-one/src/pages/bpm/TasksList.tsx:5
bpm,workflowinstances,Workflow Instances,form,não localizada,papel autorizado do módulo; requer detalhamento,não vinculado:sem entidade física/DTO correspondente,Salvar registro,/bpm/resources/workflowinstances,enforcement backend requer validação,loading;vazio;erro;sucesso;sem_permissao;conflito;dados_desatualizados,desktop;tablet;mobile,label;foco visível;teclado;leitor de tela;contraste,lacuna_entidade_sem_contrato,apps/all-in-one/src/pages/bpm/WorkflowInstancesForm.tsx:6
bpm,workflowinstances,Workflow Instances,list,não localizada,papel autorizado do módulo; requer detalhamento,não vinculado:sem entidade física/DTO correspondente,Abrir detalhes,/bpm/resources/workflowinstances,enforcement backend requer validação,loading;vazio;erro;sucesso;sem_permissao;conflito;dados_desatualizados,desktop;tablet;mobile,label;foco visível;teclado;leitor de tela;contraste,lacuna_entidade_sem_contrato,apps/all-in-one/src/pages/bpm/WorkflowInstancesList.tsx:6
business,branches,Branches,form,não localizada,papel autorizado do módulo; requer detalhamento,parent_company_id:ResourceCreate.payload.parent_company_id <-> business.companies.parent_company_id;cnpj:ResourceCreate.payload.cnpj <-> business.companies.cnpj;root_cnpj:ResourceCreate.payload.root_cnpj <-> business.companies.root_cnpj;legal_name:ResourceCreate.payload.legal_name <-> business.companies.legal_name;trade_name:ResourceCreate.payload.trade_name <-> business.companies.trade_name;cnae:ResourceCreate.payload.cnae <-> business.companies.cnae;state_registration:ResourceCreate.payload.state_registration <-> business.companies.state_registration;municipal_registration:ResourceCreate.payload.municipal_registration <-> business.companies.municipal_registration;legal_representative_user_id:ResourceCreate.payload.legal_representative_user_id <-> business.companies.legal_representative_user_id;submitted_at:ResourceCreate.payload.submitted_at <-> business.companies.submitted_at;approved_at:ResourceCreate.payload.approved_at <-> business.companies.approved_at;approved_by:ResourceCreate.payload.approved_by <-> business.companies.approved_by;rejection_reason:ResourceCreate.payload.rejection_reason <-> business.companies.rejection_reason,Salvar registro,/business/resources/branches,enforcement backend requer validação,loading;vazio;erro;sucesso;sem_permissao;conflito;dados_desatualizados,desktop;tablet;mobile,label;foco visível;teclado;leitor de tela;contraste,comprovado_por_contrato_versionado,apps/all-in-one/src/pages/business/BranchesForm.tsx:5
business,branches,Branches,list,não localizada,papel autorizado do módulo; requer detalhamento,parent_company_id:response.payload.parent_company_id <-> business.companies.parent_company_id;cnpj:response.payload.cnpj <-> business.companies.cnpj;root_cnpj:response.payload.root_cnpj <-> business.companies.root_cnpj;legal_name:response.payload.legal_name <-> business.companies.legal_name;trade_name:response.payload.trade_name <-> business.companies.trade_name;cnae:response.payload.cnae <-> business.companies.cnae,Abrir detalhes,/business/resources/branches,enforcement backend requer validação,loading;vazio;erro;sucesso;sem_permissao;conflito;dados_desatualizados,desktop;tablet;mobile,label;foco visível;teclado;leitor de tela;contraste,comprovado_por_contrato_versionado,apps/all-in-one/src/pages/business/BranchesList.tsx:5
business,businesspermissions,Business Permissões,list,não localizada,papel autorizado do módulo; requer detalhamento,não vinculado:sem entidade física/DTO correspondente,Abrir detalhes,/business/resources/businesspermissions,enforcement backend requer validação,loading;vazio;erro;sucesso;sem_permissao;conflito;dados_desatualizados,desktop;tablet;mobile,label;foco visível;teclado;leitor de tela;contraste,lacuna_entidade_sem_contrato,apps/all-in-one/src/pages/business/BusinessPermissions.tsx:6
business,catalogoffers,Catalog Offers,form,não localizada,papel autorizado do módulo; requer detalhamento,não vinculado:sem entidade física/DTO correspondente,Salvar registro,/business/resources/catalogoffers,enforcement backend requer validação,loading;vazio;erro;sucesso;sem_permissao;conflito;dados_desatualizados,desktop;tablet;mobile,label;foco visível;teclado;leitor de tela;contraste,lacuna_entidade_sem_contrato,apps/all-in-one/src/pages/business/CatalogOffersForm.tsx:5
business,catalogoffers,Catalog Offers,list,não localizada,papel autorizado do módulo; requer detalhamento,não vinculado:sem entidade física/DTO correspondente,Abrir detalhes,/business/resources/catalogoffers,enforcement backend requer validação,loading;vazio;erro;sucesso;sem_permissao;conflito;dados_desatualizados,desktop;tablet;mobile,label;foco visível;teclado;leitor de tela;contraste,lacuna_entidade_sem_contrato,apps/all-in-one/src/pages/business/CatalogOffersList.tsx:5
business,companies,Companies,form,não localizada,papel autorizado do módulo; requer detalhamento,parent_company_id:ResourceCreate.payload.parent_company_id <-> business.companies.parent_company_id;cnpj:ResourceCreate.payload.cnpj <-> business.companies.cnpj;root_cnpj:ResourceCreate.payload.root_cnpj <-> business.companies.root_cnpj;legal_name:ResourceCreate.payload.legal_name <-> business.companies.legal_name;trade_name:ResourceCreate.payload.trade_name <-> business.companies.trade_name;cnae:ResourceCreate.payload.cnae <-> business.companies.cnae;state_registration:ResourceCreate.payload.state_registration <-> business.companies.state_registration;municipal_registration:ResourceCreate.payload.municipal_registration <-> business.companies.municipal_registration;legal_representative_user_id:ResourceCreate.payload.legal_representative_user_id <-> business.companies.legal_representative_user_id;submitted_at:ResourceCreate.payload.submitted_at <-> business.companies.submitted_at;approved_at:ResourceCreate.payload.approved_at <-> business.companies.approved_at;approved_by:ResourceCreate.payload.approved_by <-> business.companies.approved_by;rejection_reason:ResourceCreate.payload.rejection_reason <-> business.companies.rejection_reason,Salvar registro,/business/resources/companies,enforcement backend requer validação,loading;vazio;erro;sucesso;sem_permissao;conflito;dados_desatualizados,desktop;tablet;mobile,label;foco visível;teclado;leitor de tela;contraste,comprovado_por_contrato_versionado,apps/all-in-one/src/pages/business/CompaniesForm.tsx:5
business,companies,Companies,list,não localizada,papel autorizado do módulo; requer detalhamento,parent_company_id:response.payload.parent_company_id <-> business.companies.parent_company_id;cnpj:response.payload.cnpj <-> business.companies.cnpj;root_cnpj:response.payload.root_cnpj <-> business.companies.root_cnpj;legal_name:response.payload.legal_name <-> business.companies.legal_name;trade_name:response.payload.trade_name <-> business.companies.trade_name;cnae:response.payload.cnae <-> business.companies.cnae,Abrir detalhes,/business/resources/companies,enforcement backend requer validação,loading;vazio;erro;sucesso;sem_permissao;conflito;dados_desatualizados,desktop;tablet;mobile,label;foco visível;teclado;leitor de tela;contraste,comprovado_por_contrato_versionado,apps/all-in-one/src/pages/business/CompaniesList.tsx:5
business,companydocuments,Company Documents,form,não localizada,papel autorizado do módulo; requer detalhamento,não vinculado:sem entidade física/DTO correspondente,Salvar registro,/business/resources/companydocuments,enforcement backend requer validação,loading;vazio;erro;sucesso;sem_permissao;conflito;dados_desatualizados,desktop;tablet;mobile,label;foco visível;teclado;leitor de tela;contraste,lacuna_entidade_sem_contrato,apps/all-in-one/src/pages/business/CompanyDocumentsForm.tsx:6
business,companydocuments,Company Documents,list,não localizada,papel autorizado do módulo; requer detalhamento,não vinculado:sem entidade física/DTO correspondente,Abrir detalhes,/business/resources/companydocuments,enforcement backend requer validação,loading;vazio;erro;sucesso;sem_permissao;conflito;dados_desatualizados,desktop;tablet;mobile,label;foco visível;teclado;leitor de tela;contraste,lacuna_entidade_sem_contrato,apps/all-in-one/src/pages/business/CompanyDocumentsList.tsx:6
business,usercompanymemberships,User Company Memberships,form,não localizada,papel autorizado do módulo; requer detalhamento,não vinculado:sem entidade física/DTO correspondente,Salvar registro,/business/resources/usercompanymemberships,enforcement backend requer validação,loading;vazio;erro;sucesso;sem_permissao;conflito;dados_desatualizados,desktop;tablet;mobile,label;foco visível;teclado;leitor de tela;contraste,lacuna_entidade_sem_contrato,apps/all-in-one/src/pages/business/UserCompanyMembershipsForm.tsx:6
business,usercompanymemberships,User Company Memberships,list,não localizada,papel autorizado do módulo; requer detalhamento,não vinculado:sem entidade física/DTO correspondente,Abrir detalhes,/business/resources/usercompanymemberships,enforcement backend requer validação,loading;vazio;erro;sucesso;sem_permissao;conflito;dados_desatualizados,desktop;tablet;mobile,label;foco visível;teclado;leitor de tela;contraste,lacuna_entidade_sem_contrato,apps/all-in-one/src/pages/business/UserCompanyMembershipsList.tsx:6
crm,activities,Activities,form,não localizada,papel autorizado do módulo; requer detalhamento,company_id:ResourceCreate.payload.company_id <-> crm.activities.company_id,Salvar registro,/crm/resources/activities,enforcement backend requer validação,loading;vazio;erro;sucesso;sem_permissao;conflito;dados_desatualizados,desktop;tablet;mobile,label;foco visível;teclado;leitor de tela;contraste,comprovado_por_contrato_versionado,apps/all-in-one/src/pages/crm/ActivitiesForm.tsx:5
crm,activities,Activities,list,não localizada,papel autorizado do módulo; requer detalhamento,company_id:response.payload.company_id <-> crm.activities.company_id,Abrir detalhes,/crm/resources/activities,enforcement backend requer validação,loading;vazio;erro;sucesso;sem_permissao;conflito;dados_desatualizados,desktop;tablet;mobile,label;foco visível;teclado;leitor de tela;contraste,comprovado_por_contrato_versionado,apps/all-in-one/src/pages/crm/ActivitiesList.tsx:5
crm,campaigns,Campaigns,form,não localizada,papel autorizado do módulo; requer detalhamento,company_id:ResourceCreate.payload.company_id <-> crm.campaigns.company_id,Salvar registro,/crm/resources/campaigns,enforcement backend requer validação,loading;vazio;erro;sucesso;sem_permissao;conflito;dados_desatualizados,desktop;tablet;mobile,label;foco visível;teclado;leitor de tela;contraste,comprovado_por_contrato_versionado,apps/all-in-one/src/pages/crm/CampaignsForm.tsx:5
crm,campaigns,Campaigns,list,não localizada,papel autorizado do módulo; requer detalhamento,company_id:response.payload.company_id <-> crm.campaigns.company_id,Abrir detalhes,/crm/resources/campaigns,enforcement backend requer validação,loading;vazio;erro;sucesso;sem_permissao;conflito;dados_desatualizados,desktop;tablet;mobile,label;foco visível;teclado;leitor de tela;contraste,comprovado_por_contrato_versionado,apps/all-in-one/src/pages/crm/CampaignsList.tsx:5
crm,crmpermissions,Crm Permissões,list,não localizada,papel autorizado do módulo; requer detalhamento,não vinculado:sem entidade física/DTO correspondente,Abrir detalhes,/crm/resources/crmpermissions,enforcement backend requer validação,loading;vazio;erro;sucesso;sem_permissao;conflito;dados_desatualizados,desktop;tablet;mobile,label;foco visível;teclado;leitor de tela;contraste,lacuna_entidade_sem_contrato,apps/all-in-one/src/pages/crm/CrmPermissions.tsx:5
crm,leads,Leads,form,não localizada,papel autorizado do módulo; requer detalhamento,company_id:ResourceCreate.payload.company_id <-> crm.leads.company_id,Salvar registro,/crm/resources/leads,enforcement backend requer validação,loading;vazio;erro;sucesso;sem_permissao;conflito;dados_desatualizados,desktop;tablet;mobile,label;foco visível;teclado;leitor de tela;contraste,comprovado_por_contrato_versionado,apps/all-in-one/src/pages/crm/LeadsForm.tsx:5
crm,leads,Leads,list,não localizada,papel autorizado do módulo; requer detalhamento,company_id:response.payload.company_id <-> crm.leads.company_id,Abrir detalhes,/crm/resources/leads,enforcement backend requer validação,loading;vazio;erro;sucesso;sem_permissao;conflito;dados_desatualizados,desktop;tablet;mobile,label;foco visível;teclado;leitor de tela;contraste,comprovado_por_contrato_versionado,apps/all-in-one/src/pages/crm/LeadsList.tsx:5
crm,opportunities,Opportunities,form,não localizada,papel autorizado do módulo; requer detalhamento,company_id:ResourceCreate.payload.company_id <-> crm.opportunities.company_id;title:ResourceCreate.payload.title <-> crm.opportunities.title;expected_value_brl:ResourceCreate.payload.expected_value_brl <-> crm.opportunities.expected_value_brl;stage:ResourceCreate.payload.stage <-> crm.opportunities.stage,Salvar registro,/crm/resources/opportunities,enforcement backend requer validação,loading;vazio;erro;sucesso;sem_permissao;conflito;dados_desatualizados,desktop;tablet;mobile,label;foco visível;teclado;leitor de tela;contraste,comprovado_por_contrato_versionado,apps/all-in-one/src/pages/crm/OpportunitiesForm.tsx:5
crm,opportunities,Opportunities,list,não localizada,papel autorizado do módulo; requer detalhamento,company_id:response.payload.company_id <-> crm.opportunities.company_id;title:response.payload.title <-> crm.opportunities.title;expected_value_brl:response.payload.expected_value_brl <-> crm.opportunities.expected_value_brl;stage:response.payload.stage <-> crm.opportunities.stage,Abrir detalhes,/crm/resources/opportunities,enforcement backend requer validação,loading;vazio;erro;sucesso;sem_permissao;conflito;dados_desatualizados,desktop;tablet;mobile,label;foco visível;teclado;leitor de tela;contraste,comprovado_por_contrato_versionado,apps/all-in-one/src/pages/crm/OpportunitiesList.tsx:5
delivery,assignments,Assignments,form,não localizada,papel autorizado do módulo; requer detalhamento,company_id:ResourceCreate.payload.company_id <-> delivery.assignments.company_id,Salvar registro,/delivery/resources/assignments,enforcement backend requer validação,loading;vazio;erro;sucesso;sem_permissao;conflito;dados_desatualizados,desktop;tablet;mobile,label;foco visível;teclado;leitor de tela;contraste,comprovado_por_contrato_versionado,apps/all-in-one/src/pages/delivery/AssignmentsForm.tsx:5
delivery,assignments,Assignments,list,não localizada,papel autorizado do módulo; requer detalhamento,company_id:response.payload.company_id <-> delivery.assignments.company_id,Abrir detalhes,/delivery/resources/assignments,enforcement backend requer validação,loading;vazio;erro;sucesso;sem_permissao;conflito;dados_desatualizados,desktop;tablet;mobile,label;foco visível;teclado;leitor de tela;contraste,comprovado_por_contrato_versionado,apps/all-in-one/src/pages/delivery/AssignmentsList.tsx:5
delivery,deliverypermissions,Delivery Permissões,list,não localizada,papel autorizado do módulo; requer detalhamento,não vinculado:sem entidade física/DTO correspondente,Abrir detalhes,/delivery/resources/deliverypermissions,enforcement backend requer validação,loading;vazio;erro;sucesso;sem_permissao;conflito;dados_desatualizados,desktop;tablet;mobile,label;foco visível;teclado;leitor de tela;contraste,lacuna_entidade_sem_contrato,apps/all-in-one/src/pages/delivery/DeliveryPermissions.tsx:6
delivery,deliveryrequests,Delivery Requests,form,não localizada,papel autorizado do módulo; requer detalhamento,não vinculado:sem entidade física/DTO correspondente,Salvar registro,/delivery/resources/deliveryrequests,enforcement backend requer validação,loading;vazio;erro;sucesso;sem_permissao;conflito;dados_desatualizados,desktop;tablet;mobile,label;foco visível;teclado;leitor de tela;contraste,lacuna_entidade_sem_contrato,apps/all-in-one/src/pages/delivery/DeliveryRequestsForm.tsx:6
delivery,deliveryrequests,Delivery Requests,list,não localizada,papel autorizado do módulo; requer detalhamento,não vinculado:sem entidade física/DTO correspondente,Abrir detalhes,/delivery/resources/deliveryrequests,enforcement backend requer validação,loading;vazio;erro;sucesso;sem_permissao;conflito;dados_desatualizados,desktop;tablet;mobile,label;foco visível;teclado;leitor de tela;contraste,lacuna_entidade_sem_contrato,apps/all-in-one/src/pages/delivery/DeliveryRequestsList.tsx:6
delivery,insuranceoptions,Insurance Options,form,não localizada,papel autorizado do módulo; requer detalhamento,não vinculado:sem entidade física/DTO correspondente,Salvar registro,/delivery/resources/insuranceoptions,enforcement backend requer validação,loading;vazio;erro;sucesso;sem_permissao;conflito;dados_desatualizados,desktop;tablet;mobile,label;foco visível;teclado;leitor de tela;contraste,lacuna_entidade_sem_contrato,apps/all-in-one/src/pages/delivery/InsuranceOptionsForm.tsx:6
delivery,insuranceoptions,Insurance Options,list,não localizada,papel autorizado do módulo; requer detalhamento,não vinculado:sem entidade física/DTO correspondente,Abrir detalhes,/delivery/resources/insuranceoptions,enforcement backend requer validação,loading;vazio;erro;sucesso;sem_permissao;conflito;dados_desatualizados,desktop;tablet;mobile,label;foco visível;teclado;leitor de tela;contraste,lacuna_entidade_sem_contrato,apps/all-in-one/src/pages/delivery/InsuranceOptionsList.tsx:6
delivery,proofs,Proofs,form,não localizada,papel autorizado do módulo; requer detalhamento,company_id:ResourceCreate.payload.company_id <-> delivery.proofs.company_id,Salvar registro,/delivery/resources/proofs,enforcement backend requer validação,loading;vazio;erro;sucesso;sem_permissao;conflito;dados_desatualizados,desktop;tablet;mobile,label;foco visível;teclado;leitor de tela;contraste,comprovado_por_contrato_versionado,apps/all-in-one/src/pages/delivery/ProofsForm.tsx:5
delivery,proofs,Proofs,list,não localizada,papel autorizado do módulo; requer detalhamento,company_id:response.payload.company_id <-> delivery.proofs.company_id,Abrir detalhes,/delivery/resources/proofs,enforcement backend requer validação,loading;vazio;erro;sucesso;sem_permissao;conflito;dados_desatualizados,desktop;tablet;mobile,label;foco visível;teclado;leitor de tela;contraste,comprovado_por_contrato_versionado,apps/all-in-one/src/pages/delivery/ProofsList.tsx:5
delivery,quotes,Quotes,form,não localizada,papel autorizado do módulo; requer detalhamento,company_id:ResourceCreate.payload.company_id <-> delivery.quotes.company_id,Salvar registro,/delivery/resources/quotes,enforcement backend requer validação,loading;vazio;erro;sucesso;sem_permissao;conflito;dados_desatualizados,desktop;tablet;mobile,label;foco visível;teclado;leitor de tela;contraste,comprovado_por_contrato_versionado,apps/all-in-one/src/pages/delivery/QuotesForm.tsx:5
delivery,quotes,Quotes,list,não localizada,papel autorizado do módulo; requer detalhamento,company_id:response.payload.company_id <-> delivery.quotes.company_id,Abrir detalhes,/delivery/resources/quotes,enforcement backend requer validação,loading;vazio;erro;sucesso;sem_permissao;conflito;dados_desatualizados,desktop;tablet;mobile,label;foco visível;teclado;leitor de tela;contraste,comprovado_por_contrato_versionado,apps/all-in-one/src/pages/delivery/QuotesList.tsx:5
document,documentpermissions,Document Permissões,list,não localizada,papel autorizado do módulo; requer detalhamento,não vinculado:sem entidade física/DTO correspondente,Abrir detalhes,/document/resources/documentpermissions,enforcement backend requer validação,loading;vazio;erro;sucesso;sem_permissao;conflito;dados_desatualizados,desktop;tablet;mobile,label;foco visível;teclado;leitor de tela;contraste,lacuna_entidade_sem_contrato,apps/all-in-one/src/pages/document/DocumentPermissions.tsx:6
document,documents,Documents,form,não localizada,papel autorizado do módulo; requer detalhamento,company_id:ResourceCreate.payload.company_id <-> document.documents.company_id;storage_key:ResourceCreate.payload.storage_key <-> document.documents.storage_key;filename:ResourceCreate.payload.filename <-> document.documents.filename;mime_type:ResourceCreate.payload.mime_type <-> document.documents.mime_type;version_number:ResourceCreate.payload.version_number <-> document.documents.version_number;retention_until:ResourceCreate.payload.retention_until <-> document.documents.retention_until;searchable_text:ResourceCreate.payload.searchable_text <-> document.documents.searchable_text,Salvar registro,/document/resources/documents,enforcement backend requer validação,loading;vazio;erro;sucesso;sem_permissao;conflito;dados_desatualizados,desktop;tablet;mobile,label;foco visível;teclado;leitor de tela;contraste,comprovado_por_contrato_versionado,apps/all-in-one/src/pages/document/DocumentsForm.tsx:5
document,documents,Documents,list,não localizada,papel autorizado do módulo; requer detalhamento,company_id:response.payload.company_id <-> document.documents.company_id;storage_key:response.payload.storage_key <-> document.documents.storage_key;filename:response.payload.filename <-> document.documents.filename;mime_type:response.payload.mime_type <-> document.documents.mime_type;version_number:response.payload.version_number <-> document.documents.version_number;retention_until:response.payload.retention_until <-> document.documents.retention_until,Abrir detalhes,/document/resources/documents,enforcement backend requer validação,loading;vazio;erro;sucesso;sem_permissao;conflito;dados_desatualizados,desktop;tablet;mobile,label;foco visível;teclado;leitor de tela;contraste,comprovado_por_contrato_versionado,apps/all-in-one/src/pages/document/DocumentsList.tsx:5
document,folders,Folders,form,não localizada,papel autorizado do módulo; requer detalhamento,company_id:ResourceCreate.payload.company_id <-> document.folders.company_id,Salvar registro,/document/resources/folders,enforcement backend requer validação,loading;vazio;erro;sucesso;sem_permissao;conflito;dados_desatualizados,desktop;tablet;mobile,label;foco visível;teclado;leitor de tela;contraste,comprovado_por_contrato_versionado,apps/all-in-one/src/pages/document/FoldersForm.tsx:5
document,folders,Folders,list,não localizada,papel autorizado do módulo; requer detalhamento,company_id:response.payload.company_id <-> document.folders.company_id,Abrir detalhes,/document/resources/folders,enforcement backend requer validação,loading;vazio;erro;sucesso;sem_permissao;conflito;dados_desatualizados,desktop;tablet;mobile,label;foco visível;teclado;leitor de tela;contraste,comprovado_por_contrato_versionado,apps/all-in-one/src/pages/document/FoldersList.tsx:5
document,retentionpolicies,Retention Policies,form,não localizada,papel autorizado do módulo; requer detalhamento,não vinculado:sem entidade física/DTO correspondente,Salvar registro,/document/resources/retentionpolicies,enforcement backend requer validação,loading;vazio;erro;sucesso;sem_permissao;conflito;dados_desatualizados,desktop;tablet;mobile,label;foco visível;teclado;leitor de tela;contraste,lacuna_entidade_sem_contrato,apps/all-in-one/src/pages/document/RetentionPoliciesForm.tsx:6
document,retentionpolicies,Retention Policies,list,não localizada,papel autorizado do módulo; requer detalhamento,não vinculado:sem entidade física/DTO correspondente,Abrir detalhes,/document/resources/retentionpolicies,enforcement backend requer validação,loading;vazio;erro;sucesso;sem_permissao;conflito;dados_desatualizados,desktop;tablet;mobile,label;foco visível;teclado;leitor de tela;contraste,lacuna_entidade_sem_contrato,apps/all-in-one/src/pages/document/RetentionPoliciesList.tsx:6
document,versions,Versions,form,não localizada,papel autorizado do módulo; requer detalhamento,company_id:ResourceCreate.payload.company_id <-> document.versions.company_id,Salvar registro,/document/resources/versions,enforcement backend requer validação,loading;vazio;erro;sucesso;sem_permissao;conflito;dados_desatualizados,desktop;tablet;mobile,label;foco visível;teclado;leitor de tela;contraste,comprovado_por_contrato_versionado,apps/all-in-one/src/pages/document/VersionsForm.tsx:5
document,versions,Versions,list,não localizada,papel autorizado do módulo; requer detalhamento,company_id:response.payload.company_id <-> document.versions.company_id,Abrir detalhes,/document/resources/versions,enforcement backend requer validação,loading;vazio;erro;sucesso;sem_permissao;conflito;dados_desatualizados,desktop;tablet;mobile,label;foco visível;teclado;leitor de tela;contraste,comprovado_por_contrato_versionado,apps/all-in-one/src/pages/document/VersionsList.tsx:5
erp,accounts,Accounts,form,não localizada,papel autorizado do módulo; requer detalhamento,company_id:ResourceCreate.payload.company_id <-> erp.accounts.company_id,Salvar registro,/erp/resources/accounts,enforcement backend requer validação,loading;vazio;erro;sucesso;sem_permissao;conflito;dados_desatualizados,desktop;tablet;mobile,label;foco visível;teclado;leitor de tela;contraste,comprovado_por_contrato_versionado,apps/all-in-one/src/pages/erp/AccountsForm.tsx:5
erp,accounts,Accounts,list,não localizada,papel autorizado do módulo; requer detalhamento,company_id:response.payload.company_id <-> erp.accounts.company_id,Abrir detalhes,/erp/resources/accounts,enforcement backend requer validação,loading;vazio;erro;sucesso;sem_permissao;conflito;dados_desatualizados,desktop;tablet;mobile,label;foco visível;teclado;leitor de tela;contraste,comprovado_por_contrato_versionado,apps/all-in-one/src/pages/erp/AccountsList.tsx:5
erp,costcenters,Cost Centers,form,não localizada,papel autorizado do módulo; requer detalhamento,não vinculado:sem entidade física/DTO correspondente,Salvar registro,/erp/resources/costcenters,enforcement backend requer validação,loading;vazio;erro;sucesso;sem_permissao;conflito;dados_desatualizados,desktop;tablet;mobile,label;foco visível;teclado;leitor de tela;contraste,lacuna_entidade_sem_contrato,apps/all-in-one/src/pages/erp/CostCentersForm.tsx:5
erp,costcenters,Cost Centers,list,não localizada,papel autorizado do módulo; requer detalhamento,não vinculado:sem entidade física/DTO correspondente,Abrir detalhes,/erp/resources/costcenters,enforcement backend requer validação,loading;vazio;erro;sucesso;sem_permissao;conflito;dados_desatualizados,desktop;tablet;mobile,label;foco visível;teclado;leitor de tela;contraste,lacuna_entidade_sem_contrato,apps/all-in-one/src/pages/erp/CostCentersList.tsx:5
erp,erppermissions,Erp Permissões,list,não localizada,papel autorizado do módulo; requer detalhamento,não vinculado:sem entidade física/DTO correspondente,Abrir detalhes,/erp/resources/erppermissions,enforcement backend requer validação,loading;vazio;erro;sucesso;sem_permissao;conflito;dados_desatualizados,desktop;tablet;mobile,label;foco visível;teclado;leitor de tela;contraste,lacuna_entidade_sem_contrato,apps/all-in-one/src/pages/erp/ErpPermissions.tsx:5
erp,fiscaldocuments,Fiscal Documents,form,não localizada,papel autorizado do módulo; requer detalhamento,não vinculado:sem entidade física/DTO correspondente,Salvar registro,/erp/resources/fiscaldocuments,enforcement backend requer validação,loading;vazio;erro;sucesso;sem_permissao;conflito;dados_desatualizados,desktop;tablet;mobile,label;foco visível;teclado;leitor de tela;contraste,lacuna_entidade_sem_contrato,apps/all-in-one/src/pages/erp/FiscalDocumentsForm.tsx:5
erp,fiscaldocuments,Fiscal Documents,list,não localizada,papel autorizado do módulo; requer detalhamento,não vinculado:sem entidade física/DTO correspondente,Abrir detalhes,/erp/resources/fiscaldocuments,enforcement backend requer validação,loading;vazio;erro;sucesso;sem_permissao;conflito;dados_desatualizados,desktop;tablet;mobile,label;foco visível;teclado;leitor de tela;contraste,lacuna_entidade_sem_contrato,apps/all-in-one/src/pages/erp/FiscalDocumentsList.tsx:5
erp,payables,Payables,form,não localizada,papel autorizado do módulo; requer detalhamento,company_id:ResourceCreate.payload.company_id <-> erp.payables.company_id,Salvar registro,/erp/resources/payables,enforcement backend requer validação,loading;vazio;erro;sucesso;sem_permissao;conflito;dados_desatualizados,desktop;tablet;mobile,label;foco visível;teclado;leitor de tela;contraste,comprovado_por_contrato_versionado,apps/all-in-one/src/pages/erp/PayablesForm.tsx:5
erp,payables,Payables,list,não localizada,papel autorizado do módulo; requer detalhamento,company_id:response.payload.company_id <-> erp.payables.company_id,Abrir detalhes,/erp/resources/payables,enforcement backend requer validação,loading;vazio;erro;sucesso;sem_permissao;conflito;dados_desatualizados,desktop;tablet;mobile,label;foco visível;teclado;leitor de tela;contraste,comprovado_por_contrato_versionado,apps/all-in-one/src/pages/erp/PayablesList.tsx:5
erp,receivables,Receivables,form,não localizada,papel autorizado do módulo; requer detalhamento,company_id:ResourceCreate.payload.company_id <-> erp.receivables.company_id,Salvar registro,/erp/resources/receivables,enforcement backend requer validação,loading;vazio;erro;sucesso;sem_permissao;conflito;dados_desatualizados,desktop;tablet;mobile,label;foco visível;teclado;leitor de tela;contraste,comprovado_por_contrato_versionado,apps/all-in-one/src/pages/erp/ReceivablesForm.tsx:5
erp,receivables,Receivables,list,não localizada,papel autorizado do módulo; requer detalhamento,company_id:response.payload.company_id <-> erp.receivables.company_id,Abrir detalhes,/erp/resources/receivables,enforcement backend requer validação,loading;vazio;erro;sucesso;sem_permissao;conflito;dados_desatualizados,desktop;tablet;mobile,label;foco visível;teclado;leitor de tela;contraste,comprovado_por_contrato_versionado,apps/all-in-one/src/pages/erp/ReceivablesList.tsx:5
finance,escrows,Escrows,form,não localizada,papel autorizado do módulo; requer detalhamento,wallet_id:ResourceCreate.payload.wallet_id <-> finance.escrows.wallet_id;beneficiary_user_id:ResourceCreate.payload.beneficiary_user_id <-> finance.escrows.beneficiary_user_id;amount_brl:ResourceCreate.payload.amount_brl <-> finance.escrows.amount_brl;release_condition:ResourceCreate.payload.release_condition <-> finance.escrows.release_condition;dispute_deadline:ResourceCreate.payload.dispute_deadline <-> finance.escrows.dispute_deadline,Salvar registro,/finance/resources/escrows,enforcement backend requer validação,loading;vazio;erro;sucesso;sem_permissao;conflito;dados_desatualizados,desktop;tablet;mobile,label;foco visível;teclado;leitor de tela;contraste,comprovado_por_contrato_versionado,apps/all-in-one/src/pages/finance/EscrowsForm.tsx:5
finance,escrows,Escrows,list,não localizada,papel autorizado do módulo; requer detalhamento,wallet_id:response.payload.wallet_id <-> finance.escrows.wallet_id;beneficiary_user_id:response.payload.beneficiary_user_id <-> finance.escrows.beneficiary_user_id;amount_brl:response.payload.amount_brl <-> finance.escrows.amount_brl;release_condition:response.payload.release_condition <-> finance.escrows.release_condition;dispute_deadline:response.payload.dispute_deadline <-> finance.escrows.dispute_deadline,Abrir detalhes,/finance/resources/escrows,enforcement backend requer validação,loading;vazio;erro;sucesso;sem_permissao;conflito;dados_desatualizados,desktop;tablet;mobile,label;foco visível;teclado;leitor de tela;contraste,comprovado_por_contrato_versionado,apps/all-in-one/src/pages/finance/EscrowsList.tsx:5
finance,financepermissions,Finance Permissões,list,não localizada,papel autorizado do módulo; requer detalhamento,não vinculado:sem entidade física/DTO correspondente,Abrir detalhes,/finance/resources/financepermissions,enforcement backend requer validação,loading;vazio;erro;sucesso;sem_permissao;conflito;dados_desatualizados,desktop;tablet;mobile,label;foco visível;teclado;leitor de tela;contraste,lacuna_entidade_sem_contrato,apps/all-in-one/src/pages/finance/FinancePermissions.tsx:6
finance,invoices,Invoices,form,não localizada,papel autorizado do módulo; requer detalhamento,company_id:ResourceCreate.payload.company_id <-> finance.invoices.company_id,Salvar registro,/finance/resources/invoices,enforcement backend requer validação,loading;vazio;erro;sucesso;sem_permissao;conflito;dados_desatualizados,desktop;tablet;mobile,label;foco visível;teclado;leitor de tela;contraste,comprovado_por_contrato_versionado,apps/all-in-one/src/pages/finance/InvoicesForm.tsx:5
finance,invoices,Invoices,list,não localizada,papel autorizado do módulo; requer detalhamento,company_id:response.payload.company_id <-> finance.invoices.company_id,Abrir detalhes,/finance/resources/invoices,enforcement backend requer validação,loading;vazio;erro;sucesso;sem_permissao;conflito;dados_desatualizados,desktop;tablet;mobile,label;foco visível;teclado;leitor de tela;contraste,comprovado_por_contrato_versionado,apps/all-in-one/src/pages/finance/InvoicesList.tsx:5
finance,ledgerentries,Ledger Entries,form,não localizada,papel autorizado do módulo; requer detalhamento,não vinculado:sem entidade física/DTO correspondente,Salvar registro,/finance/resources/ledgerentries,enforcement backend requer validação,loading;vazio;erro;sucesso;sem_permissao;conflito;dados_desatualizados,desktop;tablet;mobile,label;foco visível;teclado;leitor de tela;contraste,lacuna_entidade_sem_contrato,apps/all-in-one/src/pages/finance/LedgerEntriesForm.tsx:5
finance,ledgerentries,Ledger Entries,list,não localizada,papel autorizado do módulo; requer detalhamento,não vinculado:sem entidade física/DTO correspondente,Abrir detalhes,/finance/resources/ledgerentries,enforcement backend requer validação,loading;vazio;erro;sucesso;sem_permissao;conflito;dados_desatualizados,desktop;tablet;mobile,label;foco visível;teclado;leitor de tela;contraste,lacuna_entidade_sem_contrato,apps/all-in-one/src/pages/finance/LedgerEntriesList.tsx:5
finance,splits,Splits,form,não localizada,papel autorizado do módulo; requer detalhamento,company_id:ResourceCreate.payload.company_id <-> finance.splits.company_id,Salvar registro,/finance/resources/splits,enforcement backend requer validação,loading;vazio;erro;sucesso;sem_permissao;conflito;dados_desatualizados,desktop;tablet;mobile,label;foco visível;teclado;leitor de tela;contraste,comprovado_por_contrato_versionado,apps/all-in-one/src/pages/finance/SplitsForm.tsx:5
finance,splits,Splits,list,não localizada,papel autorizado do módulo; requer detalhamento,company_id:response.payload.company_id <-> finance.splits.company_id,Abrir detalhes,/finance/resources/splits,enforcement backend requer validação,loading;vazio;erro;sucesso;sem_permissao;conflito;dados_desatualizados,desktop;tablet;mobile,label;foco visível;teclado;leitor de tela;contraste,comprovado_por_contrato_versionado,apps/all-in-one/src/pages/finance/SplitsList.tsx:5
finance,valleygoldledgerentries,Livro-razão Valley Gold,list,não localizada,papel autorizado do módulo; requer detalhamento,não vinculado:sem entidade física/DTO correspondente,Abrir detalhes,/finance/resources/valleygoldledgerentries,enforcement backend requer validação,loading;vazio;erro;sucesso;sem_permissao;conflito;dados_desatualizados,desktop;tablet;mobile,label;foco visível;teclado;leitor de tela;contraste,lacuna_entidade_sem_contrato,apps/all-in-one/src/pages/finance/WalletLedger.tsx:6
finance,wallets,Wallets,form,não localizada,papel autorizado do módulo; requer detalhamento,wallet_type:ResourceCreate.payload.wallet_type <-> finance.wallets.wallet_type;brl_available:ResourceCreate.payload.brl_available <-> finance.wallets.brl_available;brl_held:ResourceCreate.payload.brl_held <-> finance.wallets.brl_held;nex_available:ResourceCreate.payload.nex_available <-> finance.wallets.nex_available;nex_held:ResourceCreate.payload.nex_held <-> finance.wallets.nex_held,Salvar registro,/finance/resources/wallets,enforcement backend requer validação,loading;vazio;erro;sucesso;sem_permissao;conflito;dados_desatualizados,desktop;tablet;mobile,label;foco visível;teclado;leitor de tela;contraste,comprovado_por_contrato_versionado,apps/all-in-one/src/pages/finance/WalletsForm.tsx:5
finance,wallets,Wallets,list,não localizada,papel autorizado do módulo; requer detalhamento,wallet_type:response.payload.wallet_type <-> finance.wallets.wallet_type;brl_available:response.payload.brl_available <-> finance.wallets.brl_available;brl_held:response.payload.brl_held <-> finance.wallets.brl_held;nex_available:response.payload.nex_available <-> finance.wallets.nex_available;nex_held:response.payload.nex_held <-> finance.wallets.nex_held,Abrir detalhes,/finance/resources/wallets,enforcement backend requer validação,loading;vazio;erro;sucesso;sem_permissao;conflito;dados_desatualizados,desktop;tablet;mobile,label;foco visível;teclado;leitor de tela;contraste,comprovado_por_contrato_versionado,apps/all-in-one/src/pages/finance/WalletsList.tsx:5
health,appointments,Appointments,form,não localizada,papel autorizado do módulo; requer detalhamento,patient_id:ResourceCreate.payload.patient_id <-> health.appointments.patient_id;professional_user_id:ResourceCreate.payload.professional_user_id <-> health.appointments.professional_user_id;scheduled_at:ResourceCreate.payload.scheduled_at <-> health.appointments.scheduled_at;telemedicine:ResourceCreate.payload.telemedicine <-> health.appointments.telemedicine;clinical_data_encrypted:ResourceCreate.payload.clinical_data_encrypted <-> health.appointments.clinical_data_encrypted;offer_id:ResourceCreate.payload.offer_id <-> health.appointments.offer_id;company_id:ResourceCreate.payload.company_id <-> health.appointments.company_id,Salvar registro,/health/resources/appointments,enforcement backend requer validação,loading;vazio;erro;sucesso;sem_permissao;conflito;dados_desatualizados,desktop;tablet;mobile,label;foco visível;teclado;leitor de tela;contraste,comprovado_por_contrato_versionado,apps/all-in-one/src/pages/health/AppointmentsForm.tsx:5
health,appointments,Appointments,list,não localizada,papel autorizado do módulo; requer detalhamento,patient_id:response.payload.patient_id <-> health.appointments.patient_id;professional_user_id:response.payload.professional_user_id <-> health.appointments.professional_user_id;scheduled_at:response.payload.scheduled_at <-> health.appointments.scheduled_at;telemedicine:response.payload.telemedicine <-> health.appointments.telemedicine;clinical_data_encrypted:response.payload.clinical_data_encrypted <-> health.appointments.clinical_data_encrypted;offer_id:response.payload.offer_id <-> health.appointments.offer_id,Abrir detalhes,/health/resources/appointments,enforcement backend requer validação,loading;vazio;erro;sucesso;sem_permissao;conflito;dados_desatualizados,desktop;tablet;mobile,label;foco visível;teclado;leitor de tela;contraste,comprovado_por_contrato_versionado,apps/all-in-one/src/pages/health/AppointmentsList.tsx:5
health,beds,Beds,form,não localizada,papel autorizado do módulo; requer detalhamento,company_id:ResourceCreate.payload.company_id <-> health.beds.company_id,Salvar registro,/health/resources/beds,enforcement backend requer validação,loading;vazio;erro;sucesso;sem_permissao;conflito;dados_desatualizados,desktop;tablet;mobile,label;foco visível;teclado;leitor de tela;contraste,comprovado_por_contrato_versionado,apps/all-in-one/src/pages/health/BedsForm.tsx:5
health,beds,Beds,list,não localizada,papel autorizado do módulo; requer detalhamento,company_id:response.payload.company_id <-> health.beds.company_id,Abrir detalhes,/health/resources/beds,enforcement backend requer validação,loading;vazio;erro;sucesso;sem_permissao;conflito;dados_desatualizados,desktop;tablet;mobile,label;foco visível;teclado;leitor de tela;contraste,comprovado_por_contrato_versionado,apps/all-in-one/src/pages/health/BedsList.tsx:5
health,healthpermissions,Health Permissões,list,não localizada,papel autorizado do módulo; requer detalhamento,não vinculado:sem entidade física/DTO correspondente,Abrir detalhes,/health/resources/healthpermissions,enforcement backend requer validação,loading;vazio;erro;sucesso;sem_permissao;conflito;dados_desatualizados,desktop;tablet;mobile,label;foco visível;teclado;leitor de tela;contraste,lacuna_entidade_sem_contrato,apps/all-in-one/src/pages/health/HealthPermissions.tsx:6
health,medicalrecords,Medical Records,form,não localizada,papel autorizado do módulo; requer detalhamento,não vinculado:sem entidade física/DTO correspondente,Salvar registro,/health/resources/medicalrecords,enforcement backend requer validação,loading;vazio;erro;sucesso;sem_permissao;conflito;dados_desatualizados,desktop;tablet;mobile,label;foco visível;teclado;leitor de tela;contraste,lacuna_entidade_sem_contrato,apps/all-in-one/src/pages/health/MedicalRecordsForm.tsx:5
health,medicalrecords,Medical Records,list,não localizada,papel autorizado do módulo; requer detalhamento,não vinculado:sem entidade física/DTO correspondente,Abrir detalhes,/health/resources/medicalrecords,enforcement backend requer validação,loading;vazio;erro;sucesso;sem_permissao;conflito;dados_desatualizados,desktop;tablet;mobile,label;foco visível;teclado;leitor de tela;contraste,lacuna_entidade_sem_contrato,apps/all-in-one/src/pages/health/MedicalRecordsList.tsx:5
health,patients,Patients,form,não localizada,papel autorizado do módulo; requer detalhamento,health_identifier:ResourceCreate.payload.health_identifier <-> health.patients.health_identifier;blood_type:ResourceCreate.payload.blood_type <-> health.patients.blood_type,Salvar registro,/health/resources/patients,enforcement backend requer validação,loading;vazio;erro;sucesso;sem_permissao;conflito;dados_desatualizados,desktop;tablet;mobile,label;foco visível;teclado;leitor de tela;contraste,comprovado_por_contrato_versionado,apps/all-in-one/src/pages/health/PatientsForm.tsx:5
health,patients,Patients,list,não localizada,papel autorizado do módulo; requer detalhamento,health_identifier:response.payload.health_identifier <-> health.patients.health_identifier;blood_type:response.payload.blood_type <-> health.patients.blood_type,Abrir detalhes,/health/resources/patients,enforcement backend requer validação,loading;vazio;erro;sucesso;sem_permissao;conflito;dados_desatualizados,desktop;tablet;mobile,label;foco visível;teclado;leitor de tela;contraste,comprovado_por_contrato_versionado,apps/all-in-one/src/pages/health/PatientsList.tsx:5
health,prescriptions,Prescriptions,form,não localizada,papel autorizado do módulo; requer detalhamento,company_id:ResourceCreate.payload.company_id <-> health.prescriptions.company_id,Salvar registro,/health/resources/prescriptions,enforcement backend requer validação,loading;vazio;erro;sucesso;sem_permissao;conflito;dados_desatualizados,desktop;tablet;mobile,label;foco visível;teclado;leitor de tela;contraste,comprovado_por_contrato_versionado,apps/all-in-one/src/pages/health/PrescriptionsForm.tsx:5
health,prescriptions,Prescriptions,list,não localizada,papel autorizado do módulo; requer detalhamento,company_id:response.payload.company_id <-> health.prescriptions.company_id,Abrir detalhes,/health/resources/prescriptions,enforcement backend requer validação,loading;vazio;erro;sucesso;sem_permissao;conflito;dados_desatualizados,desktop;tablet;mobile,label;foco visível;teclado;leitor de tela;contraste,comprovado_por_contrato_versionado,apps/all-in-one/src/pages/health/PrescriptionsList.tsx:5
hr,candidates,Candidates,form,não localizada,papel autorizado do módulo; requer detalhamento,company_id:ResourceCreate.payload.company_id <-> hr.candidates.company_id,Salvar registro,/hr/resources/candidates,enforcement backend requer validação,loading;vazio;erro;sucesso;sem_permissao;conflito;dados_desatualizados,desktop;tablet;mobile,label;foco visível;teclado;leitor de tela;contraste,comprovado_por_contrato_versionado,apps/all-in-one/src/pages/hr/CandidatesForm.tsx:5
hr,candidates,Candidates,list,não localizada,papel autorizado do módulo; requer detalhamento,company_id:response.payload.company_id <-> hr.candidates.company_id,Abrir detalhes,/hr/resources/candidates,enforcement backend requer validação,loading;vazio;erro;sucesso;sem_permissao;conflito;dados_desatualizados,desktop;tablet;mobile,label;foco visível;teclado;leitor de tela;contraste,comprovado_por_contrato_versionado,apps/all-in-one/src/pages/hr/CandidatesList.tsx:5
hr,courses,Courses,form,não localizada,papel autorizado do módulo; requer detalhamento,company_id:ResourceCreate.payload.company_id <-> hr.courses.company_id,Salvar registro,/hr/resources/courses,enforcement backend requer validação,loading;vazio;erro;sucesso;sem_permissao;conflito;dados_desatualizados,desktop;tablet;mobile,label;foco visível;teclado;leitor de tela;contraste,comprovado_por_contrato_versionado,apps/all-in-one/src/pages/hr/CoursesForm.tsx:5
hr,courses,Courses,list,não localizada,papel autorizado do módulo; requer detalhamento,company_id:response.payload.company_id <-> hr.courses.company_id,Abrir detalhes,/hr/resources/courses,enforcement backend requer validação,loading;vazio;erro;sucesso;sem_permissao;conflito;dados_desatualizados,desktop;tablet;mobile,label;foco visível;teclado;leitor de tela;contraste,comprovado_por_contrato_versionado,apps/all-in-one/src/pages/hr/CoursesList.tsx:5
hr,employees,Employees,form,não localizada,papel autorizado do módulo; requer detalhamento,company_id:ResourceCreate.payload.company_id <-> hr.employees.company_id;employment_type:ResourceCreate.payload.employment_type <-> hr.employees.employment_type;position_title:ResourceCreate.payload.position_title <-> hr.employees.position_title;admission_date:ResourceCreate.payload.admission_date <-> hr.employees.admission_date,Salvar registro,/hr/resources/employees,enforcement backend requer validação,loading;vazio;erro;sucesso;sem_permissao;conflito;dados_desatualizados,desktop;tablet;mobile,label;foco visível;teclado;leitor de tela;contraste,comprovado_por_contrato_versionado,apps/all-in-one/src/pages/hr/EmployeesForm.tsx:5
hr,employees,Employees,list,não localizada,papel autorizado do módulo; requer detalhamento,company_id:response.payload.company_id <-> hr.employees.company_id;employment_type:response.payload.employment_type <-> hr.employees.employment_type;position_title:response.payload.position_title <-> hr.employees.position_title;admission_date:response.payload.admission_date <-> hr.employees.admission_date,Abrir detalhes,/hr/resources/employees,enforcement backend requer validação,loading;vazio;erro;sucesso;sem_permissao;conflito;dados_desatualizados,desktop;tablet;mobile,label;foco visível;teclado;leitor de tela;contraste,comprovado_por_contrato_versionado,apps/all-in-one/src/pages/hr/EmployeesList.tsx:5
hr,hrpermissions,Hr Permissões,list,não localizada,papel autorizado do módulo; requer detalhamento,não vinculado:sem entidade física/DTO correspondente,Abrir detalhes,/hr/resources/hrpermissions,enforcement backend requer validação,loading;vazio;erro;sucesso;sem_permissao;conflito;dados_desatualizados,desktop;tablet;mobile,label;foco visível;teclado;leitor de tela;contraste,lacuna_entidade_sem_contrato,apps/all-in-one/src/pages/hr/HrPermissions.tsx:5
hr,occupationalrecords,Occupational Records,form,não localizada,papel autorizado do módulo; requer detalhamento,não vinculado:sem entidade física/DTO correspondente,Salvar registro,/hr/resources/occupationalrecords,enforcement backend requer validação,loading;vazio;erro;sucesso;sem_permissao;conflito;dados_desatualizados,desktop;tablet;mobile,label;foco visível;teclado;leitor de tela;contraste,lacuna_entidade_sem_contrato,apps/all-in-one/src/pages/hr/OccupationalRecordsForm.tsx:6
hr,occupationalrecords,Occupational Records,list,não localizada,papel autorizado do módulo; requer detalhamento,não vinculado:sem entidade física/DTO correspondente,Abrir detalhes,/hr/resources/occupationalrecords,enforcement backend requer validação,loading;vazio;erro;sucesso;sem_permissao;conflito;dados_desatualizados,desktop;tablet;mobile,label;foco visível;teclado;leitor de tela;contraste,lacuna_entidade_sem_contrato,apps/all-in-one/src/pages/hr/OccupationalRecordsList.tsx:6
hr,payrollruns,Payroll Runs,form,não localizada,papel autorizado do módulo; requer detalhamento,não vinculado:sem entidade física/DTO correspondente,Salvar registro,/hr/resources/payrollruns,enforcement backend requer validação,loading;vazio;erro;sucesso;sem_permissao;conflito;dados_desatualizados,desktop;tablet;mobile,label;foco visível;teclado;leitor de tela;contraste,lacuna_entidade_sem_contrato,apps/all-in-one/src/pages/hr/PayrollRunsForm.tsx:5
hr,payrollruns,Payroll Runs,list,não localizada,papel autorizado do módulo; requer detalhamento,não vinculado:sem entidade física/DTO correspondente,Abrir detalhes,/hr/resources/payrollruns,enforcement backend requer validação,loading;vazio;erro;sucesso;sem_permissao;conflito;dados_desatualizados,desktop;tablet;mobile,label;foco visível;teclado;leitor de tela;contraste,lacuna_entidade_sem_contrato,apps/all-in-one/src/pages/hr/PayrollRunsList.tsx:5
identity,authgateway,Auth Gateway,form,não localizada,papel autorizado do módulo; requer detalhamento,não vinculado:sem entidade física/DTO correspondente,Salvar registro,/identity/resources/authgateway,enforcement backend requer validação,loading;vazio;erro;sucesso;sem_permissao;conflito;dados_desatualizados,desktop;tablet;mobile,label;foco visível;teclado;leitor de tela;contraste,lacuna_entidade_sem_contrato,apps/all-in-one/src/pages/identity/AuthGateway.tsx:5
identity,biometrics,Biometrics,form,não localizada,papel autorizado do módulo; requer detalhamento,face_hash:ResourceCreate.payload.face_hash <-> identity.biometrics.face_hash;provider_reference:ResourceCreate.payload.provider_reference <-> identity.biometrics.provider_reference;last_liveness_score:ResourceCreate.payload.last_liveness_score <-> identity.biometrics.last_liveness_score;consent_recorded_at:ResourceCreate.payload.consent_recorded_at <-> identity.biometrics.consent_recorded_at,Salvar registro,/identity/resources/biometrics,enforcement backend requer validação,loading;vazio;erro;sucesso;sem_permissao;conflito;dados_desatualizados,desktop;tablet;mobile,label;foco visível;teclado;leitor de tela;contraste,comprovado_por_contrato_versionado,apps/all-in-one/src/pages/identity/BiometricsForm.tsx:5
identity,biometrics,Biometrics,list,não localizada,papel autorizado do módulo; requer detalhamento,face_hash:response.payload.face_hash <-> identity.biometrics.face_hash;provider_reference:response.payload.provider_reference <-> identity.biometrics.provider_reference;last_liveness_score:response.payload.last_liveness_score <-> identity.biometrics.last_liveness_score;consent_recorded_at:response.payload.consent_recorded_at <-> identity.biometrics.consent_recorded_at,Abrir detalhes,/identity/resources/biometrics,enforcement backend requer validação,loading;vazio;erro;sucesso;sem_permissao;conflito;dados_desatualizados,desktop;tablet;mobile,label;foco visível;teclado;leitor de tela;contraste,comprovado_por_contrato_versionado,apps/all-in-one/src/pages/identity/BiometricsList.tsx:5
identity,consentlgpd,Consent Lgpd,form,não localizada,papel autorizado do módulo; requer detalhamento,não vinculado:sem entidade física/DTO correspondente,Salvar registro,/identity/resources/consentlgpd,enforcement backend requer validação,loading;vazio;erro;sucesso;sem_permissao;conflito;dados_desatualizados,desktop;tablet;mobile,label;foco visível;teclado;leitor de tela;contraste,lacuna_entidade_sem_contrato,apps/all-in-one/src/pages/identity/ConsentLgpd.tsx:5
identity,consentrecords,Consent Records,form,não localizada,papel autorizado do módulo; requer detalhamento,não vinculado:sem entidade física/DTO correspondente,Salvar registro,/identity/resources/consentrecords,enforcement backend requer validação,loading;vazio;erro;sucesso;sem_permissao;conflito;dados_desatualizados,desktop;tablet;mobile,label;foco visível;teclado;leitor de tela;contraste,lacuna_entidade_sem_contrato,apps/all-in-one/src/pages/identity/ConsentRecordsForm.tsx:6
identity,consentrecords,Consent Records,list,não localizada,papel autorizado do módulo; requer detalhamento,não vinculado:sem entidade física/DTO correspondente,Abrir detalhes,/identity/resources/consentrecords,enforcement backend requer validação,loading;vazio;erro;sucesso;sem_permissao;conflito;dados_desatualizados,desktop;tablet;mobile,label;foco visível;teclado;leitor de tela;contraste,lacuna_entidade_sem_contrato,apps/all-in-one/src/pages/identity/ConsentRecordsList.tsx:6
identity,documents,Documents,form,não localizada,papel autorizado do módulo; requer detalhamento,document_type:ResourceCreate.payload.document_type <-> identity.documents.document_type;document_number_hash:ResourceCreate.payload.document_number_hash <-> identity.documents.document_number_hash;storage_key:ResourceCreate.payload.storage_key <-> identity.documents.storage_key;expires_at:ResourceCreate.payload.expires_at <-> identity.documents.expires_at;verification_status:ResourceCreate.payload.verification_status <-> identity.documents.verification_status,Salvar registro,/identity/resources/documents,enforcement backend requer validação,loading;vazio;erro;sucesso;sem_permissao;conflito;dados_desatualizados,desktop;tablet;mobile,label;foco visível;teclado;leitor de tela;contraste,comprovado_por_contrato_versionado,apps/all-in-one/src/pages/identity/DocumentsForm.tsx:5
identity,documents,Documents,list,não localizada,papel autorizado do módulo; requer detalhamento,document_type:response.payload.document_type <-> identity.documents.document_type;document_number_hash:response.payload.document_number_hash <-> identity.documents.document_number_hash;storage_key:response.payload.storage_key <-> identity.documents.storage_key;expires_at:response.payload.expires_at <-> identity.documents.expires_at;verification_status:response.payload.verification_status <-> identity.documents.verification_status,Abrir detalhes,/identity/resources/documents,enforcement backend requer validação,loading;vazio;erro;sucesso;sem_permissao;conflito;dados_desatualizados,desktop;tablet;mobile,label;foco visível;teclado;leitor de tela;contraste,comprovado_por_contrato_versionado,apps/all-in-one/src/pages/identity/DocumentsList.tsx:5
identity,identitypermissions,Identity Permissões,list,não localizada,papel autorizado do módulo; requer detalhamento,não vinculado:sem entidade física/DTO correspondente,Abrir detalhes,/identity/resources/identitypermissions,enforcement backend requer validação,loading;vazio;erro;sucesso;sem_permissao;conflito;dados_desatualizados,desktop;tablet;mobile,label;foco visível;teclado;leitor de tela;contraste,lacuna_entidade_sem_contrato,apps/all-in-one/src/pages/identity/IdentityPermissions.tsx:6
identity,identityverifications,Identity Verifications,form,não localizada,papel autorizado do módulo; requer detalhamento,não vinculado:sem entidade física/DTO correspondente,Salvar registro,/identity/resources/identityverifications,enforcement backend requer validação,loading;vazio;erro;sucesso;sem_permissao;conflito;dados_desatualizados,desktop;tablet;mobile,label;foco visível;teclado;leitor de tela;contraste,lacuna_entidade_sem_contrato,apps/all-in-one/src/pages/identity/IdentityVerificationsForm.tsx:6
identity,identityverifications,Identity Verifications,list,não localizada,papel autorizado do módulo; requer detalhamento,não vinculado:sem entidade física/DTO correspondente,Abrir detalhes,/identity/resources/identityverifications,enforcement backend requer validação,loading;vazio;erro;sucesso;sem_permissao;conflito;dados_desatualizados,desktop;tablet;mobile,label;foco visível;teclado;leitor de tela;contraste,lacuna_entidade_sem_contrato,apps/all-in-one/src/pages/identity/IdentityVerificationsList.tsx:6
identity,kybbusiness,Kyb Business,form,não localizada,papel autorizado do módulo; requer detalhamento,não vinculado:sem entidade física/DTO correspondente,Salvar registro,/identity/resources/kybbusiness,enforcement backend requer validação,loading;vazio;erro;sucesso;sem_permissao;conflito;dados_desatualizados,desktop;tablet;mobile,label;foco visível;teclado;leitor de tela;contraste,lacuna_entidade_sem_contrato,apps/all-in-one/src/pages/identity/KybBusiness.tsx:5
identity,kycverification,Kyc Verification,form,não localizada,papel autorizado do módulo; requer detalhamento,não vinculado:sem entidade física/DTO correspondente,Salvar registro,/identity/resources/kycverification,enforcement backend requer validação,loading;vazio;erro;sucesso;sem_permissao;conflito;dados_desatualizados,desktop;tablet;mobile,label;foco visível;teclado;leitor de tela;contraste,lacuna_entidade_sem_contrato,apps/all-in-one/src/pages/identity/KycVerification.tsx:6
identity,mfamanager,Mfa Manager,form,não localizada,papel autorizado do módulo; requer detalhamento,não vinculado:sem entidade física/DTO correspondente,Salvar registro,/identity/resources/mfamanager,enforcement backend requer validação,loading;vazio;erro;sucesso;sem_permissao;conflito;dados_desatualizados,desktop;tablet;mobile,label;foco visível;teclado;leitor de tela;contraste,lacuna_entidade_sem_contrato,apps/all-in-one/src/pages/identity/MfaManager.tsx:5
identity,sessioncontrol,Session Control,form,não localizada,papel autorizado do módulo; requer detalhamento,não vinculado:sem entidade física/DTO correspondente,Salvar registro,/identity/resources/sessioncontrol,enforcement backend requer validação,loading;vazio;erro;sucesso;sem_permissao;conflito;dados_desatualizados,desktop;tablet;mobile,label;foco visível;teclado;leitor de tela;contraste,lacuna_entidade_sem_contrato,apps/all-in-one/src/pages/identity/SessionControl.tsx:6
identity,sessions,Sessions,form,não localizada,papel autorizado do módulo; requer detalhamento,token_hash:ResourceCreate.payload.token_hash <-> identity.sessions.token_hash;device_fingerprint:ResourceCreate.payload.device_fingerprint <-> identity.sessions.device_fingerprint;ip_address:ResourceCreate.payload.ip_address <-> identity.sessions.ip_address;user_agent:ResourceCreate.payload.user_agent <-> identity.sessions.user_agent;expires_at:ResourceCreate.payload.expires_at <-> identity.sessions.expires_at;revoked_at:ResourceCreate.payload.revoked_at <-> identity.sessions.revoked_at,Salvar registro,/identity/resources/sessions,enforcement backend requer validação,loading;vazio;erro;sucesso;sem_permissao;conflito;dados_desatualizados,desktop;tablet;mobile,label;foco visível;teclado;leitor de tela;contraste,comprovado_por_contrato_versionado,apps/all-in-one/src/pages/identity/SessionsForm.tsx:5
identity,sessions,Sessions,list,não localizada,papel autorizado do módulo; requer detalhamento,token_hash:response.payload.token_hash <-> identity.sessions.token_hash;device_fingerprint:response.payload.device_fingerprint <-> identity.sessions.device_fingerprint;ip_address:response.payload.ip_address <-> identity.sessions.ip_address;user_agent:response.payload.user_agent <-> identity.sessions.user_agent;expires_at:response.payload.expires_at <-> identity.sessions.expires_at;revoked_at:response.payload.revoked_at <-> identity.sessions.revoked_at,Abrir detalhes,/identity/resources/sessions,enforcement backend requer validação,loading;vazio;erro;sucesso;sem_permissao;conflito;dados_desatualizados,desktop;tablet;mobile,label;foco visível;teclado;leitor de tela;contraste,comprovado_por_contrato_versionado,apps/all-in-one/src/pages/identity/SessionsList.tsx:5
identity,users,Users,form,não localizada,papel autorizado do módulo; requer detalhamento,all_in_one_id:ResourceCreate.payload.all_in_one_id <-> identity.users.all_in_one_id;full_name:ResourceCreate.payload.full_name <-> identity.users.full_name;cpf_document:ResourceCreate.payload.cpf_document <-> identity.users.cpf_document;birth_date:ResourceCreate.payload.birth_date <-> identity.users.birth_date;email:ResourceCreate.payload.email <-> identity.users.email;phone_e164:ResourceCreate.payload.phone_e164 <-> identity.users.phone_e164;password_hash:ResourceCreate.payload.password_hash <-> identity.users.password_hash;face_hash:ResourceCreate.payload.face_hash <-> identity.users.face_hash;liveness_score:ResourceCreate.payload.liveness_score <-> identity.users.liveness_score;document_status:ResourceCreate.payload.document_status <-> identity.users.document_status;kyc_status:ResourceCreate.payload.kyc_status <-> identity.users.kyc_status;mfa_required:ResourceCreate.payload.mfa_required <-> identity.users.mfa_required;terms_accepted_at:ResourceCreate.payload.terms_accepted_at <-> identity.users.terms_accepted_at;lgpd_consent_at:ResourceCreate.payload.lgpd_consent_at <-> identity.users.lgpd_consent_at;default_wallet_id:ResourceCreate.payload.default_wallet_id <-> identity.users.default_wallet_id;primary_led_card_id:ResourceCreate.payload.primary_led_card_id <-> identity.users.primary_led_card_id,Salvar registro,/identity/resources/users,enforcement backend requer validação,loading;vazio;erro;sucesso;sem_permissao;conflito;dados_desatualizados,desktop;tablet;mobile,label;foco visível;teclado;leitor de tela;contraste,comprovado_por_contrato_versionado,apps/all-in-one/src/pages/identity/UsersForm.tsx:5
identity,users,Users,list,não localizada,papel autorizado do módulo; requer detalhamento,all_in_one_id:response.payload.all_in_one_id <-> identity.users.all_in_one_id;full_name:response.payload.full_name <-> identity.users.full_name;cpf_document:response.payload.cpf_document <-> identity.users.cpf_document;birth_date:response.payload.birth_date <-> identity.users.birth_date;email:response.payload.email <-> identity.users.email;phone_e164:response.payload.phone_e164 <-> identity.users.phone_e164,Abrir detalhes,/identity/resources/users,enforcement backend requer validação,loading;vazio;erro;sucesso;sem_permissao;conflito;dados_desatualizados,desktop;tablet;mobile,label;foco visível;teclado;leitor de tela;contraste,comprovado_por_contrato_versionado,apps/all-in-one/src/pages/identity/UsersList.tsx:5
jobs,applications,Applications,form,não localizada,papel autorizado do módulo; requer detalhamento,job_posting_id:ResourceCreate.payload.job_posting_id <-> jobs.applications.job_posting_id;resume_id:ResourceCreate.payload.resume_id <-> jobs.applications.resume_id;cover_letter:ResourceCreate.payload.cover_letter <-> jobs.applications.cover_letter,Salvar registro,/jobs/resources/applications,enforcement backend requer validação,loading;vazio;erro;sucesso;sem_permissao;conflito;dados_desatualizados,desktop;tablet;mobile,label;foco visível;teclado;leitor de tela;contraste,comprovado_por_contrato_versionado,apps/all-in-one/src/pages/jobs/ApplicationsForm.tsx:5
jobs,applications,Applications,list,não localizada,papel autorizado do módulo; requer detalhamento,job_posting_id:response.payload.job_posting_id <-> jobs.applications.job_posting_id;resume_id:response.payload.resume_id <-> jobs.applications.resume_id;cover_letter:response.payload.cover_letter <-> jobs.applications.cover_letter,Abrir detalhes,/jobs/resources/applications,enforcement backend requer validação,loading;vazio;erro;sucesso;sem_permissao;conflito;dados_desatualizados,desktop;tablet;mobile,label;foco visível;teclado;leitor de tela;contraste,comprovado_por_contrato_versionado,apps/all-in-one/src/pages/jobs/ApplicationsList.tsx:5
jobs,candidateresume,Candidate Resume,form,não localizada,papel autorizado do módulo; requer detalhamento,não vinculado:sem entidade física/DTO correspondente,Salvar registro,/jobs/resources/candidateresume,enforcement backend requer validação,loading;vazio;erro;sucesso;sem_permissao;conflito;dados_desatualizados,desktop;tablet;mobile,label;foco visível;teclado;leitor de tela;contraste,lacuna_entidade_sem_contrato,apps/all-in-one/src/pages/jobs/CandidateResume.tsx:5
jobs,ctpsimport,Ctps Import,form,não localizada,papel autorizado do módulo; requer detalhamento,não vinculado:sem entidade física/DTO correspondente,Salvar registro,/jobs/resources/ctpsimport,enforcement backend requer validação,loading;vazio;erro;sucesso;sem_permissao;conflito;dados_desatualizados,desktop;tablet;mobile,label;foco visível;teclado;leitor de tela;contraste,lacuna_entidade_sem_contrato,apps/all-in-one/src/pages/jobs/CtpsImport.tsx:5
jobs,employmentrecords,Employment Records,form,não localizada,papel autorizado do módulo; requer detalhamento,não vinculado:sem entidade física/DTO correspondente,Salvar registro,/jobs/resources/employmentrecords,enforcement backend requer validação,loading;vazio;erro;sucesso;sem_permissao;conflito;dados_desatualizados,desktop;tablet;mobile,label;foco visível;teclado;leitor de tela;contraste,lacuna_entidade_sem_contrato,apps/all-in-one/src/pages/jobs/EmploymentRecordsForm.tsx:6
jobs,employmentrecords,Employment Records,list,não localizada,papel autorizado do módulo; requer detalhamento,não vinculado:sem entidade física/DTO correspondente,Abrir detalhes,/jobs/resources/employmentrecords,enforcement backend requer validação,loading;vazio;erro;sucesso;sem_permissao;conflito;dados_desatualizados,desktop;tablet;mobile,label;foco visível;teclado;leitor de tela;contraste,lacuna_entidade_sem_contrato,apps/all-in-one/src/pages/jobs/EmploymentRecordsList.tsx:6
jobs,jobpostings,Job Postings,form,não localizada,papel autorizado do módulo; requer detalhamento,não vinculado:sem entidade física/DTO correspondente,Salvar registro,/jobs/resources/jobpostings,enforcement backend requer validação,loading;vazio;erro;sucesso;sem_permissao;conflito;dados_desatualizados,desktop;tablet;mobile,label;foco visível;teclado;leitor de tela;contraste,lacuna_entidade_sem_contrato,apps/all-in-one/src/pages/jobs/JobPostingsForm.tsx:5
jobs,jobpostings,Job Postings,list,não localizada,papel autorizado do módulo; requer detalhamento,não vinculado:sem entidade física/DTO correspondente,Abrir detalhes,/jobs/resources/jobpostings,enforcement backend requer validação,loading;vazio;erro;sucesso;sem_permissao;conflito;dados_desatualizados,desktop;tablet;mobile,label;foco visível;teclado;leitor de tela;contraste,lacuna_entidade_sem_contrato,apps/all-in-one/src/pages/jobs/JobPostingsList.tsx:5
jobs,jobspermissions,Jobs Permissões,list,não localizada,papel autorizado do módulo; requer detalhamento,não vinculado:sem entidade física/DTO correspondente,Abrir detalhes,/jobs/resources/jobspermissions,enforcement backend requer validação,loading;vazio;erro;sucesso;sem_permissao;conflito;dados_desatualizados,desktop;tablet;mobile,label;foco visível;teclado;leitor de tela;contraste,lacuna_entidade_sem_contrato,apps/all-in-one/src/pages/jobs/JobsPermissions.tsx:5
jobs,recruiterresumereview,Recruiter Resume Review,form,não localizada,papel autorizado do módulo; requer detalhamento,não vinculado:sem entidade física/DTO correspondente,Salvar registro,/jobs/resources/recruiterresumereview,enforcement backend requer validação,loading;vazio;erro;sucesso;sem_permissao;conflito;dados_desatualizados,desktop;tablet;mobile,label;foco visível;teclado;leitor de tela;contraste,lacuna_entidade_sem_contrato,apps/all-in-one/src/pages/jobs/RecruiterResumeReview.tsx:6
jobs,resumeaccesslogs,Resume Access Logs,form,não localizada,papel autorizado do módulo; requer detalhamento,não vinculado:sem entidade física/DTO correspondente,Salvar registro,/jobs/resources/resumeaccesslogs,enforcement backend requer validação,loading;vazio;erro;sucesso;sem_permissao;conflito;dados_desatualizados,desktop;tablet;mobile,label;foco visível;teclado;leitor de tela;contraste,lacuna_entidade_sem_contrato,apps/all-in-one/src/pages/jobs/ResumeAccessLogsForm.tsx:6
jobs,resumeaccesslogs,Resume Access Logs,list,não localizada,papel autorizado do módulo; requer detalhamento,não vinculado:sem entidade física/DTO correspondente,Abrir detalhes,/jobs/resources/resumeaccesslogs,enforcement backend requer validação,loading;vazio;erro;sucesso;sem_permissao;conflito;dados_desatualizados,desktop;tablet;mobile,label;foco visível;teclado;leitor de tela;contraste,lacuna_entidade_sem_contrato,apps/all-in-one/src/pages/jobs/ResumeAccessLogsList.tsx:6
jobs,resumedocuments,Resume Documents,form,não localizada,papel autorizado do módulo; requer detalhamento,não vinculado:sem entidade física/DTO correspondente,Salvar registro,/jobs/resources/resumedocuments,enforcement backend requer validação,loading;vazio;erro;sucesso;sem_permissao;conflito;dados_desatualizados,desktop;tablet;mobile,label;foco visível;teclado;leitor de tela;contraste,lacuna_entidade_sem_contrato,apps/all-in-one/src/pages/jobs/ResumeDocumentsForm.tsx:5
jobs,resumedocuments,Resume Documents,list,não localizada,papel autorizado do módulo; requer detalhamento,não vinculado:sem entidade física/DTO correspondente,Abrir detalhes,/jobs/resources/resumedocuments,enforcement backend requer validação,loading;vazio;erro;sucesso;sem_permissao;conflito;dados_desatualizados,desktop;tablet;mobile,label;foco visível;teclado;leitor de tela;contraste,lacuna_entidade_sem_contrato,apps/all-in-one/src/pages/jobs/ResumeDocumentsList.tsx:5
jobs,resumes,Resumes,form,não localizada,papel autorizado do módulo; requer detalhamento,headline:ResourceCreate.payload.headline <-> jobs.resumes.headline;professional_summary:ResourceCreate.payload.professional_summary <-> jobs.resumes.professional_summary;skills:ResourceCreate.payload.skills <-> jobs.resumes.skills;education:ResourceCreate.payload.education <-> jobs.resumes.education;recruiter_visibility:ResourceCreate.payload.recruiter_visibility <-> jobs.resumes.recruiter_visibility,Salvar registro,/jobs/resources/resumes,enforcement backend requer validação,loading;vazio;erro;sucesso;sem_permissao;conflito;dados_desatualizados,desktop;tablet;mobile,label;foco visível;teclado;leitor de tela;contraste,comprovado_por_contrato_versionado,apps/all-in-one/src/pages/jobs/ResumesForm.tsx:5
jobs,resumes,Resumes,list,não localizada,papel autorizado do módulo; requer detalhamento,headline:response.payload.headline <-> jobs.resumes.headline;professional_summary:response.payload.professional_summary <-> jobs.resumes.professional_summary;skills:response.payload.skills <-> jobs.resumes.skills;education:response.payload.education <-> jobs.resumes.education;recruiter_visibility:response.payload.recruiter_visibility <-> jobs.resumes.recruiter_visibility,Abrir detalhes,/jobs/resources/resumes,enforcement backend requer validação,loading;vazio;erro;sucesso;sem_permissao;conflito;dados_desatualizados,desktop;tablet;mobile,label;foco visível;teclado;leitor de tela;contraste,comprovado_por_contrato_versionado,apps/all-in-one/src/pages/jobs/ResumesList.tsx:5
jobs,vacancysearch,Vacancy Search,form,não localizada,papel autorizado do módulo; requer detalhamento,não vinculado:sem entidade física/DTO correspondente,Salvar registro,/jobs/resources/vacancysearch,enforcement backend requer validação,loading;vazio;erro;sucesso;sem_permissao;conflito;dados_desatualizados,desktop;tablet;mobile,label;foco visível;teclado;leitor de tela;contraste,lacuna_entidade_sem_contrato,apps/all-in-one/src/pages/jobs/VacancySearch.tsx:5
legal,cases,Cases,form,não localizada,papel autorizado do módulo; requer detalhamento,company_id:ResourceCreate.payload.company_id <-> legal.cases.company_id;case_number:ResourceCreate.payload.case_number <-> legal.cases.case_number;risk_brl:ResourceCreate.payload.risk_brl <-> legal.cases.risk_brl;next_deadline:ResourceCreate.payload.next_deadline <-> legal.cases.next_deadline,Salvar registro,/legal/resources/cases,enforcement backend requer validação,loading;vazio;erro;sucesso;sem_permissao;conflito;dados_desatualizados,desktop;tablet;mobile,label;foco visível;teclado;leitor de tela;contraste,comprovado_por_contrato_versionado,apps/all-in-one/src/pages/legal/CasesForm.tsx:5
legal,cases,Cases,list,não localizada,papel autorizado do módulo; requer detalhamento,company_id:response.payload.company_id <-> legal.cases.company_id;case_number:response.payload.case_number <-> legal.cases.case_number;risk_brl:response.payload.risk_brl <-> legal.cases.risk_brl;next_deadline:response.payload.next_deadline <-> legal.cases.next_deadline,Abrir detalhes,/legal/resources/cases,enforcement backend requer validação,loading;vazio;erro;sucesso;sem_permissao;conflito;dados_desatualizados,desktop;tablet;mobile,label;foco visível;teclado;leitor de tela;contraste,comprovado_por_contrato_versionado,apps/all-in-one/src/pages/legal/CasesList.tsx:5
legal,deadlines,Deadlines,form,não localizada,papel autorizado do módulo; requer detalhamento,company_id:ResourceCreate.payload.company_id <-> legal.deadlines.company_id,Salvar registro,/legal/resources/deadlines,enforcement backend requer validação,loading;vazio;erro;sucesso;sem_permissao;conflito;dados_desatualizados,desktop;tablet;mobile,label;foco visível;teclado;leitor de tela;contraste,comprovado_por_contrato_versionado,apps/all-in-one/src/pages/legal/DeadlinesForm.tsx:5
legal,deadlines,Deadlines,list,não localizada,papel autorizado do módulo; requer detalhamento,company_id:response.payload.company_id <-> legal.deadlines.company_id,Abrir detalhes,/legal/resources/deadlines,enforcement backend requer validação,loading;vazio;erro;sucesso;sem_permissao;conflito;dados_desatualizados,desktop;tablet;mobile,label;foco visível;teclado;leitor de tela;contraste,comprovado_por_contrato_versionado,apps/all-in-one/src/pages/legal/DeadlinesList.tsx:5
legal,hearings,Hearings,form,não localizada,papel autorizado do módulo; requer detalhamento,company_id:ResourceCreate.payload.company_id <-> legal.hearings.company_id,Salvar registro,/legal/resources/hearings,enforcement backend requer validação,loading;vazio;erro;sucesso;sem_permissao;conflito;dados_desatualizados,desktop;tablet;mobile,label;foco visível;teclado;leitor de tela;contraste,comprovado_por_contrato_versionado,apps/all-in-one/src/pages/legal/HearingsForm.tsx:5
legal,hearings,Hearings,list,não localizada,papel autorizado do módulo; requer detalhamento,company_id:response.payload.company_id <-> legal.hearings.company_id,Abrir detalhes,/legal/resources/hearings,enforcement backend requer validação,loading;vazio;erro;sucesso;sem_permissao;conflito;dados_desatualizados,desktop;tablet;mobile,label;foco visível;teclado;leitor de tela;contraste,comprovado_por_contrato_versionado,apps/all-in-one/src/pages/legal/HearingsList.tsx:5
legal,legalcontracts,Legal Contracts,form,não localizada,papel autorizado do módulo; requer detalhamento,não vinculado:sem entidade física/DTO correspondente,Salvar registro,/legal/resources/legalcontracts,enforcement backend requer validação,loading;vazio;erro;sucesso;sem_permissao;conflito;dados_desatualizados,desktop;tablet;mobile,label;foco visível;teclado;leitor de tela;contraste,lacuna_entidade_sem_contrato,apps/all-in-one/src/pages/legal/LegalContractsForm.tsx:5
legal,legalcontracts,Legal Contracts,list,não localizada,papel autorizado do módulo; requer detalhamento,não vinculado:sem entidade física/DTO correspondente,Abrir detalhes,/legal/resources/legalcontracts,enforcement backend requer validação,loading;vazio;erro;sucesso;sem_permissao;conflito;dados_desatualizados,desktop;tablet;mobile,label;foco visível;teclado;leitor de tela;contraste,lacuna_entidade_sem_contrato,apps/all-in-one/src/pages/legal/LegalContractsList.tsx:5
legal,legalpermissions,Legal Permissões,list,não localizada,papel autorizado do módulo; requer detalhamento,não vinculado:sem entidade física/DTO correspondente,Abrir detalhes,/legal/resources/legalpermissions,enforcement backend requer validação,loading;vazio;erro;sucesso;sem_permissao;conflito;dados_desatualizados,desktop;tablet;mobile,label;foco visível;teclado;leitor de tela;contraste,lacuna_entidade_sem_contrato,apps/all-in-one/src/pages/legal/LegalPermissions.tsx:6
marketplace,carts,Carts,form,não localizada,papel autorizado do módulo; requer detalhamento,company_id:ResourceCreate.payload.company_id <-> marketplace.carts.company_id,Salvar registro,/marketplace/resources/carts,enforcement backend requer validação,loading;vazio;erro;sucesso;sem_permissao;conflito;dados_desatualizados,desktop;tablet;mobile,label;foco visível;teclado;leitor de tela;contraste,comprovado_por_contrato_versionado,apps/all-in-one/src/pages/marketplace/CartsForm.tsx:5
marketplace,carts,Carts,list,não localizada,papel autorizado do módulo; requer detalhamento,company_id:response.payload.company_id <-> marketplace.carts.company_id,Abrir detalhes,/marketplace/resources/carts,enforcement backend requer validação,loading;vazio;erro;sucesso;sem_permissao;conflito;dados_desatualizados,desktop;tablet;mobile,label;foco visível;teclado;leitor de tela;contraste,comprovado_por_contrato_versionado,apps/all-in-one/src/pages/marketplace/CartsList.tsx:5
marketplace,disputes,Disputes,form,não localizada,papel autorizado do módulo; requer detalhamento,order_id:ResourceCreate.payload.order_id <-> marketplace.disputes.order_id;store_id:ResourceCreate.payload.store_id <-> marketplace.disputes.store_id;company_id:ResourceCreate.payload.company_id <-> marketplace.disputes.company_id;offer_id:ResourceCreate.payload.offer_id <-> marketplace.disputes.offer_id;case_type:ResourceCreate.payload.case_type <-> marketplace.disputes.case_type;subject:ResourceCreate.payload.subject <-> marketplace.disputes.subject;message:ResourceCreate.payload.message <-> marketplace.disputes.message;desired_resolution:ResourceCreate.payload.desired_resolution <-> marketplace.disputes.desired_resolution,Salvar registro,/marketplace/resources/disputes,enforcement backend requer validação,loading;vazio;erro;sucesso;sem_permissao;conflito;dados_desatualizados,desktop;tablet;mobile,label;foco visível;teclado;leitor de tela;contraste,comprovado_por_contrato_versionado,apps/all-in-one/src/pages/marketplace/DisputesForm.tsx:5
marketplace,disputes,Disputes,list,não localizada,papel autorizado do módulo; requer detalhamento,order_id:response.payload.order_id <-> marketplace.disputes.order_id;store_id:response.payload.store_id <-> marketplace.disputes.store_id;company_id:response.payload.company_id <-> marketplace.disputes.company_id;offer_id:response.payload.offer_id <-> marketplace.disputes.offer_id;case_type:response.payload.case_type <-> marketplace.disputes.case_type;subject:response.payload.subject <-> marketplace.disputes.subject,Abrir detalhes,/marketplace/resources/disputes,enforcement backend requer validação,loading;vazio;erro;sucesso;sem_permissao;conflito;dados_desatualizados,desktop;tablet;mobile,label;foco visível;teclado;leitor de tela;contraste,comprovado_por_contrato_versionado,apps/all-in-one/src/pages/marketplace/DisputesList.tsx:5
marketplace,marketplacepermissions,Marketplace Permissões,list,não localizada,papel autorizado do módulo; requer detalhamento,não vinculado:sem entidade física/DTO correspondente,Abrir detalhes,/marketplace/resources/marketplacepermissions,enforcement backend requer validação,loading;vazio;erro;sucesso;sem_permissao;conflito;dados_desatualizados,desktop;tablet;mobile,label;foco visível;teclado;leitor de tela;contraste,lacuna_entidade_sem_contrato,apps/all-in-one/src/pages/marketplace/MarketplacePermissions.tsx:6
marketplace,orders,Orders,form,não localizada,papel autorizado do módulo; requer detalhamento,store_id:ResourceCreate.payload.store_id <-> marketplace.orders.store_id;escrow_id:ResourceCreate.payload.escrow_id <-> marketplace.orders.escrow_id;total_brl:ResourceCreate.payload.total_brl <-> marketplace.orders.total_brl;commission_brl:ResourceCreate.payload.commission_brl <-> marketplace.orders.commission_brl;offer_id:ResourceCreate.payload.offer_id <-> marketplace.orders.offer_id;company_id:ResourceCreate.payload.company_id <-> marketplace.orders.company_id,Salvar registro,/marketplace/resources/orders,enforcement backend requer validação,loading;vazio;erro;sucesso;sem_permissao;conflito;dados_desatualizados,desktop;tablet;mobile,label;foco visível;teclado;leitor de tela;contraste,comprovado_por_contrato_versionado,apps/all-in-one/src/pages/marketplace/OrdersForm.tsx:5
marketplace,orders,Orders,list,não localizada,papel autorizado do módulo; requer detalhamento,store_id:response.payload.store_id <-> marketplace.orders.store_id;escrow_id:response.payload.escrow_id <-> marketplace.orders.escrow_id;total_brl:response.payload.total_brl <-> marketplace.orders.total_brl;commission_brl:response.payload.commission_brl <-> marketplace.orders.commission_brl;offer_id:response.payload.offer_id <-> marketplace.orders.offer_id;company_id:response.payload.company_id <-> marketplace.orders.company_id,Abrir detalhes,/marketplace/resources/orders,enforcement backend requer validação,loading;vazio;erro;sucesso;sem_permissao;conflito;dados_desatualizados,desktop;tablet;mobile,label;foco visível;teclado;leitor de tela;contraste,comprovado_por_contrato_versionado,apps/all-in-one/src/pages/marketplace/OrdersList.tsx:5
marketplace,pepitagrants,Pepita Grants,form,não localizada,papel autorizado do módulo; requer detalhamento,não vinculado:sem entidade física/DTO correspondente,Salvar registro,/marketplace/resources/pepitagrants,enforcement backend requer validação,loading;vazio;erro;sucesso;sem_permissao;conflito;dados_desatualizados,desktop;tablet;mobile,label;foco visível;teclado;leitor de tela;contraste,lacuna_entidade_sem_contrato,apps/all-in-one/src/pages/marketplace/PepitaGrantsForm.tsx:5
marketplace,pepitagrants,Pepita Grants,list,não localizada,papel autorizado do módulo; requer detalhamento,não vinculado:sem entidade física/DTO correspondente,Abrir detalhes,/marketplace/resources/pepitagrants,enforcement backend requer validação,loading;vazio;erro;sucesso;sem_permissao;conflito;dados_desatualizados,desktop;tablet;mobile,label;foco visível;teclado;leitor de tela;contraste,lacuna_entidade_sem_contrato,apps/all-in-one/src/pages/marketplace/PepitaGrantsList.tsx:5
marketplace,products,Products,form,não localizada,papel autorizado do módulo; requer detalhamento,store_id:ResourceCreate.payload.store_id <-> marketplace.products.store_id;sku:ResourceCreate.payload.sku <-> marketplace.products.sku;name:ResourceCreate.payload.name <-> marketplace.products.name;price_brl:ResourceCreate.payload.price_brl <-> marketplace.products.price_brl;stock_quantity:ResourceCreate.payload.stock_quantity <-> marketplace.products.stock_quantity,Salvar registro,/marketplace/resources/products,enforcement backend requer validação,loading;vazio;erro;sucesso;sem_permissao;conflito;dados_desatualizados,desktop;tablet;mobile,label;foco visível;teclado;leitor de tela;contraste,comprovado_por_contrato_versionado,apps/all-in-one/src/pages/marketplace/ProductsForm.tsx:5
marketplace,products,Products,list,não localizada,papel autorizado do módulo; requer detalhamento,store_id:response.payload.store_id <-> marketplace.products.store_id;sku:response.payload.sku <-> marketplace.products.sku;name:response.payload.name <-> marketplace.products.name;price_brl:response.payload.price_brl <-> marketplace.products.price_brl;stock_quantity:response.payload.stock_quantity <-> marketplace.products.stock_quantity,Abrir detalhes,/marketplace/resources/products,enforcement backend requer validação,loading;vazio;erro;sucesso;sem_permissao;conflito;dados_desatualizados,desktop;tablet;mobile,label;foco visível;teclado;leitor de tela;contraste,comprovado_por_contrato_versionado,apps/all-in-one/src/pages/marketplace/ProductsList.tsx:5
marketplace,reviews,Reviews,form,não localizada,papel autorizado do módulo; requer detalhamento,order_id:ResourceCreate.payload.order_id <-> marketplace.reviews.order_id;store_id:ResourceCreate.payload.store_id <-> marketplace.reviews.store_id;offer_id:ResourceCreate.payload.offer_id <-> marketplace.reviews.offer_id;rating:ResourceCreate.payload.rating <-> marketplace.reviews.rating;comment:ResourceCreate.payload.comment <-> marketplace.reviews.comment;moderation_status:ResourceCreate.payload.moderation_status <-> marketplace.reviews.moderation_status,Salvar registro,/marketplace/resources/reviews,enforcement backend requer validação,loading;vazio;erro;sucesso;sem_permissao;conflito;dados_desatualizados,desktop;tablet;mobile,label;foco visível;teclado;leitor de tela;contraste,comprovado_por_contrato_versionado,apps/all-in-one/src/pages/marketplace/ReviewsForm.tsx:5
marketplace,reviews,Reviews,list,não localizada,papel autorizado do módulo; requer detalhamento,order_id:response.payload.order_id <-> marketplace.reviews.order_id;store_id:response.payload.store_id <-> marketplace.reviews.store_id;offer_id:response.payload.offer_id <-> marketplace.reviews.offer_id;rating:response.payload.rating <-> marketplace.reviews.rating;comment:response.payload.comment <-> marketplace.reviews.comment;moderation_status:response.payload.moderation_status <-> marketplace.reviews.moderation_status,Abrir detalhes,/marketplace/resources/reviews,enforcement backend requer validação,loading;vazio;erro;sucesso;sem_permissao;conflito;dados_desatualizados,desktop;tablet;mobile,label;foco visível;teclado;leitor de tela;contraste,comprovado_por_contrato_versionado,apps/all-in-one/src/pages/marketplace/ReviewsList.tsx:5
marketplace,stores,Stores,form,não localizada,papel autorizado do módulo; requer detalhamento,company_id:ResourceCreate.payload.company_id <-> marketplace.stores.company_id;name:ResourceCreate.payload.name <-> marketplace.stores.name;published_at:ResourceCreate.payload.published_at <-> marketplace.stores.published_at,Salvar registro,/marketplace/resources/stores,enforcement backend requer validação,loading;vazio;erro;sucesso;sem_permissao;conflito;dados_desatualizados,desktop;tablet;mobile,label;foco visível;teclado;leitor de tela;contraste,comprovado_por_contrato_versionado,apps/all-in-one/src/pages/marketplace/StoresForm.tsx:5
marketplace,stores,Stores,list,não localizada,papel autorizado do módulo; requer detalhamento,company_id:response.payload.company_id <-> marketplace.stores.company_id;name:response.payload.name <-> marketplace.stores.name;published_at:response.payload.published_at <-> marketplace.stores.published_at,Abrir detalhes,/marketplace/resources/stores,enforcement backend requer validação,loading;vazio;erro;sucesso;sem_permissao;conflito;dados_desatualizados,desktop;tablet;mobile,label;foco visível;teclado;leitor de tela;contraste,comprovado_por_contrato_versionado,apps/all-in-one/src/pages/marketplace/StoresList.tsx:5
mobility,farerules,Fare Rules,form,não localizada,papel autorizado do módulo; requer detalhamento,não vinculado:sem entidade física/DTO correspondente,Salvar registro,/mobility/resources/farerules,enforcement backend requer validação,loading;vazio;erro;sucesso;sem_permissao;conflito;dados_desatualizados,desktop;tablet;mobile,label;foco visível;teclado;leitor de tela;contraste,lacuna_entidade_sem_contrato,apps/all-in-one/src/pages/mobility/FareRulesForm.tsx:5
mobility,farerules,Fare Rules,list,não localizada,papel autorizado do módulo; requer detalhamento,não vinculado:sem entidade física/DTO correspondente,Abrir detalhes,/mobility/resources/farerules,enforcement backend requer validação,loading;vazio;erro;sucesso;sem_permissao;conflito;dados_desatualizados,desktop;tablet;mobile,label;foco visível;teclado;leitor de tela;contraste,lacuna_entidade_sem_contrato,apps/all-in-one/src/pages/mobility/FareRulesList.tsx:5
mobility,mobilitypermissions,Mobility Permissões,list,não localizada,papel autorizado do módulo; requer detalhamento,não vinculado:sem entidade física/DTO correspondente,Abrir detalhes,/mobility/resources/mobilitypermissions,enforcement backend requer validação,loading;vazio;erro;sucesso;sem_permissao;conflito;dados_desatualizados,desktop;tablet;mobile,label;foco visível;teclado;leitor de tela;contraste,lacuna_entidade_sem_contrato,apps/all-in-one/src/pages/mobility/MobilityPermissions.tsx:6
mobility,rides,Rides,form,não localizada,papel autorizado do módulo; requer detalhamento,driver_user_id:ResourceCreate.payload.driver_user_id <-> mobility.rides.driver_user_id;escrow_id:ResourceCreate.payload.escrow_id <-> mobility.rides.escrow_id;origin:ResourceCreate.payload.origin <-> mobility.rides.origin;destination:ResourceCreate.payload.destination <-> mobility.rides.destination;fare_brl:ResourceCreate.payload.fare_brl <-> mobility.rides.fare_brl;vehicle_type:ResourceCreate.payload.vehicle_type <-> mobility.rides.vehicle_type,Salvar registro,/mobility/resources/rides,enforcement backend requer validação,loading;vazio;erro;sucesso;sem_permissao;conflito;dados_desatualizados,desktop;tablet;mobile,label;foco visível;teclado;leitor de tela;contraste,comprovado_por_contrato_versionado,apps/all-in-one/src/pages/mobility/RidesForm.tsx:5
mobility,rides,Rides,list,não localizada,papel autorizado do módulo; requer detalhamento,driver_user_id:response.payload.driver_user_id <-> mobility.rides.driver_user_id;escrow_id:response.payload.escrow_id <-> mobility.rides.escrow_id;origin:response.payload.origin <-> mobility.rides.origin;destination:response.payload.destination <-> mobility.rides.destination;fare_brl:response.payload.fare_brl <-> mobility.rides.fare_brl;vehicle_type:response.payload.vehicle_type <-> mobility.rides.vehicle_type,Abrir detalhes,/mobility/resources/rides,enforcement backend requer validação,loading;vazio;erro;sucesso;sem_permissao;conflito;dados_desatualizados,desktop;tablet;mobile,label;foco visível;teclado;leitor de tela;contraste,comprovado_por_contrato_versionado,apps/all-in-one/src/pages/mobility/RidesList.tsx:5
mobility,routes,Routes,form,não localizada,papel autorizado do módulo; requer detalhamento,company_id:ResourceCreate.payload.company_id <-> mobility.routes.company_id,Salvar registro,/mobility/resources/routes,enforcement backend requer validação,loading;vazio;erro;sucesso;sem_permissao;conflito;dados_desatualizados,desktop;tablet;mobile,label;foco visível;teclado;leitor de tela;contraste,comprovado_por_contrato_versionado,apps/all-in-one/src/pages/mobility/RoutesForm.tsx:5
mobility,routes,Routes,list,não localizada,papel autorizado do módulo; requer detalhamento,company_id:response.payload.company_id <-> mobility.routes.company_id,Abrir detalhes,/mobility/resources/routes,enforcement backend requer validação,loading;vazio;erro;sucesso;sem_permissao;conflito;dados_desatualizados,desktop;tablet;mobile,label;foco visível;teclado;leitor de tela;contraste,comprovado_por_contrato_versionado,apps/all-in-one/src/pages/mobility/RoutesList.tsx:5
mobility,stops,Stops,form,não localizada,papel autorizado do módulo; requer detalhamento,company_id:ResourceCreate.payload.company_id <-> mobility.stops.company_id,Salvar registro,/mobility/resources/stops,enforcement backend requer validação,loading;vazio;erro;sucesso;sem_permissao;conflito;dados_desatualizados,desktop;tablet;mobile,label;foco visível;teclado;leitor de tela;contraste,comprovado_por_contrato_versionado,apps/all-in-one/src/pages/mobility/StopsForm.tsx:5
mobility,stops,Stops,list,não localizada,papel autorizado do módulo; requer detalhamento,company_id:response.payload.company_id <-> mobility.stops.company_id,Abrir detalhes,/mobility/resources/stops,enforcement backend requer validação,loading;vazio;erro;sucesso;sem_permissao;conflito;dados_desatualizados,desktop;tablet;mobile,label;foco visível;teclado;leitor de tela;contraste,comprovado_por_contrato_versionado,apps/all-in-one/src/pages/mobility/StopsList.tsx:5
mobility,tickets,Tickets,form,não localizada,papel autorizado do módulo; requer detalhamento,route_code:ResourceCreate.payload.route_code <-> mobility.tickets.route_code;amount_brl:ResourceCreate.payload.amount_brl <-> mobility.tickets.amount_brl;qr_token_hash:ResourceCreate.payload.qr_token_hash <-> mobility.tickets.qr_token_hash;used_at:ResourceCreate.payload.used_at <-> mobility.tickets.used_at,Salvar registro,/mobility/resources/tickets,enforcement backend requer validação,loading;vazio;erro;sucesso;sem_permissao;conflito;dados_desatualizados,desktop;tablet;mobile,label;foco visível;teclado;leitor de tela;contraste,comprovado_por_contrato_versionado,apps/all-in-one/src/pages/mobility/TicketsForm.tsx:5
mobility,tickets,Tickets,list,não localizada,papel autorizado do módulo; requer detalhamento,route_code:response.payload.route_code <-> mobility.tickets.route_code;amount_brl:response.payload.amount_brl <-> mobility.tickets.amount_brl;qr_token_hash:response.payload.qr_token_hash <-> mobility.tickets.qr_token_hash;used_at:response.payload.used_at <-> mobility.tickets.used_at,Abrir detalhes,/mobility/resources/tickets,enforcement backend requer validação,loading;vazio;erro;sucesso;sem_permissao;conflito;dados_desatualizados,desktop;tablet;mobile,label;foco visível;teclado;leitor de tela;contraste,comprovado_por_contrato_versionado,apps/all-in-one/src/pages/mobility/TicketsList.tsx:5
permissions,accesspolicies,Access Policies,form,não localizada,papel autorizado do módulo; requer detalhamento,não vinculado:sem entidade física/DTO correspondente,Salvar registro,/permissions/resources/accesspolicies,enforcement backend requer validação,loading;vazio;erro;sucesso;sem_permissao;conflito;dados_desatualizados,desktop;tablet;mobile,label;foco visível;teclado;leitor de tela;contraste,lacuna_entidade_sem_contrato,apps/all-in-one/src/pages/permissions/AccessPoliciesForm.tsx:6
permissions,accesspolicies,Access Policies,list,não localizada,papel autorizado do módulo; requer detalhamento,não vinculado:sem entidade física/DTO correspondente,Abrir detalhes,/permissions/resources/accesspolicies,enforcement backend requer validação,loading;vazio;erro;sucesso;sem_permissao;conflito;dados_desatualizados,desktop;tablet;mobile,label;foco visível;teclado;leitor de tela;contraste,lacuna_entidade_sem_contrato,apps/all-in-one/src/pages/permissions/AccessPoliciesList.tsx:6
permissions,approvallimits,Approval Limits,form,não localizada,papel autorizado do módulo; requer detalhamento,não vinculado:sem entidade física/DTO correspondente,Salvar registro,/permissions/resources/approvallimits,enforcement backend requer validação,loading;vazio;erro;sucesso;sem_permissao;conflito;dados_desatualizados,desktop;tablet;mobile,label;foco visível;teclado;leitor de tela;contraste,lacuna_entidade_sem_contrato,apps/all-in-one/src/pages/permissions/ApprovalLimitsForm.tsx:6
permissions,approvallimits,Approval Limits,list,não localizada,papel autorizado do módulo; requer detalhamento,não vinculado:sem entidade física/DTO correspondente,Abrir detalhes,/permissions/resources/approvallimits,enforcement backend requer validação,loading;vazio;erro;sucesso;sem_permissao;conflito;dados_desatualizados,desktop;tablet;mobile,label;foco visível;teclado;leitor de tela;contraste,lacuna_entidade_sem_contrato,apps/all-in-one/src/pages/permissions/ApprovalLimitsList.tsx:6
permissions,permissionspermissions,Permissões Permissões,list,não localizada,papel autorizado do módulo; requer detalhamento,não vinculado:sem entidade física/DTO correspondente,Abrir detalhes,/permissions/resources/permissionspermissions,enforcement backend requer validação,loading;vazio;erro;sucesso;sem_permissao;conflito;dados_desatualizados,desktop;tablet;mobile,label;foco visível;teclado;leitor de tela;contraste,lacuna_entidade_sem_contrato,apps/all-in-one/src/pages/permissions/PermissionsPermissions.tsx:6
permissions,roles,Roles,form,não localizada,papel autorizado do módulo; requer detalhamento,company_id:ResourceCreate.payload.company_id <-> permissions.roles.company_id;name:ResourceCreate.payload.name <-> permissions.roles.name;is_system:ResourceCreate.payload.is_system <-> permissions.roles.is_system,Salvar registro,/permissions/resources/roles,enforcement backend requer validação,loading;vazio;erro;sucesso;sem_permissao;conflito;dados_desatualizados,desktop;tablet;mobile,label;foco visível;teclado;leitor de tela;contraste,comprovado_por_contrato_versionado,apps/all-in-one/src/pages/permissions/RolesForm.tsx:5
permissions,roles,Roles,list,não localizada,papel autorizado do módulo; requer detalhamento,company_id:response.payload.company_id <-> permissions.roles.company_id;name:response.payload.name <-> permissions.roles.name;is_system:response.payload.is_system <-> permissions.roles.is_system,Abrir detalhes,/permissions/resources/roles,enforcement backend requer validação,loading;vazio;erro;sucesso;sem_permissao;conflito;dados_desatualizados,desktop;tablet;mobile,label;foco visível;teclado;leitor de tela;contraste,comprovado_por_contrato_versionado,apps/all-in-one/src/pages/permissions/RolesList.tsx:5
permissions,userroles,User Roles,form,não localizada,papel autorizado do módulo; requer detalhamento,não vinculado:sem entidade física/DTO correspondente,Salvar registro,/permissions/resources/userroles,enforcement backend requer validação,loading;vazio;erro;sucesso;sem_permissao;conflito;dados_desatualizados,desktop;tablet;mobile,label;foco visível;teclado;leitor de tela;contraste,lacuna_entidade_sem_contrato,apps/all-in-one/src/pages/permissions/UserRolesForm.tsx:5
permissions,userroles,User Roles,list,não localizada,papel autorizado do módulo; requer detalhamento,não vinculado:sem entidade física/DTO correspondente,Abrir detalhes,/permissions/resources/userroles,enforcement backend requer validação,loading;vazio;erro;sucesso;sem_permissao;conflito;dados_desatualizados,desktop;tablet;mobile,label;foco visível;teclado;leitor de tela;contraste,lacuna_entidade_sem_contrato,apps/all-in-one/src/pages/permissions/UserRolesList.tsx:5
property,assemblies,Assemblies,form,não localizada,papel autorizado do módulo; requer detalhamento,company_id:ResourceCreate.payload.company_id <-> property.assemblies.company_id,Salvar registro,/property/resources/assemblies,enforcement backend requer validação,loading;vazio;erro;sucesso;sem_permissao;conflito;dados_desatualizados,desktop;tablet;mobile,label;foco visível;teclado;leitor de tela;contraste,comprovado_por_contrato_versionado,apps/all-in-one/src/pages/property/AssembliesForm.tsx:5
property,assemblies,Assemblies,list,não localizada,papel autorizado do módulo; requer detalhamento,company_id:response.payload.company_id <-> property.assemblies.company_id,Abrir detalhes,/property/resources/assemblies,enforcement backend requer validação,loading;vazio;erro;sucesso;sem_permissao;conflito;dados_desatualizados,desktop;tablet;mobile,label;foco visível;teclado;leitor de tela;contraste,comprovado_por_contrato_versionado,apps/all-in-one/src/pages/property/AssembliesList.tsx:5
property,leases,Leases,form,não localizada,papel autorizado do módulo; requer detalhamento,company_id:ResourceCreate.payload.company_id <-> property.leases.company_id,Salvar registro,/property/resources/leases,enforcement backend requer validação,loading;vazio;erro;sucesso;sem_permissao;conflito;dados_desatualizados,desktop;tablet;mobile,label;foco visível;teclado;leitor de tela;contraste,comprovado_por_contrato_versionado,apps/all-in-one/src/pages/property/LeasesForm.tsx:5
property,leases,Leases,list,não localizada,papel autorizado do módulo; requer detalhamento,company_id:response.payload.company_id <-> property.leases.company_id,Abrir detalhes,/property/resources/leases,enforcement backend requer validação,loading;vazio;erro;sucesso;sem_permissao;conflito;dados_desatualizados,desktop;tablet;mobile,label;foco visível;teclado;leitor de tela;contraste,comprovado_por_contrato_versionado,apps/all-in-one/src/pages/property/LeasesList.tsx:5
property,maintenanceorders,Maintenance Orders,form,não localizada,papel autorizado do módulo; requer detalhamento,não vinculado:sem entidade física/DTO correspondente,Salvar registro,/property/resources/maintenanceorders,enforcement backend requer validação,loading;vazio;erro;sucesso;sem_permissao;conflito;dados_desatualizados,desktop;tablet;mobile,label;foco visível;teclado;leitor de tela;contraste,lacuna_entidade_sem_contrato,apps/all-in-one/src/pages/property/MaintenanceOrdersForm.tsx:6
property,maintenanceorders,Maintenance Orders,list,não localizada,papel autorizado do módulo; requer detalhamento,não vinculado:sem entidade física/DTO correspondente,Abrir detalhes,/property/resources/maintenanceorders,enforcement backend requer validação,loading;vazio;erro;sucesso;sem_permissao;conflito;dados_desatualizados,desktop;tablet;mobile,label;foco visível;teclado;leitor de tela;contraste,lacuna_entidade_sem_contrato,apps/all-in-one/src/pages/property/MaintenanceOrdersList.tsx:6
property,properties,Properties,form,não localizada,papel autorizado do módulo; requer detalhamento,company_id:ResourceCreate.payload.company_id <-> property.properties.company_id;address:ResourceCreate.payload.address <-> property.properties.address;property_type:ResourceCreate.payload.property_type <-> property.properties.property_type,Salvar registro,/property/resources/properties,enforcement backend requer validação,loading;vazio;erro;sucesso;sem_permissao;conflito;dados_desatualizados,desktop;tablet;mobile,label;foco visível;teclado;leitor de tela;contraste,comprovado_por_contrato_versionado,apps/all-in-one/src/pages/property/PropertiesForm.tsx:5
property,properties,Properties,list,não localizada,papel autorizado do módulo; requer detalhamento,company_id:response.payload.company_id <-> property.properties.company_id;address:response.payload.address <-> property.properties.address;property_type:response.payload.property_type <-> property.properties.property_type,Abrir detalhes,/property/resources/properties,enforcement backend requer validação,loading;vazio;erro;sucesso;sem_permissao;conflito;dados_desatualizados,desktop;tablet;mobile,label;foco visível;teclado;leitor de tela;contraste,comprovado_por_contrato_versionado,apps/all-in-one/src/pages/property/PropertiesList.tsx:5
property,propertypermissions,Property Permissões,list,não localizada,papel autorizado do módulo; requer detalhamento,não vinculado:sem entidade física/DTO correspondente,Abrir detalhes,/property/resources/propertypermissions,enforcement backend requer validação,loading;vazio;erro;sucesso;sem_permissao;conflito;dados_desatualizados,desktop;tablet;mobile,label;foco visível;teclado;leitor de tela;contraste,lacuna_entidade_sem_contrato,apps/all-in-one/src/pages/property/PropertyPermissions.tsx:6
property,units,Units,form,não localizada,papel autorizado do módulo; requer detalhamento,company_id:ResourceCreate.payload.company_id <-> property.units.company_id,Salvar registro,/property/resources/units,enforcement backend requer validação,loading;vazio;erro;sucesso;sem_permissao;conflito;dados_desatualizados,desktop;tablet;mobile,label;foco visível;teclado;leitor de tela;contraste,comprovado_por_contrato_versionado,apps/all-in-one/src/pages/property/UnitsForm.tsx:5
property,units,Units,list,não localizada,papel autorizado do módulo; requer detalhamento,company_id:response.payload.company_id <-> property.units.company_id,Abrir detalhes,/property/resources/units,enforcement backend requer validação,loading;vazio;erro;sucesso;sem_permissao;conflito;dados_desatualizados,desktop;tablet;mobile,label;foco visível;teclado;leitor de tela;contraste,comprovado_por_contrato_versionado,apps/all-in-one/src/pages/property/UnitsList.tsx:5
riders,riderdocuments,Rider Documents,form,não localizada,papel autorizado do módulo; requer detalhamento,não vinculado:sem entidade física/DTO correspondente,Salvar registro,/riders/resources/riderdocuments,enforcement backend requer validação,loading;vazio;erro;sucesso;sem_permissao;conflito;dados_desatualizados,desktop;tablet;mobile,label;foco visível;teclado;leitor de tela;contraste,lacuna_entidade_sem_contrato,apps/all-in-one/src/pages/riders/RiderDocumentsForm.tsx:5
riders,riderdocuments,Rider Documents,list,não localizada,papel autorizado do módulo; requer detalhamento,não vinculado:sem entidade física/DTO correspondente,Abrir detalhes,/riders/resources/riderdocuments,enforcement backend requer validação,loading;vazio;erro;sucesso;sem_permissao;conflito;dados_desatualizados,desktop;tablet;mobile,label;foco visível;teclado;leitor de tela;contraste,lacuna_entidade_sem_contrato,apps/all-in-one/src/pages/riders/RiderDocumentsList.tsx:5
riders,riderprofiles,Rider Profiles,form,não localizada,papel autorizado do módulo; requer detalhamento,não vinculado:sem entidade física/DTO correspondente,Salvar registro,/riders/resources/riderprofiles,enforcement backend requer validação,loading;vazio;erro;sucesso;sem_permissao;conflito;dados_desatualizados,desktop;tablet;mobile,label;foco visível;teclado;leitor de tela;contraste,lacuna_entidade_sem_contrato,apps/all-in-one/src/pages/riders/RiderProfilesForm.tsx:5
riders,riderprofiles,Rider Profiles,list,não localizada,papel autorizado do módulo; requer detalhamento,não vinculado:sem entidade física/DTO correspondente,Abrir detalhes,/riders/resources/riderprofiles,enforcement backend requer validação,loading;vazio;erro;sucesso;sem_permissao;conflito;dados_desatualizados,desktop;tablet;mobile,label;foco visível;teclado;leitor de tela;contraste,lacuna_entidade_sem_contrato,apps/all-in-one/src/pages/riders/RiderProfilesList.tsx:5
riders,riderreviews,Rider Reviews,form,não localizada,papel autorizado do módulo; requer detalhamento,não vinculado:sem entidade física/DTO correspondente,Salvar registro,/riders/resources/riderreviews,enforcement backend requer validação,loading;vazio;erro;sucesso;sem_permissao;conflito;dados_desatualizados,desktop;tablet;mobile,label;foco visível;teclado;leitor de tela;contraste,lacuna_entidade_sem_contrato,apps/all-in-one/src/pages/riders/RiderReviewsForm.tsx:5
riders,riderreviews,Rider Reviews,list,não localizada,papel autorizado do módulo; requer detalhamento,não vinculado:sem entidade física/DTO correspondente,Abrir detalhes,/riders/resources/riderreviews,enforcement backend requer validação,loading;vazio;erro;sucesso;sem_permissao;conflito;dados_desatualizados,desktop;tablet;mobile,label;foco visível;teclado;leitor de tela;contraste,lacuna_entidade_sem_contrato,apps/all-in-one/src/pages/riders/RiderReviewsList.tsx:5
riders,riderspermissions,Riders Permissões,list,não localizada,papel autorizado do módulo; requer detalhamento,não vinculado:sem entidade física/DTO correspondente,Abrir detalhes,/riders/resources/riderspermissions,enforcement backend requer validação,loading;vazio;erro;sucesso;sem_permissao;conflito;dados_desatualizados,desktop;tablet;mobile,label;foco visível;teclado;leitor de tela;contraste,lacuna_entidade_sem_contrato,apps/all-in-one/src/pages/riders/RidersPermissions.tsx:6
riders,vehicles,Vehicles,form,não localizada,papel autorizado do módulo; requer detalhamento,rider_profile_id:ResourceCreate.payload.rider_profile_id <-> delivery.vehicles.rider_profile_id;type:ResourceCreate.payload.type <-> delivery.vehicles.type;license_plate:ResourceCreate.payload.license_plate <-> delivery.vehicles.license_plate;capacity_kg:ResourceCreate.payload.capacity_kg <-> delivery.vehicles.capacity_kg;refrigerated:ResourceCreate.payload.refrigerated <-> delivery.vehicles.refrigerated;approved_at:ResourceCreate.payload.approved_at <-> delivery.vehicles.approved_at,Salvar registro,/riders/resources/vehicles,enforcement backend requer validação,loading;vazio;erro;sucesso;sem_permissao;conflito;dados_desatualizados,desktop;tablet;mobile,label;foco visível;teclado;leitor de tela;contraste,comprovado_por_contrato_versionado,apps/all-in-one/src/pages/riders/VehiclesForm.tsx:5
riders,vehicles,Vehicles,list,não localizada,papel autorizado do módulo; requer detalhamento,rider_profile_id:response.payload.rider_profile_id <-> delivery.vehicles.rider_profile_id;type:response.payload.type <-> delivery.vehicles.type;license_plate:response.payload.license_plate <-> delivery.vehicles.license_plate;capacity_kg:response.payload.capacity_kg <-> delivery.vehicles.capacity_kg;refrigerated:response.payload.refrigerated <-> delivery.vehicles.refrigerated;approved_at:response.payload.approved_at <-> delivery.vehicles.approved_at,Abrir detalhes,/riders/resources/vehicles,enforcement backend requer validação,loading;vazio;erro;sucesso;sem_permissao;conflito;dados_desatualizados,desktop;tablet;mobile,label;foco visível;teclado;leitor de tela;contraste,comprovado_por_contrato_versionado,apps/all-in-one/src/pages/riders/VehiclesList.tsx:5
services,evidence,Evidence,form,não localizada,papel autorizado do módulo; requer detalhamento,company_id:ResourceCreate.payload.company_id <-> services.evidence.company_id,Salvar registro,/services/resources/evidence,enforcement backend requer validação,loading;vazio;erro;sucesso;sem_permissao;conflito;dados_desatualizados,desktop;tablet;mobile,label;foco visível;teclado;leitor de tela;contraste,comprovado_por_contrato_versionado,apps/all-in-one/src/pages/services/EvidenceForm.tsx:5
services,evidence,Evidence,list,não localizada,papel autorizado do módulo; requer detalhamento,company_id:response.payload.company_id <-> services.evidence.company_id,Abrir detalhes,/services/resources/evidence,enforcement backend requer validação,loading;vazio;erro;sucesso;sem_permissao;conflito;dados_desatualizados,desktop;tablet;mobile,label;foco visível;teclado;leitor de tela;contraste,comprovado_por_contrato_versionado,apps/all-in-one/src/pages/services/EvidenceList.tsx:5
services,providers,Providers,form,não localizada,papel autorizado do módulo; requer detalhamento,category:ResourceCreate.payload.category <-> services.providers.category;approved_at:ResourceCreate.payload.approved_at <-> services.providers.approved_at,Salvar registro,/services/resources/providers,enforcement backend requer validação,loading;vazio;erro;sucesso;sem_permissao;conflito;dados_desatualizados,desktop;tablet;mobile,label;foco visível;teclado;leitor de tela;contraste,comprovado_por_contrato_versionado,apps/all-in-one/src/pages/services/ProvidersForm.tsx:5
services,providers,Providers,list,não localizada,papel autorizado do módulo; requer detalhamento,category:response.payload.category <-> services.providers.category;approved_at:response.payload.approved_at <-> services.providers.approved_at,Abrir detalhes,/services/resources/providers,enforcement backend requer validação,loading;vazio;erro;sucesso;sem_permissao;conflito;dados_desatualizados,desktop;tablet;mobile,label;foco visível;teclado;leitor de tela;contraste,comprovado_por_contrato_versionado,apps/all-in-one/src/pages/services/ProvidersList.tsx:5
services,quotes,Quotes,form,não localizada,papel autorizado do módulo; requer detalhamento,company_id:ResourceCreate.payload.company_id <-> services.quotes.company_id,Salvar registro,/services/resources/quotes,enforcement backend requer validação,loading;vazio;erro;sucesso;sem_permissao;conflito;dados_desatualizados,desktop;tablet;mobile,label;foco visível;teclado;leitor de tela;contraste,comprovado_por_contrato_versionado,apps/all-in-one/src/pages/services/QuotesForm.tsx:5
services,quotes,Quotes,list,não localizada,papel autorizado do módulo; requer detalhamento,company_id:response.payload.company_id <-> services.quotes.company_id,Abrir detalhes,/services/resources/quotes,enforcement backend requer validação,loading;vazio;erro;sucesso;sem_permissao;conflito;dados_desatualizados,desktop;tablet;mobile,label;foco visível;teclado;leitor de tela;contraste,comprovado_por_contrato_versionado,apps/all-in-one/src/pages/services/QuotesList.tsx:5
services,servicecontracts,Service Contracts,form,não localizada,papel autorizado do módulo; requer detalhamento,não vinculado:sem entidade física/DTO correspondente,Salvar registro,/services/resources/servicecontracts,enforcement backend requer validação,loading;vazio;erro;sucesso;sem_permissao;conflito;dados_desatualizados,desktop;tablet;mobile,label;foco visível;teclado;leitor de tela;contraste,lacuna_entidade_sem_contrato,apps/all-in-one/src/pages/services/ServiceContractsForm.tsx:6
services,servicecontracts,Service Contracts,list,não localizada,papel autorizado do módulo; requer detalhamento,não vinculado:sem entidade física/DTO correspondente,Abrir detalhes,/services/resources/servicecontracts,enforcement backend requer validação,loading;vazio;erro;sucesso;sem_permissao;conflito;dados_desatualizados,desktop;tablet;mobile,label;foco visível;teclado;leitor de tela;contraste,lacuna_entidade_sem_contrato,apps/all-in-one/src/pages/services/ServiceContractsList.tsx:6
services,servicespermissions,Services Permissões,list,não localizada,papel autorizado do módulo; requer detalhamento,não vinculado:sem entidade física/DTO correspondente,Abrir detalhes,/services/resources/servicespermissions,enforcement backend requer validação,loading;vazio;erro;sucesso;sem_permissao;conflito;dados_desatualizados,desktop;tablet;mobile,label;foco visível;teclado;leitor de tela;contraste,lacuna_entidade_sem_contrato,apps/all-in-one/src/pages/services/ServicesPermissions.tsx:6
services,visits,Visits,form,não localizada,papel autorizado do módulo; requer detalhamento,company_id:ResourceCreate.payload.company_id <-> services.visits.company_id,Salvar registro,/services/resources/visits,enforcement backend requer validação,loading;vazio;erro;sucesso;sem_permissao;conflito;dados_desatualizados,desktop;tablet;mobile,label;foco visível;teclado;leitor de tela;contraste,comprovado_por_contrato_versionado,apps/all-in-one/src/pages/services/VisitsForm.tsx:5
services,visits,Visits,list,não localizada,papel autorizado do módulo; requer detalhamento,company_id:response.payload.company_id <-> services.visits.company_id,Abrir detalhes,/services/resources/visits,enforcement backend requer validação,loading;vazio;erro;sucesso;sem_permissao;conflito;dados_desatualizados,desktop;tablet;mobile,label;foco visível;teclado;leitor de tela;contraste,comprovado_por_contrato_versionado,apps/all-in-one/src/pages/services/VisitsList.tsx:5
stock,catalogproducts,Catalog Products,form,não localizada,papel autorizado do módulo; requer detalhamento,não vinculado:sem entidade física/DTO correspondente,Salvar registro,/stock/resources/catalogproducts,enforcement backend requer validação,loading;vazio;erro;sucesso;sem_permissao;conflito;dados_desatualizados,desktop;tablet;mobile,label;foco visível;teclado;leitor de tela;contraste,lacuna_entidade_sem_contrato,apps/all-in-one/src/pages/stock/CatalogProductsForm.tsx:5
stock,catalogproducts,Catalog Products,list,não localizada,papel autorizado do módulo; requer detalhamento,não vinculado:sem entidade física/DTO correspondente,Abrir detalhes,/stock/resources/catalogproducts,enforcement backend requer validação,loading;vazio;erro;sucesso;sem_permissao;conflito;dados_desatualizados,desktop;tablet;mobile,label;foco visível;teclado;leitor de tela;contraste,lacuna_entidade_sem_contrato,apps/all-in-one/src/pages/stock/CatalogProductsList.tsx:5
stock,discountquotes,Discount Quotes,form,não localizada,papel autorizado do módulo; requer detalhamento,não vinculado:sem entidade física/DTO correspondente,Salvar registro,/stock/resources/discountquotes,enforcement backend requer validação,loading;vazio;erro;sucesso;sem_permissao;conflito;dados_desatualizados,desktop;tablet;mobile,label;foco visível;teclado;leitor de tela;contraste,lacuna_entidade_sem_contrato,apps/all-in-one/src/pages/stock/DiscountQuotesForm.tsx:5
stock,discountquotes,Discount Quotes,list,não localizada,papel autorizado do módulo; requer detalhamento,não vinculado:sem entidade física/DTO correspondente,Abrir detalhes,/stock/resources/discountquotes,enforcement backend requer validação,loading;vazio;erro;sucesso;sem_permissao;conflito;dados_desatualizados,desktop;tablet;mobile,label;foco visível;teclado;leitor de tela;contraste,lacuna_entidade_sem_contrato,apps/all-in-one/src/pages/stock/DiscountQuotesList.tsx:5
stock,pricerules,Price Rules,form,não localizada,papel autorizado do módulo; requer detalhamento,não vinculado:sem entidade física/DTO correspondente,Salvar registro,/stock/resources/pricerules,enforcement backend requer validação,loading;vazio;erro;sucesso;sem_permissao;conflito;dados_desatualizados,desktop;tablet;mobile,label;foco visível;teclado;leitor de tela;contraste,lacuna_entidade_sem_contrato,apps/all-in-one/src/pages/stock/PriceRulesForm.tsx:5
stock,pricerules,Price Rules,list,não localizada,papel autorizado do módulo; requer detalhamento,não vinculado:sem entidade física/DTO correspondente,Abrir detalhes,/stock/resources/pricerules,enforcement backend requer validação,loading;vazio;erro;sucesso;sem_permissao;conflito;dados_desatualizados,desktop;tablet;mobile,label;foco visível;teclado;leitor de tela;contraste,lacuna_entidade_sem_contrato,apps/all-in-one/src/pages/stock/PriceRulesList.tsx:5
stock,stockpermissions,Stock Permissões,list,não localizada,papel autorizado do módulo; requer detalhamento,não vinculado:sem entidade física/DTO correspondente,Abrir detalhes,/stock/resources/stockpermissions,enforcement backend requer validação,loading;vazio;erro;sucesso;sem_permissao;conflito;dados_desatualizados,desktop;tablet;mobile,label;foco visível;teclado;leitor de tela;contraste,lacuna_entidade_sem_contrato,apps/all-in-one/src/pages/stock/StockPermissions.tsx:6
stock,supplierorders,Supplier Orders,form,não localizada,papel autorizado do módulo; requer detalhamento,não vinculado:sem entidade física/DTO correspondente,Salvar registro,/stock/resources/supplierorders,enforcement backend requer validação,loading;vazio;erro;sucesso;sem_permissao;conflito;dados_desatualizados,desktop;tablet;mobile,label;foco visível;teclado;leitor de tela;contraste,lacuna_entidade_sem_contrato,apps/all-in-one/src/pages/stock/SupplierOrdersForm.tsx:5
stock,supplierorders,Supplier Orders,list,não localizada,papel autorizado do módulo; requer detalhamento,não vinculado:sem entidade física/DTO correspondente,Abrir detalhes,/stock/resources/supplierorders,enforcement backend requer validação,loading;vazio;erro;sucesso;sem_permissao;conflito;dados_desatualizados,desktop;tablet;mobile,label;foco visível;teclado;leitor de tela;contraste,lacuna_entidade_sem_contrato,apps/all-in-one/src/pages/stock/SupplierOrdersList.tsx:5
stock,suppliers,Suppliers,form,não localizada,papel autorizado do módulo; requer detalhamento,company_id:ResourceCreate.payload.company_id <-> stock.suppliers.company_id;homologated_at:ResourceCreate.payload.homologated_at <-> stock.suppliers.homologated_at;api_configuration:ResourceCreate.payload.api_configuration <-> stock.suppliers.api_configuration,Salvar registro,/stock/resources/suppliers,enforcement backend requer validação,loading;vazio;erro;sucesso;sem_permissao;conflito;dados_desatualizados,desktop;tablet;mobile,label;foco visível;teclado;leitor de tela;contraste,comprovado_por_contrato_versionado,apps/all-in-one/src/pages/stock/SuppliersForm.tsx:5
stock,suppliers,Suppliers,list,não localizada,papel autorizado do módulo; requer detalhamento,company_id:response.payload.company_id <-> stock.suppliers.company_id;homologated_at:response.payload.homologated_at <-> stock.suppliers.homologated_at;api_configuration:response.payload.api_configuration <-> stock.suppliers.api_configuration,Abrir detalhes,/stock/resources/suppliers,enforcement backend requer validação,loading;vazio;erro;sucesso;sem_permissao;conflito;dados_desatualizados,desktop;tablet;mobile,label;foco visível;teclado;leitor de tela;contraste,comprovado_por_contrato_versionado,apps/all-in-one/src/pages/stock/SuppliersList.tsx:5
tms,carriers,Carriers,form,não localizada,papel autorizado do módulo; requer detalhamento,company_id:ResourceCreate.payload.company_id <-> tms.carriers.company_id,Salvar registro,/tms/resources/carriers,enforcement backend requer validação,loading;vazio;erro;sucesso;sem_permissao;conflito;dados_desatualizados,desktop;tablet;mobile,label;foco visível;teclado;leitor de tela;contraste,comprovado_por_contrato_versionado,apps/all-in-one/src/pages/tms/CarriersForm.tsx:5
tms,carriers,Carriers,list,não localizada,papel autorizado do módulo; requer detalhamento,company_id:response.payload.company_id <-> tms.carriers.company_id,Abrir detalhes,/tms/resources/carriers,enforcement backend requer validação,loading;vazio;erro;sucesso;sem_permissao;conflito;dados_desatualizados,desktop;tablet;mobile,label;foco visível;teclado;leitor de tela;contraste,comprovado_por_contrato_versionado,apps/all-in-one/src/pages/tms/CarriersList.tsx:5
tms,freightaudits,Freight Audits,form,não localizada,papel autorizado do módulo; requer detalhamento,não vinculado:sem entidade física/DTO correspondente,Salvar registro,/tms/resources/freightaudits,enforcement backend requer validação,loading;vazio;erro;sucesso;sem_permissao;conflito;dados_desatualizados,desktop;tablet;mobile,label;foco visível;teclado;leitor de tela;contraste,lacuna_entidade_sem_contrato,apps/all-in-one/src/pages/tms/FreightAuditsForm.tsx:5
tms,freightaudits,Freight Audits,list,não localizada,papel autorizado do módulo; requer detalhamento,não vinculado:sem entidade física/DTO correspondente,Abrir detalhes,/tms/resources/freightaudits,enforcement backend requer validação,loading;vazio;erro;sucesso;sem_permissao;conflito;dados_desatualizados,desktop;tablet;mobile,label;foco visível;teclado;leitor de tela;contraste,lacuna_entidade_sem_contrato,apps/all-in-one/src/pages/tms/FreightAuditsList.tsx:5
tms,freights,Freights,form,não localizada,papel autorizado do módulo; requer detalhamento,company_id:ResourceCreate.payload.company_id <-> tms.freights.company_id;driver_user_id:ResourceCreate.payload.driver_user_id <-> tms.freights.driver_user_id;freight_brl:ResourceCreate.payload.freight_brl <-> tms.freights.freight_brl;toll_brl:ResourceCreate.payload.toll_brl <-> tms.freights.toll_brl;proof_of_delivery:ResourceCreate.payload.proof_of_delivery <-> tms.freights.proof_of_delivery,Salvar registro,/tms/resources/freights,enforcement backend requer validação,loading;vazio;erro;sucesso;sem_permissao;conflito;dados_desatualizados,desktop;tablet;mobile,label;foco visível;teclado;leitor de tela;contraste,comprovado_por_contrato_versionado,apps/all-in-one/src/pages/tms/FreightsForm.tsx:5
tms,freights,Freights,list,não localizada,papel autorizado do módulo; requer detalhamento,company_id:response.payload.company_id <-> tms.freights.company_id;driver_user_id:response.payload.driver_user_id <-> tms.freights.driver_user_id;freight_brl:response.payload.freight_brl <-> tms.freights.freight_brl;toll_brl:response.payload.toll_brl <-> tms.freights.toll_brl;proof_of_delivery:response.payload.proof_of_delivery <-> tms.freights.proof_of_delivery,Abrir detalhes,/tms/resources/freights,enforcement backend requer validação,loading;vazio;erro;sucesso;sem_permissao;conflito;dados_desatualizados,desktop;tablet;mobile,label;foco visível;teclado;leitor de tela;contraste,comprovado_por_contrato_versionado,apps/all-in-one/src/pages/tms/FreightsList.tsx:5
tms,proofsofdelivery,Proofs Of Delivery,form,não localizada,papel autorizado do módulo; requer detalhamento,não vinculado:sem entidade física/DTO correspondente,Salvar registro,/tms/resources/proofsofdelivery,enforcement backend requer validação,loading;vazio;erro;sucesso;sem_permissao;conflito;dados_desatualizados,desktop;tablet;mobile,label;foco visível;teclado;leitor de tela;contraste,lacuna_entidade_sem_contrato,apps/all-in-one/src/pages/tms/ProofsOfDeliveryForm.tsx:6
tms,proofsofdelivery,Proofs Of Delivery,list,não localizada,papel autorizado do módulo; requer detalhamento,não vinculado:sem entidade física/DTO correspondente,Abrir detalhes,/tms/resources/proofsofdelivery,enforcement backend requer validação,loading;vazio;erro;sucesso;sem_permissao;conflito;dados_desatualizados,desktop;tablet;mobile,label;foco visível;teclado;leitor de tela;contraste,lacuna_entidade_sem_contrato,apps/all-in-one/src/pages/tms/ProofsOfDeliveryList.tsx:6
tms,routes,Routes,form,não localizada,papel autorizado do módulo; requer detalhamento,company_id:ResourceCreate.payload.company_id <-> tms.routes.company_id,Salvar registro,/tms/resources/routes,enforcement backend requer validação,loading;vazio;erro;sucesso;sem_permissao;conflito;dados_desatualizados,desktop;tablet;mobile,label;foco visível;teclado;leitor de tela;contraste,comprovado_por_contrato_versionado,apps/all-in-one/src/pages/tms/RoutesForm.tsx:5
tms,routes,Routes,list,não localizada,papel autorizado do módulo; requer detalhamento,company_id:response.payload.company_id <-> tms.routes.company_id,Abrir detalhes,/tms/resources/routes,enforcement backend requer validação,loading;vazio;erro;sucesso;sem_permissao;conflito;dados_desatualizados,desktop;tablet;mobile,label;foco visível;teclado;leitor de tela;contraste,comprovado_por_contrato_versionado,apps/all-in-one/src/pages/tms/RoutesList.tsx:5
tms,tmspermissions,Tms Permissões,list,não localizada,papel autorizado do módulo; requer detalhamento,não vinculado:sem entidade física/DTO correspondente,Abrir detalhes,/tms/resources/tmspermissions,enforcement backend requer validação,loading;vazio;erro;sucesso;sem_permissao;conflito;dados_desatualizados,desktop;tablet;mobile,label;foco visível;teclado;leitor de tela;contraste,lacuna_entidade_sem_contrato,apps/all-in-one/src/pages/tms/TmsPermissions.tsx:5
wms,bins,Bins,form,não localizada,papel autorizado do módulo; requer detalhamento,company_id:ResourceCreate.payload.company_id <-> wms.bins.company_id,Salvar registro,/wms/resources/bins,enforcement backend requer validação,loading;vazio;erro;sucesso;sem_permissao;conflito;dados_desatualizados,desktop;tablet;mobile,label;foco visível;teclado;leitor de tela;contraste,comprovado_por_contrato_versionado,apps/all-in-one/src/pages/wms/BinsForm.tsx:5
wms,bins,Bins,list,não localizada,papel autorizado do módulo; requer detalhamento,company_id:response.payload.company_id <-> wms.bins.company_id,Abrir detalhes,/wms/resources/bins,enforcement backend requer validação,loading;vazio;erro;sucesso;sem_permissao;conflito;dados_desatualizados,desktop;tablet;mobile,label;foco visível;teclado;leitor de tela;contraste,comprovado_por_contrato_versionado,apps/all-in-one/src/pages/wms/BinsList.tsx:5
wms,inventory,Inventory,form,não localizada,papel autorizado do módulo; requer detalhamento,warehouse_id:ResourceCreate.payload.warehouse_id <-> wms.inventory.warehouse_id;sku:ResourceCreate.payload.sku <-> wms.inventory.sku;bin_code:ResourceCreate.payload.bin_code <-> wms.inventory.bin_code;quantity:ResourceCreate.payload.quantity <-> wms.inventory.quantity;lot_code:ResourceCreate.payload.lot_code <-> wms.inventory.lot_code;expires_at:ResourceCreate.payload.expires_at <-> wms.inventory.expires_at,Salvar registro,/wms/resources/inventory,enforcement backend requer validação,loading;vazio;erro;sucesso;sem_permissao;conflito;dados_desatualizados,desktop;tablet;mobile,label;foco visível;teclado;leitor de tela;contraste,comprovado_por_contrato_versionado,apps/all-in-one/src/pages/wms/InventoryForm.tsx:5
wms,inventory,Inventory,list,não localizada,papel autorizado do módulo; requer detalhamento,warehouse_id:response.payload.warehouse_id <-> wms.inventory.warehouse_id;sku:response.payload.sku <-> wms.inventory.sku;bin_code:response.payload.bin_code <-> wms.inventory.bin_code;quantity:response.payload.quantity <-> wms.inventory.quantity;lot_code:response.payload.lot_code <-> wms.inventory.lot_code;expires_at:response.payload.expires_at <-> wms.inventory.expires_at,Abrir detalhes,/wms/resources/inventory,enforcement backend requer validação,loading;vazio;erro;sucesso;sem_permissao;conflito;dados_desatualizados,desktop;tablet;mobile,label;foco visível;teclado;leitor de tela;contraste,comprovado_por_contrato_versionado,apps/all-in-one/src/pages/wms/InventoryList.tsx:5
wms,pickingwaves,Picking Waves,form,não localizada,papel autorizado do módulo; requer detalhamento,não vinculado:sem entidade física/DTO correspondente,Salvar registro,/wms/resources/pickingwaves,enforcement backend requer validação,loading;vazio;erro;sucesso;sem_permissao;conflito;dados_desatualizados,desktop;tablet;mobile,label;foco visível;teclado;leitor de tela;contraste,lacuna_entidade_sem_contrato,apps/all-in-one/src/pages/wms/PickingWavesForm.tsx:5
wms,pickingwaves,Picking Waves,list,não localizada,papel autorizado do módulo; requer detalhamento,não vinculado:sem entidade física/DTO correspondente,Abrir detalhes,/wms/resources/pickingwaves,enforcement backend requer validação,loading;vazio;erro;sucesso;sem_permissao;conflito;dados_desatualizados,desktop;tablet;mobile,label;foco visível;teclado;leitor de tela;contraste,lacuna_entidade_sem_contrato,apps/all-in-one/src/pages/wms/PickingWavesList.tsx:5
wms,shipments,Shipments,form,não localizada,papel autorizado do módulo; requer detalhamento,company_id:ResourceCreate.payload.company_id <-> wms.shipments.company_id,Salvar registro,/wms/resources/shipments,enforcement backend requer validação,loading;vazio;erro;sucesso;sem_permissao;conflito;dados_desatualizados,desktop;tablet;mobile,label;foco visível;teclado;leitor de tela;contraste,comprovado_por_contrato_versionado,apps/all-in-one/src/pages/wms/ShipmentsForm.tsx:5
wms,shipments,Shipments,list,não localizada,papel autorizado do módulo; requer detalhamento,company_id:response.payload.company_id <-> wms.shipments.company_id,Abrir detalhes,/wms/resources/shipments,enforcement backend requer validação,loading;vazio;erro;sucesso;sem_permissao;conflito;dados_desatualizados,desktop;tablet;mobile,label;foco visível;teclado;leitor de tela;contraste,comprovado_por_contrato_versionado,apps/all-in-one/src/pages/wms/ShipmentsList.tsx:5
wms,warehouses,Warehouses,form,não localizada,papel autorizado do módulo; requer detalhamento,company_id:ResourceCreate.payload.company_id <-> wms.warehouses.company_id;name:ResourceCreate.payload.name <-> wms.warehouses.name;addressing_rules:ResourceCreate.payload.addressing_rules <-> wms.warehouses.addressing_rules,Salvar registro,/wms/resources/warehouses,enforcement backend requer validação,loading;vazio;erro;sucesso;sem_permissao;conflito;dados_desatualizados,desktop;tablet;mobile,label;foco visível;teclado;leitor de tela;contraste,comprovado_por_contrato_versionado,apps/all-in-one/src/pages/wms/WarehousesForm.tsx:5
wms,warehouses,Warehouses,list,não localizada,papel autorizado do módulo; requer detalhamento,company_id:response.payload.company_id <-> wms.warehouses.company_id;name:response.payload.name <-> wms.warehouses.name;addressing_rules:response.payload.addressing_rules <-> wms.warehouses.addressing_rules,Abrir detalhes,/wms/resources/warehouses,enforcement backend requer validação,loading;vazio;erro;sucesso;sem_permissao;conflito;dados_desatualizados,desktop;tablet;mobile,label;foco visível;teclado;leitor de tela;contraste,comprovado_por_contrato_versionado,apps/all-in-one/src/pages/wms/WarehousesList.tsx:5
wms,wmspermissions,Wms Permissões,list,não localizada,papel autorizado do módulo; requer detalhamento,não vinculado:sem entidade física/DTO correspondente,Abrir detalhes,/wms/resources/wmspermissions,enforcement backend requer validação,loading;vazio;erro;sucesso;sem_permissao;conflito;dados_desatualizados,desktop;tablet;mobile,label;foco visível;teclado;leitor de tela;contraste,lacuna_entidade_sem_contrato,apps/all-in-one/src/pages/wms/WmsPermissions.tsx:5
