database,schema,table,physical_name,logical_name,physical_type,nullable,default,primary_key,unique,reference,lgpd,classification_basis,encryption,masking,retention,status,evidence
postgresql,identity,users,id,Id,UUID,False,gen_random_uuid(),True,False,,não classificado automaticamente,política v1; nenhuma regra automática aplicável,avaliar pelo proprietário do domínio,avaliar pelo proprietário do domínio,não definida; registrar lacuna,existente,database/postgres/migrations/001_identity_and_schemas.sql:37
postgresql,identity,users,all_in_one_id,All in one id,UUID,False,gen_random_uuid(),False,True,,não classificado automaticamente,política v1; nenhuma regra automática aplicável,avaliar pelo proprietário do domínio,avaliar pelo proprietário do domínio,não definida; registrar lacuna,existente,database/postgres/migrations/001_identity_and_schemas.sql:38
postgresql,identity,users,full_name,Full name,VARCHAR(200),False,,False,False,,não classificado automaticamente,política v1; nenhuma regra automática aplicável,avaliar pelo proprietário do domínio,avaliar pelo proprietário do domínio,não definida; registrar lacuna,existente,database/postgres/migrations/001_identity_and_schemas.sql:39
postgresql,identity,users,cpf_document,Cpf document,VARCHAR(32),False,,False,True,,dado pessoal identificador,política v1 categoria documento_identificador; padrões: cpf,criptografar ou armazenar hash conforme necessidade de recuperação,exibir parcialmente por padrão,"vinculada à finalidade, obrigação fiscal/legal e direitos do titular",existente,database/postgres/migrations/001_identity_and_schemas.sql:40
postgresql,identity,users,birth_date,Birth date,DATE,False,,False,False,,não classificado automaticamente,política v1; nenhuma regra automática aplicável,avaliar pelo proprietário do domínio,avaliar pelo proprietário do domínio,não definida; registrar lacuna,existente,database/postgres/migrations/001_identity_and_schemas.sql:41
postgresql,identity,users,email,Email,CITEXT,False,,False,True,,dado pessoal,política v1 categoria contato_localizacao; padrões: email,criptografar quando associado a pessoa identificada ou rastreamento,"mascarar em logs, listagens e exportações não autorizadas",limitar à finalidade operacional e consentimento aplicável,existente,database/postgres/migrations/001_identity_and_schemas.sql:42
postgresql,identity,users,phone_e164,Phone e164,VARCHAR(20),False,,False,True,,dado pessoal,política v1 categoria contato_localizacao; padrões: phone,criptografar quando associado a pessoa identificada ou rastreamento,"mascarar em logs, listagens e exportações não autorizadas",limitar à finalidade operacional e consentimento aplicável,existente,database/postgres/migrations/001_identity_and_schemas.sql:43
postgresql,identity,users,password_hash,Password hash,TEXT,False,,False,False,,restrito,política v1 categoria credencial_segredo; padrões: password,obrigatória em trânsito e repouso; preferir hash não reversível quando aplicável,nunca retornar valor integral nem registrar em logs,mínima necessária; revogação e expurgo definidos por política de segurança,existente,database/postgres/migrations/001_identity_and_schemas.sql:44
postgresql,identity,users,face_hash,Face hash,TEXT,False,,False,True,,dado pessoal sensível,política v1 categoria biometria_saude; padrões: face_hash,obrigatória com chave gerenciada e segregação de acesso,não exibir sem finalidade e autorização reforçada,"definir por obrigação legal, finalidade clínica e consentimento",existente,database/postgres/migrations/001_identity_and_schemas.sql:45
postgresql,identity,users,liveness_score,Liveness score,"NUMERIC(5, 4)",False,,False,False,,não classificado automaticamente,política v1; nenhuma regra automática aplicável,avaliar pelo proprietário do domínio,avaliar pelo proprietário do domínio,não definida; registrar lacuna,existente,database/postgres/migrations/001_identity_and_schemas.sql:46
postgresql,identity,users,document_status,Document status,VARCHAR(40),False,'pending_validation',False,False,,não classificado automaticamente,política v1; nenhuma regra automática aplicável,avaliar pelo proprietário do domínio,avaliar pelo proprietário do domínio,não definida; registrar lacuna,existente,database/postgres/migrations/001_identity_and_schemas.sql:47
postgresql,identity,users,kyc_status,Kyc status,VARCHAR(40),False,'pending_validation',False,False,,não classificado automaticamente,política v1; nenhuma regra automática aplicável,avaliar pelo proprietário do domínio,avaliar pelo proprietário do domínio,não definida; registrar lacuna,existente,database/postgres/migrations/001_identity_and_schemas.sql:48
postgresql,identity,users,mfa_required,Mfa required,BOOLEAN,False,TRUE,False,False,,não classificado automaticamente,política v1; nenhuma regra automática aplicável,avaliar pelo proprietário do domínio,avaliar pelo proprietário do domínio,não definida; registrar lacuna,existente,database/postgres/migrations/001_identity_and_schemas.sql:49
postgresql,identity,users,terms_accepted_at,Terms accepted at,TIMESTAMPTZ,False,,False,False,,não classificado automaticamente,política v1; nenhuma regra automática aplicável,avaliar pelo proprietário do domínio,avaliar pelo proprietário do domínio,não definida; registrar lacuna,existente,database/postgres/migrations/001_identity_and_schemas.sql:50
postgresql,identity,users,lgpd_consent_at,Lgpd consent at,TIMESTAMPTZ,False,,False,False,,não classificado automaticamente,política v1; nenhuma regra automática aplicável,avaliar pelo proprietário do domínio,avaliar pelo proprietário do domínio,não definida; registrar lacuna,existente,database/postgres/migrations/001_identity_and_schemas.sql:51
postgresql,identity,users,default_wallet_id,Default wallet id,UUID,True,,False,False,,financeiro confidencial,política v1 categoria financeiro; padrões: wallet,obrigatória em trânsito e repouso,restringir por papel e finalidade; não registrar valor sensível desnecessário,"definir por obrigação contábil, fiscal e prevenção a fraude",existente,database/postgres/migrations/001_identity_and_schemas.sql:52
postgresql,identity,users,primary_led_card_id,Primary led card id,UUID,True,,False,False,,não classificado automaticamente,política v1; nenhuma regra automática aplicável,avaliar pelo proprietário do domínio,avaliar pelo proprietário do domínio,não definida; registrar lacuna,existente,database/postgres/migrations/001_identity_and_schemas.sql:53
postgresql,identity,users,status,Status,VARCHAR(40),False,'pending_validation',False,False,,não classificado automaticamente,política v1; nenhuma regra automática aplicável,avaliar pelo proprietário do domínio,avaliar pelo proprietário do domínio,não definida; registrar lacuna,existente,database/postgres/migrations/001_identity_and_schemas.sql:54
postgresql,identity,users,metadata,Metadata,JSONB,False,'{}'::jsonb,False,False,,não classificado automaticamente,política v1; nenhuma regra automática aplicável,avaliar pelo proprietário do domínio,avaliar pelo proprietário do domínio,não definida; registrar lacuna,existente,database/postgres/migrations/001_identity_and_schemas.sql:55
postgresql,identity,users,created_at,Created at,TIMESTAMPTZ,False,NOW(),False,False,,não classificado automaticamente,política v1; nenhuma regra automática aplicável,avaliar pelo proprietário do domínio,avaliar pelo proprietário do domínio,não definida; registrar lacuna,existente,database/postgres/migrations/001_identity_and_schemas.sql:56
postgresql,identity,users,updated_at,Updated at,TIMESTAMPTZ,False,NOW(),False,False,,não classificado automaticamente,política v1; nenhuma regra automática aplicável,avaliar pelo proprietário do domínio,avaliar pelo proprietário do domínio,não definida; registrar lacuna,existente,database/postgres/migrations/001_identity_and_schemas.sql:57
postgresql,identity,users,deleted_at,Deleted at,TIMESTAMPTZ,True,,False,False,,não classificado automaticamente,política v1; nenhuma regra automática aplicável,avaliar pelo proprietário do domínio,avaliar pelo proprietário do domínio,não definida; registrar lacuna,existente,database/postgres/migrations/001_identity_and_schemas.sql:58
postgresql,identity,users,created_by,Created by,UUID,True,,False,False,,pseudônimo vinculável,política v1 categoria identidade_relacional; padrões: created_by,controle de acesso e segregação por tenant; criptografia do banco,não expor identificadores internos sem necessidade,acompanha entidade e trilha de auditoria com política de anonimização,existente,database/postgres/migrations/001_identity_and_schemas.sql:59
postgresql,identity,users,updated_by,Updated by,UUID,True,,False,False,,pseudônimo vinculável,política v1 categoria identidade_relacional; padrões: updated_by,controle de acesso e segregação por tenant; criptografia do banco,não expor identificadores internos sem necessidade,acompanha entidade e trilha de auditoria com política de anonimização,existente,database/postgres/migrations/001_identity_and_schemas.sql:60
postgresql,identity,users,idempotency_key,Idempotency key,VARCHAR(100),True,,False,True,,não classificado automaticamente,política v1; nenhuma regra automática aplicável,avaliar pelo proprietário do domínio,avaliar pelo proprietário do domínio,não definida; registrar lacuna,existente,database/postgres/migrations/008_identity_idempotency.sql:3
postgresql,identity,documents,id,Id,UUID,False,gen_random_uuid(),True,False,,não classificado automaticamente,política v1; nenhuma regra automática aplicável,avaliar pelo proprietário do domínio,avaliar pelo proprietário do domínio,não definida; registrar lacuna,existente,database/postgres/migrations/001_identity_and_schemas.sql:66
postgresql,identity,documents,user_id,User id,UUID,False,,False,False,identity.users.id,pseudônimo vinculável,política v1 categoria identidade_relacional; padrões: user_id,controle de acesso e segregação por tenant; criptografia do banco,não expor identificadores internos sem necessidade,acompanha entidade e trilha de auditoria com política de anonimização,existente,database/postgres/migrations/001_identity_and_schemas.sql:67
postgresql,identity,documents,document_type,Document type,VARCHAR(60),False,,False,False,,não classificado automaticamente,política v1; nenhuma regra automática aplicável,avaliar pelo proprietário do domínio,avaliar pelo proprietário do domínio,não definida; registrar lacuna,existente,database/postgres/migrations/001_identity_and_schemas.sql:68
postgresql,identity,documents,document_number_hash,Document number hash,TEXT,False,,False,False,,dado pessoal identificador,política v1 categoria documento_identificador; padrões: document_number,criptografar ou armazenar hash conforme necessidade de recuperação,exibir parcialmente por padrão,"vinculada à finalidade, obrigação fiscal/legal e direitos do titular",existente,database/postgres/migrations/001_identity_and_schemas.sql:69
postgresql,identity,documents,storage_key,Storage key,TEXT,False,,False,False,,não classificado automaticamente,política v1; nenhuma regra automática aplicável,avaliar pelo proprietário do domínio,avaliar pelo proprietário do domínio,não definida; registrar lacuna,existente,database/postgres/migrations/001_identity_and_schemas.sql:70
postgresql,identity,documents,expires_at,Expires at,DATE,True,,False,False,,não classificado automaticamente,política v1; nenhuma regra automática aplicável,avaliar pelo proprietário do domínio,avaliar pelo proprietário do domínio,não definida; registrar lacuna,existente,database/postgres/migrations/001_identity_and_schemas.sql:71
postgresql,identity,documents,verification_status,Verification status,VARCHAR(40),False,'pending_review',False,False,,não classificado automaticamente,política v1; nenhuma regra automática aplicável,avaliar pelo proprietário do domínio,avaliar pelo proprietário do domínio,não definida; registrar lacuna,existente,database/postgres/migrations/001_identity_and_schemas.sql:72
postgresql,identity,documents,status,Status,VARCHAR(40),False,'active',False,False,,não classificado automaticamente,política v1; nenhuma regra automática aplicável,avaliar pelo proprietário do domínio,avaliar pelo proprietário do domínio,não definida; registrar lacuna,existente,database/postgres/migrations/001_identity_and_schemas.sql:73
postgresql,identity,documents,metadata,Metadata,JSONB,False,'{}'::jsonb,False,False,,não classificado automaticamente,política v1; nenhuma regra automática aplicável,avaliar pelo proprietário do domínio,avaliar pelo proprietário do domínio,não definida; registrar lacuna,existente,database/postgres/migrations/001_identity_and_schemas.sql:74
postgresql,identity,documents,created_at,Created at,TIMESTAMPTZ,False,NOW(),False,False,,não classificado automaticamente,política v1; nenhuma regra automática aplicável,avaliar pelo proprietário do domínio,avaliar pelo proprietário do domínio,não definida; registrar lacuna,existente,database/postgres/migrations/001_identity_and_schemas.sql:75
postgresql,identity,documents,updated_at,Updated at,TIMESTAMPTZ,False,NOW(),False,False,,não classificado automaticamente,política v1; nenhuma regra automática aplicável,avaliar pelo proprietário do domínio,avaliar pelo proprietário do domínio,não definida; registrar lacuna,existente,database/postgres/migrations/001_identity_and_schemas.sql:76
postgresql,identity,documents,deleted_at,Deleted at,TIMESTAMPTZ,True,,False,False,,não classificado automaticamente,política v1; nenhuma regra automática aplicável,avaliar pelo proprietário do domínio,avaliar pelo proprietário do domínio,não definida; registrar lacuna,existente,database/postgres/migrations/001_identity_and_schemas.sql:77
postgresql,identity,documents,created_by,Created by,UUID,True,,False,False,identity.users.id,pseudônimo vinculável,política v1 categoria identidade_relacional; padrões: created_by,controle de acesso e segregação por tenant; criptografia do banco,não expor identificadores internos sem necessidade,acompanha entidade e trilha de auditoria com política de anonimização,existente,database/postgres/migrations/001_identity_and_schemas.sql:78
postgresql,identity,documents,updated_by,Updated by,UUID,True,,False,False,identity.users.id,pseudônimo vinculável,política v1 categoria identidade_relacional; padrões: updated_by,controle de acesso e segregação por tenant; criptografia do banco,não expor identificadores internos sem necessidade,acompanha entidade e trilha de auditoria com política de anonimização,existente,database/postgres/migrations/001_identity_and_schemas.sql:79
postgresql,identity,documents,idempotency_key,Idempotency key,VARCHAR(100),True,,False,True,,não classificado automaticamente,política v1; nenhuma regra automática aplicável,avaliar pelo proprietário do domínio,avaliar pelo proprietário do domínio,não definida; registrar lacuna,existente,database/postgres/migrations/008_identity_idempotency.sql:4
postgresql,identity,biometrics,id,Id,UUID,False,gen_random_uuid(),True,False,,não classificado automaticamente,política v1; nenhuma regra automática aplicável,avaliar pelo proprietário do domínio,avaliar pelo proprietário do domínio,não definida; registrar lacuna,existente,database/postgres/migrations/001_identity_and_schemas.sql:84
postgresql,identity,biometrics,user_id,User id,UUID,False,,False,True,identity.users.id,pseudônimo vinculável,política v1 categoria identidade_relacional; padrões: user_id,controle de acesso e segregação por tenant; criptografia do banco,não expor identificadores internos sem necessidade,acompanha entidade e trilha de auditoria com política de anonimização,existente,database/postgres/migrations/001_identity_and_schemas.sql:85
postgresql,identity,biometrics,face_hash,Face hash,TEXT,False,,False,True,,dado pessoal sensível,política v1 categoria biometria_saude; padrões: face_hash,obrigatória com chave gerenciada e segregação de acesso,não exibir sem finalidade e autorização reforçada,"definir por obrigação legal, finalidade clínica e consentimento",existente,database/postgres/migrations/001_identity_and_schemas.sql:86
postgresql,identity,biometrics,provider_reference,Provider reference,TEXT,True,,False,False,,não classificado automaticamente,política v1; nenhuma regra automática aplicável,avaliar pelo proprietário do domínio,avaliar pelo proprietário do domínio,não definida; registrar lacuna,existente,database/postgres/migrations/001_identity_and_schemas.sql:87
postgresql,identity,biometrics,last_liveness_score,Last liveness score,"NUMERIC(5, 4)",True,,False,False,,não classificado automaticamente,política v1; nenhuma regra automática aplicável,avaliar pelo proprietário do domínio,avaliar pelo proprietário do domínio,não definida; registrar lacuna,existente,database/postgres/migrations/001_identity_and_schemas.sql:88
postgresql,identity,biometrics,consent_recorded_at,Consent recorded at,TIMESTAMPTZ,False,,False,False,,não classificado automaticamente,política v1; nenhuma regra automática aplicável,avaliar pelo proprietário do domínio,avaliar pelo proprietário do domínio,não definida; registrar lacuna,existente,database/postgres/migrations/001_identity_and_schemas.sql:89
postgresql,identity,biometrics,status,Status,VARCHAR(40),False,'pending_validation',False,False,,não classificado automaticamente,política v1; nenhuma regra automática aplicável,avaliar pelo proprietário do domínio,avaliar pelo proprietário do domínio,não definida; registrar lacuna,existente,database/postgres/migrations/001_identity_and_schemas.sql:90
postgresql,identity,biometrics,metadata,Metadata,JSONB,False,'{}'::jsonb,False,False,,não classificado automaticamente,política v1; nenhuma regra automática aplicável,avaliar pelo proprietário do domínio,avaliar pelo proprietário do domínio,não definida; registrar lacuna,existente,database/postgres/migrations/001_identity_and_schemas.sql:91
postgresql,identity,biometrics,created_at,Created at,TIMESTAMPTZ,False,NOW(),False,False,,não classificado automaticamente,política v1; nenhuma regra automática aplicável,avaliar pelo proprietário do domínio,avaliar pelo proprietário do domínio,não definida; registrar lacuna,existente,database/postgres/migrations/001_identity_and_schemas.sql:92
postgresql,identity,biometrics,updated_at,Updated at,TIMESTAMPTZ,False,NOW(),False,False,,não classificado automaticamente,política v1; nenhuma regra automática aplicável,avaliar pelo proprietário do domínio,avaliar pelo proprietário do domínio,não definida; registrar lacuna,existente,database/postgres/migrations/001_identity_and_schemas.sql:93
postgresql,identity,biometrics,deleted_at,Deleted at,TIMESTAMPTZ,True,,False,False,,não classificado automaticamente,política v1; nenhuma regra automática aplicável,avaliar pelo proprietário do domínio,avaliar pelo proprietário do domínio,não definida; registrar lacuna,existente,database/postgres/migrations/001_identity_and_schemas.sql:94
postgresql,identity,biometrics,created_by,Created by,UUID,True,,False,False,identity.users.id,pseudônimo vinculável,política v1 categoria identidade_relacional; padrões: created_by,controle de acesso e segregação por tenant; criptografia do banco,não expor identificadores internos sem necessidade,acompanha entidade e trilha de auditoria com política de anonimização,existente,database/postgres/migrations/001_identity_and_schemas.sql:95
postgresql,identity,biometrics,updated_by,Updated by,UUID,True,,False,False,identity.users.id,pseudônimo vinculável,política v1 categoria identidade_relacional; padrões: updated_by,controle de acesso e segregação por tenant; criptografia do banco,não expor identificadores internos sem necessidade,acompanha entidade e trilha de auditoria com política de anonimização,existente,database/postgres/migrations/001_identity_and_schemas.sql:96
postgresql,identity,biometrics,idempotency_key,Idempotency key,VARCHAR(100),True,,False,True,,não classificado automaticamente,política v1; nenhuma regra automática aplicável,avaliar pelo proprietário do domínio,avaliar pelo proprietário do domínio,não definida; registrar lacuna,existente,database/postgres/migrations/008_identity_idempotency.sql:5
postgresql,identity,mfa_devices,id,Id,UUID,False,gen_random_uuid(),True,False,,não classificado automaticamente,política v1; nenhuma regra automática aplicável,avaliar pelo proprietário do domínio,avaliar pelo proprietário do domínio,não definida; registrar lacuna,existente,database/postgres/migrations/001_identity_and_schemas.sql:100
postgresql,identity,mfa_devices,user_id,User id,UUID,False,,False,False,identity.users.id,pseudônimo vinculável,política v1 categoria identidade_relacional; padrões: user_id,controle de acesso e segregação por tenant; criptografia do banco,não expor identificadores internos sem necessidade,acompanha entidade e trilha de auditoria com política de anonimização,existente,database/postgres/migrations/001_identity_and_schemas.sql:101
postgresql,identity,mfa_devices,method,Method,VARCHAR(30),False,,False,False,,não classificado automaticamente,política v1; nenhuma regra automática aplicável,avaliar pelo proprietário do domínio,avaliar pelo proprietário do domínio,não definida; registrar lacuna,existente,database/postgres/migrations/001_identity_and_schemas.sql:102
postgresql,identity,mfa_devices,secret_reference,Secret reference,TEXT,False,,False,False,,restrito,política v1 categoria credencial_segredo; padrões: secret,obrigatória em trânsito e repouso; preferir hash não reversível quando aplicável,nunca retornar valor integral nem registrar em logs,mínima necessária; revogação e expurgo definidos por política de segurança,existente,database/postgres/migrations/001_identity_and_schemas.sql:103
postgresql,identity,mfa_devices,verified_at,Verified at,TIMESTAMPTZ,True,,False,False,,não classificado automaticamente,política v1; nenhuma regra automática aplicável,avaliar pelo proprietário do domínio,avaliar pelo proprietário do domínio,não definida; registrar lacuna,existente,database/postgres/migrations/001_identity_and_schemas.sql:104
postgresql,identity,mfa_devices,status,Status,VARCHAR(40),False,'pending_validation',False,False,,não classificado automaticamente,política v1; nenhuma regra automática aplicável,avaliar pelo proprietário do domínio,avaliar pelo proprietário do domínio,não definida; registrar lacuna,existente,database/postgres/migrations/001_identity_and_schemas.sql:105
postgresql,identity,mfa_devices,metadata,Metadata,JSONB,False,'{}'::jsonb,False,False,,não classificado automaticamente,política v1; nenhuma regra automática aplicável,avaliar pelo proprietário do domínio,avaliar pelo proprietário do domínio,não definida; registrar lacuna,existente,database/postgres/migrations/001_identity_and_schemas.sql:106
postgresql,identity,mfa_devices,created_at,Created at,TIMESTAMPTZ,False,NOW(),False,False,,não classificado automaticamente,política v1; nenhuma regra automática aplicável,avaliar pelo proprietário do domínio,avaliar pelo proprietário do domínio,não definida; registrar lacuna,existente,database/postgres/migrations/001_identity_and_schemas.sql:107
postgresql,identity,mfa_devices,updated_at,Updated at,TIMESTAMPTZ,False,NOW(),False,False,,não classificado automaticamente,política v1; nenhuma regra automática aplicável,avaliar pelo proprietário do domínio,avaliar pelo proprietário do domínio,não definida; registrar lacuna,existente,database/postgres/migrations/001_identity_and_schemas.sql:108
postgresql,identity,mfa_devices,deleted_at,Deleted at,TIMESTAMPTZ,True,,False,False,,não classificado automaticamente,política v1; nenhuma regra automática aplicável,avaliar pelo proprietário do domínio,avaliar pelo proprietário do domínio,não definida; registrar lacuna,existente,database/postgres/migrations/001_identity_and_schemas.sql:109
postgresql,identity,mfa_devices,created_by,Created by,UUID,True,,False,False,identity.users.id,pseudônimo vinculável,política v1 categoria identidade_relacional; padrões: created_by,controle de acesso e segregação por tenant; criptografia do banco,não expor identificadores internos sem necessidade,acompanha entidade e trilha de auditoria com política de anonimização,existente,database/postgres/migrations/001_identity_and_schemas.sql:110
postgresql,identity,mfa_devices,updated_by,Updated by,UUID,True,,False,False,identity.users.id,pseudônimo vinculável,política v1 categoria identidade_relacional; padrões: updated_by,controle de acesso e segregação por tenant; criptografia do banco,não expor identificadores internos sem necessidade,acompanha entidade e trilha de auditoria com política de anonimização,existente,database/postgres/migrations/001_identity_and_schemas.sql:111
postgresql,identity,mfa_devices,idempotency_key,Idempotency key,VARCHAR(100),True,,False,True,,não classificado automaticamente,política v1; nenhuma regra automática aplicável,avaliar pelo proprietário do domínio,avaliar pelo proprietário do domínio,não definida; registrar lacuna,existente,database/postgres/migrations/008_identity_idempotency.sql:6
postgresql,identity,sessions,id,Id,UUID,False,gen_random_uuid(),True,False,,não classificado automaticamente,política v1; nenhuma regra automática aplicável,avaliar pelo proprietário do domínio,avaliar pelo proprietário do domínio,não definida; registrar lacuna,existente,database/postgres/migrations/001_identity_and_schemas.sql:115
postgresql,identity,sessions,user_id,User id,UUID,False,,False,False,identity.users.id,pseudônimo vinculável,política v1 categoria identidade_relacional; padrões: user_id,controle de acesso e segregação por tenant; criptografia do banco,não expor identificadores internos sem necessidade,acompanha entidade e trilha de auditoria com política de anonimização,existente,database/postgres/migrations/001_identity_and_schemas.sql:116
postgresql,identity,sessions,token_hash,Token hash,TEXT,False,,False,True,,restrito,política v1 categoria credencial_segredo; padrões: token,obrigatória em trânsito e repouso; preferir hash não reversível quando aplicável,nunca retornar valor integral nem registrar em logs,mínima necessária; revogação e expurgo definidos por política de segurança,existente,database/postgres/migrations/001_identity_and_schemas.sql:117
postgresql,identity,sessions,device_fingerprint,Device fingerprint,TEXT,False,,False,False,,dado pessoal,política v1 categoria contato_localizacao; padrões: device,criptografar quando associado a pessoa identificada ou rastreamento,"mascarar em logs, listagens e exportações não autorizadas",limitar à finalidade operacional e consentimento aplicável,existente,database/postgres/migrations/001_identity_and_schemas.sql:118
postgresql,identity,sessions,ip_address,Ip address,INET,False,,False,False,,dado pessoal,"política v1 categoria contato_localizacao; padrões: address, ip_address",criptografar quando associado a pessoa identificada ou rastreamento,"mascarar em logs, listagens e exportações não autorizadas",limitar à finalidade operacional e consentimento aplicável,existente,database/postgres/migrations/001_identity_and_schemas.sql:119
postgresql,identity,sessions,user_agent,User agent,TEXT,True,,False,False,,não classificado automaticamente,política v1; nenhuma regra automática aplicável,avaliar pelo proprietário do domínio,avaliar pelo proprietário do domínio,não definida; registrar lacuna,existente,database/postgres/migrations/001_identity_and_schemas.sql:120
postgresql,identity,sessions,expires_at,Expires at,TIMESTAMPTZ,False,,False,False,,não classificado automaticamente,política v1; nenhuma regra automática aplicável,avaliar pelo proprietário do domínio,avaliar pelo proprietário do domínio,não definida; registrar lacuna,existente,database/postgres/migrations/001_identity_and_schemas.sql:121
postgresql,identity,sessions,revoked_at,Revoked at,TIMESTAMPTZ,True,,False,False,,não classificado automaticamente,política v1; nenhuma regra automática aplicável,avaliar pelo proprietário do domínio,avaliar pelo proprietário do domínio,não definida; registrar lacuna,existente,database/postgres/migrations/001_identity_and_schemas.sql:122
postgresql,identity,sessions,status,Status,VARCHAR(40),False,'active',False,False,,não classificado automaticamente,política v1; nenhuma regra automática aplicável,avaliar pelo proprietário do domínio,avaliar pelo proprietário do domínio,não definida; registrar lacuna,existente,database/postgres/migrations/001_identity_and_schemas.sql:123
postgresql,identity,sessions,metadata,Metadata,JSONB,False,'{}'::jsonb,False,False,,não classificado automaticamente,política v1; nenhuma regra automática aplicável,avaliar pelo proprietário do domínio,avaliar pelo proprietário do domínio,não definida; registrar lacuna,existente,database/postgres/migrations/001_identity_and_schemas.sql:124
postgresql,identity,sessions,created_at,Created at,TIMESTAMPTZ,False,NOW(),False,False,,não classificado automaticamente,política v1; nenhuma regra automática aplicável,avaliar pelo proprietário do domínio,avaliar pelo proprietário do domínio,não definida; registrar lacuna,existente,database/postgres/migrations/001_identity_and_schemas.sql:125
postgresql,identity,sessions,updated_at,Updated at,TIMESTAMPTZ,False,NOW(),False,False,,não classificado automaticamente,política v1; nenhuma regra automática aplicável,avaliar pelo proprietário do domínio,avaliar pelo proprietário do domínio,não definida; registrar lacuna,existente,database/postgres/migrations/001_identity_and_schemas.sql:126
postgresql,identity,sessions,deleted_at,Deleted at,TIMESTAMPTZ,True,,False,False,,não classificado automaticamente,política v1; nenhuma regra automática aplicável,avaliar pelo proprietário do domínio,avaliar pelo proprietário do domínio,não definida; registrar lacuna,existente,database/postgres/migrations/001_identity_and_schemas.sql:127
postgresql,identity,sessions,created_by,Created by,UUID,True,,False,False,identity.users.id,pseudônimo vinculável,política v1 categoria identidade_relacional; padrões: created_by,controle de acesso e segregação por tenant; criptografia do banco,não expor identificadores internos sem necessidade,acompanha entidade e trilha de auditoria com política de anonimização,existente,database/postgres/migrations/001_identity_and_schemas.sql:128
postgresql,identity,sessions,updated_by,Updated by,UUID,True,,False,False,identity.users.id,pseudônimo vinculável,política v1 categoria identidade_relacional; padrões: updated_by,controle de acesso e segregação por tenant; criptografia do banco,não expor identificadores internos sem necessidade,acompanha entidade e trilha de auditoria com política de anonimização,existente,database/postgres/migrations/001_identity_and_schemas.sql:129
postgresql,identity,sessions,idempotency_key,Idempotency key,VARCHAR(100),True,,False,True,,não classificado automaticamente,política v1; nenhuma regra automática aplicável,avaliar pelo proprietário do domínio,avaliar pelo proprietário do domínio,não definida; registrar lacuna,existente,database/postgres/migrations/008_identity_idempotency.sql:7
postgresql,identity,identity_verifications,id,Id,UUID,False,gen_random_uuid(),True,False,,não classificado automaticamente,política v1; nenhuma regra automática aplicável,avaliar pelo proprietário do domínio,avaliar pelo proprietário do domínio,não definida; registrar lacuna,existente,database/postgres/migrations/001_identity_and_schemas.sql:133
postgresql,identity,identity_verifications,user_id,User id,UUID,False,,False,False,identity.users.id,pseudônimo vinculável,política v1 categoria identidade_relacional; padrões: user_id,controle de acesso e segregação por tenant; criptografia do banco,não expor identificadores internos sem necessidade,acompanha entidade e trilha de auditoria com política de anonimização,existente,database/postgres/migrations/001_identity_and_schemas.sql:134
postgresql,identity,identity_verifications,verification_type,Verification type,VARCHAR(50),False,,False,False,,não classificado automaticamente,política v1; nenhuma regra automática aplicável,avaliar pelo proprietário do domínio,avaliar pelo proprietário do domínio,não definida; registrar lacuna,existente,database/postgres/migrations/001_identity_and_schemas.sql:135
postgresql,identity,identity_verifications,risk_score,Risk score,"NUMERIC(5, 4)",True,,False,False,,não classificado automaticamente,política v1; nenhuma regra automática aplicável,avaliar pelo proprietário do domínio,avaliar pelo proprietário do domínio,não definida; registrar lacuna,existente,database/postgres/migrations/001_identity_and_schemas.sql:136
postgresql,identity,identity_verifications,reviewer_user_id,Reviewer user id,UUID,True,,False,False,identity.users.id,pseudônimo vinculável,política v1 categoria identidade_relacional; padrões: user_id,controle de acesso e segregação por tenant; criptografia do banco,não expor identificadores internos sem necessidade,acompanha entidade e trilha de auditoria com política de anonimização,existente,database/postgres/migrations/001_identity_and_schemas.sql:137
postgresql,identity,identity_verifications,decision_reason,Decision reason,TEXT,True,,False,False,,não classificado automaticamente,política v1; nenhuma regra automática aplicável,avaliar pelo proprietário do domínio,avaliar pelo proprietário do domínio,não definida; registrar lacuna,existente,database/postgres/migrations/001_identity_and_schemas.sql:138
postgresql,identity,identity_verifications,status,Status,VARCHAR(40),False,'pending_review',False,False,,não classificado automaticamente,política v1; nenhuma regra automática aplicável,avaliar pelo proprietário do domínio,avaliar pelo proprietário do domínio,não definida; registrar lacuna,existente,database/postgres/migrations/001_identity_and_schemas.sql:139
postgresql,identity,identity_verifications,metadata,Metadata,JSONB,False,'{}'::jsonb,False,False,,não classificado automaticamente,política v1; nenhuma regra automática aplicável,avaliar pelo proprietário do domínio,avaliar pelo proprietário do domínio,não definida; registrar lacuna,existente,database/postgres/migrations/001_identity_and_schemas.sql:140
postgresql,identity,identity_verifications,created_at,Created at,TIMESTAMPTZ,False,NOW(),False,False,,não classificado automaticamente,política v1; nenhuma regra automática aplicável,avaliar pelo proprietário do domínio,avaliar pelo proprietário do domínio,não definida; registrar lacuna,existente,database/postgres/migrations/001_identity_and_schemas.sql:141
postgresql,identity,identity_verifications,updated_at,Updated at,TIMESTAMPTZ,False,NOW(),False,False,,não classificado automaticamente,política v1; nenhuma regra automática aplicável,avaliar pelo proprietário do domínio,avaliar pelo proprietário do domínio,não definida; registrar lacuna,existente,database/postgres/migrations/001_identity_and_schemas.sql:142
postgresql,identity,identity_verifications,deleted_at,Deleted at,TIMESTAMPTZ,True,,False,False,,não classificado automaticamente,política v1; nenhuma regra automática aplicável,avaliar pelo proprietário do domínio,avaliar pelo proprietário do domínio,não definida; registrar lacuna,existente,database/postgres/migrations/001_identity_and_schemas.sql:143
postgresql,identity,identity_verifications,created_by,Created by,UUID,True,,False,False,identity.users.id,pseudônimo vinculável,política v1 categoria identidade_relacional; padrões: created_by,controle de acesso e segregação por tenant; criptografia do banco,não expor identificadores internos sem necessidade,acompanha entidade e trilha de auditoria com política de anonimização,existente,database/postgres/migrations/001_identity_and_schemas.sql:144
postgresql,identity,identity_verifications,updated_by,Updated by,UUID,True,,False,False,identity.users.id,pseudônimo vinculável,política v1 categoria identidade_relacional; padrões: updated_by,controle de acesso e segregação por tenant; criptografia do banco,não expor identificadores internos sem necessidade,acompanha entidade e trilha de auditoria com política de anonimização,existente,database/postgres/migrations/001_identity_and_schemas.sql:145
postgresql,identity,identity_verifications,idempotency_key,Idempotency key,VARCHAR(100),True,,False,True,,não classificado automaticamente,política v1; nenhuma regra automática aplicável,avaliar pelo proprietário do domínio,avaliar pelo proprietário do domínio,não definida; registrar lacuna,existente,database/postgres/migrations/008_identity_idempotency.sql:8
postgresql,identity,consent_records,id,Id,UUID,False,gen_random_uuid(),True,False,,não classificado automaticamente,política v1; nenhuma regra automática aplicável,avaliar pelo proprietário do domínio,avaliar pelo proprietário do domínio,não definida; registrar lacuna,existente,database/postgres/migrations/001_identity_and_schemas.sql:149
postgresql,identity,consent_records,user_id,User id,UUID,False,,False,False,identity.users.id,pseudônimo vinculável,política v1 categoria identidade_relacional; padrões: user_id,controle de acesso e segregação por tenant; criptografia do banco,não expor identificadores internos sem necessidade,acompanha entidade e trilha de auditoria com política de anonimização,existente,database/postgres/migrations/001_identity_and_schemas.sql:150
postgresql,identity,consent_records,consent_type,Consent type,VARCHAR(60),False,,False,False,,não classificado automaticamente,política v1; nenhuma regra automática aplicável,avaliar pelo proprietário do domínio,avaliar pelo proprietário do domínio,não definida; registrar lacuna,existente,database/postgres/migrations/001_identity_and_schemas.sql:151
postgresql,identity,consent_records,policy_version,Policy version,VARCHAR(30),False,,False,False,,não classificado automaticamente,política v1; nenhuma regra automática aplicável,avaliar pelo proprietário do domínio,avaliar pelo proprietário do domínio,não definida; registrar lacuna,existente,database/postgres/migrations/001_identity_and_schemas.sql:152
postgresql,identity,consent_records,accepted_at,Accepted at,TIMESTAMPTZ,False,,False,False,,não classificado automaticamente,política v1; nenhuma regra automática aplicável,avaliar pelo proprietário do domínio,avaliar pelo proprietário do domínio,não definida; registrar lacuna,existente,database/postgres/migrations/001_identity_and_schemas.sql:153
postgresql,identity,consent_records,revoked_at,Revoked at,TIMESTAMPTZ,True,,False,False,,não classificado automaticamente,política v1; nenhuma regra automática aplicável,avaliar pelo proprietário do domínio,avaliar pelo proprietário do domínio,não definida; registrar lacuna,existente,database/postgres/migrations/001_identity_and_schemas.sql:154
postgresql,identity,consent_records,ip_address,Ip address,INET,True,,False,False,,dado pessoal,"política v1 categoria contato_localizacao; padrões: address, ip_address",criptografar quando associado a pessoa identificada ou rastreamento,"mascarar em logs, listagens e exportações não autorizadas",limitar à finalidade operacional e consentimento aplicável,existente,database/postgres/migrations/001_identity_and_schemas.sql:155
postgresql,identity,consent_records,status,Status,VARCHAR(40),False,'accepted',False,False,,não classificado automaticamente,política v1; nenhuma regra automática aplicável,avaliar pelo proprietário do domínio,avaliar pelo proprietário do domínio,não definida; registrar lacuna,existente,database/postgres/migrations/001_identity_and_schemas.sql:156
postgresql,identity,consent_records,metadata,Metadata,JSONB,False,'{}'::jsonb,False,False,,não classificado automaticamente,política v1; nenhuma regra automática aplicável,avaliar pelo proprietário do domínio,avaliar pelo proprietário do domínio,não definida; registrar lacuna,existente,database/postgres/migrations/001_identity_and_schemas.sql:157
postgresql,identity,consent_records,created_at,Created at,TIMESTAMPTZ,False,NOW(),False,False,,não classificado automaticamente,política v1; nenhuma regra automática aplicável,avaliar pelo proprietário do domínio,avaliar pelo proprietário do domínio,não definida; registrar lacuna,existente,database/postgres/migrations/001_identity_and_schemas.sql:158
postgresql,identity,consent_records,updated_at,Updated at,TIMESTAMPTZ,False,NOW(),False,False,,não classificado automaticamente,política v1; nenhuma regra automática aplicável,avaliar pelo proprietário do domínio,avaliar pelo proprietário do domínio,não definida; registrar lacuna,existente,database/postgres/migrations/001_identity_and_schemas.sql:159
postgresql,identity,consent_records,deleted_at,Deleted at,TIMESTAMPTZ,True,,False,False,,não classificado automaticamente,política v1; nenhuma regra automática aplicável,avaliar pelo proprietário do domínio,avaliar pelo proprietário do domínio,não definida; registrar lacuna,existente,database/postgres/migrations/001_identity_and_schemas.sql:160
postgresql,identity,consent_records,created_by,Created by,UUID,True,,False,False,identity.users.id,pseudônimo vinculável,política v1 categoria identidade_relacional; padrões: created_by,controle de acesso e segregação por tenant; criptografia do banco,não expor identificadores internos sem necessidade,acompanha entidade e trilha de auditoria com política de anonimização,existente,database/postgres/migrations/001_identity_and_schemas.sql:161
postgresql,identity,consent_records,updated_by,Updated by,UUID,True,,False,False,identity.users.id,pseudônimo vinculável,política v1 categoria identidade_relacional; padrões: updated_by,controle de acesso e segregação por tenant; criptografia do banco,não expor identificadores internos sem necessidade,acompanha entidade e trilha de auditoria com política de anonimização,existente,database/postgres/migrations/001_identity_and_schemas.sql:162
postgresql,identity,consent_records,idempotency_key,Idempotency key,VARCHAR(100),True,,False,True,,não classificado automaticamente,política v1; nenhuma regra automática aplicável,avaliar pelo proprietário do domínio,avaliar pelo proprietário do domínio,não definida; registrar lacuna,existente,database/postgres/migrations/008_identity_idempotency.sql:9
postgresql,identity,duplicate_attempts,id,Id,UUID,False,gen_random_uuid(),True,False,,não classificado automaticamente,política v1; nenhuma regra automática aplicável,avaliar pelo proprietário do domínio,avaliar pelo proprietário do domínio,não definida; registrar lacuna,existente,database/postgres/migrations/001_identity_and_schemas.sql:166
postgresql,identity,duplicate_attempts,user_id,User id,UUID,True,,False,False,identity.users.id,pseudônimo vinculável,política v1 categoria identidade_relacional; padrões: user_id,controle de acesso e segregação por tenant; criptografia do banco,não expor identificadores internos sem necessidade,acompanha entidade e trilha de auditoria com política de anonimização,existente,database/postgres/migrations/001_identity_and_schemas.sql:167
postgresql,identity,duplicate_attempts,cpf_document_hash,Cpf document hash,TEXT,True,,False,False,,dado pessoal identificador,política v1 categoria documento_identificador; padrões: cpf,criptografar ou armazenar hash conforme necessidade de recuperação,exibir parcialmente por padrão,"vinculada à finalidade, obrigação fiscal/legal e direitos do titular",existente,database/postgres/migrations/001_identity_and_schemas.sql:168
postgresql,identity,duplicate_attempts,face_hash,Face hash,TEXT,True,,False,False,,dado pessoal sensível,política v1 categoria biometria_saude; padrões: face_hash,obrigatória com chave gerenciada e segregação de acesso,não exibir sem finalidade e autorização reforçada,"definir por obrigação legal, finalidade clínica e consentimento",existente,database/postgres/migrations/001_identity_and_schemas.sql:169
postgresql,identity,duplicate_attempts,email_hash,Email hash,TEXT,True,,False,False,,dado pessoal,política v1 categoria contato_localizacao; padrões: email,criptografar quando associado a pessoa identificada ou rastreamento,"mascarar em logs, listagens e exportações não autorizadas",limitar à finalidade operacional e consentimento aplicável,existente,database/postgres/migrations/001_identity_and_schemas.sql:170
postgresql,identity,duplicate_attempts,device_fingerprint,Device fingerprint,TEXT,True,,False,False,,dado pessoal,política v1 categoria contato_localizacao; padrões: device,criptografar quando associado a pessoa identificada ou rastreamento,"mascarar em logs, listagens e exportações não autorizadas",limitar à finalidade operacional e consentimento aplicável,existente,database/postgres/migrations/001_identity_and_schemas.sql:171
postgresql,identity,duplicate_attempts,ip_address,Ip address,INET,True,,False,False,,dado pessoal,"política v1 categoria contato_localizacao; padrões: address, ip_address",criptografar quando associado a pessoa identificada ou rastreamento,"mascarar em logs, listagens e exportações não autorizadas",limitar à finalidade operacional e consentimento aplicável,existente,database/postgres/migrations/001_identity_and_schemas.sql:172
postgresql,identity,duplicate_attempts,blocked_reason,Blocked reason,TEXT,False,,False,False,,não classificado automaticamente,política v1; nenhuma regra automática aplicável,avaliar pelo proprietário do domínio,avaliar pelo proprietário do domínio,não definida; registrar lacuna,existente,database/postgres/migrations/001_identity_and_schemas.sql:173
postgresql,identity,duplicate_attempts,status,Status,VARCHAR(40),False,'blocked',False,False,,não classificado automaticamente,política v1; nenhuma regra automática aplicável,avaliar pelo proprietário do domínio,avaliar pelo proprietário do domínio,não definida; registrar lacuna,existente,database/postgres/migrations/001_identity_and_schemas.sql:174
postgresql,identity,duplicate_attempts,metadata,Metadata,JSONB,False,'{}'::jsonb,False,False,,não classificado automaticamente,política v1; nenhuma regra automática aplicável,avaliar pelo proprietário do domínio,avaliar pelo proprietário do domínio,não definida; registrar lacuna,existente,database/postgres/migrations/001_identity_and_schemas.sql:175
postgresql,identity,duplicate_attempts,created_at,Created at,TIMESTAMPTZ,False,NOW(),False,False,,não classificado automaticamente,política v1; nenhuma regra automática aplicável,avaliar pelo proprietário do domínio,avaliar pelo proprietário do domínio,não definida; registrar lacuna,existente,database/postgres/migrations/001_identity_and_schemas.sql:176
postgresql,identity,duplicate_attempts,updated_at,Updated at,TIMESTAMPTZ,False,NOW(),False,False,,não classificado automaticamente,política v1; nenhuma regra automática aplicável,avaliar pelo proprietário do domínio,avaliar pelo proprietário do domínio,não definida; registrar lacuna,existente,database/postgres/migrations/001_identity_and_schemas.sql:177
postgresql,identity,duplicate_attempts,deleted_at,Deleted at,TIMESTAMPTZ,True,,False,False,,não classificado automaticamente,política v1; nenhuma regra automática aplicável,avaliar pelo proprietário do domínio,avaliar pelo proprietário do domínio,não definida; registrar lacuna,existente,database/postgres/migrations/001_identity_and_schemas.sql:178
postgresql,identity,duplicate_attempts,created_by,Created by,UUID,True,,False,False,identity.users.id,pseudônimo vinculável,política v1 categoria identidade_relacional; padrões: created_by,controle de acesso e segregação por tenant; criptografia do banco,não expor identificadores internos sem necessidade,acompanha entidade e trilha de auditoria com política de anonimização,existente,database/postgres/migrations/001_identity_and_schemas.sql:179
postgresql,identity,duplicate_attempts,updated_by,Updated by,UUID,True,,False,False,identity.users.id,pseudônimo vinculável,política v1 categoria identidade_relacional; padrões: updated_by,controle de acesso e segregação por tenant; criptografia do banco,não expor identificadores internos sem necessidade,acompanha entidade e trilha de auditoria com política de anonimização,existente,database/postgres/migrations/001_identity_and_schemas.sql:180
postgresql,identity,duplicate_attempts,idempotency_key,Idempotency key,VARCHAR(100),True,,False,True,,não classificado automaticamente,política v1; nenhuma regra automática aplicável,avaliar pelo proprietário do domínio,avaliar pelo proprietário do domínio,não definida; registrar lacuna,existente,database/postgres/migrations/008_identity_idempotency.sql:10
postgresql,business,companies,id,Id,UUID,False,gen_random_uuid(),True,False,,não classificado automaticamente,política v1; nenhuma regra automática aplicável,avaliar pelo proprietário do domínio,avaliar pelo proprietário do domínio,não definida; registrar lacuna,existente,database/postgres/migrations/002_business_permissions_finance.sql:4
postgresql,business,companies,user_id,User id,UUID,False,,False,False,identity.users.id,pseudônimo vinculável,política v1 categoria identidade_relacional; padrões: user_id,controle de acesso e segregação por tenant; criptografia do banco,não expor identificadores internos sem necessidade,acompanha entidade e trilha de auditoria com política de anonimização,existente,database/postgres/migrations/002_business_permissions_finance.sql:5
postgresql,business,companies,parent_company_id,Parent company id,UUID,True,,False,False,business.companies.id,não classificado automaticamente,política v1; nenhuma regra automática aplicável,avaliar pelo proprietário do domínio,avaliar pelo proprietário do domínio,não definida; registrar lacuna,existente,database/postgres/migrations/002_business_permissions_finance.sql:6
postgresql,business,companies,cnpj,Cnpj,VARCHAR(18),False,,False,True,,dado pessoal identificador,política v1 categoria documento_identificador; padrões: cnpj,criptografar ou armazenar hash conforme necessidade de recuperação,exibir parcialmente por padrão,"vinculada à finalidade, obrigação fiscal/legal e direitos do titular",existente,database/postgres/migrations/002_business_permissions_finance.sql:7
postgresql,business,companies,root_cnpj,Root cnpj,VARCHAR(18),False,,False,False,,dado pessoal identificador,política v1 categoria documento_identificador; padrões: cnpj,criptografar ou armazenar hash conforme necessidade de recuperação,exibir parcialmente por padrão,"vinculada à finalidade, obrigação fiscal/legal e direitos do titular",existente,database/postgres/migrations/002_business_permissions_finance.sql:8
postgresql,business,companies,legal_name,Legal name,VARCHAR(240),False,,False,False,,não classificado automaticamente,política v1; nenhuma regra automática aplicável,avaliar pelo proprietário do domínio,avaliar pelo proprietário do domínio,não definida; registrar lacuna,existente,database/postgres/migrations/002_business_permissions_finance.sql:9
postgresql,business,companies,trade_name,Trade name,VARCHAR(240),True,,False,False,,não classificado automaticamente,política v1; nenhuma regra automática aplicável,avaliar pelo proprietário do domínio,avaliar pelo proprietário do domínio,não definida; registrar lacuna,existente,database/postgres/migrations/002_business_permissions_finance.sql:10
postgresql,business,companies,cnae,Cnae,VARCHAR(20),True,,False,False,,não classificado automaticamente,política v1; nenhuma regra automática aplicável,avaliar pelo proprietário do domínio,avaliar pelo proprietário do domínio,não definida; registrar lacuna,existente,database/postgres/migrations/002_business_permissions_finance.sql:11
postgresql,business,companies,state_registration,State registration,VARCHAR(40),True,,False,False,,não classificado automaticamente,política v1; nenhuma regra automática aplicável,avaliar pelo proprietário do domínio,avaliar pelo proprietário do domínio,não definida; registrar lacuna,existente,database/postgres/migrations/002_business_permissions_finance.sql:12
postgresql,business,companies,municipal_registration,Municipal registration,VARCHAR(40),True,,False,False,,não classificado automaticamente,política v1; nenhuma regra automática aplicável,avaliar pelo proprietário do domínio,avaliar pelo proprietário do domínio,não definida; registrar lacuna,existente,database/postgres/migrations/002_business_permissions_finance.sql:13
postgresql,business,companies,legal_representative_user_id,Legal representative user id,UUID,False,,False,False,identity.users.id,pseudônimo vinculável,política v1 categoria identidade_relacional; padrões: user_id,controle de acesso e segregação por tenant; criptografia do banco,não expor identificadores internos sem necessidade,acompanha entidade e trilha de auditoria com política de anonimização,existente,database/postgres/migrations/002_business_permissions_finance.sql:14
postgresql,business,companies,submitted_at,Submitted at,TIMESTAMPTZ,True,,False,False,,não classificado automaticamente,política v1; nenhuma regra automática aplicável,avaliar pelo proprietário do domínio,avaliar pelo proprietário do domínio,não definida; registrar lacuna,existente,database/postgres/migrations/002_business_permissions_finance.sql:15
postgresql,business,companies,approved_at,Approved at,TIMESTAMPTZ,True,,False,False,,não classificado automaticamente,política v1; nenhuma regra automática aplicável,avaliar pelo proprietário do domínio,avaliar pelo proprietário do domínio,não definida; registrar lacuna,existente,database/postgres/migrations/002_business_permissions_finance.sql:16
postgresql,business,companies,approved_by,Approved by,UUID,True,,False,False,identity.users.id,pseudônimo vinculável,política v1 categoria identidade_relacional; padrões: approved_by,controle de acesso e segregação por tenant; criptografia do banco,não expor identificadores internos sem necessidade,acompanha entidade e trilha de auditoria com política de anonimização,existente,database/postgres/migrations/002_business_permissions_finance.sql:17
postgresql,business,companies,rejection_reason,Rejection reason,TEXT,True,,False,False,,não classificado automaticamente,política v1; nenhuma regra automática aplicável,avaliar pelo proprietário do domínio,avaliar pelo proprietário do domínio,não definida; registrar lacuna,existente,database/postgres/migrations/002_business_permissions_finance.sql:18
postgresql,business,companies,status,Status,VARCHAR(40),False,'pending_validation',False,False,,não classificado automaticamente,política v1; nenhuma regra automática aplicável,avaliar pelo proprietário do domínio,avaliar pelo proprietário do domínio,não definida; registrar lacuna,existente,database/postgres/migrations/002_business_permissions_finance.sql:19
postgresql,business,companies,metadata,Metadata,JSONB,False,'{}'::jsonb,False,False,,não classificado automaticamente,política v1; nenhuma regra automática aplicável,avaliar pelo proprietário do domínio,avaliar pelo proprietário do domínio,não definida; registrar lacuna,existente,database/postgres/migrations/002_business_permissions_finance.sql:20
postgresql,business,companies,created_at,Created at,TIMESTAMPTZ,False,NOW(),False,False,,não classificado automaticamente,política v1; nenhuma regra automática aplicável,avaliar pelo proprietário do domínio,avaliar pelo proprietário do domínio,não definida; registrar lacuna,existente,database/postgres/migrations/002_business_permissions_finance.sql:21
postgresql,business,companies,updated_at,Updated at,TIMESTAMPTZ,False,NOW(),False,False,,não classificado automaticamente,política v1; nenhuma regra automática aplicável,avaliar pelo proprietário do domínio,avaliar pelo proprietário do domínio,não definida; registrar lacuna,existente,database/postgres/migrations/002_business_permissions_finance.sql:22
postgresql,business,companies,deleted_at,Deleted at,TIMESTAMPTZ,True,,False,False,,não classificado automaticamente,política v1; nenhuma regra automática aplicável,avaliar pelo proprietário do domínio,avaliar pelo proprietário do domínio,não definida; registrar lacuna,existente,database/postgres/migrations/002_business_permissions_finance.sql:23
postgresql,business,companies,created_by,Created by,UUID,True,,False,False,identity.users.id,pseudônimo vinculável,política v1 categoria identidade_relacional; padrões: created_by,controle de acesso e segregação por tenant; criptografia do banco,não expor identificadores internos sem necessidade,acompanha entidade e trilha de auditoria com política de anonimização,existente,database/postgres/migrations/002_business_permissions_finance.sql:24
postgresql,business,companies,updated_by,Updated by,UUID,True,,False,False,identity.users.id,pseudônimo vinculável,política v1 categoria identidade_relacional; padrões: updated_by,controle de acesso e segregação por tenant; criptografia do banco,não expor identificadores internos sem necessidade,acompanha entidade e trilha de auditoria com política de anonimização,existente,database/postgres/migrations/002_business_permissions_finance.sql:25
postgresql,business,companies,idempotency_key,Idempotency key,VARCHAR(120),True,,False,True,,não classificado automaticamente,política v1; nenhuma regra automática aplicável,avaliar pelo proprietário do domínio,avaliar pelo proprietário do domínio,não definida; registrar lacuna,existente,database/postgres/migrations/011_business_idempotency.sql:3
postgresql,business,company_documents,id,Id,UUID,False,gen_random_uuid(),True,False,,não classificado automaticamente,política v1; nenhuma regra automática aplicável,avaliar pelo proprietário do domínio,avaliar pelo proprietário do domínio,não definida; registrar lacuna,existente,database/postgres/migrations/002_business_permissions_finance.sql:30
postgresql,business,company_documents,user_id,User id,UUID,False,,False,False,identity.users.id,pseudônimo vinculável,política v1 categoria identidade_relacional; padrões: user_id,controle de acesso e segregação por tenant; criptografia do banco,não expor identificadores internos sem necessidade,acompanha entidade e trilha de auditoria com política de anonimização,existente,database/postgres/migrations/002_business_permissions_finance.sql:31
postgresql,business,company_documents,company_id,Company id,UUID,False,,False,False,business.companies.id,não classificado automaticamente,política v1; nenhuma regra automática aplicável,avaliar pelo proprietário do domínio,avaliar pelo proprietário do domínio,não definida; registrar lacuna,existente,database/postgres/migrations/002_business_permissions_finance.sql:32
postgresql,business,company_documents,document_type,Document type,VARCHAR(80),False,,False,False,,não classificado automaticamente,política v1; nenhuma regra automática aplicável,avaliar pelo proprietário do domínio,avaliar pelo proprietário do domínio,não definida; registrar lacuna,existente,database/postgres/migrations/002_business_permissions_finance.sql:33
postgresql,business,company_documents,storage_key,Storage key,TEXT,False,,False,False,,não classificado automaticamente,política v1; nenhuma regra automática aplicável,avaliar pelo proprietário do domínio,avaliar pelo proprietário do domínio,não definida; registrar lacuna,existente,database/postgres/migrations/002_business_permissions_finance.sql:34
postgresql,business,company_documents,expires_at,Expires at,DATE,True,,False,False,,não classificado automaticamente,política v1; nenhuma regra automática aplicável,avaliar pelo proprietário do domínio,avaliar pelo proprietário do domínio,não definida; registrar lacuna,existente,database/postgres/migrations/002_business_permissions_finance.sql:35
postgresql,business,company_documents,status,Status,VARCHAR(40),False,'pending_review',False,False,,não classificado automaticamente,política v1; nenhuma regra automática aplicável,avaliar pelo proprietário do domínio,avaliar pelo proprietário do domínio,não definida; registrar lacuna,existente,database/postgres/migrations/002_business_permissions_finance.sql:36
postgresql,business,company_documents,metadata,Metadata,JSONB,False,'{}'::jsonb,False,False,,não classificado automaticamente,política v1; nenhuma regra automática aplicável,avaliar pelo proprietário do domínio,avaliar pelo proprietário do domínio,não definida; registrar lacuna,existente,database/postgres/migrations/002_business_permissions_finance.sql:37
postgresql,business,company_documents,created_at,Created at,TIMESTAMPTZ,False,NOW(),False,False,,não classificado automaticamente,política v1; nenhuma regra automática aplicável,avaliar pelo proprietário do domínio,avaliar pelo proprietário do domínio,não definida; registrar lacuna,existente,database/postgres/migrations/002_business_permissions_finance.sql:38
postgresql,business,company_documents,updated_at,Updated at,TIMESTAMPTZ,False,NOW(),False,False,,não classificado automaticamente,política v1; nenhuma regra automática aplicável,avaliar pelo proprietário do domínio,avaliar pelo proprietário do domínio,não definida; registrar lacuna,existente,database/postgres/migrations/002_business_permissions_finance.sql:39
postgresql,business,company_documents,deleted_at,Deleted at,TIMESTAMPTZ,True,,False,False,,não classificado automaticamente,política v1; nenhuma regra automática aplicável,avaliar pelo proprietário do domínio,avaliar pelo proprietário do domínio,não definida; registrar lacuna,existente,database/postgres/migrations/002_business_permissions_finance.sql:40
postgresql,business,company_documents,created_by,Created by,UUID,True,,False,False,identity.users.id,pseudônimo vinculável,política v1 categoria identidade_relacional; padrões: created_by,controle de acesso e segregação por tenant; criptografia do banco,não expor identificadores internos sem necessidade,acompanha entidade e trilha de auditoria com política de anonimização,existente,database/postgres/migrations/002_business_permissions_finance.sql:41
postgresql,business,company_documents,updated_by,Updated by,UUID,True,,False,False,identity.users.id,pseudônimo vinculável,política v1 categoria identidade_relacional; padrões: updated_by,controle de acesso e segregação por tenant; criptografia do banco,não expor identificadores internos sem necessidade,acompanha entidade e trilha de auditoria com política de anonimização,existente,database/postgres/migrations/002_business_permissions_finance.sql:42
postgresql,business,company_documents,idempotency_key,Idempotency key,VARCHAR(120),True,,False,True,,não classificado automaticamente,política v1; nenhuma regra automática aplicável,avaliar pelo proprietário do domínio,avaliar pelo proprietário do domínio,não definida; registrar lacuna,existente,database/postgres/migrations/011_business_idempotency.sql:4
postgresql,business,user_company_memberships,id,Id,UUID,False,gen_random_uuid(),True,False,,não classificado automaticamente,política v1; nenhuma regra automática aplicável,avaliar pelo proprietário do domínio,avaliar pelo proprietário do domínio,não definida; registrar lacuna,existente,database/postgres/migrations/002_business_permissions_finance.sql:46
postgresql,business,user_company_memberships,user_id,User id,UUID,False,,False,False,identity.users.id,pseudônimo vinculável,política v1 categoria identidade_relacional; padrões: user_id,controle de acesso e segregação por tenant; criptografia do banco,não expor identificadores internos sem necessidade,acompanha entidade e trilha de auditoria com política de anonimização,existente,database/postgres/migrations/002_business_permissions_finance.sql:47
postgresql,business,user_company_memberships,company_id,Company id,UUID,False,,False,False,business.companies.id,não classificado automaticamente,política v1; nenhuma regra automática aplicável,avaliar pelo proprietário do domínio,avaliar pelo proprietário do domínio,não definida; registrar lacuna,existente,database/postgres/migrations/002_business_permissions_finance.sql:48
postgresql,business,user_company_memberships,department,Department,VARCHAR(100),True,,False,False,,não classificado automaticamente,política v1; nenhuma regra automática aplicável,avaliar pelo proprietário do domínio,avaliar pelo proprietário do domínio,não definida; registrar lacuna,existente,database/postgres/migrations/002_business_permissions_finance.sql:49
postgresql,business,user_company_memberships,cost_center,Cost center,VARCHAR(100),True,,False,False,,financeiro confidencial,política v1 categoria financeiro; padrões: cost,obrigatória em trânsito e repouso,restringir por papel e finalidade; não registrar valor sensível desnecessário,"definir por obrigação contábil, fiscal e prevenção a fraude",existente,database/postgres/migrations/002_business_permissions_finance.sql:50
postgresql,business,user_company_memberships,status,Status,VARCHAR(40),False,'pending_invitation',False,False,,não classificado automaticamente,política v1; nenhuma regra automática aplicável,avaliar pelo proprietário do domínio,avaliar pelo proprietário do domínio,não definida; registrar lacuna,existente,database/postgres/migrations/002_business_permissions_finance.sql:51
postgresql,business,user_company_memberships,metadata,Metadata,JSONB,False,'{}'::jsonb,False,False,,não classificado automaticamente,política v1; nenhuma regra automática aplicável,avaliar pelo proprietário do domínio,avaliar pelo proprietário do domínio,não definida; registrar lacuna,existente,database/postgres/migrations/002_business_permissions_finance.sql:52
postgresql,business,user_company_memberships,created_at,Created at,TIMESTAMPTZ,False,NOW(),False,False,,não classificado automaticamente,política v1; nenhuma regra automática aplicável,avaliar pelo proprietário do domínio,avaliar pelo proprietário do domínio,não definida; registrar lacuna,existente,database/postgres/migrations/002_business_permissions_finance.sql:53
postgresql,business,user_company_memberships,updated_at,Updated at,TIMESTAMPTZ,False,NOW(),False,False,,não classificado automaticamente,política v1; nenhuma regra automática aplicável,avaliar pelo proprietário do domínio,avaliar pelo proprietário do domínio,não definida; registrar lacuna,existente,database/postgres/migrations/002_business_permissions_finance.sql:54
postgresql,business,user_company_memberships,deleted_at,Deleted at,TIMESTAMPTZ,True,,False,False,,não classificado automaticamente,política v1; nenhuma regra automática aplicável,avaliar pelo proprietário do domínio,avaliar pelo proprietário do domínio,não definida; registrar lacuna,existente,database/postgres/migrations/002_business_permissions_finance.sql:55
postgresql,business,user_company_memberships,created_by,Created by,UUID,True,,False,False,identity.users.id,pseudônimo vinculável,política v1 categoria identidade_relacional; padrões: created_by,controle de acesso e segregação por tenant; criptografia do banco,não expor identificadores internos sem necessidade,acompanha entidade e trilha de auditoria com política de anonimização,existente,database/postgres/migrations/002_business_permissions_finance.sql:56
postgresql,business,user_company_memberships,updated_by,Updated by,UUID,True,,False,False,identity.users.id,pseudônimo vinculável,política v1 categoria identidade_relacional; padrões: updated_by,controle de acesso e segregação por tenant; criptografia do banco,não expor identificadores internos sem necessidade,acompanha entidade e trilha de auditoria com política de anonimização,existente,database/postgres/migrations/002_business_permissions_finance.sql:57
postgresql,business,user_company_memberships,idempotency_key,Idempotency key,VARCHAR(120),True,,False,True,,não classificado automaticamente,política v1; nenhuma regra automática aplicável,avaliar pelo proprietário do domínio,avaliar pelo proprietário do domínio,não definida; registrar lacuna,existente,database/postgres/migrations/011_business_idempotency.sql:5
postgresql,permissions,roles,id,Id,UUID,False,gen_random_uuid(),True,False,,não classificado automaticamente,política v1; nenhuma regra automática aplicável,avaliar pelo proprietário do domínio,avaliar pelo proprietário do domínio,não definida; registrar lacuna,existente,database/postgres/migrations/002_business_permissions_finance.sql:62
postgresql,permissions,roles,user_id,User id,UUID,False,,False,False,identity.users.id,pseudônimo vinculável,política v1 categoria identidade_relacional; padrões: user_id,controle de acesso e segregação por tenant; criptografia do banco,não expor identificadores internos sem necessidade,acompanha entidade e trilha de auditoria com política de anonimização,existente,database/postgres/migrations/002_business_permissions_finance.sql:63
postgresql,permissions,roles,company_id,Company id,UUID,True,,False,False,business.companies.id,não classificado automaticamente,política v1; nenhuma regra automática aplicável,avaliar pelo proprietário do domínio,avaliar pelo proprietário do domínio,não definida; registrar lacuna,existente,database/postgres/migrations/002_business_permissions_finance.sql:64
postgresql,permissions,roles,name,Name,VARCHAR(80),False,,False,False,,não classificado automaticamente,política v1; nenhuma regra automática aplicável,avaliar pelo proprietário do domínio,avaliar pelo proprietário do domínio,não definida; registrar lacuna,existente,database/postgres/migrations/002_business_permissions_finance.sql:65
postgresql,permissions,roles,is_system,Is system,BOOLEAN,False,FALSE,False,False,,não classificado automaticamente,política v1; nenhuma regra automática aplicável,avaliar pelo proprietário do domínio,avaliar pelo proprietário do domínio,não definida; registrar lacuna,existente,database/postgres/migrations/002_business_permissions_finance.sql:66
postgresql,permissions,roles,status,Status,VARCHAR(40),False,'active',False,False,,não classificado automaticamente,política v1; nenhuma regra automática aplicável,avaliar pelo proprietário do domínio,avaliar pelo proprietário do domínio,não definida; registrar lacuna,existente,database/postgres/migrations/002_business_permissions_finance.sql:67
postgresql,permissions,roles,metadata,Metadata,JSONB,False,'{}'::jsonb,False,False,,não classificado automaticamente,política v1; nenhuma regra automática aplicável,avaliar pelo proprietário do domínio,avaliar pelo proprietário do domínio,não definida; registrar lacuna,existente,database/postgres/migrations/002_business_permissions_finance.sql:68
postgresql,permissions,roles,created_at,Created at,TIMESTAMPTZ,False,NOW(),False,False,,não classificado automaticamente,política v1; nenhuma regra automática aplicável,avaliar pelo proprietário do domínio,avaliar pelo proprietário do domínio,não definida; registrar lacuna,existente,database/postgres/migrations/002_business_permissions_finance.sql:69
postgresql,permissions,roles,updated_at,Updated at,TIMESTAMPTZ,False,NOW(),False,False,,não classificado automaticamente,política v1; nenhuma regra automática aplicável,avaliar pelo proprietário do domínio,avaliar pelo proprietário do domínio,não definida; registrar lacuna,existente,database/postgres/migrations/002_business_permissions_finance.sql:70
postgresql,permissions,roles,deleted_at,Deleted at,TIMESTAMPTZ,True,,False,False,,não classificado automaticamente,política v1; nenhuma regra automática aplicável,avaliar pelo proprietário do domínio,avaliar pelo proprietário do domínio,não definida; registrar lacuna,existente,database/postgres/migrations/002_business_permissions_finance.sql:71
postgresql,permissions,roles,created_by,Created by,UUID,True,,False,False,identity.users.id,pseudônimo vinculável,política v1 categoria identidade_relacional; padrões: created_by,controle de acesso e segregação por tenant; criptografia do banco,não expor identificadores internos sem necessidade,acompanha entidade e trilha de auditoria com política de anonimização,existente,database/postgres/migrations/002_business_permissions_finance.sql:72
postgresql,permissions,roles,updated_by,Updated by,UUID,True,,False,False,identity.users.id,pseudônimo vinculável,política v1 categoria identidade_relacional; padrões: updated_by,controle de acesso e segregação por tenant; criptografia do banco,não expor identificadores internos sem necessidade,acompanha entidade e trilha de auditoria com política de anonimização,existente,database/postgres/migrations/002_business_permissions_finance.sql:73
postgresql,permissions,permissions,id,Id,UUID,False,gen_random_uuid(),True,False,,não classificado automaticamente,política v1; nenhuma regra automática aplicável,avaliar pelo proprietário do domínio,avaliar pelo proprietário do domínio,não definida; registrar lacuna,existente,database/postgres/migrations/002_business_permissions_finance.sql:77
postgresql,permissions,permissions,user_id,User id,UUID,False,,False,False,identity.users.id,pseudônimo vinculável,política v1 categoria identidade_relacional; padrões: user_id,controle de acesso e segregação por tenant; criptografia do banco,não expor identificadores internos sem necessidade,acompanha entidade e trilha de auditoria com política de anonimização,existente,database/postgres/migrations/002_business_permissions_finance.sql:78
postgresql,permissions,permissions,module,Module,VARCHAR(60),False,,False,False,,não classificado automaticamente,política v1; nenhuma regra automática aplicável,avaliar pelo proprietário do domínio,avaliar pelo proprietário do domínio,não definida; registrar lacuna,existente,database/postgres/migrations/002_business_permissions_finance.sql:79
postgresql,permissions,permissions,action,Action,VARCHAR(40),False,,False,False,,não classificado automaticamente,política v1; nenhuma regra automática aplicável,avaliar pelo proprietário do domínio,avaliar pelo proprietário do domínio,não definida; registrar lacuna,existente,database/postgres/migrations/002_business_permissions_finance.sql:80
postgresql,permissions,permissions,status,Status,VARCHAR(40),False,'active',False,False,,não classificado automaticamente,política v1; nenhuma regra automática aplicável,avaliar pelo proprietário do domínio,avaliar pelo proprietário do domínio,não definida; registrar lacuna,existente,database/postgres/migrations/002_business_permissions_finance.sql:81
postgresql,permissions,permissions,metadata,Metadata,JSONB,False,'{}'::jsonb,False,False,,não classificado automaticamente,política v1; nenhuma regra automática aplicável,avaliar pelo proprietário do domínio,avaliar pelo proprietário do domínio,não definida; registrar lacuna,existente,database/postgres/migrations/002_business_permissions_finance.sql:82
postgresql,permissions,permissions,created_at,Created at,TIMESTAMPTZ,False,NOW(),False,False,,não classificado automaticamente,política v1; nenhuma regra automática aplicável,avaliar pelo proprietário do domínio,avaliar pelo proprietário do domínio,não definida; registrar lacuna,existente,database/postgres/migrations/002_business_permissions_finance.sql:83
postgresql,permissions,permissions,updated_at,Updated at,TIMESTAMPTZ,False,NOW(),False,False,,não classificado automaticamente,política v1; nenhuma regra automática aplicável,avaliar pelo proprietário do domínio,avaliar pelo proprietário do domínio,não definida; registrar lacuna,existente,database/postgres/migrations/002_business_permissions_finance.sql:84
postgresql,permissions,permissions,deleted_at,Deleted at,TIMESTAMPTZ,True,,False,False,,não classificado automaticamente,política v1; nenhuma regra automática aplicável,avaliar pelo proprietário do domínio,avaliar pelo proprietário do domínio,não definida; registrar lacuna,existente,database/postgres/migrations/002_business_permissions_finance.sql:85
postgresql,permissions,permissions,created_by,Created by,UUID,True,,False,False,identity.users.id,pseudônimo vinculável,política v1 categoria identidade_relacional; padrões: created_by,controle de acesso e segregação por tenant; criptografia do banco,não expor identificadores internos sem necessidade,acompanha entidade e trilha de auditoria com política de anonimização,existente,database/postgres/migrations/002_business_permissions_finance.sql:86
postgresql,permissions,permissions,updated_by,Updated by,UUID,True,,False,False,identity.users.id,pseudônimo vinculável,política v1 categoria identidade_relacional; padrões: updated_by,controle de acesso e segregação por tenant; criptografia do banco,não expor identificadores internos sem necessidade,acompanha entidade e trilha de auditoria com política de anonimização,existente,database/postgres/migrations/002_business_permissions_finance.sql:87
postgresql,permissions,user_roles,id,Id,UUID,False,gen_random_uuid(),True,False,,não classificado automaticamente,política v1; nenhuma regra automática aplicável,avaliar pelo proprietário do domínio,avaliar pelo proprietário do domínio,não definida; registrar lacuna,existente,database/postgres/migrations/002_business_permissions_finance.sql:92
postgresql,permissions,user_roles,user_id,User id,UUID,False,,False,False,identity.users.id,pseudônimo vinculável,política v1 categoria identidade_relacional; padrões: user_id,controle de acesso e segregação por tenant; criptografia do banco,não expor identificadores internos sem necessidade,acompanha entidade e trilha de auditoria com política de anonimização,existente,database/postgres/migrations/002_business_permissions_finance.sql:93
postgresql,permissions,user_roles,role_id,Role id,UUID,False,,False,False,permissions.roles.id,não classificado automaticamente,política v1; nenhuma regra automática aplicável,avaliar pelo proprietário do domínio,avaliar pelo proprietário do domínio,não definida; registrar lacuna,existente,database/postgres/migrations/002_business_permissions_finance.sql:94
postgresql,permissions,user_roles,company_id,Company id,UUID,True,,False,False,business.companies.id,não classificado automaticamente,política v1; nenhuma regra automática aplicável,avaliar pelo proprietário do domínio,avaliar pelo proprietário do domínio,não definida; registrar lacuna,existente,database/postgres/migrations/002_business_permissions_finance.sql:95
postgresql,permissions,user_roles,valid_until,Valid until,TIMESTAMPTZ,True,,False,False,,não classificado automaticamente,política v1; nenhuma regra automática aplicável,avaliar pelo proprietário do domínio,avaliar pelo proprietário do domínio,não definida; registrar lacuna,existente,database/postgres/migrations/002_business_permissions_finance.sql:96
postgresql,permissions,user_roles,status,Status,VARCHAR(40),False,'active',False,False,,não classificado automaticamente,política v1; nenhuma regra automática aplicável,avaliar pelo proprietário do domínio,avaliar pelo proprietário do domínio,não definida; registrar lacuna,existente,database/postgres/migrations/002_business_permissions_finance.sql:97
postgresql,permissions,user_roles,metadata,Metadata,JSONB,False,'{}'::jsonb,False,False,,não classificado automaticamente,política v1; nenhuma regra automática aplicável,avaliar pelo proprietário do domínio,avaliar pelo proprietário do domínio,não definida; registrar lacuna,existente,database/postgres/migrations/002_business_permissions_finance.sql:98
postgresql,permissions,user_roles,created_at,Created at,TIMESTAMPTZ,False,NOW(),False,False,,não classificado automaticamente,política v1; nenhuma regra automática aplicável,avaliar pelo proprietário do domínio,avaliar pelo proprietário do domínio,não definida; registrar lacuna,existente,database/postgres/migrations/002_business_permissions_finance.sql:99
postgresql,permissions,user_roles,updated_at,Updated at,TIMESTAMPTZ,False,NOW(),False,False,,não classificado automaticamente,política v1; nenhuma regra automática aplicável,avaliar pelo proprietário do domínio,avaliar pelo proprietário do domínio,não definida; registrar lacuna,existente,database/postgres/migrations/002_business_permissions_finance.sql:100
postgresql,permissions,user_roles,deleted_at,Deleted at,TIMESTAMPTZ,True,,False,False,,não classificado automaticamente,política v1; nenhuma regra automática aplicável,avaliar pelo proprietário do domínio,avaliar pelo proprietário do domínio,não definida; registrar lacuna,existente,database/postgres/migrations/002_business_permissions_finance.sql:101
postgresql,permissions,user_roles,created_by,Created by,UUID,True,,False,False,identity.users.id,pseudônimo vinculável,política v1 categoria identidade_relacional; padrões: created_by,controle de acesso e segregação por tenant; criptografia do banco,não expor identificadores internos sem necessidade,acompanha entidade e trilha de auditoria com política de anonimização,existente,database/postgres/migrations/002_business_permissions_finance.sql:102
postgresql,permissions,user_roles,updated_by,Updated by,UUID,True,,False,False,identity.users.id,pseudônimo vinculável,política v1 categoria identidade_relacional; padrões: updated_by,controle de acesso e segregação por tenant; criptografia do banco,não expor identificadores internos sem necessidade,acompanha entidade e trilha de auditoria com política de anonimização,existente,database/postgres/migrations/002_business_permissions_finance.sql:103
postgresql,permissions,access_policies,id,Id,UUID,False,gen_random_uuid(),True,False,,não classificado automaticamente,política v1; nenhuma regra automática aplicável,avaliar pelo proprietário do domínio,avaliar pelo proprietário do domínio,não definida; registrar lacuna,existente,database/postgres/migrations/002_business_permissions_finance.sql:107
postgresql,permissions,access_policies,user_id,User id,UUID,False,,False,False,identity.users.id,pseudônimo vinculável,política v1 categoria identidade_relacional; padrões: user_id,controle de acesso e segregação por tenant; criptografia do banco,não expor identificadores internos sem necessidade,acompanha entidade e trilha de auditoria com política de anonimização,existente,database/postgres/migrations/002_business_permissions_finance.sql:108
postgresql,permissions,access_policies,company_id,Company id,UUID,True,,False,False,business.companies.id,não classificado automaticamente,política v1; nenhuma regra automática aplicável,avaliar pelo proprietário do domínio,avaliar pelo proprietário do domínio,não definida; registrar lacuna,existente,database/postgres/migrations/002_business_permissions_finance.sql:109
postgresql,permissions,access_policies,module,Module,VARCHAR(60),False,,False,False,,não classificado automaticamente,política v1; nenhuma regra automática aplicável,avaliar pelo proprietário do domínio,avaliar pelo proprietário do domínio,não definida; registrar lacuna,existente,database/postgres/migrations/002_business_permissions_finance.sql:110
postgresql,permissions,access_policies,expression,Expression,JSONB,False,,False,False,,não classificado automaticamente,política v1; nenhuma regra automática aplicável,avaliar pelo proprietário do domínio,avaliar pelo proprietário do domínio,não definida; registrar lacuna,existente,database/postgres/migrations/002_business_permissions_finance.sql:111
postgresql,permissions,access_policies,status,Status,VARCHAR(40),False,'active',False,False,,não classificado automaticamente,política v1; nenhuma regra automática aplicável,avaliar pelo proprietário do domínio,avaliar pelo proprietário do domínio,não definida; registrar lacuna,existente,database/postgres/migrations/002_business_permissions_finance.sql:112
postgresql,permissions,access_policies,metadata,Metadata,JSONB,False,'{}'::jsonb,False,False,,não classificado automaticamente,política v1; nenhuma regra automática aplicável,avaliar pelo proprietário do domínio,avaliar pelo proprietário do domínio,não definida; registrar lacuna,existente,database/postgres/migrations/002_business_permissions_finance.sql:113
postgresql,permissions,access_policies,created_at,Created at,TIMESTAMPTZ,False,NOW(),False,False,,não classificado automaticamente,política v1; nenhuma regra automática aplicável,avaliar pelo proprietário do domínio,avaliar pelo proprietário do domínio,não definida; registrar lacuna,existente,database/postgres/migrations/002_business_permissions_finance.sql:114
postgresql,permissions,access_policies,updated_at,Updated at,TIMESTAMPTZ,False,NOW(),False,False,,não classificado automaticamente,política v1; nenhuma regra automática aplicável,avaliar pelo proprietário do domínio,avaliar pelo proprietário do domínio,não definida; registrar lacuna,existente,database/postgres/migrations/002_business_permissions_finance.sql:115
postgresql,permissions,access_policies,deleted_at,Deleted at,TIMESTAMPTZ,True,,False,False,,não classificado automaticamente,política v1; nenhuma regra automática aplicável,avaliar pelo proprietário do domínio,avaliar pelo proprietário do domínio,não definida; registrar lacuna,existente,database/postgres/migrations/002_business_permissions_finance.sql:116
postgresql,permissions,access_policies,created_by,Created by,UUID,True,,False,False,identity.users.id,pseudônimo vinculável,política v1 categoria identidade_relacional; padrões: created_by,controle de acesso e segregação por tenant; criptografia do banco,não expor identificadores internos sem necessidade,acompanha entidade e trilha de auditoria com política de anonimização,existente,database/postgres/migrations/002_business_permissions_finance.sql:117
postgresql,permissions,access_policies,updated_by,Updated by,UUID,True,,False,False,identity.users.id,pseudônimo vinculável,política v1 categoria identidade_relacional; padrões: updated_by,controle de acesso e segregação por tenant; criptografia do banco,não expor identificadores internos sem necessidade,acompanha entidade e trilha de auditoria com política de anonimização,existente,database/postgres/migrations/002_business_permissions_finance.sql:118
postgresql,permissions,approval_limits,id,Id,UUID,False,gen_random_uuid(),True,False,,não classificado automaticamente,política v1; nenhuma regra automática aplicável,avaliar pelo proprietário do domínio,avaliar pelo proprietário do domínio,não definida; registrar lacuna,existente,database/postgres/migrations/002_business_permissions_finance.sql:122
postgresql,permissions,approval_limits,user_id,User id,UUID,False,,False,False,identity.users.id,pseudônimo vinculável,política v1 categoria identidade_relacional; padrões: user_id,controle de acesso e segregação por tenant; criptografia do banco,não expor identificadores internos sem necessidade,acompanha entidade e trilha de auditoria com política de anonimização,existente,database/postgres/migrations/002_business_permissions_finance.sql:123
postgresql,permissions,approval_limits,company_id,Company id,UUID,True,,False,False,business.companies.id,não classificado automaticamente,política v1; nenhuma regra automática aplicável,avaliar pelo proprietário do domínio,avaliar pelo proprietário do domínio,não definida; registrar lacuna,existente,database/postgres/migrations/002_business_permissions_finance.sql:124
postgresql,permissions,approval_limits,role_id,Role id,UUID,True,,False,False,permissions.roles.id,não classificado automaticamente,política v1; nenhuma regra automática aplicável,avaliar pelo proprietário do domínio,avaliar pelo proprietário do domínio,não definida; registrar lacuna,existente,database/postgres/migrations/002_business_permissions_finance.sql:125
postgresql,permissions,approval_limits,limit_brl,Limit brl,"NUMERIC(18, 4)",True,,False,False,,não classificado automaticamente,política v1; nenhuma regra automática aplicável,avaliar pelo proprietário do domínio,avaliar pelo proprietário do domínio,não definida; registrar lacuna,existente,database/postgres/migrations/002_business_permissions_finance.sql:126
postgresql,permissions,approval_limits,requires_dual_approval,Requires dual approval,BOOLEAN,False,FALSE,False,False,,não classificado automaticamente,política v1; nenhuma regra automática aplicável,avaliar pelo proprietário do domínio,avaliar pelo proprietário do domínio,não definida; registrar lacuna,existente,database/postgres/migrations/002_business_permissions_finance.sql:127
postgresql,permissions,approval_limits,scope,Scope,VARCHAR(60),False,,False,False,,não classificado automaticamente,política v1; nenhuma regra automática aplicável,avaliar pelo proprietário do domínio,avaliar pelo proprietário do domínio,não definida; registrar lacuna,existente,database/postgres/migrations/002_business_permissions_finance.sql:128
postgresql,permissions,approval_limits,status,Status,VARCHAR(40),False,'active',False,False,,não classificado automaticamente,política v1; nenhuma regra automática aplicável,avaliar pelo proprietário do domínio,avaliar pelo proprietário do domínio,não definida; registrar lacuna,existente,database/postgres/migrations/002_business_permissions_finance.sql:129
postgresql,permissions,approval_limits,metadata,Metadata,JSONB,False,'{}'::jsonb,False,False,,não classificado automaticamente,política v1; nenhuma regra automática aplicável,avaliar pelo proprietário do domínio,avaliar pelo proprietário do domínio,não definida; registrar lacuna,existente,database/postgres/migrations/002_business_permissions_finance.sql:130
postgresql,permissions,approval_limits,created_at,Created at,TIMESTAMPTZ,False,NOW(),False,False,,não classificado automaticamente,política v1; nenhuma regra automática aplicável,avaliar pelo proprietário do domínio,avaliar pelo proprietário do domínio,não definida; registrar lacuna,existente,database/postgres/migrations/002_business_permissions_finance.sql:131
postgresql,permissions,approval_limits,updated_at,Updated at,TIMESTAMPTZ,False,NOW(),False,False,,não classificado automaticamente,política v1; nenhuma regra automática aplicável,avaliar pelo proprietário do domínio,avaliar pelo proprietário do domínio,não definida; registrar lacuna,existente,database/postgres/migrations/002_business_permissions_finance.sql:132
postgresql,permissions,approval_limits,deleted_at,Deleted at,TIMESTAMPTZ,True,,False,False,,não classificado automaticamente,política v1; nenhuma regra automática aplicável,avaliar pelo proprietário do domínio,avaliar pelo proprietário do domínio,não definida; registrar lacuna,existente,database/postgres/migrations/002_business_permissions_finance.sql:133
postgresql,permissions,approval_limits,created_by,Created by,UUID,True,,False,False,identity.users.id,pseudônimo vinculável,política v1 categoria identidade_relacional; padrões: created_by,controle de acesso e segregação por tenant; criptografia do banco,não expor identificadores internos sem necessidade,acompanha entidade e trilha de auditoria com política de anonimização,existente,database/postgres/migrations/002_business_permissions_finance.sql:134
postgresql,permissions,approval_limits,updated_by,Updated by,UUID,True,,False,False,identity.users.id,pseudônimo vinculável,política v1 categoria identidade_relacional; padrões: updated_by,controle de acesso e segregação por tenant; criptografia do banco,não expor identificadores internos sem necessidade,acompanha entidade e trilha de auditoria com política de anonimização,existente,database/postgres/migrations/002_business_permissions_finance.sql:135
postgresql,finance,wallets,id,Id,UUID,False,gen_random_uuid(),True,False,,não classificado automaticamente,política v1; nenhuma regra automática aplicável,avaliar pelo proprietário do domínio,avaliar pelo proprietário do domínio,não definida; registrar lacuna,existente,database/postgres/migrations/002_business_permissions_finance.sql:140
postgresql,finance,wallets,user_id,User id,UUID,False,,False,False,identity.users.id,pseudônimo vinculável,política v1 categoria identidade_relacional; padrões: user_id,controle de acesso e segregação por tenant; criptografia do banco,não expor identificadores internos sem necessidade,acompanha entidade e trilha de auditoria com política de anonimização,existente,database/postgres/migrations/002_business_permissions_finance.sql:141
postgresql,finance,wallets,wallet_type,Wallet type,VARCHAR(30),False,'personal',False,False,,financeiro confidencial,política v1 categoria financeiro; padrões: wallet,obrigatória em trânsito e repouso,restringir por papel e finalidade; não registrar valor sensível desnecessário,"definir por obrigação contábil, fiscal e prevenção a fraude",existente,database/postgres/migrations/002_business_permissions_finance.sql:142
postgresql,finance,wallets,brl_available,Brl available,"NUMERIC(18, 4)",False,0,False,False,,não classificado automaticamente,política v1; nenhuma regra automática aplicável,avaliar pelo proprietário do domínio,avaliar pelo proprietário do domínio,não definida; registrar lacuna,existente,database/postgres/migrations/002_business_permissions_finance.sql:143
postgresql,finance,wallets,brl_held,Brl held,"NUMERIC(18, 4)",False,0,False,False,,não classificado automaticamente,política v1; nenhuma regra automática aplicável,avaliar pelo proprietário do domínio,avaliar pelo proprietário do domínio,não definida; registrar lacuna,existente,database/postgres/migrations/002_business_permissions_finance.sql:144
postgresql,finance,wallets,nex_available,Nex available,"NUMERIC(18, 8)",False,0,False,False,,não classificado automaticamente,política v1; nenhuma regra automática aplicável,avaliar pelo proprietário do domínio,avaliar pelo proprietário do domínio,não definida; registrar lacuna,existente,database/postgres/migrations/002_business_permissions_finance.sql:145
postgresql,finance,wallets,nex_held,Nex held,"NUMERIC(18, 8)",False,0,False,False,,não classificado automaticamente,política v1; nenhuma regra automática aplicável,avaliar pelo proprietário do domínio,avaliar pelo proprietário do domínio,não definida; registrar lacuna,existente,database/postgres/migrations/002_business_permissions_finance.sql:146
postgresql,finance,wallets,status,Status,VARCHAR(40),False,'active',False,False,,não classificado automaticamente,política v1; nenhuma regra automática aplicável,avaliar pelo proprietário do domínio,avaliar pelo proprietário do domínio,não definida; registrar lacuna,existente,database/postgres/migrations/002_business_permissions_finance.sql:147
postgresql,finance,wallets,metadata,Metadata,JSONB,False,'{}'::jsonb,False,False,,não classificado automaticamente,política v1; nenhuma regra automática aplicável,avaliar pelo proprietário do domínio,avaliar pelo proprietário do domínio,não definida; registrar lacuna,existente,database/postgres/migrations/002_business_permissions_finance.sql:148
postgresql,finance,wallets,created_at,Created at,TIMESTAMPTZ,False,NOW(),False,False,,não classificado automaticamente,política v1; nenhuma regra automática aplicável,avaliar pelo proprietário do domínio,avaliar pelo proprietário do domínio,não definida; registrar lacuna,existente,database/postgres/migrations/002_business_permissions_finance.sql:149
postgresql,finance,wallets,updated_at,Updated at,TIMESTAMPTZ,False,NOW(),False,False,,não classificado automaticamente,política v1; nenhuma regra automática aplicável,avaliar pelo proprietário do domínio,avaliar pelo proprietário do domínio,não definida; registrar lacuna,existente,database/postgres/migrations/002_business_permissions_finance.sql:150
postgresql,finance,wallets,deleted_at,Deleted at,TIMESTAMPTZ,True,,False,False,,não classificado automaticamente,política v1; nenhuma regra automática aplicável,avaliar pelo proprietário do domínio,avaliar pelo proprietário do domínio,não definida; registrar lacuna,existente,database/postgres/migrations/002_business_permissions_finance.sql:151
postgresql,finance,wallets,created_by,Created by,UUID,True,,False,False,identity.users.id,pseudônimo vinculável,política v1 categoria identidade_relacional; padrões: created_by,controle de acesso e segregação por tenant; criptografia do banco,não expor identificadores internos sem necessidade,acompanha entidade e trilha de auditoria com política de anonimização,existente,database/postgres/migrations/002_business_permissions_finance.sql:152
postgresql,finance,wallets,updated_by,Updated by,UUID,True,,False,False,identity.users.id,pseudônimo vinculável,política v1 categoria identidade_relacional; padrões: updated_by,controle de acesso e segregação por tenant; criptografia do banco,não expor identificadores internos sem necessidade,acompanha entidade e trilha de auditoria com política de anonimização,existente,database/postgres/migrations/002_business_permissions_finance.sql:153
postgresql,finance,wallets,idempotency_key,Idempotency key,VARCHAR(120),True,,False,False,,não classificado automaticamente,política v1; nenhuma regra automática aplicável,avaliar pelo proprietário do domínio,avaliar pelo proprietário do domínio,não definida; registrar lacuna,existente,database/postgres/migrations/023_performance_indexes.sql:38
postgresql,finance,ledger_entries,id,Id,UUID,False,gen_random_uuid(),True,False,,não classificado automaticamente,política v1; nenhuma regra automática aplicável,avaliar pelo proprietário do domínio,avaliar pelo proprietário do domínio,não definida; registrar lacuna,existente,database/postgres/migrations/002_business_permissions_finance.sql:158
postgresql,finance,ledger_entries,user_id,User id,UUID,False,,False,False,identity.users.id,pseudônimo vinculável,política v1 categoria identidade_relacional; padrões: user_id,controle de acesso e segregação por tenant; criptografia do banco,não expor identificadores internos sem necessidade,acompanha entidade e trilha de auditoria com política de anonimização,existente,database/postgres/migrations/002_business_permissions_finance.sql:159
postgresql,finance,ledger_entries,wallet_id,Wallet id,UUID,False,,False,False,,financeiro confidencial,política v1 categoria financeiro; padrões: wallet,obrigatória em trânsito e repouso,restringir por papel e finalidade; não registrar valor sensível desnecessário,"definir por obrigação contábil, fiscal e prevenção a fraude",existente,database/postgres/migrations/002_business_permissions_finance.sql:160
postgresql,finance,ledger_entries,counterparty_user_id,Counterparty user id,UUID,True,,False,False,identity.users.id,pseudônimo vinculável,política v1 categoria identidade_relacional; padrões: user_id,controle de acesso e segregação por tenant; criptografia do banco,não expor identificadores internos sem necessidade,acompanha entidade e trilha de auditoria com política de anonimização,existente,database/postgres/migrations/002_business_permissions_finance.sql:161
postgresql,finance,ledger_entries,currency,Currency,VARCHAR(10),False,,False,False,,não classificado automaticamente,política v1; nenhuma regra automática aplicável,avaliar pelo proprietário do domínio,avaliar pelo proprietário do domínio,não definida; registrar lacuna,existente,database/postgres/migrations/002_business_permissions_finance.sql:162
postgresql,finance,ledger_entries,amount_brl,Amount brl,"NUMERIC(18, 4)",True,,False,False,,financeiro confidencial,política v1 categoria financeiro; padrões: amount,obrigatória em trânsito e repouso,restringir por papel e finalidade; não registrar valor sensível desnecessário,"definir por obrigação contábil, fiscal e prevenção a fraude",existente,database/postgres/migrations/002_business_permissions_finance.sql:163
postgresql,finance,ledger_entries,amount_nex,Amount nex,"NUMERIC(18, 8)",True,,False,False,,financeiro confidencial,política v1 categoria financeiro; padrões: amount,obrigatória em trânsito e repouso,restringir por papel e finalidade; não registrar valor sensível desnecessário,"definir por obrigação contábil, fiscal e prevenção a fraude",existente,database/postgres/migrations/002_business_permissions_finance.sql:164
postgresql,finance,ledger_entries,entry_type,Entry type,VARCHAR(40),False,,False,False,,não classificado automaticamente,política v1; nenhuma regra automática aplicável,avaliar pelo proprietário do domínio,avaliar pelo proprietário do domínio,não definida; registrar lacuna,existente,database/postgres/migrations/002_business_permissions_finance.sql:165
postgresql,finance,ledger_entries,reference_type,Reference type,VARCHAR(60),True,,False,False,,não classificado automaticamente,política v1; nenhuma regra automática aplicável,avaliar pelo proprietário do domínio,avaliar pelo proprietário do domínio,não definida; registrar lacuna,existente,database/postgres/migrations/002_business_permissions_finance.sql:166
postgresql,finance,ledger_entries,reference_id,Reference id,UUID,True,,False,False,,não classificado automaticamente,política v1; nenhuma regra automática aplicável,avaliar pelo proprietário do domínio,avaliar pelo proprietário do domínio,não definida; registrar lacuna,existente,database/postgres/migrations/002_business_permissions_finance.sql:167
postgresql,finance,ledger_entries,idempotency_key,Idempotency key,TEXT,False,,False,True,,não classificado automaticamente,política v1; nenhuma regra automática aplicável,avaliar pelo proprietário do domínio,avaliar pelo proprietário do domínio,não definida; registrar lacuna,existente,database/postgres/migrations/002_business_permissions_finance.sql:168
postgresql,finance,ledger_entries,status,Status,VARCHAR(40),False,'posted',False,False,,não classificado automaticamente,política v1; nenhuma regra automática aplicável,avaliar pelo proprietário do domínio,avaliar pelo proprietário do domínio,não definida; registrar lacuna,existente,database/postgres/migrations/002_business_permissions_finance.sql:169
postgresql,finance,ledger_entries,metadata,Metadata,JSONB,False,'{}'::jsonb,False,False,,não classificado automaticamente,política v1; nenhuma regra automática aplicável,avaliar pelo proprietário do domínio,avaliar pelo proprietário do domínio,não definida; registrar lacuna,existente,database/postgres/migrations/002_business_permissions_finance.sql:170
postgresql,finance,ledger_entries,created_at,Created at,TIMESTAMPTZ,False,NOW(),False,False,,não classificado automaticamente,política v1; nenhuma regra automática aplicável,avaliar pelo proprietário do domínio,avaliar pelo proprietário do domínio,não definida; registrar lacuna,existente,database/postgres/migrations/002_business_permissions_finance.sql:171
postgresql,finance,ledger_entries,created_by,Created by,UUID,True,,False,False,identity.users.id,pseudônimo vinculável,política v1 categoria identidade_relacional; padrões: created_by,controle de acesso e segregação por tenant; criptografia do banco,não expor identificadores internos sem necessidade,acompanha entidade e trilha de auditoria com política de anonimização,existente,database/postgres/migrations/002_business_permissions_finance.sql:172
postgresql,finance,escrows,id,Id,UUID,False,gen_random_uuid(),True,False,,não classificado automaticamente,política v1; nenhuma regra automática aplicável,avaliar pelo proprietário do domínio,avaliar pelo proprietário do domínio,não definida; registrar lacuna,existente,database/postgres/migrations/002_business_permissions_finance.sql:179
postgresql,finance,escrows,user_id,User id,UUID,False,,False,False,identity.users.id,pseudônimo vinculável,política v1 categoria identidade_relacional; padrões: user_id,controle de acesso e segregação por tenant; criptografia do banco,não expor identificadores internos sem necessidade,acompanha entidade e trilha de auditoria com política de anonimização,existente,database/postgres/migrations/002_business_permissions_finance.sql:180
postgresql,finance,escrows,wallet_id,Wallet id,UUID,False,,False,False,,financeiro confidencial,política v1 categoria financeiro; padrões: wallet,obrigatória em trânsito e repouso,restringir por papel e finalidade; não registrar valor sensível desnecessário,"definir por obrigação contábil, fiscal e prevenção a fraude",existente,database/postgres/migrations/002_business_permissions_finance.sql:181
postgresql,finance,escrows,beneficiary_user_id,Beneficiary user id,UUID,False,,False,False,identity.users.id,pseudônimo vinculável,"política v1 categoria identidade_relacional; padrões: user_id, beneficiary",controle de acesso e segregação por tenant; criptografia do banco,não expor identificadores internos sem necessidade,acompanha entidade e trilha de auditoria com política de anonimização,existente,database/postgres/migrations/002_business_permissions_finance.sql:182
postgresql,finance,escrows,amount_brl,Amount brl,"NUMERIC(18, 4)",False,,False,False,,financeiro confidencial,política v1 categoria financeiro; padrões: amount,obrigatória em trânsito e repouso,restringir por papel e finalidade; não registrar valor sensível desnecessário,"definir por obrigação contábil, fiscal e prevenção a fraude",existente,database/postgres/migrations/002_business_permissions_finance.sql:183
postgresql,finance,escrows,release_condition,Release condition,JSONB,False,'{}'::jsonb,False,False,,não classificado automaticamente,política v1; nenhuma regra automática aplicável,avaliar pelo proprietário do domínio,avaliar pelo proprietário do domínio,não definida; registrar lacuna,existente,database/postgres/migrations/002_business_permissions_finance.sql:184
postgresql,finance,escrows,dispute_deadline,Dispute deadline,TIMESTAMPTZ,True,,False,False,,não classificado automaticamente,política v1; nenhuma regra automática aplicável,avaliar pelo proprietário do domínio,avaliar pelo proprietário do domínio,não definida; registrar lacuna,existente,database/postgres/migrations/002_business_permissions_finance.sql:185
postgresql,finance,escrows,status,Status,VARCHAR(40),False,'created',False,False,,não classificado automaticamente,política v1; nenhuma regra automática aplicável,avaliar pelo proprietário do domínio,avaliar pelo proprietário do domínio,não definida; registrar lacuna,existente,database/postgres/migrations/002_business_permissions_finance.sql:186
postgresql,finance,escrows,metadata,Metadata,JSONB,False,'{}'::jsonb,False,False,,não classificado automaticamente,política v1; nenhuma regra automática aplicável,avaliar pelo proprietário do domínio,avaliar pelo proprietário do domínio,não definida; registrar lacuna,existente,database/postgres/migrations/002_business_permissions_finance.sql:187
postgresql,finance,escrows,created_at,Created at,TIMESTAMPTZ,False,NOW(),False,False,,não classificado automaticamente,política v1; nenhuma regra automática aplicável,avaliar pelo proprietário do domínio,avaliar pelo proprietário do domínio,não definida; registrar lacuna,existente,database/postgres/migrations/002_business_permissions_finance.sql:188
postgresql,finance,escrows,updated_at,Updated at,TIMESTAMPTZ,False,NOW(),False,False,,não classificado automaticamente,política v1; nenhuma regra automática aplicável,avaliar pelo proprietário do domínio,avaliar pelo proprietário do domínio,não definida; registrar lacuna,existente,database/postgres/migrations/002_business_permissions_finance.sql:189
postgresql,finance,escrows,deleted_at,Deleted at,TIMESTAMPTZ,True,,False,False,,não classificado automaticamente,política v1; nenhuma regra automática aplicável,avaliar pelo proprietário do domínio,avaliar pelo proprietário do domínio,não definida; registrar lacuna,existente,database/postgres/migrations/002_business_permissions_finance.sql:190
postgresql,finance,escrows,created_by,Created by,UUID,True,,False,False,identity.users.id,pseudônimo vinculável,política v1 categoria identidade_relacional; padrões: created_by,controle de acesso e segregação por tenant; criptografia do banco,não expor identificadores internos sem necessidade,acompanha entidade e trilha de auditoria com política de anonimização,existente,database/postgres/migrations/002_business_permissions_finance.sql:191
postgresql,finance,escrows,updated_by,Updated by,UUID,True,,False,False,identity.users.id,pseudônimo vinculável,política v1 categoria identidade_relacional; padrões: updated_by,controle de acesso e segregação por tenant; criptografia do banco,não expor identificadores internos sem necessidade,acompanha entidade e trilha de auditoria com política de anonimização,existente,database/postgres/migrations/002_business_permissions_finance.sql:192
postgresql,identity,led_cards,id,Id,UUID,False,gen_random_uuid(),True,False,,não classificado automaticamente,política v1; nenhuma regra automática aplicável,avaliar pelo proprietário do domínio,avaliar pelo proprietário do domínio,não definida; registrar lacuna,existente,database/postgres/migrations/002_business_permissions_finance.sql:198
postgresql,identity,led_cards,user_id,User id,UUID,False,,False,False,identity.users.id,pseudônimo vinculável,política v1 categoria identidade_relacional; padrões: user_id,controle de acesso e segregação por tenant; criptografia do banco,não expor identificadores internos sem necessidade,acompanha entidade e trilha de auditoria com política de anonimização,existente,database/postgres/migrations/002_business_permissions_finance.sql:199
postgresql,identity,led_cards,wallet_id,Wallet id,UUID,False,,False,False,,financeiro confidencial,política v1 categoria financeiro; padrões: wallet,obrigatória em trânsito e repouso,restringir por papel e finalidade; não registrar valor sensível desnecessário,"definir por obrigação contábil, fiscal e prevenção a fraude",existente,database/postgres/migrations/002_business_permissions_finance.sql:200
postgresql,identity,led_cards,card_uid_hash,Card uid hash,TEXT,False,,False,True,,não classificado automaticamente,política v1; nenhuma regra automática aplicável,avaliar pelo proprietário do domínio,avaliar pelo proprietário do domínio,não definida; registrar lacuna,existente,database/postgres/migrations/002_business_permissions_finance.sql:201
postgresql,identity,led_cards,nfc_public_token_hash,Nfc public token hash,TEXT,True,,False,True,,restrito,política v1 categoria credencial_segredo; padrões: token,obrigatória em trânsito e repouso; preferir hash não reversível quando aplicável,nunca retornar valor integral nem registrar em logs,mínima necessária; revogação e expurgo definidos por política de segurança,existente,database/postgres/migrations/002_business_permissions_finance.sql:202
postgresql,identity,led_cards,activated_at,Activated at,TIMESTAMPTZ,True,,False,False,,não classificado automaticamente,política v1; nenhuma regra automática aplicável,avaliar pelo proprietário do domínio,avaliar pelo proprietário do domínio,não definida; registrar lacuna,existente,database/postgres/migrations/002_business_permissions_finance.sql:203
postgresql,identity,led_cards,status,Status,VARCHAR(40),False,'issued',False,False,,não classificado automaticamente,política v1; nenhuma regra automática aplicável,avaliar pelo proprietário do domínio,avaliar pelo proprietário do domínio,não definida; registrar lacuna,existente,database/postgres/migrations/002_business_permissions_finance.sql:204
postgresql,identity,led_cards,metadata,Metadata,JSONB,False,'{}'::jsonb,False,False,,não classificado automaticamente,política v1; nenhuma regra automática aplicável,avaliar pelo proprietário do domínio,avaliar pelo proprietário do domínio,não definida; registrar lacuna,existente,database/postgres/migrations/002_business_permissions_finance.sql:205
postgresql,identity,led_cards,created_at,Created at,TIMESTAMPTZ,False,NOW(),False,False,,não classificado automaticamente,política v1; nenhuma regra automática aplicável,avaliar pelo proprietário do domínio,avaliar pelo proprietário do domínio,não definida; registrar lacuna,existente,database/postgres/migrations/002_business_permissions_finance.sql:206
postgresql,identity,led_cards,updated_at,Updated at,TIMESTAMPTZ,False,NOW(),False,False,,não classificado automaticamente,política v1; nenhuma regra automática aplicável,avaliar pelo proprietário do domínio,avaliar pelo proprietário do domínio,não definida; registrar lacuna,existente,database/postgres/migrations/002_business_permissions_finance.sql:207
postgresql,identity,led_cards,deleted_at,Deleted at,TIMESTAMPTZ,True,,False,False,,não classificado automaticamente,política v1; nenhuma regra automática aplicável,avaliar pelo proprietário do domínio,avaliar pelo proprietário do domínio,não definida; registrar lacuna,existente,database/postgres/migrations/002_business_permissions_finance.sql:208
postgresql,identity,led_cards,created_by,Created by,UUID,True,,False,False,identity.users.id,pseudônimo vinculável,política v1 categoria identidade_relacional; padrões: created_by,controle de acesso e segregação por tenant; criptografia do banco,não expor identificadores internos sem necessidade,acompanha entidade e trilha de auditoria com política de anonimização,existente,database/postgres/migrations/002_business_permissions_finance.sql:209
postgresql,identity,led_cards,updated_by,Updated by,UUID,True,,False,False,identity.users.id,pseudônimo vinculável,política v1 categoria identidade_relacional; padrões: updated_by,controle de acesso e segregação por tenant; criptografia do banco,não expor identificadores internos sem necessidade,acompanha entidade e trilha de auditoria com política de anonimização,existente,database/postgres/migrations/002_business_permissions_finance.sql:210
postgresql,delivery,rider_profiles,id,Id,UUID,False,gen_random_uuid(),True,False,,não classificado automaticamente,política v1; nenhuma regra automática aplicável,avaliar pelo proprietário do domínio,avaliar pelo proprietário do domínio,não definida; registrar lacuna,existente,database/postgres/migrations/003_marketplace_delivery_services_mobility.sql:4
postgresql,delivery,rider_profiles,user_id,User id,UUID,False,,False,True,identity.users.id,pseudônimo vinculável,política v1 categoria identidade_relacional; padrões: user_id,controle de acesso e segregação por tenant; criptografia do banco,não expor identificadores internos sem necessidade,acompanha entidade e trilha de auditoria com política de anonimização,existente,database/postgres/migrations/003_marketplace_delivery_services_mobility.sql:5
postgresql,delivery,rider_profiles,wallet_id,Wallet id,UUID,False,,False,False,,financeiro confidencial,política v1 categoria financeiro; padrões: wallet,obrigatória em trânsito e repouso,restringir por papel e finalidade; não registrar valor sensível desnecessário,"definir por obrigação contábil, fiscal e prevenção a fraude",existente,database/postgres/migrations/003_marketplace_delivery_services_mobility.sql:6
postgresql,delivery,rider_profiles,cnh_number_hash,Cnh number hash,TEXT,True,,False,False,,não classificado automaticamente,política v1; nenhuma regra automática aplicável,avaliar pelo proprietário do domínio,avaliar pelo proprietário do domínio,não definida; registrar lacuna,existente,database/postgres/migrations/003_marketplace_delivery_services_mobility.sql:7
postgresql,delivery,rider_profiles,cnh_category,Cnh category,VARCHAR(10),True,,False,False,,não classificado automaticamente,política v1; nenhuma regra automática aplicável,avaliar pelo proprietário do domínio,avaliar pelo proprietário do domínio,não definida; registrar lacuna,existente,database/postgres/migrations/003_marketplace_delivery_services_mobility.sql:8
postgresql,delivery,rider_profiles,document_expiry,Document expiry,DATE,True,,False,False,,não classificado automaticamente,política v1; nenhuma regra automática aplicável,avaliar pelo proprietário do domínio,avaliar pelo proprietário do domínio,não definida; registrar lacuna,existente,database/postgres/migrations/003_marketplace_delivery_services_mobility.sql:9
postgresql,delivery,rider_profiles,proof_of_life_at,Proof of life at,TIMESTAMPTZ,True,,False,False,,não classificado automaticamente,política v1; nenhuma regra automática aplicável,avaliar pelo proprietário do domínio,avaliar pelo proprietário do domínio,não definida; registrar lacuna,existente,database/postgres/migrations/003_marketplace_delivery_services_mobility.sql:10
postgresql,delivery,rider_profiles,approved_by,Approved by,UUID,True,,False,False,identity.users.id,pseudônimo vinculável,política v1 categoria identidade_relacional; padrões: approved_by,controle de acesso e segregação por tenant; criptografia do banco,não expor identificadores internos sem necessidade,acompanha entidade e trilha de auditoria com política de anonimização,existente,database/postgres/migrations/003_marketplace_delivery_services_mobility.sql:11
postgresql,delivery,rider_profiles,status,Status,VARCHAR(40),False,'pending_documents',False,False,,não classificado automaticamente,política v1; nenhuma regra automática aplicável,avaliar pelo proprietário do domínio,avaliar pelo proprietário do domínio,não definida; registrar lacuna,existente,database/postgres/migrations/003_marketplace_delivery_services_mobility.sql:12
postgresql,delivery,rider_profiles,metadata,Metadata,JSONB,False,'{}'::jsonb,False,False,,não classificado automaticamente,política v1; nenhuma regra automática aplicável,avaliar pelo proprietário do domínio,avaliar pelo proprietário do domínio,não definida; registrar lacuna,existente,database/postgres/migrations/003_marketplace_delivery_services_mobility.sql:13
postgresql,delivery,rider_profiles,created_at,Created at,TIMESTAMPTZ,False,NOW(),False,False,,não classificado automaticamente,política v1; nenhuma regra automática aplicável,avaliar pelo proprietário do domínio,avaliar pelo proprietário do domínio,não definida; registrar lacuna,existente,database/postgres/migrations/003_marketplace_delivery_services_mobility.sql:14
postgresql,delivery,rider_profiles,updated_at,Updated at,TIMESTAMPTZ,False,NOW(),False,False,,não classificado automaticamente,política v1; nenhuma regra automática aplicável,avaliar pelo proprietário do domínio,avaliar pelo proprietário do domínio,não definida; registrar lacuna,existente,database/postgres/migrations/003_marketplace_delivery_services_mobility.sql:15
postgresql,delivery,rider_profiles,deleted_at,Deleted at,TIMESTAMPTZ,True,,False,False,,não classificado automaticamente,política v1; nenhuma regra automática aplicável,avaliar pelo proprietário do domínio,avaliar pelo proprietário do domínio,não definida; registrar lacuna,existente,database/postgres/migrations/003_marketplace_delivery_services_mobility.sql:16
postgresql,delivery,rider_profiles,created_by,Created by,UUID,True,,False,False,identity.users.id,pseudônimo vinculável,política v1 categoria identidade_relacional; padrões: created_by,controle de acesso e segregação por tenant; criptografia do banco,não expor identificadores internos sem necessidade,acompanha entidade e trilha de auditoria com política de anonimização,existente,database/postgres/migrations/003_marketplace_delivery_services_mobility.sql:17
postgresql,delivery,rider_profiles,updated_by,Updated by,UUID,True,,False,False,identity.users.id,pseudônimo vinculável,política v1 categoria identidade_relacional; padrões: updated_by,controle de acesso e segregação por tenant; criptografia do banco,não expor identificadores internos sem necessidade,acompanha entidade e trilha de auditoria com política de anonimização,existente,database/postgres/migrations/003_marketplace_delivery_services_mobility.sql:18
postgresql,delivery,rider_profiles,idempotency_key,Idempotency key,VARCHAR(120),True,,False,True,,não classificado automaticamente,política v1; nenhuma regra automática aplicável,avaliar pelo proprietário do domínio,avaliar pelo proprietário do domínio,não definida; registrar lacuna,existente,database/postgres/migrations/012_platform_idempotency.sql:13
postgresql,delivery,vehicles,id,Id,UUID,False,gen_random_uuid(),True,False,,não classificado automaticamente,política v1; nenhuma regra automática aplicável,avaliar pelo proprietário do domínio,avaliar pelo proprietário do domínio,não definida; registrar lacuna,existente,database/postgres/migrations/003_marketplace_delivery_services_mobility.sql:23
postgresql,delivery,vehicles,user_id,User id,UUID,False,,False,False,identity.users.id,pseudônimo vinculável,política v1 categoria identidade_relacional; padrões: user_id,controle de acesso e segregação por tenant; criptografia do banco,não expor identificadores internos sem necessidade,acompanha entidade e trilha de auditoria com política de anonimização,existente,database/postgres/migrations/003_marketplace_delivery_services_mobility.sql:24
postgresql,delivery,vehicles,rider_profile_id,Rider profile id,UUID,False,,False,False,delivery.rider_profiles.id,não classificado automaticamente,política v1; nenhuma regra automática aplicável,avaliar pelo proprietário do domínio,avaliar pelo proprietário do domínio,não definida; registrar lacuna,existente,database/postgres/migrations/003_marketplace_delivery_services_mobility.sql:25
postgresql,delivery,vehicles,type,Type,VARCHAR(40),False,,False,False,,não classificado automaticamente,política v1; nenhuma regra automática aplicável,avaliar pelo proprietário do domínio,avaliar pelo proprietário do domínio,não definida; registrar lacuna,existente,database/postgres/migrations/003_marketplace_delivery_services_mobility.sql:26
postgresql,delivery,vehicles,license_plate,License plate,VARCHAR(12),True,,False,False,,não classificado automaticamente,política v1; nenhuma regra automática aplicável,avaliar pelo proprietário do domínio,avaliar pelo proprietário do domínio,não definida; registrar lacuna,existente,database/postgres/migrations/003_marketplace_delivery_services_mobility.sql:27
postgresql,delivery,vehicles,capacity_kg,Capacity kg,"NUMERIC(12, 3)",True,,False,False,,não classificado automaticamente,política v1; nenhuma regra automática aplicável,avaliar pelo proprietário do domínio,avaliar pelo proprietário do domínio,não definida; registrar lacuna,existente,database/postgres/migrations/003_marketplace_delivery_services_mobility.sql:28
postgresql,delivery,vehicles,refrigerated,Refrigerated,BOOLEAN,False,FALSE,False,False,,não classificado automaticamente,política v1; nenhuma regra automática aplicável,avaliar pelo proprietário do domínio,avaliar pelo proprietário do domínio,não definida; registrar lacuna,existente,database/postgres/migrations/003_marketplace_delivery_services_mobility.sql:29
postgresql,delivery,vehicles,approved_at,Approved at,TIMESTAMPTZ,True,,False,False,,não classificado automaticamente,política v1; nenhuma regra automática aplicável,avaliar pelo proprietário do domínio,avaliar pelo proprietário do domínio,não definida; registrar lacuna,existente,database/postgres/migrations/003_marketplace_delivery_services_mobility.sql:30
postgresql,delivery,vehicles,status,Status,VARCHAR(40),False,'pending_review',False,False,,não classificado automaticamente,política v1; nenhuma regra automática aplicável,avaliar pelo proprietário do domínio,avaliar pelo proprietário do domínio,não definida; registrar lacuna,existente,database/postgres/migrations/003_marketplace_delivery_services_mobility.sql:31
postgresql,delivery,vehicles,metadata,Metadata,JSONB,False,'{}'::jsonb,False,False,,não classificado automaticamente,política v1; nenhuma regra automática aplicável,avaliar pelo proprietário do domínio,avaliar pelo proprietário do domínio,não definida; registrar lacuna,existente,database/postgres/migrations/003_marketplace_delivery_services_mobility.sql:32
postgresql,delivery,vehicles,created_at,Created at,TIMESTAMPTZ,False,NOW(),False,False,,não classificado automaticamente,política v1; nenhuma regra automática aplicável,avaliar pelo proprietário do domínio,avaliar pelo proprietário do domínio,não definida; registrar lacuna,existente,database/postgres/migrations/003_marketplace_delivery_services_mobility.sql:33
postgresql,delivery,vehicles,updated_at,Updated at,TIMESTAMPTZ,False,NOW(),False,False,,não classificado automaticamente,política v1; nenhuma regra automática aplicável,avaliar pelo proprietário do domínio,avaliar pelo proprietário do domínio,não definida; registrar lacuna,existente,database/postgres/migrations/003_marketplace_delivery_services_mobility.sql:34
postgresql,delivery,vehicles,deleted_at,Deleted at,TIMESTAMPTZ,True,,False,False,,não classificado automaticamente,política v1; nenhuma regra automática aplicável,avaliar pelo proprietário do domínio,avaliar pelo proprietário do domínio,não definida; registrar lacuna,existente,database/postgres/migrations/003_marketplace_delivery_services_mobility.sql:35
postgresql,delivery,vehicles,created_by,Created by,UUID,True,,False,False,identity.users.id,pseudônimo vinculável,política v1 categoria identidade_relacional; padrões: created_by,controle de acesso e segregação por tenant; criptografia do banco,não expor identificadores internos sem necessidade,acompanha entidade e trilha de auditoria com política de anonimização,existente,database/postgres/migrations/003_marketplace_delivery_services_mobility.sql:36
postgresql,delivery,vehicles,updated_by,Updated by,UUID,True,,False,False,identity.users.id,pseudônimo vinculável,política v1 categoria identidade_relacional; padrões: updated_by,controle de acesso e segregação por tenant; criptografia do banco,não expor identificadores internos sem necessidade,acompanha entidade e trilha de auditoria com política de anonimização,existente,database/postgres/migrations/003_marketplace_delivery_services_mobility.sql:37
postgresql,delivery,vehicles,idempotency_key,Idempotency key,VARCHAR(120),True,,False,True,,não classificado automaticamente,política v1; nenhuma regra automática aplicável,avaliar pelo proprietário do domínio,avaliar pelo proprietário do domínio,não definida; registrar lacuna,existente,database/postgres/migrations/012_platform_idempotency.sql:14
postgresql,marketplace,stores,id,Id,UUID,False,gen_random_uuid(),True,False,,não classificado automaticamente,política v1; nenhuma regra automática aplicável,avaliar pelo proprietário do domínio,avaliar pelo proprietário do domínio,não definida; registrar lacuna,existente,database/postgres/migrations/003_marketplace_delivery_services_mobility.sql:41
postgresql,marketplace,stores,user_id,User id,UUID,False,,False,False,identity.users.id,pseudônimo vinculável,política v1 categoria identidade_relacional; padrões: user_id,controle de acesso e segregação por tenant; criptografia do banco,não expor identificadores internos sem necessidade,acompanha entidade e trilha de auditoria com política de anonimização,existente,database/postgres/migrations/003_marketplace_delivery_services_mobility.sql:42
postgresql,marketplace,stores,company_id,Company id,UUID,False,,False,False,business.companies.id,não classificado automaticamente,política v1; nenhuma regra automática aplicável,avaliar pelo proprietário do domínio,avaliar pelo proprietário do domínio,não definida; registrar lacuna,existente,database/postgres/migrations/003_marketplace_delivery_services_mobility.sql:43
postgresql,marketplace,stores,name,Name,VARCHAR(200),False,,False,False,,não classificado automaticamente,política v1; nenhuma regra automática aplicável,avaliar pelo proprietário do domínio,avaliar pelo proprietário do domínio,não definida; registrar lacuna,existente,database/postgres/migrations/003_marketplace_delivery_services_mobility.sql:44
postgresql,marketplace,stores,published_at,Published at,TIMESTAMPTZ,True,,False,False,,não classificado automaticamente,política v1; nenhuma regra automática aplicável,avaliar pelo proprietário do domínio,avaliar pelo proprietário do domínio,não definida; registrar lacuna,existente,database/postgres/migrations/003_marketplace_delivery_services_mobility.sql:45
postgresql,marketplace,stores,status,Status,VARCHAR(40),False,'pending_validation',False,False,,não classificado automaticamente,política v1; nenhuma regra automática aplicável,avaliar pelo proprietário do domínio,avaliar pelo proprietário do domínio,não definida; registrar lacuna,existente,database/postgres/migrations/003_marketplace_delivery_services_mobility.sql:46
postgresql,marketplace,stores,metadata,Metadata,JSONB,False,'{}'::jsonb,False,False,,não classificado automaticamente,política v1; nenhuma regra automática aplicável,avaliar pelo proprietário do domínio,avaliar pelo proprietário do domínio,não definida; registrar lacuna,existente,database/postgres/migrations/003_marketplace_delivery_services_mobility.sql:47
postgresql,marketplace,stores,created_at,Created at,TIMESTAMPTZ,False,NOW(),False,False,,não classificado automaticamente,política v1; nenhuma regra automática aplicável,avaliar pelo proprietário do domínio,avaliar pelo proprietário do domínio,não definida; registrar lacuna,existente,database/postgres/migrations/003_marketplace_delivery_services_mobility.sql:48
postgresql,marketplace,stores,updated_at,Updated at,TIMESTAMPTZ,False,NOW(),False,False,,não classificado automaticamente,política v1; nenhuma regra automática aplicável,avaliar pelo proprietário do domínio,avaliar pelo proprietário do domínio,não definida; registrar lacuna,existente,database/postgres/migrations/003_marketplace_delivery_services_mobility.sql:49
postgresql,marketplace,stores,deleted_at,Deleted at,TIMESTAMPTZ,True,,False,False,,não classificado automaticamente,política v1; nenhuma regra automática aplicável,avaliar pelo proprietário do domínio,avaliar pelo proprietário do domínio,não definida; registrar lacuna,existente,database/postgres/migrations/003_marketplace_delivery_services_mobility.sql:50
postgresql,marketplace,stores,created_by,Created by,UUID,True,,False,False,identity.users.id,pseudônimo vinculável,política v1 categoria identidade_relacional; padrões: created_by,controle de acesso e segregação por tenant; criptografia do banco,não expor identificadores internos sem necessidade,acompanha entidade e trilha de auditoria com política de anonimização,existente,database/postgres/migrations/003_marketplace_delivery_services_mobility.sql:51
postgresql,marketplace,stores,updated_by,Updated by,UUID,True,,False,False,identity.users.id,pseudônimo vinculável,política v1 categoria identidade_relacional; padrões: updated_by,controle de acesso e segregação por tenant; criptografia do banco,não expor identificadores internos sem necessidade,acompanha entidade e trilha de auditoria com política de anonimização,existente,database/postgres/migrations/003_marketplace_delivery_services_mobility.sql:52
postgresql,marketplace,stores,idempotency_key,Idempotency key,VARCHAR(120),True,,False,True,,não classificado automaticamente,política v1; nenhuma regra automática aplicável,avaliar pelo proprietário do domínio,avaliar pelo proprietário do domínio,não definida; registrar lacuna,existente,database/postgres/migrations/012_platform_idempotency.sql:4
postgresql,marketplace,products,id,Id,UUID,False,gen_random_uuid(),True,False,,não classificado automaticamente,política v1; nenhuma regra automática aplicável,avaliar pelo proprietário do domínio,avaliar pelo proprietário do domínio,não definida; registrar lacuna,existente,database/postgres/migrations/003_marketplace_delivery_services_mobility.sql:56
postgresql,marketplace,products,user_id,User id,UUID,False,,False,False,identity.users.id,pseudônimo vinculável,política v1 categoria identidade_relacional; padrões: user_id,controle de acesso e segregação por tenant; criptografia do banco,não expor identificadores internos sem necessidade,acompanha entidade e trilha de auditoria com política de anonimização,existente,database/postgres/migrations/003_marketplace_delivery_services_mobility.sql:57
postgresql,marketplace,products,store_id,Store id,UUID,False,,False,False,marketplace.stores.id,não classificado automaticamente,política v1; nenhuma regra automática aplicável,avaliar pelo proprietário do domínio,avaliar pelo proprietário do domínio,não definida; registrar lacuna,existente,database/postgres/migrations/003_marketplace_delivery_services_mobility.sql:58
postgresql,marketplace,products,sku,Sku,VARCHAR(100),False,,False,False,,não classificado automaticamente,política v1; nenhuma regra automática aplicável,avaliar pelo proprietário do domínio,avaliar pelo proprietário do domínio,não definida; registrar lacuna,existente,database/postgres/migrations/003_marketplace_delivery_services_mobility.sql:59
postgresql,marketplace,products,name,Name,VARCHAR(240),False,,False,False,,não classificado automaticamente,política v1; nenhuma regra automática aplicável,avaliar pelo proprietário do domínio,avaliar pelo proprietário do domínio,não definida; registrar lacuna,existente,database/postgres/migrations/003_marketplace_delivery_services_mobility.sql:60
postgresql,marketplace,products,price_brl,Price brl,"NUMERIC(18, 4)",False,,False,False,,financeiro confidencial,política v1 categoria financeiro; padrões: price,obrigatória em trânsito e repouso,restringir por papel e finalidade; não registrar valor sensível desnecessário,"definir por obrigação contábil, fiscal e prevenção a fraude",existente,database/postgres/migrations/003_marketplace_delivery_services_mobility.sql:61
postgresql,marketplace,products,stock_quantity,Stock quantity,"NUMERIC(18, 4)",False,0,False,False,,não classificado automaticamente,política v1; nenhuma regra automática aplicável,avaliar pelo proprietário do domínio,avaliar pelo proprietário do domínio,não definida; registrar lacuna,existente,database/postgres/migrations/003_marketplace_delivery_services_mobility.sql:62
postgresql,marketplace,products,status,Status,VARCHAR(40),False,'draft',False,False,,não classificado automaticamente,política v1; nenhuma regra automática aplicável,avaliar pelo proprietário do domínio,avaliar pelo proprietário do domínio,não definida; registrar lacuna,existente,database/postgres/migrations/003_marketplace_delivery_services_mobility.sql:63
postgresql,marketplace,products,metadata,Metadata,JSONB,False,'{}'::jsonb,False,False,,não classificado automaticamente,política v1; nenhuma regra automática aplicável,avaliar pelo proprietário do domínio,avaliar pelo proprietário do domínio,não definida; registrar lacuna,existente,database/postgres/migrations/003_marketplace_delivery_services_mobility.sql:64
postgresql,marketplace,products,created_at,Created at,TIMESTAMPTZ,False,NOW(),False,False,,não classificado automaticamente,política v1; nenhuma regra automática aplicável,avaliar pelo proprietário do domínio,avaliar pelo proprietário do domínio,não definida; registrar lacuna,existente,database/postgres/migrations/003_marketplace_delivery_services_mobility.sql:65
postgresql,marketplace,products,updated_at,Updated at,TIMESTAMPTZ,False,NOW(),False,False,,não classificado automaticamente,política v1; nenhuma regra automática aplicável,avaliar pelo proprietário do domínio,avaliar pelo proprietário do domínio,não definida; registrar lacuna,existente,database/postgres/migrations/003_marketplace_delivery_services_mobility.sql:66
postgresql,marketplace,products,deleted_at,Deleted at,TIMESTAMPTZ,True,,False,False,,não classificado automaticamente,política v1; nenhuma regra automática aplicável,avaliar pelo proprietário do domínio,avaliar pelo proprietário do domínio,não definida; registrar lacuna,existente,database/postgres/migrations/003_marketplace_delivery_services_mobility.sql:67
postgresql,marketplace,products,created_by,Created by,UUID,True,,False,False,identity.users.id,pseudônimo vinculável,política v1 categoria identidade_relacional; padrões: created_by,controle de acesso e segregação por tenant; criptografia do banco,não expor identificadores internos sem necessidade,acompanha entidade e trilha de auditoria com política de anonimização,existente,database/postgres/migrations/003_marketplace_delivery_services_mobility.sql:68
postgresql,marketplace,products,updated_by,Updated by,UUID,True,,False,False,identity.users.id,pseudônimo vinculável,política v1 categoria identidade_relacional; padrões: updated_by,controle de acesso e segregação por tenant; criptografia do banco,não expor identificadores internos sem necessidade,acompanha entidade e trilha de auditoria com política de anonimização,existente,database/postgres/migrations/003_marketplace_delivery_services_mobility.sql:69
postgresql,marketplace,products,idempotency_key,Idempotency key,VARCHAR(120),True,,False,True,,não classificado automaticamente,política v1; nenhuma regra automática aplicável,avaliar pelo proprietário do domínio,avaliar pelo proprietário do domínio,não definida; registrar lacuna,existente,database/postgres/migrations/012_platform_idempotency.sql:5
postgresql,marketplace,orders,id,Id,UUID,False,gen_random_uuid(),True,False,,não classificado automaticamente,política v1; nenhuma regra automática aplicável,avaliar pelo proprietário do domínio,avaliar pelo proprietário do domínio,não definida; registrar lacuna,existente,database/postgres/migrations/003_marketplace_delivery_services_mobility.sql:74
postgresql,marketplace,orders,user_id,User id,UUID,False,,False,False,identity.users.id,pseudônimo vinculável,política v1 categoria identidade_relacional; padrões: user_id,controle de acesso e segregação por tenant; criptografia do banco,não expor identificadores internos sem necessidade,acompanha entidade e trilha de auditoria com política de anonimização,existente,database/postgres/migrations/003_marketplace_delivery_services_mobility.sql:75
postgresql,marketplace,orders,store_id,Store id,UUID,False,,False,False,marketplace.stores.id,não classificado automaticamente,política v1; nenhuma regra automática aplicável,avaliar pelo proprietário do domínio,avaliar pelo proprietário do domínio,não definida; registrar lacuna,existente,database/postgres/migrations/003_marketplace_delivery_services_mobility.sql:76
postgresql,marketplace,orders,escrow_id,Escrow id,UUID,True,,False,False,finance.escrows.id,não classificado automaticamente,política v1; nenhuma regra automática aplicável,avaliar pelo proprietário do domínio,avaliar pelo proprietário do domínio,não definida; registrar lacuna,existente,database/postgres/migrations/003_marketplace_delivery_services_mobility.sql:77
postgresql,marketplace,orders,total_brl,Total brl,"NUMERIC(18, 4)",False,,False,False,,não classificado automaticamente,política v1; nenhuma regra automática aplicável,avaliar pelo proprietário do domínio,avaliar pelo proprietário do domínio,não definida; registrar lacuna,existente,database/postgres/migrations/003_marketplace_delivery_services_mobility.sql:78
postgresql,marketplace,orders,commission_brl,Commission brl,"NUMERIC(18, 4)",False,0,False,False,,financeiro confidencial,política v1 categoria financeiro; padrões: commission,obrigatória em trânsito e repouso,restringir por papel e finalidade; não registrar valor sensível desnecessário,"definir por obrigação contábil, fiscal e prevenção a fraude",existente,database/postgres/migrations/003_marketplace_delivery_services_mobility.sql:79
postgresql,marketplace,orders,status,Status,VARCHAR(40),False,'created',False,False,,não classificado automaticamente,política v1; nenhuma regra automática aplicável,avaliar pelo proprietário do domínio,avaliar pelo proprietário do domínio,não definida; registrar lacuna,existente,database/postgres/migrations/003_marketplace_delivery_services_mobility.sql:80
postgresql,marketplace,orders,metadata,Metadata,JSONB,False,'{}'::jsonb,False,False,,não classificado automaticamente,política v1; nenhuma regra automática aplicável,avaliar pelo proprietário do domínio,avaliar pelo proprietário do domínio,não definida; registrar lacuna,existente,database/postgres/migrations/003_marketplace_delivery_services_mobility.sql:81
postgresql,marketplace,orders,created_at,Created at,TIMESTAMPTZ,False,NOW(),False,False,,não classificado automaticamente,política v1; nenhuma regra automática aplicável,avaliar pelo proprietário do domínio,avaliar pelo proprietário do domínio,não definida; registrar lacuna,existente,database/postgres/migrations/003_marketplace_delivery_services_mobility.sql:82
postgresql,marketplace,orders,updated_at,Updated at,TIMESTAMPTZ,False,NOW(),False,False,,não classificado automaticamente,política v1; nenhuma regra automática aplicável,avaliar pelo proprietário do domínio,avaliar pelo proprietário do domínio,não definida; registrar lacuna,existente,database/postgres/migrations/003_marketplace_delivery_services_mobility.sql:83
postgresql,marketplace,orders,deleted_at,Deleted at,TIMESTAMPTZ,True,,False,False,,não classificado automaticamente,política v1; nenhuma regra automática aplicável,avaliar pelo proprietário do domínio,avaliar pelo proprietário do domínio,não definida; registrar lacuna,existente,database/postgres/migrations/003_marketplace_delivery_services_mobility.sql:84
postgresql,marketplace,orders,created_by,Created by,UUID,True,,False,False,identity.users.id,pseudônimo vinculável,política v1 categoria identidade_relacional; padrões: created_by,controle de acesso e segregação por tenant; criptografia do banco,não expor identificadores internos sem necessidade,acompanha entidade e trilha de auditoria com política de anonimização,existente,database/postgres/migrations/003_marketplace_delivery_services_mobility.sql:85
postgresql,marketplace,orders,updated_by,Updated by,UUID,True,,False,False,identity.users.id,pseudônimo vinculável,política v1 categoria identidade_relacional; padrões: updated_by,controle de acesso e segregação por tenant; criptografia do banco,não expor identificadores internos sem necessidade,acompanha entidade e trilha de auditoria com política de anonimização,existente,database/postgres/migrations/003_marketplace_delivery_services_mobility.sql:86
postgresql,marketplace,orders,idempotency_key,Idempotency key,VARCHAR(120),True,,False,True,,não classificado automaticamente,política v1; nenhuma regra automática aplicável,avaliar pelo proprietário do domínio,avaliar pelo proprietário do domínio,não definida; registrar lacuna,existente,database/postgres/migrations/012_platform_idempotency.sql:6
postgresql,marketplace,orders,offer_id,Offer id,UUID,True,,False,False,business.catalog_offers.id,não classificado automaticamente,política v1; nenhuma regra automática aplicável,avaliar pelo proprietário do domínio,avaliar pelo proprietário do domínio,não definida; registrar lacuna,existente,database/postgres/migrations/019_valley_orders.sql:4
postgresql,marketplace,orders,company_id,Company id,UUID,True,,False,False,business.companies.id,não classificado automaticamente,política v1; nenhuma regra automática aplicável,avaliar pelo proprietário do domínio,avaliar pelo proprietário do domínio,não definida; registrar lacuna,existente,database/postgres/migrations/019_valley_orders.sql:5
postgresql,stock,suppliers,id,Id,UUID,False,gen_random_uuid(),True,False,,não classificado automaticamente,política v1; nenhuma regra automática aplicável,avaliar pelo proprietário do domínio,avaliar pelo proprietário do domínio,não definida; registrar lacuna,existente,database/postgres/migrations/003_marketplace_delivery_services_mobility.sql:90
postgresql,stock,suppliers,user_id,User id,UUID,False,,False,False,identity.users.id,pseudônimo vinculável,política v1 categoria identidade_relacional; padrões: user_id,controle de acesso e segregação por tenant; criptografia do banco,não expor identificadores internos sem necessidade,acompanha entidade e trilha de auditoria com política de anonimização,existente,database/postgres/migrations/003_marketplace_delivery_services_mobility.sql:91
postgresql,stock,suppliers,company_id,Company id,UUID,False,,False,False,business.companies.id,não classificado automaticamente,política v1; nenhuma regra automática aplicável,avaliar pelo proprietário do domínio,avaliar pelo proprietário do domínio,não definida; registrar lacuna,existente,database/postgres/migrations/003_marketplace_delivery_services_mobility.sql:92
postgresql,stock,suppliers,homologated_at,Homologated at,TIMESTAMPTZ,True,,False,False,,não classificado automaticamente,política v1; nenhuma regra automática aplicável,avaliar pelo proprietário do domínio,avaliar pelo proprietário do domínio,não definida; registrar lacuna,existente,database/postgres/migrations/003_marketplace_delivery_services_mobility.sql:93
postgresql,stock,suppliers,api_configuration,Api configuration,JSONB,False,'{}'::jsonb,False,False,,não classificado automaticamente,política v1; nenhuma regra automática aplicável,avaliar pelo proprietário do domínio,avaliar pelo proprietário do domínio,não definida; registrar lacuna,existente,database/postgres/migrations/003_marketplace_delivery_services_mobility.sql:94
postgresql,stock,suppliers,status,Status,VARCHAR(40),False,'pending_validation',False,False,,não classificado automaticamente,política v1; nenhuma regra automática aplicável,avaliar pelo proprietário do domínio,avaliar pelo proprietário do domínio,não definida; registrar lacuna,existente,database/postgres/migrations/003_marketplace_delivery_services_mobility.sql:95
postgresql,stock,suppliers,metadata,Metadata,JSONB,False,'{}'::jsonb,False,False,,não classificado automaticamente,política v1; nenhuma regra automática aplicável,avaliar pelo proprietário do domínio,avaliar pelo proprietário do domínio,não definida; registrar lacuna,existente,database/postgres/migrations/003_marketplace_delivery_services_mobility.sql:96
postgresql,stock,suppliers,created_at,Created at,TIMESTAMPTZ,False,NOW(),False,False,,não classificado automaticamente,política v1; nenhuma regra automática aplicável,avaliar pelo proprietário do domínio,avaliar pelo proprietário do domínio,não definida; registrar lacuna,existente,database/postgres/migrations/003_marketplace_delivery_services_mobility.sql:97
postgresql,stock,suppliers,updated_at,Updated at,TIMESTAMPTZ,False,NOW(),False,False,,não classificado automaticamente,política v1; nenhuma regra automática aplicável,avaliar pelo proprietário do domínio,avaliar pelo proprietário do domínio,não definida; registrar lacuna,existente,database/postgres/migrations/003_marketplace_delivery_services_mobility.sql:98
postgresql,stock,suppliers,deleted_at,Deleted at,TIMESTAMPTZ,True,,False,False,,não classificado automaticamente,política v1; nenhuma regra automática aplicável,avaliar pelo proprietário do domínio,avaliar pelo proprietário do domínio,não definida; registrar lacuna,existente,database/postgres/migrations/003_marketplace_delivery_services_mobility.sql:99
postgresql,stock,suppliers,created_by,Created by,UUID,True,,False,False,identity.users.id,pseudônimo vinculável,política v1 categoria identidade_relacional; padrões: created_by,controle de acesso e segregação por tenant; criptografia do banco,não expor identificadores internos sem necessidade,acompanha entidade e trilha de auditoria com política de anonimização,existente,database/postgres/migrations/003_marketplace_delivery_services_mobility.sql:100
postgresql,stock,suppliers,updated_by,Updated by,UUID,True,,False,False,identity.users.id,pseudônimo vinculável,política v1 categoria identidade_relacional; padrões: updated_by,controle de acesso e segregação por tenant; criptografia do banco,não expor identificadores internos sem necessidade,acompanha entidade e trilha de auditoria com política de anonimização,existente,database/postgres/migrations/003_marketplace_delivery_services_mobility.sql:101
postgresql,stock,suppliers,idempotency_key,Idempotency key,VARCHAR(120),True,,False,True,,não classificado automaticamente,política v1; nenhuma regra automática aplicável,avaliar pelo proprietário do domínio,avaliar pelo proprietário do domínio,não definida; registrar lacuna,existente,database/postgres/migrations/012_platform_idempotency.sql:9
postgresql,stock,catalog_products,id,Id,UUID,False,gen_random_uuid(),True,False,,não classificado automaticamente,política v1; nenhuma regra automática aplicável,avaliar pelo proprietário do domínio,avaliar pelo proprietário do domínio,não definida; registrar lacuna,existente,database/postgres/migrations/003_marketplace_delivery_services_mobility.sql:105
postgresql,stock,catalog_products,user_id,User id,UUID,False,,False,False,identity.users.id,pseudônimo vinculável,política v1 categoria identidade_relacional; padrões: user_id,controle de acesso e segregação por tenant; criptografia do banco,não expor identificadores internos sem necessidade,acompanha entidade e trilha de auditoria com política de anonimização,existente,database/postgres/migrations/003_marketplace_delivery_services_mobility.sql:106
postgresql,stock,catalog_products,supplier_id,Supplier id,UUID,False,,False,False,stock.suppliers.id,não classificado automaticamente,política v1; nenhuma regra automática aplicável,avaliar pelo proprietário do domínio,avaliar pelo proprietário do domínio,não definida; registrar lacuna,existente,database/postgres/migrations/003_marketplace_delivery_services_mobility.sql:107
postgresql,stock,catalog_products,external_sku,External sku,VARCHAR(120),False,,False,False,,não classificado automaticamente,política v1; nenhuma regra automática aplicável,avaliar pelo proprietário do domínio,avaliar pelo proprietário do domínio,não definida; registrar lacuna,existente,database/postgres/migrations/003_marketplace_delivery_services_mobility.sql:108
postgresql,stock,catalog_products,cost_brl,Cost brl,"NUMERIC(18, 4)",False,,False,False,,financeiro confidencial,política v1 categoria financeiro; padrões: cost,obrigatória em trânsito e repouso,restringir por papel e finalidade; não registrar valor sensível desnecessário,"definir por obrigação contábil, fiscal e prevenção a fraude",existente,database/postgres/migrations/003_marketplace_delivery_services_mobility.sql:109
postgresql,stock,catalog_products,markup_percent,Markup percent,"NUMERIC(7, 4)",False,0,False,False,,não classificado automaticamente,política v1; nenhuma regra automática aplicável,avaliar pelo proprietário do domínio,avaliar pelo proprietário do domínio,não definida; registrar lacuna,existente,database/postgres/migrations/003_marketplace_delivery_services_mobility.sql:110
postgresql,stock,catalog_products,status,Status,VARCHAR(40),False,'draft',False,False,,não classificado automaticamente,política v1; nenhuma regra automática aplicável,avaliar pelo proprietário do domínio,avaliar pelo proprietário do domínio,não definida; registrar lacuna,existente,database/postgres/migrations/003_marketplace_delivery_services_mobility.sql:111
postgresql,stock,catalog_products,metadata,Metadata,JSONB,False,'{}'::jsonb,False,False,,não classificado automaticamente,política v1; nenhuma regra automática aplicável,avaliar pelo proprietário do domínio,avaliar pelo proprietário do domínio,não definida; registrar lacuna,existente,database/postgres/migrations/003_marketplace_delivery_services_mobility.sql:112
postgresql,stock,catalog_products,created_at,Created at,TIMESTAMPTZ,False,NOW(),False,False,,não classificado automaticamente,política v1; nenhuma regra automática aplicável,avaliar pelo proprietário do domínio,avaliar pelo proprietário do domínio,não definida; registrar lacuna,existente,database/postgres/migrations/003_marketplace_delivery_services_mobility.sql:113
postgresql,stock,catalog_products,updated_at,Updated at,TIMESTAMPTZ,False,NOW(),False,False,,não classificado automaticamente,política v1; nenhuma regra automática aplicável,avaliar pelo proprietário do domínio,avaliar pelo proprietário do domínio,não definida; registrar lacuna,existente,database/postgres/migrations/003_marketplace_delivery_services_mobility.sql:114
postgresql,stock,catalog_products,deleted_at,Deleted at,TIMESTAMPTZ,True,,False,False,,não classificado automaticamente,política v1; nenhuma regra automática aplicável,avaliar pelo proprietário do domínio,avaliar pelo proprietário do domínio,não definida; registrar lacuna,existente,database/postgres/migrations/003_marketplace_delivery_services_mobility.sql:115
postgresql,stock,catalog_products,created_by,Created by,UUID,True,,False,False,identity.users.id,pseudônimo vinculável,política v1 categoria identidade_relacional; padrões: created_by,controle de acesso e segregação por tenant; criptografia do banco,não expor identificadores internos sem necessidade,acompanha entidade e trilha de auditoria com política de anonimização,existente,database/postgres/migrations/003_marketplace_delivery_services_mobility.sql:116
postgresql,stock,catalog_products,updated_by,Updated by,UUID,True,,False,False,identity.users.id,pseudônimo vinculável,política v1 categoria identidade_relacional; padrões: updated_by,controle de acesso e segregação por tenant; criptografia do banco,não expor identificadores internos sem necessidade,acompanha entidade e trilha de auditoria com política de anonimização,existente,database/postgres/migrations/003_marketplace_delivery_services_mobility.sql:117
postgresql,stock,catalog_products,idempotency_key,Idempotency key,VARCHAR(120),True,,False,True,,não classificado automaticamente,política v1; nenhuma regra automática aplicável,avaliar pelo proprietário do domínio,avaliar pelo proprietário do domínio,não definida; registrar lacuna,existente,database/postgres/migrations/012_platform_idempotency.sql:10
postgresql,delivery,delivery_requests,id,Id,UUID,False,gen_random_uuid(),True,False,,não classificado automaticamente,política v1; nenhuma regra automática aplicável,avaliar pelo proprietário do domínio,avaliar pelo proprietário do domínio,não definida; registrar lacuna,existente,database/postgres/migrations/003_marketplace_delivery_services_mobility.sql:121
postgresql,delivery,delivery_requests,user_id,User id,UUID,False,,False,False,identity.users.id,pseudônimo vinculável,política v1 categoria identidade_relacional; padrões: user_id,controle de acesso e segregação por tenant; criptografia do banco,não expor identificadores internos sem necessidade,acompanha entidade e trilha de auditoria com política de anonimização,existente,database/postgres/migrations/003_marketplace_delivery_services_mobility.sql:122
postgresql,delivery,delivery_requests,assigned_rider_user_id,Assigned rider user id,UUID,True,,False,False,identity.users.id,pseudônimo vinculável,política v1 categoria identidade_relacional; padrões: user_id,controle de acesso e segregação por tenant; criptografia do banco,não expor identificadores internos sem necessidade,acompanha entidade e trilha de auditoria com política de anonimização,existente,database/postgres/migrations/003_marketplace_delivery_services_mobility.sql:123
postgresql,delivery,delivery_requests,escrow_id,Escrow id,UUID,True,,False,False,finance.escrows.id,não classificado automaticamente,política v1; nenhuma regra automática aplicável,avaliar pelo proprietário do domínio,avaliar pelo proprietário do domínio,não definida; registrar lacuna,existente,database/postgres/migrations/003_marketplace_delivery_services_mobility.sql:124
postgresql,delivery,delivery_requests,service_type,Service type,VARCHAR(40),False,,False,False,,não classificado automaticamente,política v1; nenhuma regra automática aplicável,avaliar pelo proprietário do domínio,avaliar pelo proprietário do domínio,não definida; registrar lacuna,existente,database/postgres/migrations/003_marketplace_delivery_services_mobility.sql:125
postgresql,delivery,delivery_requests,origin,Origin,JSONB,False,,False,False,,não classificado automaticamente,política v1; nenhuma regra automática aplicável,avaliar pelo proprietário do domínio,avaliar pelo proprietário do domínio,não definida; registrar lacuna,existente,database/postgres/migrations/003_marketplace_delivery_services_mobility.sql:126
postgresql,delivery,delivery_requests,destination,Destination,JSONB,False,,False,False,,não classificado automaticamente,política v1; nenhuma regra automática aplicável,avaliar pelo proprietário do domínio,avaliar pelo proprietário do domínio,não definida; registrar lacuna,existente,database/postgres/migrations/003_marketplace_delivery_services_mobility.sql:127
postgresql,delivery,delivery_requests,distance_km,Distance km,"NUMERIC(12, 3)",True,,False,False,,não classificado automaticamente,política v1; nenhuma regra automática aplicável,avaliar pelo proprietário do domínio,avaliar pelo proprietário do domínio,não definida; registrar lacuna,existente,database/postgres/migrations/003_marketplace_delivery_services_mobility.sql:128
postgresql,delivery,delivery_requests,weight_kg,Weight kg,"NUMERIC(12, 3)",True,,False,False,,não classificado automaticamente,política v1; nenhuma regra automática aplicável,avaliar pelo proprietário do domínio,avaliar pelo proprietário do domínio,não definida; registrar lacuna,existente,database/postgres/migrations/003_marketplace_delivery_services_mobility.sql:129
postgresql,delivery,delivery_requests,volume_m3,Volume m3,"NUMERIC(12, 4)",True,,False,False,,não classificado automaticamente,política v1; nenhuma regra automática aplicável,avaliar pelo proprietário do domínio,avaliar pelo proprietário do domínio,não definida; registrar lacuna,existente,database/postgres/migrations/003_marketplace_delivery_services_mobility.sql:130
postgresql,delivery,delivery_requests,quoted_brl,Quoted brl,"NUMERIC(18, 4)",True,,False,False,,não classificado automaticamente,política v1; nenhuma regra automática aplicável,avaliar pelo proprietário do domínio,avaliar pelo proprietário do domínio,não definida; registrar lacuna,existente,database/postgres/migrations/003_marketplace_delivery_services_mobility.sql:131
postgresql,delivery,delivery_requests,insurance_required,Insurance required,BOOLEAN,False,FALSE,False,False,,não classificado automaticamente,política v1; nenhuma regra automática aplicável,avaliar pelo proprietário do domínio,avaliar pelo proprietário do domínio,não definida; registrar lacuna,existente,database/postgres/migrations/003_marketplace_delivery_services_mobility.sql:132
postgresql,delivery,delivery_requests,insurance_accepted,Insurance accepted,BOOLEAN,True,,False,False,,não classificado automaticamente,política v1; nenhuma regra automática aplicável,avaliar pelo proprietário do domínio,avaliar pelo proprietário do domínio,não definida; registrar lacuna,existente,database/postgres/migrations/003_marketplace_delivery_services_mobility.sql:133
postgresql,delivery,delivery_requests,status,Status,VARCHAR(40),False,'created',False,False,,não classificado automaticamente,política v1; nenhuma regra automática aplicável,avaliar pelo proprietário do domínio,avaliar pelo proprietário do domínio,não definida; registrar lacuna,existente,database/postgres/migrations/003_marketplace_delivery_services_mobility.sql:134
postgresql,delivery,delivery_requests,metadata,Metadata,JSONB,False,'{}'::jsonb,False,False,,não classificado automaticamente,política v1; nenhuma regra automática aplicável,avaliar pelo proprietário do domínio,avaliar pelo proprietário do domínio,não definida; registrar lacuna,existente,database/postgres/migrations/003_marketplace_delivery_services_mobility.sql:135
postgresql,delivery,delivery_requests,created_at,Created at,TIMESTAMPTZ,False,NOW(),False,False,,não classificado automaticamente,política v1; nenhuma regra automática aplicável,avaliar pelo proprietário do domínio,avaliar pelo proprietário do domínio,não definida; registrar lacuna,existente,database/postgres/migrations/003_marketplace_delivery_services_mobility.sql:136
postgresql,delivery,delivery_requests,updated_at,Updated at,TIMESTAMPTZ,False,NOW(),False,False,,não classificado automaticamente,política v1; nenhuma regra automática aplicável,avaliar pelo proprietário do domínio,avaliar pelo proprietário do domínio,não definida; registrar lacuna,existente,database/postgres/migrations/003_marketplace_delivery_services_mobility.sql:137
postgresql,delivery,delivery_requests,deleted_at,Deleted at,TIMESTAMPTZ,True,,False,False,,não classificado automaticamente,política v1; nenhuma regra automática aplicável,avaliar pelo proprietário do domínio,avaliar pelo proprietário do domínio,não definida; registrar lacuna,existente,database/postgres/migrations/003_marketplace_delivery_services_mobility.sql:138
postgresql,delivery,delivery_requests,created_by,Created by,UUID,True,,False,False,identity.users.id,pseudônimo vinculável,política v1 categoria identidade_relacional; padrões: created_by,controle de acesso e segregação por tenant; criptografia do banco,não expor identificadores internos sem necessidade,acompanha entidade e trilha de auditoria com política de anonimização,existente,database/postgres/migrations/003_marketplace_delivery_services_mobility.sql:139
postgresql,delivery,delivery_requests,updated_by,Updated by,UUID,True,,False,False,identity.users.id,pseudônimo vinculável,política v1 categoria identidade_relacional; padrões: updated_by,controle de acesso e segregação por tenant; criptografia do banco,não expor identificadores internos sem necessidade,acompanha entidade e trilha de auditoria com política de anonimização,existente,database/postgres/migrations/003_marketplace_delivery_services_mobility.sql:140
postgresql,delivery,delivery_requests,idempotency_key,Idempotency key,VARCHAR(120),True,,False,True,,não classificado automaticamente,política v1; nenhuma regra automática aplicável,avaliar pelo proprietário do domínio,avaliar pelo proprietário do domínio,não definida; registrar lacuna,existente,database/postgres/migrations/012_platform_idempotency.sql:15
postgresql,services,providers,id,Id,UUID,False,gen_random_uuid(),True,False,,não classificado automaticamente,política v1; nenhuma regra automática aplicável,avaliar pelo proprietário do domínio,avaliar pelo proprietário do domínio,não definida; registrar lacuna,existente,database/postgres/migrations/003_marketplace_delivery_services_mobility.sql:144
postgresql,services,providers,user_id,User id,UUID,False,,False,True,identity.users.id,pseudônimo vinculável,política v1 categoria identidade_relacional; padrões: user_id,controle de acesso e segregação por tenant; criptografia do banco,não expor identificadores internos sem necessidade,acompanha entidade e trilha de auditoria com política de anonimização,existente,database/postgres/migrations/003_marketplace_delivery_services_mobility.sql:145
postgresql,services,providers,category,Category,VARCHAR(100),False,,False,False,,não classificado automaticamente,política v1; nenhuma regra automática aplicável,avaliar pelo proprietário do domínio,avaliar pelo proprietário do domínio,não definida; registrar lacuna,existente,database/postgres/migrations/003_marketplace_delivery_services_mobility.sql:146
postgresql,services,providers,approved_at,Approved at,TIMESTAMPTZ,True,,False,False,,não classificado automaticamente,política v1; nenhuma regra automática aplicável,avaliar pelo proprietário do domínio,avaliar pelo proprietário do domínio,não definida; registrar lacuna,existente,database/postgres/migrations/003_marketplace_delivery_services_mobility.sql:147
postgresql,services,providers,status,Status,VARCHAR(40),False,'pending_review',False,False,,não classificado automaticamente,política v1; nenhuma regra automática aplicável,avaliar pelo proprietário do domínio,avaliar pelo proprietário do domínio,não definida; registrar lacuna,existente,database/postgres/migrations/003_marketplace_delivery_services_mobility.sql:148
postgresql,services,providers,metadata,Metadata,JSONB,False,'{}'::jsonb,False,False,,não classificado automaticamente,política v1; nenhuma regra automática aplicável,avaliar pelo proprietário do domínio,avaliar pelo proprietário do domínio,não definida; registrar lacuna,existente,database/postgres/migrations/003_marketplace_delivery_services_mobility.sql:149
postgresql,services,providers,created_at,Created at,TIMESTAMPTZ,False,NOW(),False,False,,não classificado automaticamente,política v1; nenhuma regra automática aplicável,avaliar pelo proprietário do domínio,avaliar pelo proprietário do domínio,não definida; registrar lacuna,existente,database/postgres/migrations/003_marketplace_delivery_services_mobility.sql:150
postgresql,services,providers,updated_at,Updated at,TIMESTAMPTZ,False,NOW(),False,False,,não classificado automaticamente,política v1; nenhuma regra automática aplicável,avaliar pelo proprietário do domínio,avaliar pelo proprietário do domínio,não definida; registrar lacuna,existente,database/postgres/migrations/003_marketplace_delivery_services_mobility.sql:151
postgresql,services,providers,deleted_at,Deleted at,TIMESTAMPTZ,True,,False,False,,não classificado automaticamente,política v1; nenhuma regra automática aplicável,avaliar pelo proprietário do domínio,avaliar pelo proprietário do domínio,não definida; registrar lacuna,existente,database/postgres/migrations/003_marketplace_delivery_services_mobility.sql:152
postgresql,services,providers,created_by,Created by,UUID,True,,False,False,identity.users.id,pseudônimo vinculável,política v1 categoria identidade_relacional; padrões: created_by,controle de acesso e segregação por tenant; criptografia do banco,não expor identificadores internos sem necessidade,acompanha entidade e trilha de auditoria com política de anonimização,existente,database/postgres/migrations/003_marketplace_delivery_services_mobility.sql:153
postgresql,services,providers,updated_by,Updated by,UUID,True,,False,False,identity.users.id,pseudônimo vinculável,política v1 categoria identidade_relacional; padrões: updated_by,controle de acesso e segregação por tenant; criptografia do banco,não expor identificadores internos sem necessidade,acompanha entidade e trilha de auditoria com política de anonimização,existente,database/postgres/migrations/003_marketplace_delivery_services_mobility.sql:154
postgresql,services,providers,idempotency_key,Idempotency key,VARCHAR(120),True,,False,True,,não classificado automaticamente,política v1; nenhuma regra automática aplicável,avaliar pelo proprietário do domínio,avaliar pelo proprietário do domínio,não definida; registrar lacuna,existente,database/postgres/migrations/012_platform_idempotency.sql:18
postgresql,services,service_contracts,id,Id,UUID,False,gen_random_uuid(),True,False,,não classificado automaticamente,política v1; nenhuma regra automática aplicável,avaliar pelo proprietário do domínio,avaliar pelo proprietário do domínio,não definida; registrar lacuna,existente,database/postgres/migrations/003_marketplace_delivery_services_mobility.sql:158
postgresql,services,service_contracts,user_id,User id,UUID,False,,False,False,identity.users.id,pseudônimo vinculável,política v1 categoria identidade_relacional; padrões: user_id,controle de acesso e segregação por tenant; criptografia do banco,não expor identificadores internos sem necessidade,acompanha entidade e trilha de auditoria com política de anonimização,existente,database/postgres/migrations/003_marketplace_delivery_services_mobility.sql:159
postgresql,services,service_contracts,provider_user_id,Provider user id,UUID,False,,False,False,identity.users.id,pseudônimo vinculável,política v1 categoria identidade_relacional; padrões: user_id,controle de acesso e segregação por tenant; criptografia do banco,não expor identificadores internos sem necessidade,acompanha entidade e trilha de auditoria com política de anonimização,existente,database/postgres/migrations/003_marketplace_delivery_services_mobility.sql:160
postgresql,services,service_contracts,escrow_id,Escrow id,UUID,False,,False,False,finance.escrows.id,não classificado automaticamente,política v1; nenhuma regra automática aplicável,avaliar pelo proprietário do domínio,avaliar pelo proprietário do domínio,não definida; registrar lacuna,existente,database/postgres/migrations/003_marketplace_delivery_services_mobility.sql:161
postgresql,services,service_contracts,visit_price_brl,Visit price brl,"NUMERIC(18, 4)",False,,False,False,,financeiro confidencial,política v1 categoria financeiro; padrões: price,obrigatória em trânsito e repouso,restringir por papel e finalidade; não registrar valor sensível desnecessário,"definir por obrigação contábil, fiscal e prevenção a fraude",existente,database/postgres/migrations/003_marketplace_delivery_services_mobility.sql:162
postgresql,services,service_contracts,contracted_price_brl,Contracted price brl,"NUMERIC(18, 4)",True,,False,False,,financeiro confidencial,política v1 categoria financeiro; padrões: price,obrigatória em trânsito e repouso,restringir por papel e finalidade; não registrar valor sensível desnecessário,"definir por obrigação contábil, fiscal e prevenção a fraude",existente,database/postgres/migrations/003_marketplace_delivery_services_mobility.sql:163
postgresql,services,service_contracts,evidence,Evidence,JSONB,False,'[]'::jsonb,False,False,,não classificado automaticamente,política v1; nenhuma regra automática aplicável,avaliar pelo proprietário do domínio,avaliar pelo proprietário do domínio,não definida; registrar lacuna,existente,database/postgres/migrations/003_marketplace_delivery_services_mobility.sql:164
postgresql,services,service_contracts,status,Status,VARCHAR(40),False,'created',False,False,,não classificado automaticamente,política v1; nenhuma regra automática aplicável,avaliar pelo proprietário do domínio,avaliar pelo proprietário do domínio,não definida; registrar lacuna,existente,database/postgres/migrations/003_marketplace_delivery_services_mobility.sql:165
postgresql,services,service_contracts,metadata,Metadata,JSONB,False,'{}'::jsonb,False,False,,não classificado automaticamente,política v1; nenhuma regra automática aplicável,avaliar pelo proprietário do domínio,avaliar pelo proprietário do domínio,não definida; registrar lacuna,existente,database/postgres/migrations/003_marketplace_delivery_services_mobility.sql:166
postgresql,services,service_contracts,created_at,Created at,TIMESTAMPTZ,False,NOW(),False,False,,não classificado automaticamente,política v1; nenhuma regra automática aplicável,avaliar pelo proprietário do domínio,avaliar pelo proprietário do domínio,não definida; registrar lacuna,existente,database/postgres/migrations/003_marketplace_delivery_services_mobility.sql:167
postgresql,services,service_contracts,updated_at,Updated at,TIMESTAMPTZ,False,NOW(),False,False,,não classificado automaticamente,política v1; nenhuma regra automática aplicável,avaliar pelo proprietário do domínio,avaliar pelo proprietário do domínio,não definida; registrar lacuna,existente,database/postgres/migrations/003_marketplace_delivery_services_mobility.sql:168
postgresql,services,service_contracts,deleted_at,Deleted at,TIMESTAMPTZ,True,,False,False,,não classificado automaticamente,política v1; nenhuma regra automática aplicável,avaliar pelo proprietário do domínio,avaliar pelo proprietário do domínio,não definida; registrar lacuna,existente,database/postgres/migrations/003_marketplace_delivery_services_mobility.sql:169
postgresql,services,service_contracts,created_by,Created by,UUID,True,,False,False,identity.users.id,pseudônimo vinculável,política v1 categoria identidade_relacional; padrões: created_by,controle de acesso e segregação por tenant; criptografia do banco,não expor identificadores internos sem necessidade,acompanha entidade e trilha de auditoria com política de anonimização,existente,database/postgres/migrations/003_marketplace_delivery_services_mobility.sql:170
postgresql,services,service_contracts,updated_by,Updated by,UUID,True,,False,False,identity.users.id,pseudônimo vinculável,política v1 categoria identidade_relacional; padrões: updated_by,controle de acesso e segregação por tenant; criptografia do banco,não expor identificadores internos sem necessidade,acompanha entidade e trilha de auditoria com política de anonimização,existente,database/postgres/migrations/003_marketplace_delivery_services_mobility.sql:171
postgresql,services,service_contracts,idempotency_key,Idempotency key,VARCHAR(120),True,,False,True,,não classificado automaticamente,política v1; nenhuma regra automática aplicável,avaliar pelo proprietário do domínio,avaliar pelo proprietário do domínio,não definida; registrar lacuna,existente,database/postgres/migrations/012_platform_idempotency.sql:19
postgresql,services,service_contracts,offer_id,Offer id,UUID,True,,False,False,business.catalog_offers.id,não classificado automaticamente,política v1; nenhuma regra automática aplicável,avaliar pelo proprietário do domínio,avaliar pelo proprietário do domínio,não definida; registrar lacuna,existente,database/postgres/migrations/020_valley_services_health_sprint3.sql:5
postgresql,services,service_contracts,company_id,Company id,UUID,True,,False,False,business.companies.id,não classificado automaticamente,política v1; nenhuma regra automática aplicável,avaliar pelo proprietário do domínio,avaliar pelo proprietário do domínio,não definida; registrar lacuna,existente,database/postgres/migrations/020_valley_services_health_sprint3.sql:6
postgresql,services,service_contracts,scheduled_at,Scheduled at,TIMESTAMPTZ,True,,False,False,,não classificado automaticamente,política v1; nenhuma regra automática aplicável,avaliar pelo proprietário do domínio,avaliar pelo proprietário do domínio,não definida; registrar lacuna,existente,database/postgres/migrations/020_valley_services_health_sprint3.sql:7
postgresql,mobility,rides,id,Id,UUID,False,gen_random_uuid(),True,False,,não classificado automaticamente,política v1; nenhuma regra automática aplicável,avaliar pelo proprietário do domínio,avaliar pelo proprietário do domínio,não definida; registrar lacuna,existente,database/postgres/migrations/003_marketplace_delivery_services_mobility.sql:175
postgresql,mobility,rides,user_id,User id,UUID,False,,False,False,identity.users.id,pseudônimo vinculável,política v1 categoria identidade_relacional; padrões: user_id,controle de acesso e segregação por tenant; criptografia do banco,não expor identificadores internos sem necessidade,acompanha entidade e trilha de auditoria com política de anonimização,existente,database/postgres/migrations/003_marketplace_delivery_services_mobility.sql:176
postgresql,mobility,rides,driver_user_id,Driver user id,UUID,True,,False,False,identity.users.id,pseudônimo vinculável,política v1 categoria identidade_relacional; padrões: user_id,controle de acesso e segregação por tenant; criptografia do banco,não expor identificadores internos sem necessidade,acompanha entidade e trilha de auditoria com política de anonimização,existente,database/postgres/migrations/003_marketplace_delivery_services_mobility.sql:177
postgresql,mobility,rides,escrow_id,Escrow id,UUID,True,,False,False,finance.escrows.id,não classificado automaticamente,política v1; nenhuma regra automática aplicável,avaliar pelo proprietário do domínio,avaliar pelo proprietário do domínio,não definida; registrar lacuna,existente,database/postgres/migrations/003_marketplace_delivery_services_mobility.sql:178
postgresql,mobility,rides,origin,Origin,JSONB,False,,False,False,,não classificado automaticamente,política v1; nenhuma regra automática aplicável,avaliar pelo proprietário do domínio,avaliar pelo proprietário do domínio,não definida; registrar lacuna,existente,database/postgres/migrations/003_marketplace_delivery_services_mobility.sql:179
postgresql,mobility,rides,destination,Destination,JSONB,False,,False,False,,não classificado automaticamente,política v1; nenhuma regra automática aplicável,avaliar pelo proprietário do domínio,avaliar pelo proprietário do domínio,não definida; registrar lacuna,existente,database/postgres/migrations/003_marketplace_delivery_services_mobility.sql:180
postgresql,mobility,rides,fare_brl,Fare brl,"NUMERIC(18, 4)",True,,False,False,,não classificado automaticamente,política v1; nenhuma regra automática aplicável,avaliar pelo proprietário do domínio,avaliar pelo proprietário do domínio,não definida; registrar lacuna,existente,database/postgres/migrations/003_marketplace_delivery_services_mobility.sql:181
postgresql,mobility,rides,vehicle_type,Vehicle type,VARCHAR(40),True,,False,False,,não classificado automaticamente,política v1; nenhuma regra automática aplicável,avaliar pelo proprietário do domínio,avaliar pelo proprietário do domínio,não definida; registrar lacuna,existente,database/postgres/migrations/003_marketplace_delivery_services_mobility.sql:182
postgresql,mobility,rides,status,Status,VARCHAR(40),False,'requested',False,False,,não classificado automaticamente,política v1; nenhuma regra automática aplicável,avaliar pelo proprietário do domínio,avaliar pelo proprietário do domínio,não definida; registrar lacuna,existente,database/postgres/migrations/003_marketplace_delivery_services_mobility.sql:183
postgresql,mobility,rides,metadata,Metadata,JSONB,False,'{}'::jsonb,False,False,,não classificado automaticamente,política v1; nenhuma regra automática aplicável,avaliar pelo proprietário do domínio,avaliar pelo proprietário do domínio,não definida; registrar lacuna,existente,database/postgres/migrations/003_marketplace_delivery_services_mobility.sql:184
postgresql,mobility,rides,created_at,Created at,TIMESTAMPTZ,False,NOW(),False,False,,não classificado automaticamente,política v1; nenhuma regra automática aplicável,avaliar pelo proprietário do domínio,avaliar pelo proprietário do domínio,não definida; registrar lacuna,existente,database/postgres/migrations/003_marketplace_delivery_services_mobility.sql:185
postgresql,mobility,rides,updated_at,Updated at,TIMESTAMPTZ,False,NOW(),False,False,,não classificado automaticamente,política v1; nenhuma regra automática aplicável,avaliar pelo proprietário do domínio,avaliar pelo proprietário do domínio,não definida; registrar lacuna,existente,database/postgres/migrations/003_marketplace_delivery_services_mobility.sql:186
postgresql,mobility,rides,deleted_at,Deleted at,TIMESTAMPTZ,True,,False,False,,não classificado automaticamente,política v1; nenhuma regra automática aplicável,avaliar pelo proprietário do domínio,avaliar pelo proprietário do domínio,não definida; registrar lacuna,existente,database/postgres/migrations/003_marketplace_delivery_services_mobility.sql:187
postgresql,mobility,rides,created_by,Created by,UUID,True,,False,False,identity.users.id,pseudônimo vinculável,política v1 categoria identidade_relacional; padrões: created_by,controle de acesso e segregação por tenant; criptografia do banco,não expor identificadores internos sem necessidade,acompanha entidade e trilha de auditoria com política de anonimização,existente,database/postgres/migrations/003_marketplace_delivery_services_mobility.sql:188
postgresql,mobility,rides,updated_by,Updated by,UUID,True,,False,False,identity.users.id,pseudônimo vinculável,política v1 categoria identidade_relacional; padrões: updated_by,controle de acesso e segregação por tenant; criptografia do banco,não expor identificadores internos sem necessidade,acompanha entidade e trilha de auditoria com política de anonimização,existente,database/postgres/migrations/003_marketplace_delivery_services_mobility.sql:189
postgresql,mobility,rides,idempotency_key,Idempotency key,VARCHAR(120),True,,False,True,,não classificado automaticamente,política v1; nenhuma regra automática aplicável,avaliar pelo proprietário do domínio,avaliar pelo proprietário do domínio,não definida; registrar lacuna,existente,database/postgres/migrations/012_platform_idempotency.sql:22
postgresql,mobility,tickets,id,Id,UUID,False,gen_random_uuid(),True,False,,não classificado automaticamente,política v1; nenhuma regra automática aplicável,avaliar pelo proprietário do domínio,avaliar pelo proprietário do domínio,não definida; registrar lacuna,existente,database/postgres/migrations/003_marketplace_delivery_services_mobility.sql:193
postgresql,mobility,tickets,user_id,User id,UUID,False,,False,False,identity.users.id,pseudônimo vinculável,política v1 categoria identidade_relacional; padrões: user_id,controle de acesso e segregação por tenant; criptografia do banco,não expor identificadores internos sem necessidade,acompanha entidade e trilha de auditoria com política de anonimização,existente,database/postgres/migrations/003_marketplace_delivery_services_mobility.sql:194
postgresql,mobility,tickets,route_code,Route code,VARCHAR(80),False,,False,False,,não classificado automaticamente,política v1; nenhuma regra automática aplicável,avaliar pelo proprietário do domínio,avaliar pelo proprietário do domínio,não definida; registrar lacuna,existente,database/postgres/migrations/003_marketplace_delivery_services_mobility.sql:195
postgresql,mobility,tickets,amount_brl,Amount brl,"NUMERIC(18, 4)",False,,False,False,,financeiro confidencial,política v1 categoria financeiro; padrões: amount,obrigatória em trânsito e repouso,restringir por papel e finalidade; não registrar valor sensível desnecessário,"definir por obrigação contábil, fiscal e prevenção a fraude",existente,database/postgres/migrations/003_marketplace_delivery_services_mobility.sql:196
postgresql,mobility,tickets,qr_token_hash,Qr token hash,TEXT,False,,False,True,,restrito,política v1 categoria credencial_segredo; padrões: token,obrigatória em trânsito e repouso; preferir hash não reversível quando aplicável,nunca retornar valor integral nem registrar em logs,mínima necessária; revogação e expurgo definidos por política de segurança,existente,database/postgres/migrations/003_marketplace_delivery_services_mobility.sql:197
postgresql,mobility,tickets,used_at,Used at,TIMESTAMPTZ,True,,False,False,,não classificado automaticamente,política v1; nenhuma regra automática aplicável,avaliar pelo proprietário do domínio,avaliar pelo proprietário do domínio,não definida; registrar lacuna,existente,database/postgres/migrations/003_marketplace_delivery_services_mobility.sql:198
postgresql,mobility,tickets,status,Status,VARCHAR(40),False,'active',False,False,,não classificado automaticamente,política v1; nenhuma regra automática aplicável,avaliar pelo proprietário do domínio,avaliar pelo proprietário do domínio,não definida; registrar lacuna,existente,database/postgres/migrations/003_marketplace_delivery_services_mobility.sql:199
postgresql,mobility,tickets,metadata,Metadata,JSONB,False,'{}'::jsonb,False,False,,não classificado automaticamente,política v1; nenhuma regra automática aplicável,avaliar pelo proprietário do domínio,avaliar pelo proprietário do domínio,não definida; registrar lacuna,existente,database/postgres/migrations/003_marketplace_delivery_services_mobility.sql:200
postgresql,mobility,tickets,created_at,Created at,TIMESTAMPTZ,False,NOW(),False,False,,não classificado automaticamente,política v1; nenhuma regra automática aplicável,avaliar pelo proprietário do domínio,avaliar pelo proprietário do domínio,não definida; registrar lacuna,existente,database/postgres/migrations/003_marketplace_delivery_services_mobility.sql:201
postgresql,mobility,tickets,updated_at,Updated at,TIMESTAMPTZ,False,NOW(),False,False,,não classificado automaticamente,política v1; nenhuma regra automática aplicável,avaliar pelo proprietário do domínio,avaliar pelo proprietário do domínio,não definida; registrar lacuna,existente,database/postgres/migrations/003_marketplace_delivery_services_mobility.sql:202
postgresql,mobility,tickets,deleted_at,Deleted at,TIMESTAMPTZ,True,,False,False,,não classificado automaticamente,política v1; nenhuma regra automática aplicável,avaliar pelo proprietário do domínio,avaliar pelo proprietário do domínio,não definida; registrar lacuna,existente,database/postgres/migrations/003_marketplace_delivery_services_mobility.sql:203
postgresql,mobility,tickets,created_by,Created by,UUID,True,,False,False,identity.users.id,pseudônimo vinculável,política v1 categoria identidade_relacional; padrões: created_by,controle de acesso e segregação por tenant; criptografia do banco,não expor identificadores internos sem necessidade,acompanha entidade e trilha de auditoria com política de anonimização,existente,database/postgres/migrations/003_marketplace_delivery_services_mobility.sql:204
postgresql,mobility,tickets,updated_by,Updated by,UUID,True,,False,False,identity.users.id,pseudônimo vinculável,política v1 categoria identidade_relacional; padrões: updated_by,controle de acesso e segregação por tenant; criptografia do banco,não expor identificadores internos sem necessidade,acompanha entidade e trilha de auditoria com política de anonimização,existente,database/postgres/migrations/003_marketplace_delivery_services_mobility.sql:205
postgresql,mobility,tickets,idempotency_key,Idempotency key,VARCHAR(120),True,,False,True,,não classificado automaticamente,política v1; nenhuma regra automática aplicável,avaliar pelo proprietário do domínio,avaliar pelo proprietário do domínio,não definida; registrar lacuna,existente,database/postgres/migrations/012_platform_idempotency.sql:23
postgresql,erp,fiscal_documents,id,Id,UUID,False,gen_random_uuid(),True,False,,não classificado automaticamente,política v1; nenhuma regra automática aplicável,avaliar pelo proprietário do domínio,avaliar pelo proprietário do domínio,não definida; registrar lacuna,existente,database/postgres/migrations/004_enterprise_verticals.sql:4
postgresql,erp,fiscal_documents,user_id,User id,UUID,False,,False,False,identity.users.id,pseudônimo vinculável,política v1 categoria identidade_relacional; padrões: user_id,controle de acesso e segregação por tenant; criptografia do banco,não expor identificadores internos sem necessidade,acompanha entidade e trilha de auditoria com política de anonimização,existente,database/postgres/migrations/004_enterprise_verticals.sql:5
postgresql,erp,fiscal_documents,company_id,Company id,UUID,False,,False,False,business.companies.id,não classificado automaticamente,política v1; nenhuma regra automática aplicável,avaliar pelo proprietário do domínio,avaliar pelo proprietário do domínio,não definida; registrar lacuna,existente,database/postgres/migrations/004_enterprise_verticals.sql:6
postgresql,erp,fiscal_documents,document_type,Document type,VARCHAR(20),False,,False,False,,não classificado automaticamente,política v1; nenhuma regra automática aplicável,avaliar pelo proprietário do domínio,avaliar pelo proprietário do domínio,não definida; registrar lacuna,existente,database/postgres/migrations/004_enterprise_verticals.sql:7
postgresql,erp,fiscal_documents,access_key,Access key,TEXT,True,,False,False,,não classificado automaticamente,política v1; nenhuma regra automática aplicável,avaliar pelo proprietário do domínio,avaliar pelo proprietário do domínio,não definida; registrar lacuna,existente,database/postgres/migrations/004_enterprise_verticals.sql:8
postgresql,erp,fiscal_documents,amount_brl,Amount brl,"NUMERIC(18, 4)",False,0,False,False,,financeiro confidencial,política v1 categoria financeiro; padrões: amount,obrigatória em trânsito e repouso,restringir por papel e finalidade; não registrar valor sensível desnecessário,"definir por obrigação contábil, fiscal e prevenção a fraude",existente,database/postgres/migrations/004_enterprise_verticals.sql:9
postgresql,erp,fiscal_documents,status,Status,VARCHAR(40),False,'draft',False,False,,não classificado automaticamente,política v1; nenhuma regra automática aplicável,avaliar pelo proprietário do domínio,avaliar pelo proprietário do domínio,não definida; registrar lacuna,existente,database/postgres/migrations/004_enterprise_verticals.sql:10
postgresql,erp,fiscal_documents,metadata,Metadata,JSONB,False,'{}'::jsonb,False,False,,não classificado automaticamente,política v1; nenhuma regra automática aplicável,avaliar pelo proprietário do domínio,avaliar pelo proprietário do domínio,não definida; registrar lacuna,existente,database/postgres/migrations/004_enterprise_verticals.sql:11
postgresql,erp,fiscal_documents,created_at,Created at,TIMESTAMPTZ,False,NOW(),False,False,,não classificado automaticamente,política v1; nenhuma regra automática aplicável,avaliar pelo proprietário do domínio,avaliar pelo proprietário do domínio,não definida; registrar lacuna,existente,database/postgres/migrations/004_enterprise_verticals.sql:12
postgresql,erp,fiscal_documents,updated_at,Updated at,TIMESTAMPTZ,False,NOW(),False,False,,não classificado automaticamente,política v1; nenhuma regra automática aplicável,avaliar pelo proprietário do domínio,avaliar pelo proprietário do domínio,não definida; registrar lacuna,existente,database/postgres/migrations/004_enterprise_verticals.sql:13
postgresql,erp,fiscal_documents,deleted_at,Deleted at,TIMESTAMPTZ,True,,False,False,,não classificado automaticamente,política v1; nenhuma regra automática aplicável,avaliar pelo proprietário do domínio,avaliar pelo proprietário do domínio,não definida; registrar lacuna,existente,database/postgres/migrations/004_enterprise_verticals.sql:14
postgresql,erp,fiscal_documents,created_by,Created by,UUID,True,,False,False,identity.users.id,pseudônimo vinculável,política v1 categoria identidade_relacional; padrões: created_by,controle de acesso e segregação por tenant; criptografia do banco,não expor identificadores internos sem necessidade,acompanha entidade e trilha de auditoria com política de anonimização,existente,database/postgres/migrations/004_enterprise_verticals.sql:15
postgresql,erp,fiscal_documents,updated_by,Updated by,UUID,True,,False,False,identity.users.id,pseudônimo vinculável,política v1 categoria identidade_relacional; padrões: updated_by,controle de acesso e segregação por tenant; criptografia do banco,não expor identificadores internos sem necessidade,acompanha entidade e trilha de auditoria com política de anonimização,existente,database/postgres/migrations/004_enterprise_verticals.sql:16
postgresql,erp,fiscal_documents,idempotency_key,Idempotency key,VARCHAR(120),True,,False,True,,não classificado automaticamente,política v1; nenhuma regra automática aplicável,avaliar pelo proprietário do domínio,avaliar pelo proprietário do domínio,não definida; registrar lacuna,existente,database/postgres/migrations/012_platform_idempotency.sql:26
postgresql,wms,warehouses,id,Id,UUID,False,gen_random_uuid(),True,False,,não classificado automaticamente,política v1; nenhuma regra automática aplicável,avaliar pelo proprietário do domínio,avaliar pelo proprietário do domínio,não definida; registrar lacuna,existente,database/postgres/migrations/004_enterprise_verticals.sql:20
postgresql,wms,warehouses,user_id,User id,UUID,False,,False,False,identity.users.id,pseudônimo vinculável,política v1 categoria identidade_relacional; padrões: user_id,controle de acesso e segregação por tenant; criptografia do banco,não expor identificadores internos sem necessidade,acompanha entidade e trilha de auditoria com política de anonimização,existente,database/postgres/migrations/004_enterprise_verticals.sql:21
postgresql,wms,warehouses,company_id,Company id,UUID,False,,False,False,business.companies.id,não classificado automaticamente,política v1; nenhuma regra automática aplicável,avaliar pelo proprietário do domínio,avaliar pelo proprietário do domínio,não definida; registrar lacuna,existente,database/postgres/migrations/004_enterprise_verticals.sql:22
postgresql,wms,warehouses,name,Name,VARCHAR(160),False,,False,False,,não classificado automaticamente,política v1; nenhuma regra automática aplicável,avaliar pelo proprietário do domínio,avaliar pelo proprietário do domínio,não definida; registrar lacuna,existente,database/postgres/migrations/004_enterprise_verticals.sql:23
postgresql,wms,warehouses,addressing_rules,Addressing rules,JSONB,False,'{}'::jsonb,False,False,,dado pessoal,política v1 categoria contato_localizacao; padrões: address,criptografar quando associado a pessoa identificada ou rastreamento,"mascarar em logs, listagens e exportações não autorizadas",limitar à finalidade operacional e consentimento aplicável,existente,database/postgres/migrations/004_enterprise_verticals.sql:24
postgresql,wms,warehouses,status,Status,VARCHAR(40),False,'active',False,False,,não classificado automaticamente,política v1; nenhuma regra automática aplicável,avaliar pelo proprietário do domínio,avaliar pelo proprietário do domínio,não definida; registrar lacuna,existente,database/postgres/migrations/004_enterprise_verticals.sql:25
postgresql,wms,warehouses,metadata,Metadata,JSONB,False,'{}'::jsonb,False,False,,não classificado automaticamente,política v1; nenhuma regra automática aplicável,avaliar pelo proprietário do domínio,avaliar pelo proprietário do domínio,não definida; registrar lacuna,existente,database/postgres/migrations/004_enterprise_verticals.sql:26
postgresql,wms,warehouses,created_at,Created at,TIMESTAMPTZ,False,NOW(),False,False,,não classificado automaticamente,política v1; nenhuma regra automática aplicável,avaliar pelo proprietário do domínio,avaliar pelo proprietário do domínio,não definida; registrar lacuna,existente,database/postgres/migrations/004_enterprise_verticals.sql:27
postgresql,wms,warehouses,updated_at,Updated at,TIMESTAMPTZ,False,NOW(),False,False,,não classificado automaticamente,política v1; nenhuma regra automática aplicável,avaliar pelo proprietário do domínio,avaliar pelo proprietário do domínio,não definida; registrar lacuna,existente,database/postgres/migrations/004_enterprise_verticals.sql:28
postgresql,wms,warehouses,deleted_at,Deleted at,TIMESTAMPTZ,True,,False,False,,não classificado automaticamente,política v1; nenhuma regra automática aplicável,avaliar pelo proprietário do domínio,avaliar pelo proprietário do domínio,não definida; registrar lacuna,existente,database/postgres/migrations/004_enterprise_verticals.sql:29
postgresql,wms,warehouses,created_by,Created by,UUID,True,,False,False,identity.users.id,pseudônimo vinculável,política v1 categoria identidade_relacional; padrões: created_by,controle de acesso e segregação por tenant; criptografia do banco,não expor identificadores internos sem necessidade,acompanha entidade e trilha de auditoria com política de anonimização,existente,database/postgres/migrations/004_enterprise_verticals.sql:30
postgresql,wms,warehouses,updated_by,Updated by,UUID,True,,False,False,identity.users.id,pseudônimo vinculável,política v1 categoria identidade_relacional; padrões: updated_by,controle de acesso e segregação por tenant; criptografia do banco,não expor identificadores internos sem necessidade,acompanha entidade e trilha de auditoria com política de anonimização,existente,database/postgres/migrations/004_enterprise_verticals.sql:31
postgresql,wms,warehouses,idempotency_key,Idempotency key,VARCHAR(120),True,,False,True,,não classificado automaticamente,política v1; nenhuma regra automática aplicável,avaliar pelo proprietário do domínio,avaliar pelo proprietário do domínio,não definida; registrar lacuna,existente,database/postgres/migrations/012_platform_idempotency.sql:29
postgresql,wms,inventory,id,Id,UUID,False,gen_random_uuid(),True,False,,não classificado automaticamente,política v1; nenhuma regra automática aplicável,avaliar pelo proprietário do domínio,avaliar pelo proprietário do domínio,não definida; registrar lacuna,existente,database/postgres/migrations/004_enterprise_verticals.sql:35
postgresql,wms,inventory,user_id,User id,UUID,False,,False,False,identity.users.id,pseudônimo vinculável,política v1 categoria identidade_relacional; padrões: user_id,controle de acesso e segregação por tenant; criptografia do banco,não expor identificadores internos sem necessidade,acompanha entidade e trilha de auditoria com política de anonimização,existente,database/postgres/migrations/004_enterprise_verticals.sql:36
postgresql,wms,inventory,warehouse_id,Warehouse id,UUID,False,,False,False,wms.warehouses.id,não classificado automaticamente,política v1; nenhuma regra automática aplicável,avaliar pelo proprietário do domínio,avaliar pelo proprietário do domínio,não definida; registrar lacuna,existente,database/postgres/migrations/004_enterprise_verticals.sql:37
postgresql,wms,inventory,sku,Sku,VARCHAR(120),False,,False,False,,não classificado automaticamente,política v1; nenhuma regra automática aplicável,avaliar pelo proprietário do domínio,avaliar pelo proprietário do domínio,não definida; registrar lacuna,existente,database/postgres/migrations/004_enterprise_verticals.sql:38
postgresql,wms,inventory,bin_code,Bin code,VARCHAR(80),False,,False,False,,não classificado automaticamente,política v1; nenhuma regra automática aplicável,avaliar pelo proprietário do domínio,avaliar pelo proprietário do domínio,não definida; registrar lacuna,existente,database/postgres/migrations/004_enterprise_verticals.sql:39
postgresql,wms,inventory,quantity,Quantity,"NUMERIC(18, 4)",False,0,False,False,,não classificado automaticamente,política v1; nenhuma regra automática aplicável,avaliar pelo proprietário do domínio,avaliar pelo proprietário do domínio,não definida; registrar lacuna,existente,database/postgres/migrations/004_enterprise_verticals.sql:40
postgresql,wms,inventory,lot_code,Lot code,VARCHAR(80),True,,False,False,,não classificado automaticamente,política v1; nenhuma regra automática aplicável,avaliar pelo proprietário do domínio,avaliar pelo proprietário do domínio,não definida; registrar lacuna,existente,database/postgres/migrations/004_enterprise_verticals.sql:41
postgresql,wms,inventory,expires_at,Expires at,DATE,True,,False,False,,não classificado automaticamente,política v1; nenhuma regra automática aplicável,avaliar pelo proprietário do domínio,avaliar pelo proprietário do domínio,não definida; registrar lacuna,existente,database/postgres/migrations/004_enterprise_verticals.sql:42
postgresql,wms,inventory,status,Status,VARCHAR(40),False,'available',False,False,,não classificado automaticamente,política v1; nenhuma regra automática aplicável,avaliar pelo proprietário do domínio,avaliar pelo proprietário do domínio,não definida; registrar lacuna,existente,database/postgres/migrations/004_enterprise_verticals.sql:43
postgresql,wms,inventory,metadata,Metadata,JSONB,False,'{}'::jsonb,False,False,,não classificado automaticamente,política v1; nenhuma regra automática aplicável,avaliar pelo proprietário do domínio,avaliar pelo proprietário do domínio,não definida; registrar lacuna,existente,database/postgres/migrations/004_enterprise_verticals.sql:44
postgresql,wms,inventory,created_at,Created at,TIMESTAMPTZ,False,NOW(),False,False,,não classificado automaticamente,política v1; nenhuma regra automática aplicável,avaliar pelo proprietário do domínio,avaliar pelo proprietário do domínio,não definida; registrar lacuna,existente,database/postgres/migrations/004_enterprise_verticals.sql:45
postgresql,wms,inventory,updated_at,Updated at,TIMESTAMPTZ,False,NOW(),False,False,,não classificado automaticamente,política v1; nenhuma regra automática aplicável,avaliar pelo proprietário do domínio,avaliar pelo proprietário do domínio,não definida; registrar lacuna,existente,database/postgres/migrations/004_enterprise_verticals.sql:46
postgresql,wms,inventory,deleted_at,Deleted at,TIMESTAMPTZ,True,,False,False,,não classificado automaticamente,política v1; nenhuma regra automática aplicável,avaliar pelo proprietário do domínio,avaliar pelo proprietário do domínio,não definida; registrar lacuna,existente,database/postgres/migrations/004_enterprise_verticals.sql:47
postgresql,wms,inventory,created_by,Created by,UUID,True,,False,False,identity.users.id,pseudônimo vinculável,política v1 categoria identidade_relacional; padrões: created_by,controle de acesso e segregação por tenant; criptografia do banco,não expor identificadores internos sem necessidade,acompanha entidade e trilha de auditoria com política de anonimização,existente,database/postgres/migrations/004_enterprise_verticals.sql:48
postgresql,wms,inventory,updated_by,Updated by,UUID,True,,False,False,identity.users.id,pseudônimo vinculável,política v1 categoria identidade_relacional; padrões: updated_by,controle de acesso e segregação por tenant; criptografia do banco,não expor identificadores internos sem necessidade,acompanha entidade e trilha de auditoria com política de anonimização,existente,database/postgres/migrations/004_enterprise_verticals.sql:49
postgresql,wms,inventory,idempotency_key,Idempotency key,VARCHAR(120),True,,False,True,,não classificado automaticamente,política v1; nenhuma regra automática aplicável,avaliar pelo proprietário do domínio,avaliar pelo proprietário do domínio,não definida; registrar lacuna,existente,database/postgres/migrations/012_platform_idempotency.sql:30
postgresql,tms,freights,id,Id,UUID,False,gen_random_uuid(),True,False,,não classificado automaticamente,política v1; nenhuma regra automática aplicável,avaliar pelo proprietário do domínio,avaliar pelo proprietário do domínio,não definida; registrar lacuna,existente,database/postgres/migrations/004_enterprise_verticals.sql:53
postgresql,tms,freights,user_id,User id,UUID,False,,False,False,identity.users.id,pseudônimo vinculável,política v1 categoria identidade_relacional; padrões: user_id,controle de acesso e segregação por tenant; criptografia do banco,não expor identificadores internos sem necessidade,acompanha entidade e trilha de auditoria com política de anonimização,existente,database/postgres/migrations/004_enterprise_verticals.sql:54
postgresql,tms,freights,company_id,Company id,UUID,True,,False,False,business.companies.id,não classificado automaticamente,política v1; nenhuma regra automática aplicável,avaliar pelo proprietário do domínio,avaliar pelo proprietário do domínio,não definida; registrar lacuna,existente,database/postgres/migrations/004_enterprise_verticals.sql:55
postgresql,tms,freights,driver_user_id,Driver user id,UUID,True,,False,False,identity.users.id,pseudônimo vinculável,política v1 categoria identidade_relacional; padrões: user_id,controle de acesso e segregação por tenant; criptografia do banco,não expor identificadores internos sem necessidade,acompanha entidade e trilha de auditoria com política de anonimização,existente,database/postgres/migrations/004_enterprise_verticals.sql:56
postgresql,tms,freights,freight_brl,Freight brl,"NUMERIC(18, 4)",False,0,False,False,,não classificado automaticamente,política v1; nenhuma regra automática aplicável,avaliar pelo proprietário do domínio,avaliar pelo proprietário do domínio,não definida; registrar lacuna,existente,database/postgres/migrations/004_enterprise_verticals.sql:57
postgresql,tms,freights,toll_brl,Toll brl,"NUMERIC(18, 4)",False,0,False,False,,não classificado automaticamente,política v1; nenhuma regra automática aplicável,avaliar pelo proprietário do domínio,avaliar pelo proprietário do domínio,não definida; registrar lacuna,existente,database/postgres/migrations/004_enterprise_verticals.sql:58
postgresql,tms,freights,proof_of_delivery,Proof of delivery,JSONB,False,'{}'::jsonb,False,False,,não classificado automaticamente,política v1; nenhuma regra automática aplicável,avaliar pelo proprietário do domínio,avaliar pelo proprietário do domínio,não definida; registrar lacuna,existente,database/postgres/migrations/004_enterprise_verticals.sql:59
postgresql,tms,freights,status,Status,VARCHAR(40),False,'planned',False,False,,não classificado automaticamente,política v1; nenhuma regra automática aplicável,avaliar pelo proprietário do domínio,avaliar pelo proprietário do domínio,não definida; registrar lacuna,existente,database/postgres/migrations/004_enterprise_verticals.sql:60
postgresql,tms,freights,metadata,Metadata,JSONB,False,'{}'::jsonb,False,False,,não classificado automaticamente,política v1; nenhuma regra automática aplicável,avaliar pelo proprietário do domínio,avaliar pelo proprietário do domínio,não definida; registrar lacuna,existente,database/postgres/migrations/004_enterprise_verticals.sql:61
postgresql,tms,freights,created_at,Created at,TIMESTAMPTZ,False,NOW(),False,False,,não classificado automaticamente,política v1; nenhuma regra automática aplicável,avaliar pelo proprietário do domínio,avaliar pelo proprietário do domínio,não definida; registrar lacuna,existente,database/postgres/migrations/004_enterprise_verticals.sql:62
postgresql,tms,freights,updated_at,Updated at,TIMESTAMPTZ,False,NOW(),False,False,,não classificado automaticamente,política v1; nenhuma regra automática aplicável,avaliar pelo proprietário do domínio,avaliar pelo proprietário do domínio,não definida; registrar lacuna,existente,database/postgres/migrations/004_enterprise_verticals.sql:63
postgresql,tms,freights,deleted_at,Deleted at,TIMESTAMPTZ,True,,False,False,,não classificado automaticamente,política v1; nenhuma regra automática aplicável,avaliar pelo proprietário do domínio,avaliar pelo proprietário do domínio,não definida; registrar lacuna,existente,database/postgres/migrations/004_enterprise_verticals.sql:64
postgresql,tms,freights,created_by,Created by,UUID,True,,False,False,identity.users.id,pseudônimo vinculável,política v1 categoria identidade_relacional; padrões: created_by,controle de acesso e segregação por tenant; criptografia do banco,não expor identificadores internos sem necessidade,acompanha entidade e trilha de auditoria com política de anonimização,existente,database/postgres/migrations/004_enterprise_verticals.sql:65
postgresql,tms,freights,updated_by,Updated by,UUID,True,,False,False,identity.users.id,pseudônimo vinculável,política v1 categoria identidade_relacional; padrões: updated_by,controle de acesso e segregação por tenant; criptografia do banco,não expor identificadores internos sem necessidade,acompanha entidade e trilha de auditoria com política de anonimização,existente,database/postgres/migrations/004_enterprise_verticals.sql:66
postgresql,tms,freights,idempotency_key,Idempotency key,VARCHAR(120),True,,False,True,,não classificado automaticamente,política v1; nenhuma regra automática aplicável,avaliar pelo proprietário do domínio,avaliar pelo proprietário do domínio,não definida; registrar lacuna,existente,database/postgres/migrations/012_platform_idempotency.sql:33
postgresql,crm,opportunities,id,Id,UUID,False,gen_random_uuid(),True,False,,não classificado automaticamente,política v1; nenhuma regra automática aplicável,avaliar pelo proprietário do domínio,avaliar pelo proprietário do domínio,não definida; registrar lacuna,existente,database/postgres/migrations/004_enterprise_verticals.sql:70
postgresql,crm,opportunities,user_id,User id,UUID,False,,False,False,identity.users.id,pseudônimo vinculável,política v1 categoria identidade_relacional; padrões: user_id,controle de acesso e segregação por tenant; criptografia do banco,não expor identificadores internos sem necessidade,acompanha entidade e trilha de auditoria com política de anonimização,existente,database/postgres/migrations/004_enterprise_verticals.sql:71
postgresql,crm,opportunities,company_id,Company id,UUID,True,,False,False,business.companies.id,não classificado automaticamente,política v1; nenhuma regra automática aplicável,avaliar pelo proprietário do domínio,avaliar pelo proprietário do domínio,não definida; registrar lacuna,existente,database/postgres/migrations/004_enterprise_verticals.sql:72
postgresql,crm,opportunities,title,Title,VARCHAR(240),False,,False,False,,não classificado automaticamente,política v1; nenhuma regra automática aplicável,avaliar pelo proprietário do domínio,avaliar pelo proprietário do domínio,não definida; registrar lacuna,existente,database/postgres/migrations/004_enterprise_verticals.sql:73
postgresql,crm,opportunities,expected_value_brl,Expected value brl,"NUMERIC(18, 4)",True,,False,False,,não classificado automaticamente,política v1; nenhuma regra automática aplicável,avaliar pelo proprietário do domínio,avaliar pelo proprietário do domínio,não definida; registrar lacuna,existente,database/postgres/migrations/004_enterprise_verticals.sql:74
postgresql,crm,opportunities,stage,Stage,VARCHAR(50),False,'lead',False,False,,não classificado automaticamente,política v1; nenhuma regra automática aplicável,avaliar pelo proprietário do domínio,avaliar pelo proprietário do domínio,não definida; registrar lacuna,existente,database/postgres/migrations/004_enterprise_verticals.sql:75
postgresql,crm,opportunities,status,Status,VARCHAR(40),False,'active',False,False,,não classificado automaticamente,política v1; nenhuma regra automática aplicável,avaliar pelo proprietário do domínio,avaliar pelo proprietário do domínio,não definida; registrar lacuna,existente,database/postgres/migrations/004_enterprise_verticals.sql:76
postgresql,crm,opportunities,metadata,Metadata,JSONB,False,'{}'::jsonb,False,False,,não classificado automaticamente,política v1; nenhuma regra automática aplicável,avaliar pelo proprietário do domínio,avaliar pelo proprietário do domínio,não definida; registrar lacuna,existente,database/postgres/migrations/004_enterprise_verticals.sql:77
postgresql,crm,opportunities,created_at,Created at,TIMESTAMPTZ,False,NOW(),False,False,,não classificado automaticamente,política v1; nenhuma regra automática aplicável,avaliar pelo proprietário do domínio,avaliar pelo proprietário do domínio,não definida; registrar lacuna,existente,database/postgres/migrations/004_enterprise_verticals.sql:78
postgresql,crm,opportunities,updated_at,Updated at,TIMESTAMPTZ,False,NOW(),False,False,,não classificado automaticamente,política v1; nenhuma regra automática aplicável,avaliar pelo proprietário do domínio,avaliar pelo proprietário do domínio,não definida; registrar lacuna,existente,database/postgres/migrations/004_enterprise_verticals.sql:79
postgresql,crm,opportunities,deleted_at,Deleted at,TIMESTAMPTZ,True,,False,False,,não classificado automaticamente,política v1; nenhuma regra automática aplicável,avaliar pelo proprietário do domínio,avaliar pelo proprietário do domínio,não definida; registrar lacuna,existente,database/postgres/migrations/004_enterprise_verticals.sql:80
postgresql,crm,opportunities,created_by,Created by,UUID,True,,False,False,identity.users.id,pseudônimo vinculável,política v1 categoria identidade_relacional; padrões: created_by,controle de acesso e segregação por tenant; criptografia do banco,não expor identificadores internos sem necessidade,acompanha entidade e trilha de auditoria com política de anonimização,existente,database/postgres/migrations/004_enterprise_verticals.sql:81
postgresql,crm,opportunities,updated_by,Updated by,UUID,True,,False,False,identity.users.id,pseudônimo vinculável,política v1 categoria identidade_relacional; padrões: updated_by,controle de acesso e segregação por tenant; criptografia do banco,não expor identificadores internos sem necessidade,acompanha entidade e trilha de auditoria com política de anonimização,existente,database/postgres/migrations/004_enterprise_verticals.sql:82
postgresql,crm,opportunities,idempotency_key,Idempotency key,VARCHAR(120),True,,False,True,,não classificado automaticamente,política v1; nenhuma regra automática aplicável,avaliar pelo proprietário do domínio,avaliar pelo proprietário do domínio,não definida; registrar lacuna,existente,database/postgres/migrations/012_platform_idempotency.sql:36
postgresql,bpm,workflow_instances,id,Id,UUID,False,gen_random_uuid(),True,False,,não classificado automaticamente,política v1; nenhuma regra automática aplicável,avaliar pelo proprietário do domínio,avaliar pelo proprietário do domínio,não definida; registrar lacuna,existente,database/postgres/migrations/004_enterprise_verticals.sql:86
postgresql,bpm,workflow_instances,user_id,User id,UUID,False,,False,False,identity.users.id,pseudônimo vinculável,política v1 categoria identidade_relacional; padrões: user_id,controle de acesso e segregação por tenant; criptografia do banco,não expor identificadores internos sem necessidade,acompanha entidade e trilha de auditoria com política de anonimização,existente,database/postgres/migrations/004_enterprise_verticals.sql:87
postgresql,bpm,workflow_instances,company_id,Company id,UUID,True,,False,False,business.companies.id,não classificado automaticamente,política v1; nenhuma regra automática aplicável,avaliar pelo proprietário do domínio,avaliar pelo proprietário do domínio,não definida; registrar lacuna,existente,database/postgres/migrations/004_enterprise_verticals.sql:88
postgresql,bpm,workflow_instances,process_key,Process key,VARCHAR(120),False,,False,False,,não classificado automaticamente,política v1; nenhuma regra automática aplicável,avaliar pelo proprietário do domínio,avaliar pelo proprietário do domínio,não definida; registrar lacuna,existente,database/postgres/migrations/004_enterprise_verticals.sql:89
postgresql,bpm,workflow_instances,current_task,Current task,VARCHAR(120),True,,False,False,,não classificado automaticamente,política v1; nenhuma regra automática aplicável,avaliar pelo proprietário do domínio,avaliar pelo proprietário do domínio,não definida; registrar lacuna,existente,database/postgres/migrations/004_enterprise_verticals.sql:90
postgresql,bpm,workflow_instances,sla_due_at,Sla due at,TIMESTAMPTZ,True,,False,False,,não classificado automaticamente,política v1; nenhuma regra automática aplicável,avaliar pelo proprietário do domínio,avaliar pelo proprietário do domínio,não definida; registrar lacuna,existente,database/postgres/migrations/004_enterprise_verticals.sql:91
postgresql,bpm,workflow_instances,status,Status,VARCHAR(40),False,'running',False,False,,não classificado automaticamente,política v1; nenhuma regra automática aplicável,avaliar pelo proprietário do domínio,avaliar pelo proprietário do domínio,não definida; registrar lacuna,existente,database/postgres/migrations/004_enterprise_verticals.sql:92
postgresql,bpm,workflow_instances,metadata,Metadata,JSONB,False,'{}'::jsonb,False,False,,não classificado automaticamente,política v1; nenhuma regra automática aplicável,avaliar pelo proprietário do domínio,avaliar pelo proprietário do domínio,não definida; registrar lacuna,existente,database/postgres/migrations/004_enterprise_verticals.sql:93
postgresql,bpm,workflow_instances,created_at,Created at,TIMESTAMPTZ,False,NOW(),False,False,,não classificado automaticamente,política v1; nenhuma regra automática aplicável,avaliar pelo proprietário do domínio,avaliar pelo proprietário do domínio,não definida; registrar lacuna,existente,database/postgres/migrations/004_enterprise_verticals.sql:94
postgresql,bpm,workflow_instances,updated_at,Updated at,TIMESTAMPTZ,False,NOW(),False,False,,não classificado automaticamente,política v1; nenhuma regra automática aplicável,avaliar pelo proprietário do domínio,avaliar pelo proprietário do domínio,não definida; registrar lacuna,existente,database/postgres/migrations/004_enterprise_verticals.sql:95
postgresql,bpm,workflow_instances,deleted_at,Deleted at,TIMESTAMPTZ,True,,False,False,,não classificado automaticamente,política v1; nenhuma regra automática aplicável,avaliar pelo proprietário do domínio,avaliar pelo proprietário do domínio,não definida; registrar lacuna,existente,database/postgres/migrations/004_enterprise_verticals.sql:96
postgresql,bpm,workflow_instances,created_by,Created by,UUID,True,,False,False,identity.users.id,pseudônimo vinculável,política v1 categoria identidade_relacional; padrões: created_by,controle de acesso e segregação por tenant; criptografia do banco,não expor identificadores internos sem necessidade,acompanha entidade e trilha de auditoria com política de anonimização,existente,database/postgres/migrations/004_enterprise_verticals.sql:97
postgresql,bpm,workflow_instances,updated_by,Updated by,UUID,True,,False,False,identity.users.id,pseudônimo vinculável,política v1 categoria identidade_relacional; padrões: updated_by,controle de acesso e segregação por tenant; criptografia do banco,não expor identificadores internos sem necessidade,acompanha entidade e trilha de auditoria com política de anonimização,existente,database/postgres/migrations/004_enterprise_verticals.sql:98
postgresql,bpm,workflow_instances,idempotency_key,Idempotency key,VARCHAR(120),True,,False,True,,não classificado automaticamente,política v1; nenhuma regra automática aplicável,avaliar pelo proprietário do domínio,avaliar pelo proprietário do domínio,não definida; registrar lacuna,existente,database/postgres/migrations/012_platform_idempotency.sql:39
postgresql,document,documents,id,Id,UUID,False,gen_random_uuid(),True,False,,não classificado automaticamente,política v1; nenhuma regra automática aplicável,avaliar pelo proprietário do domínio,avaliar pelo proprietário do domínio,não definida; registrar lacuna,existente,database/postgres/migrations/004_enterprise_verticals.sql:102
postgresql,document,documents,user_id,User id,UUID,False,,False,False,identity.users.id,pseudônimo vinculável,política v1 categoria identidade_relacional; padrões: user_id,controle de acesso e segregação por tenant; criptografia do banco,não expor identificadores internos sem necessidade,acompanha entidade e trilha de auditoria com política de anonimização,existente,database/postgres/migrations/004_enterprise_verticals.sql:103
postgresql,document,documents,company_id,Company id,UUID,True,,False,False,business.companies.id,não classificado automaticamente,política v1; nenhuma regra automática aplicável,avaliar pelo proprietário do domínio,avaliar pelo proprietário do domínio,não definida; registrar lacuna,existente,database/postgres/migrations/004_enterprise_verticals.sql:104
postgresql,document,documents,storage_key,Storage key,TEXT,False,,False,False,,não classificado automaticamente,política v1; nenhuma regra automática aplicável,avaliar pelo proprietário do domínio,avaliar pelo proprietário do domínio,não definida; registrar lacuna,existente,database/postgres/migrations/004_enterprise_verticals.sql:105
postgresql,document,documents,filename,Filename,VARCHAR(255),False,,False,False,,não classificado automaticamente,política v1; nenhuma regra automática aplicável,avaliar pelo proprietário do domínio,avaliar pelo proprietário do domínio,não definida; registrar lacuna,existente,database/postgres/migrations/004_enterprise_verticals.sql:106
postgresql,document,documents,mime_type,Mime type,VARCHAR(120),True,,False,False,,não classificado automaticamente,política v1; nenhuma regra automática aplicável,avaliar pelo proprietário do domínio,avaliar pelo proprietário do domínio,não definida; registrar lacuna,existente,database/postgres/migrations/004_enterprise_verticals.sql:107
postgresql,document,documents,version_number,Version number,INTEGER,False,1,False,False,,não classificado automaticamente,política v1; nenhuma regra automática aplicável,avaliar pelo proprietário do domínio,avaliar pelo proprietário do domínio,não definida; registrar lacuna,existente,database/postgres/migrations/004_enterprise_verticals.sql:108
postgresql,document,documents,retention_until,Retention until,DATE,True,,False,False,,não classificado automaticamente,política v1; nenhuma regra automática aplicável,avaliar pelo proprietário do domínio,avaliar pelo proprietário do domínio,não definida; registrar lacuna,existente,database/postgres/migrations/004_enterprise_verticals.sql:109
postgresql,document,documents,searchable_text,Searchable text,TEXT,True,,False,False,,não classificado automaticamente,política v1; nenhuma regra automática aplicável,avaliar pelo proprietário do domínio,avaliar pelo proprietário do domínio,não definida; registrar lacuna,existente,database/postgres/migrations/004_enterprise_verticals.sql:110
postgresql,document,documents,status,Status,VARCHAR(40),False,'active',False,False,,não classificado automaticamente,política v1; nenhuma regra automática aplicável,avaliar pelo proprietário do domínio,avaliar pelo proprietário do domínio,não definida; registrar lacuna,existente,database/postgres/migrations/004_enterprise_verticals.sql:111
postgresql,document,documents,metadata,Metadata,JSONB,False,'{}'::jsonb,False,False,,não classificado automaticamente,política v1; nenhuma regra automática aplicável,avaliar pelo proprietário do domínio,avaliar pelo proprietário do domínio,não definida; registrar lacuna,existente,database/postgres/migrations/004_enterprise_verticals.sql:112
postgresql,document,documents,created_at,Created at,TIMESTAMPTZ,False,NOW(),False,False,,não classificado automaticamente,política v1; nenhuma regra automática aplicável,avaliar pelo proprietário do domínio,avaliar pelo proprietário do domínio,não definida; registrar lacuna,existente,database/postgres/migrations/004_enterprise_verticals.sql:113
postgresql,document,documents,updated_at,Updated at,TIMESTAMPTZ,False,NOW(),False,False,,não classificado automaticamente,política v1; nenhuma regra automática aplicável,avaliar pelo proprietário do domínio,avaliar pelo proprietário do domínio,não definida; registrar lacuna,existente,database/postgres/migrations/004_enterprise_verticals.sql:114
postgresql,document,documents,deleted_at,Deleted at,TIMESTAMPTZ,True,,False,False,,não classificado automaticamente,política v1; nenhuma regra automática aplicável,avaliar pelo proprietário do domínio,avaliar pelo proprietário do domínio,não definida; registrar lacuna,existente,database/postgres/migrations/004_enterprise_verticals.sql:115
postgresql,document,documents,created_by,Created by,UUID,True,,False,False,identity.users.id,pseudônimo vinculável,política v1 categoria identidade_relacional; padrões: created_by,controle de acesso e segregação por tenant; criptografia do banco,não expor identificadores internos sem necessidade,acompanha entidade e trilha de auditoria com política de anonimização,existente,database/postgres/migrations/004_enterprise_verticals.sql:116
postgresql,document,documents,updated_by,Updated by,UUID,True,,False,False,identity.users.id,pseudônimo vinculável,política v1 categoria identidade_relacional; padrões: updated_by,controle de acesso e segregação por tenant; criptografia do banco,não expor identificadores internos sem necessidade,acompanha entidade e trilha de auditoria com política de anonimização,existente,database/postgres/migrations/004_enterprise_verticals.sql:117
postgresql,document,documents,idempotency_key,Idempotency key,VARCHAR(120),True,,False,True,,não classificado automaticamente,política v1; nenhuma regra automática aplicável,avaliar pelo proprietário do domínio,avaliar pelo proprietário do domínio,não definida; registrar lacuna,existente,database/postgres/migrations/012_platform_idempotency.sql:42
postgresql,billing,subscriptions,id,Id,UUID,False,gen_random_uuid(),True,False,,não classificado automaticamente,política v1; nenhuma regra automática aplicável,avaliar pelo proprietário do domínio,avaliar pelo proprietário do domínio,não definida; registrar lacuna,existente,database/postgres/migrations/004_enterprise_verticals.sql:121
postgresql,billing,subscriptions,user_id,User id,UUID,False,,False,False,identity.users.id,pseudônimo vinculável,política v1 categoria identidade_relacional; padrões: user_id,controle de acesso e segregação por tenant; criptografia do banco,não expor identificadores internos sem necessidade,acompanha entidade e trilha de auditoria com política de anonimização,existente,database/postgres/migrations/004_enterprise_verticals.sql:122
postgresql,billing,subscriptions,company_id,Company id,UUID,True,,False,False,business.companies.id,não classificado automaticamente,política v1; nenhuma regra automática aplicável,avaliar pelo proprietário do domínio,avaliar pelo proprietário do domínio,não definida; registrar lacuna,existente,database/postgres/migrations/004_enterprise_verticals.sql:123
postgresql,billing,subscriptions,plan_code,Plan code,VARCHAR(80),False,,False,False,,não classificado automaticamente,política v1; nenhuma regra automática aplicável,avaliar pelo proprietário do domínio,avaliar pelo proprietário do domínio,não definida; registrar lacuna,existente,database/postgres/migrations/004_enterprise_verticals.sql:124
postgresql,billing,subscriptions,recurring_brl,Recurring brl,"NUMERIC(18, 4)",False,0,False,False,,não classificado automaticamente,política v1; nenhuma regra automática aplicável,avaliar pelo proprietário do domínio,avaliar pelo proprietário do domínio,não definida; registrar lacuna,existente,database/postgres/migrations/004_enterprise_verticals.sql:125
postgresql,billing,subscriptions,next_billing_at,Next billing at,TIMESTAMPTZ,True,,False,False,,não classificado automaticamente,política v1; nenhuma regra automática aplicável,avaliar pelo proprietário do domínio,avaliar pelo proprietário do domínio,não definida; registrar lacuna,existente,database/postgres/migrations/004_enterprise_verticals.sql:126
postgresql,billing,subscriptions,status,Status,VARCHAR(40),False,'trial',False,False,,não classificado automaticamente,política v1; nenhuma regra automática aplicável,avaliar pelo proprietário do domínio,avaliar pelo proprietário do domínio,não definida; registrar lacuna,existente,database/postgres/migrations/004_enterprise_verticals.sql:127
postgresql,billing,subscriptions,metadata,Metadata,JSONB,False,'{}'::jsonb,False,False,,não classificado automaticamente,política v1; nenhuma regra automática aplicável,avaliar pelo proprietário do domínio,avaliar pelo proprietário do domínio,não definida; registrar lacuna,existente,database/postgres/migrations/004_enterprise_verticals.sql:128
postgresql,billing,subscriptions,created_at,Created at,TIMESTAMPTZ,False,NOW(),False,False,,não classificado automaticamente,política v1; nenhuma regra automática aplicável,avaliar pelo proprietário do domínio,avaliar pelo proprietário do domínio,não definida; registrar lacuna,existente,database/postgres/migrations/004_enterprise_verticals.sql:129
postgresql,billing,subscriptions,updated_at,Updated at,TIMESTAMPTZ,False,NOW(),False,False,,não classificado automaticamente,política v1; nenhuma regra automática aplicável,avaliar pelo proprietário do domínio,avaliar pelo proprietário do domínio,não definida; registrar lacuna,existente,database/postgres/migrations/004_enterprise_verticals.sql:130
postgresql,billing,subscriptions,deleted_at,Deleted at,TIMESTAMPTZ,True,,False,False,,não classificado automaticamente,política v1; nenhuma regra automática aplicável,avaliar pelo proprietário do domínio,avaliar pelo proprietário do domínio,não definida; registrar lacuna,existente,database/postgres/migrations/004_enterprise_verticals.sql:131
postgresql,billing,subscriptions,created_by,Created by,UUID,True,,False,False,identity.users.id,pseudônimo vinculável,política v1 categoria identidade_relacional; padrões: created_by,controle de acesso e segregação por tenant; criptografia do banco,não expor identificadores internos sem necessidade,acompanha entidade e trilha de auditoria com política de anonimização,existente,database/postgres/migrations/004_enterprise_verticals.sql:132
postgresql,billing,subscriptions,updated_by,Updated by,UUID,True,,False,False,identity.users.id,pseudônimo vinculável,política v1 categoria identidade_relacional; padrões: updated_by,controle de acesso e segregação por tenant; criptografia do banco,não expor identificadores internos sem necessidade,acompanha entidade e trilha de auditoria com política de anonimização,existente,database/postgres/migrations/004_enterprise_verticals.sql:133
postgresql,billing,subscriptions,idempotency_key,Idempotency key,VARCHAR(120),True,,False,True,,não classificado automaticamente,política v1; nenhuma regra automática aplicável,avaliar pelo proprietário do domínio,avaliar pelo proprietário do domínio,não definida; registrar lacuna,existente,database/postgres/migrations/012_platform_idempotency.sql:46
postgresql,fiscal,tax_documents,id,Id,UUID,False,gen_random_uuid(),True,False,,não classificado automaticamente,política v1; nenhuma regra automática aplicável,avaliar pelo proprietário do domínio,avaliar pelo proprietário do domínio,não definida; registrar lacuna,existente,database/postgres/migrations/004_enterprise_verticals.sql:137
postgresql,fiscal,tax_documents,user_id,User id,UUID,False,,False,False,identity.users.id,pseudônimo vinculável,política v1 categoria identidade_relacional; padrões: user_id,controle de acesso e segregação por tenant; criptografia do banco,não expor identificadores internos sem necessidade,acompanha entidade e trilha de auditoria com política de anonimização,existente,database/postgres/migrations/004_enterprise_verticals.sql:138
postgresql,fiscal,tax_documents,company_id,Company id,UUID,True,,False,False,business.companies.id,não classificado automaticamente,política v1; nenhuma regra automática aplicável,avaliar pelo proprietário do domínio,avaliar pelo proprietário do domínio,não definida; registrar lacuna,existente,database/postgres/migrations/004_enterprise_verticals.sql:139
postgresql,fiscal,tax_documents,type,Type,VARCHAR(20),False,,False,False,,não classificado automaticamente,política v1; nenhuma regra automática aplicável,avaliar pelo proprietário do domínio,avaliar pelo proprietário do domínio,não definida; registrar lacuna,existente,database/postgres/migrations/004_enterprise_verticals.sql:140
postgresql,fiscal,tax_documents,amount_brl,Amount brl,"NUMERIC(18, 4)",False,0,False,False,,financeiro confidencial,política v1 categoria financeiro; padrões: amount,obrigatória em trânsito e repouso,restringir por papel e finalidade; não registrar valor sensível desnecessário,"definir por obrigação contábil, fiscal e prevenção a fraude",existente,database/postgres/migrations/004_enterprise_verticals.sql:141
postgresql,fiscal,tax_documents,authority_protocol,Authority protocol,TEXT,True,,False,False,,não classificado automaticamente,política v1; nenhuma regra automática aplicável,avaliar pelo proprietário do domínio,avaliar pelo proprietário do domínio,não definida; registrar lacuna,existente,database/postgres/migrations/004_enterprise_verticals.sql:142
postgresql,fiscal,tax_documents,status,Status,VARCHAR(40),False,'draft',False,False,,não classificado automaticamente,política v1; nenhuma regra automática aplicável,avaliar pelo proprietário do domínio,avaliar pelo proprietário do domínio,não definida; registrar lacuna,existente,database/postgres/migrations/004_enterprise_verticals.sql:143
postgresql,fiscal,tax_documents,metadata,Metadata,JSONB,False,'{}'::jsonb,False,False,,não classificado automaticamente,política v1; nenhuma regra automática aplicável,avaliar pelo proprietário do domínio,avaliar pelo proprietário do domínio,não definida; registrar lacuna,existente,database/postgres/migrations/004_enterprise_verticals.sql:144
postgresql,fiscal,tax_documents,created_at,Created at,TIMESTAMPTZ,False,NOW(),False,False,,não classificado automaticamente,política v1; nenhuma regra automática aplicável,avaliar pelo proprietário do domínio,avaliar pelo proprietário do domínio,não definida; registrar lacuna,existente,database/postgres/migrations/004_enterprise_verticals.sql:145
postgresql,fiscal,tax_documents,updated_at,Updated at,TIMESTAMPTZ,False,NOW(),False,False,,não classificado automaticamente,política v1; nenhuma regra automática aplicável,avaliar pelo proprietário do domínio,avaliar pelo proprietário do domínio,não definida; registrar lacuna,existente,database/postgres/migrations/004_enterprise_verticals.sql:146
postgresql,fiscal,tax_documents,deleted_at,Deleted at,TIMESTAMPTZ,True,,False,False,,não classificado automaticamente,política v1; nenhuma regra automática aplicável,avaliar pelo proprietário do domínio,avaliar pelo proprietário do domínio,não definida; registrar lacuna,existente,database/postgres/migrations/004_enterprise_verticals.sql:147
postgresql,fiscal,tax_documents,created_by,Created by,UUID,True,,False,False,identity.users.id,pseudônimo vinculável,política v1 categoria identidade_relacional; padrões: created_by,controle de acesso e segregação por tenant; criptografia do banco,não expor identificadores internos sem necessidade,acompanha entidade e trilha de auditoria com política de anonimização,existente,database/postgres/migrations/004_enterprise_verticals.sql:148
postgresql,fiscal,tax_documents,updated_by,Updated by,UUID,True,,False,False,identity.users.id,pseudônimo vinculável,política v1 categoria identidade_relacional; padrões: updated_by,controle de acesso e segregação por tenant; criptografia do banco,não expor identificadores internos sem necessidade,acompanha entidade e trilha de auditoria com política de anonimização,existente,database/postgres/migrations/004_enterprise_verticals.sql:149
postgresql,fiscal,tax_documents,idempotency_key,Idempotency key,VARCHAR(120),True,,False,True,,não classificado automaticamente,política v1; nenhuma regra automática aplicável,avaliar pelo proprietário do domínio,avaliar pelo proprietário do domínio,não definida; registrar lacuna,existente,database/postgres/migrations/012_platform_idempotency.sql:51
postgresql,hr,employees,id,Id,UUID,False,gen_random_uuid(),True,False,,não classificado automaticamente,política v1; nenhuma regra automática aplicável,avaliar pelo proprietário do domínio,avaliar pelo proprietário do domínio,não definida; registrar lacuna,existente,database/postgres/migrations/004_enterprise_verticals.sql:153
postgresql,hr,employees,user_id,User id,UUID,False,,False,False,identity.users.id,pseudônimo vinculável,política v1 categoria identidade_relacional; padrões: user_id,controle de acesso e segregação por tenant; criptografia do banco,não expor identificadores internos sem necessidade,acompanha entidade e trilha de auditoria com política de anonimização,existente,database/postgres/migrations/004_enterprise_verticals.sql:154
postgresql,hr,employees,company_id,Company id,UUID,False,,False,False,business.companies.id,não classificado automaticamente,política v1; nenhuma regra automática aplicável,avaliar pelo proprietário do domínio,avaliar pelo proprietário do domínio,não definida; registrar lacuna,existente,database/postgres/migrations/004_enterprise_verticals.sql:155
postgresql,hr,employees,employment_type,Employment type,VARCHAR(40),False,,False,False,,não classificado automaticamente,política v1; nenhuma regra automática aplicável,avaliar pelo proprietário do domínio,avaliar pelo proprietário do domínio,não definida; registrar lacuna,existente,database/postgres/migrations/004_enterprise_verticals.sql:156
postgresql,hr,employees,position_title,Position title,VARCHAR(120),True,,False,False,,não classificado automaticamente,política v1; nenhuma regra automática aplicável,avaliar pelo proprietário do domínio,avaliar pelo proprietário do domínio,não definida; registrar lacuna,existente,database/postgres/migrations/004_enterprise_verticals.sql:157
postgresql,hr,employees,admission_date,Admission date,DATE,True,,False,False,,não classificado automaticamente,política v1; nenhuma regra automática aplicável,avaliar pelo proprietário do domínio,avaliar pelo proprietário do domínio,não definida; registrar lacuna,existente,database/postgres/migrations/004_enterprise_verticals.sql:158
postgresql,hr,employees,status,Status,VARCHAR(40),False,'active',False,False,,não classificado automaticamente,política v1; nenhuma regra automática aplicável,avaliar pelo proprietário do domínio,avaliar pelo proprietário do domínio,não definida; registrar lacuna,existente,database/postgres/migrations/004_enterprise_verticals.sql:159
postgresql,hr,employees,metadata,Metadata,JSONB,False,'{}'::jsonb,False,False,,não classificado automaticamente,política v1; nenhuma regra automática aplicável,avaliar pelo proprietário do domínio,avaliar pelo proprietário do domínio,não definida; registrar lacuna,existente,database/postgres/migrations/004_enterprise_verticals.sql:160
postgresql,hr,employees,created_at,Created at,TIMESTAMPTZ,False,NOW(),False,False,,não classificado automaticamente,política v1; nenhuma regra automática aplicável,avaliar pelo proprietário do domínio,avaliar pelo proprietário do domínio,não definida; registrar lacuna,existente,database/postgres/migrations/004_enterprise_verticals.sql:161
postgresql,hr,employees,updated_at,Updated at,TIMESTAMPTZ,False,NOW(),False,False,,não classificado automaticamente,política v1; nenhuma regra automática aplicável,avaliar pelo proprietário do domínio,avaliar pelo proprietário do domínio,não definida; registrar lacuna,existente,database/postgres/migrations/004_enterprise_verticals.sql:162
postgresql,hr,employees,deleted_at,Deleted at,TIMESTAMPTZ,True,,False,False,,não classificado automaticamente,política v1; nenhuma regra automática aplicável,avaliar pelo proprietário do domínio,avaliar pelo proprietário do domínio,não definida; registrar lacuna,existente,database/postgres/migrations/004_enterprise_verticals.sql:163
postgresql,hr,employees,created_by,Created by,UUID,True,,False,False,identity.users.id,pseudônimo vinculável,política v1 categoria identidade_relacional; padrões: created_by,controle de acesso e segregação por tenant; criptografia do banco,não expor identificadores internos sem necessidade,acompanha entidade e trilha de auditoria com política de anonimização,existente,database/postgres/migrations/004_enterprise_verticals.sql:164
postgresql,hr,employees,updated_by,Updated by,UUID,True,,False,False,identity.users.id,pseudônimo vinculável,política v1 categoria identidade_relacional; padrões: updated_by,controle de acesso e segregação por tenant; criptografia do banco,não expor identificadores internos sem necessidade,acompanha entidade e trilha de auditoria com política de anonimização,existente,database/postgres/migrations/004_enterprise_verticals.sql:165
postgresql,hr,employees,idempotency_key,Idempotency key,VARCHAR(120),True,,False,True,,não classificado automaticamente,política v1; nenhuma regra automática aplicável,avaliar pelo proprietário do domínio,avaliar pelo proprietário do domínio,não definida; registrar lacuna,existente,database/postgres/migrations/012_platform_idempotency.sql:55
postgresql,health,patients,id,Id,UUID,False,gen_random_uuid(),True,False,,não classificado automaticamente,política v1; nenhuma regra automática aplicável,avaliar pelo proprietário do domínio,avaliar pelo proprietário do domínio,não definida; registrar lacuna,existente,database/postgres/migrations/004_enterprise_verticals.sql:169
postgresql,health,patients,user_id,User id,UUID,False,,False,True,identity.users.id,pseudônimo vinculável,política v1 categoria identidade_relacional; padrões: user_id,controle de acesso e segregação por tenant; criptografia do banco,não expor identificadores internos sem necessidade,acompanha entidade e trilha de auditoria com política de anonimização,existente,database/postgres/migrations/004_enterprise_verticals.sql:170
postgresql,health,patients,health_identifier,Health identifier,VARCHAR(80),True,,False,True,,dado pessoal sensível,política v1 categoria biometria_saude; padrões: health,obrigatória com chave gerenciada e segregação de acesso,não exibir sem finalidade e autorização reforçada,"definir por obrigação legal, finalidade clínica e consentimento",existente,database/postgres/migrations/004_enterprise_verticals.sql:171
postgresql,health,patients,blood_type,Blood type,VARCHAR(5),True,,False,False,,não classificado automaticamente,política v1; nenhuma regra automática aplicável,avaliar pelo proprietário do domínio,avaliar pelo proprietário do domínio,não definida; registrar lacuna,existente,database/postgres/migrations/004_enterprise_verticals.sql:172
postgresql,health,patients,status,Status,VARCHAR(40),False,'active',False,False,,não classificado automaticamente,política v1; nenhuma regra automática aplicável,avaliar pelo proprietário do domínio,avaliar pelo proprietário do domínio,não definida; registrar lacuna,existente,database/postgres/migrations/004_enterprise_verticals.sql:173
postgresql,health,patients,metadata,Metadata,JSONB,False,'{}'::jsonb,False,False,,não classificado automaticamente,política v1; nenhuma regra automática aplicável,avaliar pelo proprietário do domínio,avaliar pelo proprietário do domínio,não definida; registrar lacuna,existente,database/postgres/migrations/004_enterprise_verticals.sql:174
postgresql,health,patients,created_at,Created at,TIMESTAMPTZ,False,NOW(),False,False,,não classificado automaticamente,política v1; nenhuma regra automática aplicável,avaliar pelo proprietário do domínio,avaliar pelo proprietário do domínio,não definida; registrar lacuna,existente,database/postgres/migrations/004_enterprise_verticals.sql:175
postgresql,health,patients,updated_at,Updated at,TIMESTAMPTZ,False,NOW(),False,False,,não classificado automaticamente,política v1; nenhuma regra automática aplicável,avaliar pelo proprietário do domínio,avaliar pelo proprietário do domínio,não definida; registrar lacuna,existente,database/postgres/migrations/004_enterprise_verticals.sql:176
postgresql,health,patients,deleted_at,Deleted at,TIMESTAMPTZ,True,,False,False,,não classificado automaticamente,política v1; nenhuma regra automática aplicável,avaliar pelo proprietário do domínio,avaliar pelo proprietário do domínio,não definida; registrar lacuna,existente,database/postgres/migrations/004_enterprise_verticals.sql:177
postgresql,health,patients,created_by,Created by,UUID,True,,False,False,identity.users.id,pseudônimo vinculável,política v1 categoria identidade_relacional; padrões: created_by,controle de acesso e segregação por tenant; criptografia do banco,não expor identificadores internos sem necessidade,acompanha entidade e trilha de auditoria com política de anonimização,existente,database/postgres/migrations/004_enterprise_verticals.sql:178
postgresql,health,patients,updated_by,Updated by,UUID,True,,False,False,identity.users.id,pseudônimo vinculável,política v1 categoria identidade_relacional; padrões: updated_by,controle de acesso e segregação por tenant; criptografia do banco,não expor identificadores internos sem necessidade,acompanha entidade e trilha de auditoria com política de anonimização,existente,database/postgres/migrations/004_enterprise_verticals.sql:179
postgresql,health,patients,idempotency_key,Idempotency key,VARCHAR(120),True,,False,True,,não classificado automaticamente,política v1; nenhuma regra automática aplicável,avaliar pelo proprietário do domínio,avaliar pelo proprietário do domínio,não definida; registrar lacuna,existente,database/postgres/migrations/012_platform_idempotency.sql:58
postgresql,health,appointments,id,Id,UUID,False,gen_random_uuid(),True,False,,não classificado automaticamente,política v1; nenhuma regra automática aplicável,avaliar pelo proprietário do domínio,avaliar pelo proprietário do domínio,não definida; registrar lacuna,existente,database/postgres/migrations/004_enterprise_verticals.sql:183
postgresql,health,appointments,user_id,User id,UUID,False,,False,False,identity.users.id,pseudônimo vinculável,política v1 categoria identidade_relacional; padrões: user_id,controle de acesso e segregação por tenant; criptografia do banco,não expor identificadores internos sem necessidade,acompanha entidade e trilha de auditoria com política de anonimização,existente,database/postgres/migrations/004_enterprise_verticals.sql:184
postgresql,health,appointments,patient_id,Patient id,UUID,False,,False,False,health.patients.id,dado pessoal sensível,política v1 categoria biometria_saude; padrões: patient,obrigatória com chave gerenciada e segregação de acesso,não exibir sem finalidade e autorização reforçada,"definir por obrigação legal, finalidade clínica e consentimento",existente,database/postgres/migrations/004_enterprise_verticals.sql:185
postgresql,health,appointments,professional_user_id,Professional user id,UUID,False,,False,False,identity.users.id,pseudônimo vinculável,política v1 categoria identidade_relacional; padrões: user_id,controle de acesso e segregação por tenant; criptografia do banco,não expor identificadores internos sem necessidade,acompanha entidade e trilha de auditoria com política de anonimização,existente,database/postgres/migrations/004_enterprise_verticals.sql:186
postgresql,health,appointments,scheduled_at,Scheduled at,TIMESTAMPTZ,False,,False,False,,não classificado automaticamente,política v1; nenhuma regra automática aplicável,avaliar pelo proprietário do domínio,avaliar pelo proprietário do domínio,não definida; registrar lacuna,existente,database/postgres/migrations/004_enterprise_verticals.sql:187
postgresql,health,appointments,telemedicine,Telemedicine,BOOLEAN,False,FALSE,False,False,,não classificado automaticamente,política v1; nenhuma regra automática aplicável,avaliar pelo proprietário do domínio,avaliar pelo proprietário do domínio,não definida; registrar lacuna,existente,database/postgres/migrations/004_enterprise_verticals.sql:188
postgresql,health,appointments,clinical_data_encrypted,Clinical data encrypted,TEXT,True,,False,False,,não classificado automaticamente,política v1; nenhuma regra automática aplicável,avaliar pelo proprietário do domínio,avaliar pelo proprietário do domínio,não definida; registrar lacuna,existente,database/postgres/migrations/004_enterprise_verticals.sql:189
postgresql,health,appointments,status,Status,VARCHAR(40),False,'scheduled',False,False,,não classificado automaticamente,política v1; nenhuma regra automática aplicável,avaliar pelo proprietário do domínio,avaliar pelo proprietário do domínio,não definida; registrar lacuna,existente,database/postgres/migrations/004_enterprise_verticals.sql:190
postgresql,health,appointments,metadata,Metadata,JSONB,False,'{}'::jsonb,False,False,,não classificado automaticamente,política v1; nenhuma regra automática aplicável,avaliar pelo proprietário do domínio,avaliar pelo proprietário do domínio,não definida; registrar lacuna,existente,database/postgres/migrations/004_enterprise_verticals.sql:191
postgresql,health,appointments,created_at,Created at,TIMESTAMPTZ,False,NOW(),False,False,,não classificado automaticamente,política v1; nenhuma regra automática aplicável,avaliar pelo proprietário do domínio,avaliar pelo proprietário do domínio,não definida; registrar lacuna,existente,database/postgres/migrations/004_enterprise_verticals.sql:192
postgresql,health,appointments,updated_at,Updated at,TIMESTAMPTZ,False,NOW(),False,False,,não classificado automaticamente,política v1; nenhuma regra automática aplicável,avaliar pelo proprietário do domínio,avaliar pelo proprietário do domínio,não definida; registrar lacuna,existente,database/postgres/migrations/004_enterprise_verticals.sql:193
postgresql,health,appointments,deleted_at,Deleted at,TIMESTAMPTZ,True,,False,False,,não classificado automaticamente,política v1; nenhuma regra automática aplicável,avaliar pelo proprietário do domínio,avaliar pelo proprietário do domínio,não definida; registrar lacuna,existente,database/postgres/migrations/004_enterprise_verticals.sql:194
postgresql,health,appointments,created_by,Created by,UUID,True,,False,False,identity.users.id,pseudônimo vinculável,política v1 categoria identidade_relacional; padrões: created_by,controle de acesso e segregação por tenant; criptografia do banco,não expor identificadores internos sem necessidade,acompanha entidade e trilha de auditoria com política de anonimização,existente,database/postgres/migrations/004_enterprise_verticals.sql:195
postgresql,health,appointments,updated_by,Updated by,UUID,True,,False,False,identity.users.id,pseudônimo vinculável,política v1 categoria identidade_relacional; padrões: updated_by,controle de acesso e segregação por tenant; criptografia do banco,não expor identificadores internos sem necessidade,acompanha entidade e trilha de auditoria com política de anonimização,existente,database/postgres/migrations/004_enterprise_verticals.sql:196
postgresql,health,appointments,idempotency_key,Idempotency key,VARCHAR(120),True,,False,True,,não classificado automaticamente,política v1; nenhuma regra automática aplicável,avaliar pelo proprietário do domínio,avaliar pelo proprietário do domínio,não definida; registrar lacuna,existente,database/postgres/migrations/012_platform_idempotency.sql:59
postgresql,health,appointments,offer_id,Offer id,UUID,True,,False,False,business.catalog_offers.id,não classificado automaticamente,política v1; nenhuma regra automática aplicável,avaliar pelo proprietário do domínio,avaliar pelo proprietário do domínio,não definida; registrar lacuna,existente,database/postgres/migrations/020_valley_services_health_sprint3.sql:17
postgresql,health,appointments,company_id,Company id,UUID,True,,False,False,business.companies.id,não classificado automaticamente,política v1; nenhuma regra automática aplicável,avaliar pelo proprietário do domínio,avaliar pelo proprietário do domínio,não definida; registrar lacuna,existente,database/postgres/migrations/020_valley_services_health_sprint3.sql:18
postgresql,vision,devices,id,Id,UUID,False,gen_random_uuid(),True,False,,não classificado automaticamente,política v1; nenhuma regra automática aplicável,avaliar pelo proprietário do domínio,avaliar pelo proprietário do domínio,não definida; registrar lacuna,existente,database/postgres/migrations/004_enterprise_verticals.sql:200
postgresql,vision,devices,user_id,User id,UUID,False,,False,False,identity.users.id,pseudônimo vinculável,política v1 categoria identidade_relacional; padrões: user_id,controle de acesso e segregação por tenant; criptografia do banco,não expor identificadores internos sem necessidade,acompanha entidade e trilha de auditoria com política de anonimização,existente,database/postgres/migrations/004_enterprise_verticals.sql:201
postgresql,vision,devices,device_fingerprint,Device fingerprint,TEXT,False,,False,False,,dado pessoal,política v1 categoria contato_localizacao; padrões: device,criptografar quando associado a pessoa identificada ou rastreamento,"mascarar em logs, listagens e exportações não autorizadas",limitar à finalidade operacional e consentimento aplicável,existente,database/postgres/migrations/004_enterprise_verticals.sql:202
postgresql,vision,devices,location_label,Location label,VARCHAR(160),True,,False,False,,dado pessoal,política v1 categoria contato_localizacao; padrões: location,criptografar quando associado a pessoa identificada ou rastreamento,"mascarar em logs, listagens e exportações não autorizadas",limitar à finalidade operacional e consentimento aplicável,existente,database/postgres/migrations/004_enterprise_verticals.sql:203
postgresql,vision,devices,retention_days,Retention days,INTEGER,False,7,False,False,,não classificado automaticamente,política v1; nenhuma regra automática aplicável,avaliar pelo proprietário do domínio,avaliar pelo proprietário do domínio,não definida; registrar lacuna,existente,database/postgres/migrations/004_enterprise_verticals.sql:204
postgresql,vision,devices,status,Status,VARCHAR(40),False,'active',False,False,,não classificado automaticamente,política v1; nenhuma regra automática aplicável,avaliar pelo proprietário do domínio,avaliar pelo proprietário do domínio,não definida; registrar lacuna,existente,database/postgres/migrations/004_enterprise_verticals.sql:205
postgresql,vision,devices,metadata,Metadata,JSONB,False,'{}'::jsonb,False,False,,não classificado automaticamente,política v1; nenhuma regra automática aplicável,avaliar pelo proprietário do domínio,avaliar pelo proprietário do domínio,não definida; registrar lacuna,existente,database/postgres/migrations/004_enterprise_verticals.sql:206
postgresql,vision,devices,created_at,Created at,TIMESTAMPTZ,False,NOW(),False,False,,não classificado automaticamente,política v1; nenhuma regra automática aplicável,avaliar pelo proprietário do domínio,avaliar pelo proprietário do domínio,não definida; registrar lacuna,existente,database/postgres/migrations/004_enterprise_verticals.sql:207
postgresql,vision,devices,updated_at,Updated at,TIMESTAMPTZ,False,NOW(),False,False,,não classificado automaticamente,política v1; nenhuma regra automática aplicável,avaliar pelo proprietário do domínio,avaliar pelo proprietário do domínio,não definida; registrar lacuna,existente,database/postgres/migrations/004_enterprise_verticals.sql:208
postgresql,vision,devices,deleted_at,Deleted at,TIMESTAMPTZ,True,,False,False,,não classificado automaticamente,política v1; nenhuma regra automática aplicável,avaliar pelo proprietário do domínio,avaliar pelo proprietário do domínio,não definida; registrar lacuna,existente,database/postgres/migrations/004_enterprise_verticals.sql:209
postgresql,vision,devices,created_by,Created by,UUID,True,,False,False,identity.users.id,pseudônimo vinculável,política v1 categoria identidade_relacional; padrões: created_by,controle de acesso e segregação por tenant; criptografia do banco,não expor identificadores internos sem necessidade,acompanha entidade e trilha de auditoria com política de anonimização,existente,database/postgres/migrations/004_enterprise_verticals.sql:210
postgresql,vision,devices,updated_by,Updated by,UUID,True,,False,False,identity.users.id,pseudônimo vinculável,política v1 categoria identidade_relacional; padrões: updated_by,controle de acesso e segregação por tenant; criptografia do banco,não expor identificadores internos sem necessidade,acompanha entidade e trilha de auditoria com política de anonimização,existente,database/postgres/migrations/004_enterprise_verticals.sql:211
postgresql,vision,devices,idempotency_key,Idempotency key,VARCHAR(120),True,,False,True,,não classificado automaticamente,política v1; nenhuma regra automática aplicável,avaliar pelo proprietário do domínio,avaliar pelo proprietário do domínio,não definida; registrar lacuna,existente,database/postgres/migrations/012_platform_idempotency.sql:62
postgresql,legal,cases,id,Id,UUID,False,gen_random_uuid(),True,False,,não classificado automaticamente,política v1; nenhuma regra automática aplicável,avaliar pelo proprietário do domínio,avaliar pelo proprietário do domínio,não definida; registrar lacuna,existente,database/postgres/migrations/004_enterprise_verticals.sql:215
postgresql,legal,cases,user_id,User id,UUID,False,,False,False,identity.users.id,pseudônimo vinculável,política v1 categoria identidade_relacional; padrões: user_id,controle de acesso e segregação por tenant; criptografia do banco,não expor identificadores internos sem necessidade,acompanha entidade e trilha de auditoria com política de anonimização,existente,database/postgres/migrations/004_enterprise_verticals.sql:216
postgresql,legal,cases,company_id,Company id,UUID,True,,False,False,business.companies.id,não classificado automaticamente,política v1; nenhuma regra automática aplicável,avaliar pelo proprietário do domínio,avaliar pelo proprietário do domínio,não definida; registrar lacuna,existente,database/postgres/migrations/004_enterprise_verticals.sql:217
postgresql,legal,cases,case_number,Case number,VARCHAR(120),True,,False,False,,não classificado automaticamente,política v1; nenhuma regra automática aplicável,avaliar pelo proprietário do domínio,avaliar pelo proprietário do domínio,não definida; registrar lacuna,existente,database/postgres/migrations/004_enterprise_verticals.sql:218
postgresql,legal,cases,risk_brl,Risk brl,"NUMERIC(18, 4)",True,,False,False,,não classificado automaticamente,política v1; nenhuma regra automática aplicável,avaliar pelo proprietário do domínio,avaliar pelo proprietário do domínio,não definida; registrar lacuna,existente,database/postgres/migrations/004_enterprise_verticals.sql:219
postgresql,legal,cases,next_deadline,Next deadline,TIMESTAMPTZ,True,,False,False,,não classificado automaticamente,política v1; nenhuma regra automática aplicável,avaliar pelo proprietário do domínio,avaliar pelo proprietário do domínio,não definida; registrar lacuna,existente,database/postgres/migrations/004_enterprise_verticals.sql:220
postgresql,legal,cases,status,Status,VARCHAR(40),False,'active',False,False,,não classificado automaticamente,política v1; nenhuma regra automática aplicável,avaliar pelo proprietário do domínio,avaliar pelo proprietário do domínio,não definida; registrar lacuna,existente,database/postgres/migrations/004_enterprise_verticals.sql:221
postgresql,legal,cases,metadata,Metadata,JSONB,False,'{}'::jsonb,False,False,,não classificado automaticamente,política v1; nenhuma regra automática aplicável,avaliar pelo proprietário do domínio,avaliar pelo proprietário do domínio,não definida; registrar lacuna,existente,database/postgres/migrations/004_enterprise_verticals.sql:222
postgresql,legal,cases,created_at,Created at,TIMESTAMPTZ,False,NOW(),False,False,,não classificado automaticamente,política v1; nenhuma regra automática aplicável,avaliar pelo proprietário do domínio,avaliar pelo proprietário do domínio,não definida; registrar lacuna,existente,database/postgres/migrations/004_enterprise_verticals.sql:223
postgresql,legal,cases,updated_at,Updated at,TIMESTAMPTZ,False,NOW(),False,False,,não classificado automaticamente,política v1; nenhuma regra automática aplicável,avaliar pelo proprietário do domínio,avaliar pelo proprietário do domínio,não definida; registrar lacuna,existente,database/postgres/migrations/004_enterprise_verticals.sql:224
postgresql,legal,cases,deleted_at,Deleted at,TIMESTAMPTZ,True,,False,False,,não classificado automaticamente,política v1; nenhuma regra automática aplicável,avaliar pelo proprietário do domínio,avaliar pelo proprietário do domínio,não definida; registrar lacuna,existente,database/postgres/migrations/004_enterprise_verticals.sql:225
postgresql,legal,cases,created_by,Created by,UUID,True,,False,False,identity.users.id,pseudônimo vinculável,política v1 categoria identidade_relacional; padrões: created_by,controle de acesso e segregação por tenant; criptografia do banco,não expor identificadores internos sem necessidade,acompanha entidade e trilha de auditoria com política de anonimização,existente,database/postgres/migrations/004_enterprise_verticals.sql:226
postgresql,legal,cases,updated_by,Updated by,UUID,True,,False,False,identity.users.id,pseudônimo vinculável,política v1 categoria identidade_relacional; padrões: updated_by,controle de acesso e segregação por tenant; criptografia do banco,não expor identificadores internos sem necessidade,acompanha entidade e trilha de auditoria com política de anonimização,existente,database/postgres/migrations/004_enterprise_verticals.sql:227
postgresql,legal,cases,idempotency_key,Idempotency key,VARCHAR(120),True,,False,True,,não classificado automaticamente,política v1; nenhuma regra automática aplicável,avaliar pelo proprietário do domínio,avaliar pelo proprietário do domínio,não definida; registrar lacuna,existente,database/postgres/migrations/012_platform_idempotency.sql:65
postgresql,property,properties,id,Id,UUID,False,gen_random_uuid(),True,False,,não classificado automaticamente,política v1; nenhuma regra automática aplicável,avaliar pelo proprietário do domínio,avaliar pelo proprietário do domínio,não definida; registrar lacuna,existente,database/postgres/migrations/004_enterprise_verticals.sql:231
postgresql,property,properties,user_id,User id,UUID,False,,False,False,identity.users.id,pseudônimo vinculável,política v1 categoria identidade_relacional; padrões: user_id,controle de acesso e segregação por tenant; criptografia do banco,não expor identificadores internos sem necessidade,acompanha entidade e trilha de auditoria com política de anonimização,existente,database/postgres/migrations/004_enterprise_verticals.sql:232
postgresql,property,properties,company_id,Company id,UUID,True,,False,False,business.companies.id,não classificado automaticamente,política v1; nenhuma regra automática aplicável,avaliar pelo proprietário do domínio,avaliar pelo proprietário do domínio,não definida; registrar lacuna,existente,database/postgres/migrations/004_enterprise_verticals.sql:233
postgresql,property,properties,address,Address,JSONB,False,,False,False,,dado pessoal,política v1 categoria contato_localizacao; padrões: address,criptografar quando associado a pessoa identificada ou rastreamento,"mascarar em logs, listagens e exportações não autorizadas",limitar à finalidade operacional e consentimento aplicável,existente,database/postgres/migrations/004_enterprise_verticals.sql:234
postgresql,property,properties,property_type,Property type,VARCHAR(60),False,,False,False,,não classificado automaticamente,política v1; nenhuma regra automática aplicável,avaliar pelo proprietário do domínio,avaliar pelo proprietário do domínio,não definida; registrar lacuna,existente,database/postgres/migrations/004_enterprise_verticals.sql:235
postgresql,property,properties,status,Status,VARCHAR(40),False,'active',False,False,,não classificado automaticamente,política v1; nenhuma regra automática aplicável,avaliar pelo proprietário do domínio,avaliar pelo proprietário do domínio,não definida; registrar lacuna,existente,database/postgres/migrations/004_enterprise_verticals.sql:236
postgresql,property,properties,metadata,Metadata,JSONB,False,'{}'::jsonb,False,False,,não classificado automaticamente,política v1; nenhuma regra automática aplicável,avaliar pelo proprietário do domínio,avaliar pelo proprietário do domínio,não definida; registrar lacuna,existente,database/postgres/migrations/004_enterprise_verticals.sql:237
postgresql,property,properties,created_at,Created at,TIMESTAMPTZ,False,NOW(),False,False,,não classificado automaticamente,política v1; nenhuma regra automática aplicável,avaliar pelo proprietário do domínio,avaliar pelo proprietário do domínio,não definida; registrar lacuna,existente,database/postgres/migrations/004_enterprise_verticals.sql:238
postgresql,property,properties,updated_at,Updated at,TIMESTAMPTZ,False,NOW(),False,False,,não classificado automaticamente,política v1; nenhuma regra automática aplicável,avaliar pelo proprietário do domínio,avaliar pelo proprietário do domínio,não definida; registrar lacuna,existente,database/postgres/migrations/004_enterprise_verticals.sql:239
postgresql,property,properties,deleted_at,Deleted at,TIMESTAMPTZ,True,,False,False,,não classificado automaticamente,política v1; nenhuma regra automática aplicável,avaliar pelo proprietário do domínio,avaliar pelo proprietário do domínio,não definida; registrar lacuna,existente,database/postgres/migrations/004_enterprise_verticals.sql:240
postgresql,property,properties,created_by,Created by,UUID,True,,False,False,identity.users.id,pseudônimo vinculável,política v1 categoria identidade_relacional; padrões: created_by,controle de acesso e segregação por tenant; criptografia do banco,não expor identificadores internos sem necessidade,acompanha entidade e trilha de auditoria com política de anonimização,existente,database/postgres/migrations/004_enterprise_verticals.sql:241
postgresql,property,properties,updated_by,Updated by,UUID,True,,False,False,identity.users.id,pseudônimo vinculável,política v1 categoria identidade_relacional; padrões: updated_by,controle de acesso e segregação por tenant; criptografia do banco,não expor identificadores internos sem necessidade,acompanha entidade e trilha de auditoria com política de anonimização,existente,database/postgres/migrations/004_enterprise_verticals.sql:242
postgresql,property,properties,idempotency_key,Idempotency key,VARCHAR(120),True,,False,True,,não classificado automaticamente,política v1; nenhuma regra automática aplicável,avaliar pelo proprietário do domínio,avaliar pelo proprietário do domínio,não definida; registrar lacuna,existente,database/postgres/migrations/012_platform_idempotency.sql:68
postgresql,insurance,policies,id,Id,UUID,False,gen_random_uuid(),True,False,,não classificado automaticamente,política v1; nenhuma regra automática aplicável,avaliar pelo proprietário do domínio,avaliar pelo proprietário do domínio,não definida; registrar lacuna,existente,database/postgres/migrations/004_enterprise_verticals.sql:246
postgresql,insurance,policies,user_id,User id,UUID,False,,False,False,identity.users.id,pseudônimo vinculável,política v1 categoria identidade_relacional; padrões: user_id,controle de acesso e segregação por tenant; criptografia do banco,não expor identificadores internos sem necessidade,acompanha entidade e trilha de auditoria com política de anonimização,existente,database/postgres/migrations/004_enterprise_verticals.sql:247
postgresql,insurance,policies,reference_type,Reference type,VARCHAR(50),False,,False,False,,não classificado automaticamente,política v1; nenhuma regra automática aplicável,avaliar pelo proprietário do domínio,avaliar pelo proprietário do domínio,não definida; registrar lacuna,existente,database/postgres/migrations/004_enterprise_verticals.sql:248
postgresql,insurance,policies,reference_id,Reference id,UUID,False,,False,False,,não classificado automaticamente,política v1; nenhuma regra automática aplicável,avaliar pelo proprietário do domínio,avaliar pelo proprietário do domínio,não definida; registrar lacuna,existente,database/postgres/migrations/004_enterprise_verticals.sql:249
postgresql,insurance,policies,premium_brl,Premium brl,"NUMERIC(18, 4)",False,,False,False,,não classificado automaticamente,política v1; nenhuma regra automática aplicável,avaliar pelo proprietário do domínio,avaliar pelo proprietário do domínio,não definida; registrar lacuna,existente,database/postgres/migrations/004_enterprise_verticals.sql:250
postgresql,insurance,policies,insured_value_brl,Insured value brl,"NUMERIC(18, 4)",False,,False,False,,não classificado automaticamente,política v1; nenhuma regra automática aplicável,avaliar pelo proprietário do domínio,avaliar pelo proprietário do domínio,não definida; registrar lacuna,existente,database/postgres/migrations/004_enterprise_verticals.sql:251
postgresql,insurance,policies,accepted_at,Accepted at,TIMESTAMPTZ,True,,False,False,,não classificado automaticamente,política v1; nenhuma regra automática aplicável,avaliar pelo proprietário do domínio,avaliar pelo proprietário do domínio,não definida; registrar lacuna,existente,database/postgres/migrations/004_enterprise_verticals.sql:252
postgresql,insurance,policies,status,Status,VARCHAR(40),False,'quoted',False,False,,não classificado automaticamente,política v1; nenhuma regra automática aplicável,avaliar pelo proprietário do domínio,avaliar pelo proprietário do domínio,não definida; registrar lacuna,existente,database/postgres/migrations/004_enterprise_verticals.sql:253
postgresql,insurance,policies,metadata,Metadata,JSONB,False,'{}'::jsonb,False,False,,não classificado automaticamente,política v1; nenhuma regra automática aplicável,avaliar pelo proprietário do domínio,avaliar pelo proprietário do domínio,não definida; registrar lacuna,existente,database/postgres/migrations/004_enterprise_verticals.sql:254
postgresql,insurance,policies,created_at,Created at,TIMESTAMPTZ,False,NOW(),False,False,,não classificado automaticamente,política v1; nenhuma regra automática aplicável,avaliar pelo proprietário do domínio,avaliar pelo proprietário do domínio,não definida; registrar lacuna,existente,database/postgres/migrations/004_enterprise_verticals.sql:255
postgresql,insurance,policies,updated_at,Updated at,TIMESTAMPTZ,False,NOW(),False,False,,não classificado automaticamente,política v1; nenhuma regra automática aplicável,avaliar pelo proprietário do domínio,avaliar pelo proprietário do domínio,não definida; registrar lacuna,existente,database/postgres/migrations/004_enterprise_verticals.sql:256
postgresql,insurance,policies,deleted_at,Deleted at,TIMESTAMPTZ,True,,False,False,,não classificado automaticamente,política v1; nenhuma regra automática aplicável,avaliar pelo proprietário do domínio,avaliar pelo proprietário do domínio,não definida; registrar lacuna,existente,database/postgres/migrations/004_enterprise_verticals.sql:257
postgresql,insurance,policies,created_by,Created by,UUID,True,,False,False,identity.users.id,pseudônimo vinculável,política v1 categoria identidade_relacional; padrões: created_by,controle de acesso e segregação por tenant; criptografia do banco,não expor identificadores internos sem necessidade,acompanha entidade e trilha de auditoria com política de anonimização,existente,database/postgres/migrations/004_enterprise_verticals.sql:258
postgresql,insurance,policies,updated_by,Updated by,UUID,True,,False,False,identity.users.id,pseudônimo vinculável,política v1 categoria identidade_relacional; padrões: updated_by,controle de acesso e segregação por tenant; criptografia do banco,não expor identificadores internos sem necessidade,acompanha entidade e trilha de auditoria com política de anonimização,existente,database/postgres/migrations/004_enterprise_verticals.sql:259
postgresql,insurance,policies,idempotency_key,Idempotency key,VARCHAR(120),True,,False,True,,não classificado automaticamente,política v1; nenhuma regra automática aplicável,avaliar pelo proprietário do domínio,avaliar pelo proprietário do domínio,não definida; registrar lacuna,existente,database/postgres/migrations/012_platform_idempotency.sql:72
postgresql,notifications,messages,id,Id,UUID,False,gen_random_uuid(),True,False,,não classificado automaticamente,política v1; nenhuma regra automática aplicável,avaliar pelo proprietário do domínio,avaliar pelo proprietário do domínio,não definida; registrar lacuna,existente,database/postgres/migrations/004_enterprise_verticals.sql:263
postgresql,notifications,messages,user_id,User id,UUID,False,,False,False,identity.users.id,pseudônimo vinculável,política v1 categoria identidade_relacional; padrões: user_id,controle de acesso e segregação por tenant; criptografia do banco,não expor identificadores internos sem necessidade,acompanha entidade e trilha de auditoria com política de anonimização,existente,database/postgres/migrations/004_enterprise_verticals.sql:264
postgresql,notifications,messages,channel,Channel,VARCHAR(30),False,,False,False,,não classificado automaticamente,política v1; nenhuma regra automática aplicável,avaliar pelo proprietário do domínio,avaliar pelo proprietário do domínio,não definida; registrar lacuna,existente,database/postgres/migrations/004_enterprise_verticals.sql:265
postgresql,notifications,messages,template_key,Template key,VARCHAR(100),False,,False,False,,não classificado automaticamente,política v1; nenhuma regra automática aplicável,avaliar pelo proprietário do domínio,avaliar pelo proprietário do domínio,não definida; registrar lacuna,existente,database/postgres/migrations/004_enterprise_verticals.sql:266
postgresql,notifications,messages,dispatched_at,Dispatched at,TIMESTAMPTZ,True,,False,False,,não classificado automaticamente,política v1; nenhuma regra automática aplicável,avaliar pelo proprietário do domínio,avaliar pelo proprietário do domínio,não definida; registrar lacuna,existente,database/postgres/migrations/004_enterprise_verticals.sql:267
postgresql,notifications,messages,status,Status,VARCHAR(40),False,'queued',False,False,,não classificado automaticamente,política v1; nenhuma regra automática aplicável,avaliar pelo proprietário do domínio,avaliar pelo proprietário do domínio,não definida; registrar lacuna,existente,database/postgres/migrations/004_enterprise_verticals.sql:268
postgresql,notifications,messages,metadata,Metadata,JSONB,False,'{}'::jsonb,False,False,,não classificado automaticamente,política v1; nenhuma regra automática aplicável,avaliar pelo proprietário do domínio,avaliar pelo proprietário do domínio,não definida; registrar lacuna,existente,database/postgres/migrations/004_enterprise_verticals.sql:269
postgresql,notifications,messages,created_at,Created at,TIMESTAMPTZ,False,NOW(),False,False,,não classificado automaticamente,política v1; nenhuma regra automática aplicável,avaliar pelo proprietário do domínio,avaliar pelo proprietário do domínio,não definida; registrar lacuna,existente,database/postgres/migrations/004_enterprise_verticals.sql:270
postgresql,notifications,messages,updated_at,Updated at,TIMESTAMPTZ,False,NOW(),False,False,,não classificado automaticamente,política v1; nenhuma regra automática aplicável,avaliar pelo proprietário do domínio,avaliar pelo proprietário do domínio,não definida; registrar lacuna,existente,database/postgres/migrations/004_enterprise_verticals.sql:271
postgresql,notifications,messages,deleted_at,Deleted at,TIMESTAMPTZ,True,,False,False,,não classificado automaticamente,política v1; nenhuma regra automática aplicável,avaliar pelo proprietário do domínio,avaliar pelo proprietário do domínio,não definida; registrar lacuna,existente,database/postgres/migrations/004_enterprise_verticals.sql:272
postgresql,notifications,messages,created_by,Created by,UUID,True,,False,False,identity.users.id,pseudônimo vinculável,política v1 categoria identidade_relacional; padrões: created_by,controle de acesso e segregação por tenant; criptografia do banco,não expor identificadores internos sem necessidade,acompanha entidade e trilha de auditoria com política de anonimização,existente,database/postgres/migrations/004_enterprise_verticals.sql:273
postgresql,notifications,messages,updated_by,Updated by,UUID,True,,False,False,identity.users.id,pseudônimo vinculável,política v1 categoria identidade_relacional; padrões: updated_by,controle de acesso e segregação por tenant; criptografia do banco,não expor identificadores internos sem necessidade,acompanha entidade e trilha de auditoria com política de anonimização,existente,database/postgres/migrations/004_enterprise_verticals.sql:274
postgresql,notifications,messages,idempotency_key,Idempotency key,VARCHAR(120),True,,False,True,,não classificado automaticamente,política v1; nenhuma regra automática aplicável,avaliar pelo proprietário do domínio,avaliar pelo proprietário do domínio,não definida; registrar lacuna,existente,database/postgres/migrations/012_platform_idempotency.sql:77
postgresql,bi,dashboards,id,Id,UUID,False,gen_random_uuid(),True,False,,não classificado automaticamente,política v1; nenhuma regra automática aplicável,avaliar pelo proprietário do domínio,avaliar pelo proprietário do domínio,não definida; registrar lacuna,existente,database/postgres/migrations/004_enterprise_verticals.sql:278
postgresql,bi,dashboards,user_id,User id,UUID,False,,False,False,identity.users.id,pseudônimo vinculável,política v1 categoria identidade_relacional; padrões: user_id,controle de acesso e segregação por tenant; criptografia do banco,não expor identificadores internos sem necessidade,acompanha entidade e trilha de auditoria com política de anonimização,existente,database/postgres/migrations/004_enterprise_verticals.sql:279
postgresql,bi,dashboards,company_id,Company id,UUID,True,,False,False,business.companies.id,não classificado automaticamente,política v1; nenhuma regra automática aplicável,avaliar pelo proprietário do domínio,avaliar pelo proprietário do domínio,não definida; registrar lacuna,existente,database/postgres/migrations/004_enterprise_verticals.sql:280
postgresql,bi,dashboards,name,Name,VARCHAR(160),False,,False,False,,não classificado automaticamente,política v1; nenhuma regra automática aplicável,avaliar pelo proprietário do domínio,avaliar pelo proprietário do domínio,não definida; registrar lacuna,existente,database/postgres/migrations/004_enterprise_verticals.sql:281
postgresql,bi,dashboards,definition,Definition,JSONB,False,'{}'::jsonb,False,False,,não classificado automaticamente,política v1; nenhuma regra automática aplicável,avaliar pelo proprietário do domínio,avaliar pelo proprietário do domínio,não definida; registrar lacuna,existente,database/postgres/migrations/004_enterprise_verticals.sql:282
postgresql,bi,dashboards,status,Status,VARCHAR(40),False,'active',False,False,,não classificado automaticamente,política v1; nenhuma regra automática aplicável,avaliar pelo proprietário do domínio,avaliar pelo proprietário do domínio,não definida; registrar lacuna,existente,database/postgres/migrations/004_enterprise_verticals.sql:283
postgresql,bi,dashboards,metadata,Metadata,JSONB,False,'{}'::jsonb,False,False,,não classificado automaticamente,política v1; nenhuma regra automática aplicável,avaliar pelo proprietário do domínio,avaliar pelo proprietário do domínio,não definida; registrar lacuna,existente,database/postgres/migrations/004_enterprise_verticals.sql:284
postgresql,bi,dashboards,created_at,Created at,TIMESTAMPTZ,False,NOW(),False,False,,não classificado automaticamente,política v1; nenhuma regra automática aplicável,avaliar pelo proprietário do domínio,avaliar pelo proprietário do domínio,não definida; registrar lacuna,existente,database/postgres/migrations/004_enterprise_verticals.sql:285
postgresql,bi,dashboards,updated_at,Updated at,TIMESTAMPTZ,False,NOW(),False,False,,não classificado automaticamente,política v1; nenhuma regra automática aplicável,avaliar pelo proprietário do domínio,avaliar pelo proprietário do domínio,não definida; registrar lacuna,existente,database/postgres/migrations/004_enterprise_verticals.sql:286
postgresql,bi,dashboards,deleted_at,Deleted at,TIMESTAMPTZ,True,,False,False,,não classificado automaticamente,política v1; nenhuma regra automática aplicável,avaliar pelo proprietário do domínio,avaliar pelo proprietário do domínio,não definida; registrar lacuna,existente,database/postgres/migrations/004_enterprise_verticals.sql:287
postgresql,bi,dashboards,created_by,Created by,UUID,True,,False,False,identity.users.id,pseudônimo vinculável,política v1 categoria identidade_relacional; padrões: created_by,controle de acesso e segregação por tenant; criptografia do banco,não expor identificadores internos sem necessidade,acompanha entidade e trilha de auditoria com política de anonimização,existente,database/postgres/migrations/004_enterprise_verticals.sql:288
postgresql,bi,dashboards,updated_by,Updated by,UUID,True,,False,False,identity.users.id,pseudônimo vinculável,política v1 categoria identidade_relacional; padrões: updated_by,controle de acesso e segregação por tenant; criptografia do banco,não expor identificadores internos sem necessidade,acompanha entidade e trilha de auditoria com política de anonimização,existente,database/postgres/migrations/004_enterprise_verticals.sql:289
postgresql,bi,dashboards,idempotency_key,Idempotency key,VARCHAR(120),True,,False,True,,não classificado automaticamente,política v1; nenhuma regra automática aplicável,avaliar pelo proprietário do domínio,avaliar pelo proprietário do domínio,não definida; registrar lacuna,existente,database/postgres/migrations/012_platform_idempotency.sql:81
postgresql,ai_core,moderation_decisions,id,Id,UUID,False,gen_random_uuid(),True,False,,não classificado automaticamente,política v1; nenhuma regra automática aplicável,avaliar pelo proprietário do domínio,avaliar pelo proprietário do domínio,não definida; registrar lacuna,existente,database/postgres/migrations/004_enterprise_verticals.sql:293
postgresql,ai_core,moderation_decisions,user_id,User id,UUID,False,,False,False,identity.users.id,pseudônimo vinculável,política v1 categoria identidade_relacional; padrões: user_id,controle de acesso e segregação por tenant; criptografia do banco,não expor identificadores internos sem necessidade,acompanha entidade e trilha de auditoria com política de anonimização,existente,database/postgres/migrations/004_enterprise_verticals.sql:294
postgresql,ai_core,moderation_decisions,module,Module,VARCHAR(60),False,,False,False,,não classificado automaticamente,política v1; nenhuma regra automática aplicável,avaliar pelo proprietário do domínio,avaliar pelo proprietário do domínio,não definida; registrar lacuna,existente,database/postgres/migrations/004_enterprise_verticals.sql:295
postgresql,ai_core,moderation_decisions,resource_id,Resource id,UUID,True,,False,False,,não classificado automaticamente,política v1; nenhuma regra automática aplicável,avaliar pelo proprietário do domínio,avaliar pelo proprietário do domínio,não definida; registrar lacuna,existente,database/postgres/migrations/004_enterprise_verticals.sql:296
postgresql,ai_core,moderation_decisions,risk_score,Risk score,"NUMERIC(5, 4)",True,,False,False,,não classificado automaticamente,política v1; nenhuma regra automática aplicável,avaliar pelo proprietário do domínio,avaliar pelo proprietário do domínio,não definida; registrar lacuna,existente,database/postgres/migrations/004_enterprise_verticals.sql:297
postgresql,ai_core,moderation_decisions,reasons,Reasons,JSONB,False,'[]'::jsonb,False,False,,não classificado automaticamente,política v1; nenhuma regra automática aplicável,avaliar pelo proprietário do domínio,avaliar pelo proprietário do domínio,não definida; registrar lacuna,existente,database/postgres/migrations/004_enterprise_verticals.sql:298
postgresql,ai_core,moderation_decisions,status,Status,VARCHAR(40),False,'pending_review',False,False,,não classificado automaticamente,política v1; nenhuma regra automática aplicável,avaliar pelo proprietário do domínio,avaliar pelo proprietário do domínio,não definida; registrar lacuna,existente,database/postgres/migrations/004_enterprise_verticals.sql:299
postgresql,ai_core,moderation_decisions,metadata,Metadata,JSONB,False,'{}'::jsonb,False,False,,não classificado automaticamente,política v1; nenhuma regra automática aplicável,avaliar pelo proprietário do domínio,avaliar pelo proprietário do domínio,não definida; registrar lacuna,existente,database/postgres/migrations/004_enterprise_verticals.sql:300
postgresql,ai_core,moderation_decisions,created_at,Created at,TIMESTAMPTZ,False,NOW(),False,False,,não classificado automaticamente,política v1; nenhuma regra automática aplicável,avaliar pelo proprietário do domínio,avaliar pelo proprietário do domínio,não definida; registrar lacuna,existente,database/postgres/migrations/004_enterprise_verticals.sql:301
postgresql,ai_core,moderation_decisions,updated_at,Updated at,TIMESTAMPTZ,False,NOW(),False,False,,não classificado automaticamente,política v1; nenhuma regra automática aplicável,avaliar pelo proprietário do domínio,avaliar pelo proprietário do domínio,não definida; registrar lacuna,existente,database/postgres/migrations/004_enterprise_verticals.sql:302
postgresql,ai_core,moderation_decisions,deleted_at,Deleted at,TIMESTAMPTZ,True,,False,False,,não classificado automaticamente,política v1; nenhuma regra automática aplicável,avaliar pelo proprietário do domínio,avaliar pelo proprietário do domínio,não definida; registrar lacuna,existente,database/postgres/migrations/004_enterprise_verticals.sql:303
postgresql,ai_core,moderation_decisions,created_by,Created by,UUID,True,,False,False,identity.users.id,pseudônimo vinculável,política v1 categoria identidade_relacional; padrões: created_by,controle de acesso e segregação por tenant; criptografia do banco,não expor identificadores internos sem necessidade,acompanha entidade e trilha de auditoria com política de anonimização,existente,database/postgres/migrations/004_enterprise_verticals.sql:304
postgresql,ai_core,moderation_decisions,updated_by,Updated by,UUID,True,,False,False,identity.users.id,pseudônimo vinculável,política v1 categoria identidade_relacional; padrões: updated_by,controle de acesso e segregação por tenant; criptografia do banco,não expor identificadores internos sem necessidade,acompanha entidade e trilha de auditoria com política de anonimização,existente,database/postgres/migrations/004_enterprise_verticals.sql:305
postgresql,ai_core,moderation_decisions,idempotency_key,Idempotency key,VARCHAR(120),True,,False,True,,não classificado automaticamente,política v1; nenhuma regra automática aplicável,avaliar pelo proprietário do domínio,avaliar pelo proprietário do domínio,não definida; registrar lacuna,existente,database/postgres/migrations/012_platform_idempotency.sql:84
postgresql,audit,logs,id,Id,UUID,False,gen_random_uuid(),True,False,,não classificado automaticamente,política v1; nenhuma regra automática aplicável,avaliar pelo proprietário do domínio,avaliar pelo proprietário do domínio,não definida; registrar lacuna,existente,database/postgres/migrations/005_audit_events_api_security.sql:4
postgresql,audit,logs,user_id,User id,UUID,True,,False,False,identity.users.id,pseudônimo vinculável,política v1 categoria identidade_relacional; padrões: user_id,controle de acesso e segregação por tenant; criptografia do banco,não expor identificadores internos sem necessidade,acompanha entidade e trilha de auditoria com política de anonimização,existente,database/postgres/migrations/005_audit_events_api_security.sql:5
postgresql,audit,logs,actor_user_id,Actor user id,UUID,True,,False,False,identity.users.id,pseudônimo vinculável,política v1 categoria identidade_relacional; padrões: user_id,controle de acesso e segregação por tenant; criptografia do banco,não expor identificadores internos sem necessidade,acompanha entidade e trilha de auditoria com política de anonimização,existente,database/postgres/migrations/005_audit_events_api_security.sql:6
postgresql,audit,logs,actor_entity_id,Actor entity id,UUID,True,,False,False,business.companies.id,não classificado automaticamente,política v1; nenhuma regra automática aplicável,avaliar pelo proprietário do domínio,avaliar pelo proprietário do domínio,não definida; registrar lacuna,existente,database/postgres/migrations/005_audit_events_api_security.sql:7
postgresql,audit,logs,action,Action,VARCHAR(100),False,,False,False,,não classificado automaticamente,política v1; nenhuma regra automática aplicável,avaliar pelo proprietário do domínio,avaliar pelo proprietário do domínio,não definida; registrar lacuna,existente,database/postgres/migrations/005_audit_events_api_security.sql:8
postgresql,audit,logs,module,Module,VARCHAR(80),False,,False,False,,não classificado automaticamente,política v1; nenhuma regra automática aplicável,avaliar pelo proprietário do domínio,avaliar pelo proprietário do domínio,não definida; registrar lacuna,existente,database/postgres/migrations/005_audit_events_api_security.sql:9
postgresql,audit,logs,resource_type,Resource type,VARCHAR(100),False,,False,False,,não classificado automaticamente,política v1; nenhuma regra automática aplicável,avaliar pelo proprietário do domínio,avaliar pelo proprietário do domínio,não definida; registrar lacuna,existente,database/postgres/migrations/005_audit_events_api_security.sql:10
postgresql,audit,logs,resource_id,Resource id,UUID,True,,False,False,,não classificado automaticamente,política v1; nenhuma regra automática aplicável,avaliar pelo proprietário do domínio,avaliar pelo proprietário do domínio,não definida; registrar lacuna,existente,database/postgres/migrations/005_audit_events_api_security.sql:11
postgresql,audit,logs,before_data,Before data,JSONB,True,,False,False,,não classificado automaticamente,política v1; nenhuma regra automática aplicável,avaliar pelo proprietário do domínio,avaliar pelo proprietário do domínio,não definida; registrar lacuna,existente,database/postgres/migrations/005_audit_events_api_security.sql:12
postgresql,audit,logs,after_data,After data,JSONB,True,,False,False,,não classificado automaticamente,política v1; nenhuma regra automática aplicável,avaliar pelo proprietário do domínio,avaliar pelo proprietário do domínio,não definida; registrar lacuna,existente,database/postgres/migrations/005_audit_events_api_security.sql:13
postgresql,audit,logs,ip_address,Ip address,INET,True,,False,False,,dado pessoal,"política v1 categoria contato_localizacao; padrões: address, ip_address",criptografar quando associado a pessoa identificada ou rastreamento,"mascarar em logs, listagens e exportações não autorizadas",limitar à finalidade operacional e consentimento aplicável,existente,database/postgres/migrations/005_audit_events_api_security.sql:14
postgresql,audit,logs,user_agent,User agent,TEXT,True,,False,False,,não classificado automaticamente,política v1; nenhuma regra automática aplicável,avaliar pelo proprietário do domínio,avaliar pelo proprietário do domínio,não definida; registrar lacuna,existente,database/postgres/migrations/005_audit_events_api_security.sql:15
postgresql,audit,logs,device_fingerprint,Device fingerprint,TEXT,True,,False,False,,dado pessoal,política v1 categoria contato_localizacao; padrões: device,criptografar quando associado a pessoa identificada ou rastreamento,"mascarar em logs, listagens e exportações não autorizadas",limitar à finalidade operacional e consentimento aplicável,existente,database/postgres/migrations/005_audit_events_api_security.sql:16
postgresql,audit,logs,status,Status,VARCHAR(40),False,'recorded',False,False,,não classificado automaticamente,política v1; nenhuma regra automática aplicável,avaliar pelo proprietário do domínio,avaliar pelo proprietário do domínio,não definida; registrar lacuna,existente,database/postgres/migrations/005_audit_events_api_security.sql:17
postgresql,audit,logs,metadata,Metadata,JSONB,False,'{}'::jsonb,False,False,,não classificado automaticamente,política v1; nenhuma regra automática aplicável,avaliar pelo proprietário do domínio,avaliar pelo proprietário do domínio,não definida; registrar lacuna,existente,database/postgres/migrations/005_audit_events_api_security.sql:18
postgresql,audit,logs,created_at,Created at,TIMESTAMPTZ,False,NOW(),False,False,,não classificado automaticamente,política v1; nenhuma regra automática aplicável,avaliar pelo proprietário do domínio,avaliar pelo proprietário do domínio,não definida; registrar lacuna,existente,database/postgres/migrations/005_audit_events_api_security.sql:19
postgresql,audit,logs,created_by,Created by,UUID,True,,False,False,identity.users.id,pseudônimo vinculável,política v1 categoria identidade_relacional; padrões: created_by,controle de acesso e segregação por tenant; criptografia do banco,não expor identificadores internos sem necessidade,acompanha entidade e trilha de auditoria com política de anonimização,existente,database/postgres/migrations/005_audit_events_api_security.sql:20
postgresql,audit,logs,schema_version,Schema version,INTEGER,False,1,False,False,,não classificado automaticamente,política v1; nenhuma regra automática aplicável,avaliar pelo proprietário do domínio,avaliar pelo proprietário do domínio,não definida; registrar lacuna,existente,database/postgres/migrations/029_unified_immutable_audit.sql:4
postgresql,audit,logs,event,Event,VARCHAR(180),True,,False,False,,não classificado automaticamente,política v1; nenhuma regra automática aplicável,avaliar pelo proprietário do domínio,avaliar pelo proprietário do domínio,não definida; registrar lacuna,existente,database/postgres/migrations/029_unified_immutable_audit.sql:5
postgresql,audit,logs,log_type,Log type,VARCHAR(40),False,'audit',False,False,,não classificado automaticamente,política v1; nenhuma regra automática aplicável,avaliar pelo proprietário do domínio,avaliar pelo proprietário do domínio,não definida; registrar lacuna,existente,database/postgres/migrations/029_unified_immutable_audit.sql:6
postgresql,audit,logs,tenant_id,Tenant id,UUID,True,,False,False,,não classificado automaticamente,política v1; nenhuma regra automática aplicável,avaliar pelo proprietário do domínio,avaliar pelo proprietário do domínio,não definida; registrar lacuna,existente,database/postgres/migrations/029_unified_immutable_audit.sql:7
postgresql,audit,logs,company_id,Company id,UUID,True,,False,False,business.companies.id,não classificado automaticamente,política v1; nenhuma regra automática aplicável,avaliar pelo proprietário do domínio,avaliar pelo proprietário do domínio,não definida; registrar lacuna,existente,database/postgres/migrations/029_unified_immutable_audit.sql:8
postgresql,audit,logs,actor_role,Actor role,VARCHAR(100),True,,False,False,,não classificado automaticamente,política v1; nenhuma regra automática aplicável,avaliar pelo proprietário do domínio,avaliar pelo proprietário do domínio,não definida; registrar lacuna,existente,database/postgres/migrations/029_unified_immutable_audit.sql:9
postgresql,audit,logs,session_id,Session id,VARCHAR(180),True,,False,False,,não classificado automaticamente,política v1; nenhuma regra automática aplicável,avaliar pelo proprietário do domínio,avaliar pelo proprietário do domínio,não definida; registrar lacuna,existente,database/postgres/migrations/029_unified_immutable_audit.sql:10
postgresql,audit,logs,device_id,Device id,VARCHAR(180),True,,False,False,,dado pessoal,política v1 categoria contato_localizacao; padrões: device,criptografar quando associado a pessoa identificada ou rastreamento,"mascarar em logs, listagens e exportações não autorizadas",limitar à finalidade operacional e consentimento aplicável,existente,database/postgres/migrations/029_unified_immutable_audit.sql:11
postgresql,audit,logs,origin,Origin,VARCHAR(100),False,'backend',False,False,,não classificado automaticamente,política v1; nenhuma regra automática aplicável,avaliar pelo proprietário do domínio,avaliar pelo proprietário do domínio,não definida; registrar lacuna,existente,database/postgres/migrations/029_unified_immutable_audit.sql:12
postgresql,audit,logs,channel,Channel,VARCHAR(80),False,'api',False,False,,não classificado automaticamente,política v1; nenhuma regra automática aplicável,avaliar pelo proprietário do domínio,avaliar pelo proprietário do domínio,não definida; registrar lacuna,existente,database/postgres/migrations/029_unified_immutable_audit.sql:13
postgresql,audit,logs,changed_fields,Changed fields,JSONB,False,'[]'::jsonb,False,False,,não classificado automaticamente,política v1; nenhuma regra automática aplicável,avaliar pelo proprietário do domínio,avaliar pelo proprietário do domínio,não definida; registrar lacuna,existente,database/postgres/migrations/029_unified_immutable_audit.sql:14
postgresql,audit,logs,reason,Reason,TEXT,True,,False,False,,não classificado automaticamente,política v1; nenhuma regra automática aplicável,avaliar pelo proprietário do domínio,avaliar pelo proprietário do domínio,não definida; registrar lacuna,existente,database/postgres/migrations/029_unified_immutable_audit.sql:15
postgresql,audit,logs,correlation_id,Correlation id,UUID,True,,False,False,,não classificado automaticamente,política v1; nenhuma regra automática aplicável,avaliar pelo proprietário do domínio,avaliar pelo proprietário do domínio,não definida; registrar lacuna,existente,database/postgres/migrations/029_unified_immutable_audit.sql:16
postgresql,audit,logs,causation_id,Causation id,UUID,True,,False,False,,não classificado automaticamente,política v1; nenhuma regra automática aplicável,avaliar pelo proprietário do domínio,avaliar pelo proprietário do domínio,não definida; registrar lacuna,existente,database/postgres/migrations/029_unified_immutable_audit.sql:17
postgresql,audit,logs,occurred_at,Occurred at,TIMESTAMPTZ,False,NOW(),False,False,,não classificado automaticamente,política v1; nenhuma regra automática aplicável,avaliar pelo proprietário do domínio,avaliar pelo proprietário do domínio,não definida; registrar lacuna,existente,database/postgres/migrations/029_unified_immutable_audit.sql:18
postgresql,audit,logs,result,Result,VARCHAR(40),False,'success',False,False,,não classificado automaticamente,política v1; nenhuma regra automática aplicável,avaliar pelo proprietário do domínio,avaliar pelo proprietário do domínio,não definida; registrar lacuna,existente,database/postgres/migrations/029_unified_immutable_audit.sql:19
postgresql,audit,logs,error_detail,Error detail,TEXT,True,,False,False,,não classificado automaticamente,política v1; nenhuma regra automática aplicável,avaliar pelo proprietário do domínio,avaliar pelo proprietário do domínio,não definida; registrar lacuna,existente,database/postgres/migrations/029_unified_immutable_audit.sql:20
postgresql,audit,logs,authorization,Authorization,TEXT,True,,False,False,,não classificado automaticamente,política v1; nenhuma regra automática aplicável,avaliar pelo proprietário do domínio,avaliar pelo proprietário do domínio,não definida; registrar lacuna,existente,database/postgres/migrations/029_unified_immutable_audit.sql:21
postgresql,audit,logs,approval_id,Approval id,UUID,True,,False,False,,não classificado automaticamente,política v1; nenhuma regra automática aplicável,avaliar pelo proprietário do domínio,avaliar pelo proprietário do domínio,não definida; registrar lacuna,existente,database/postgres/migrations/029_unified_immutable_audit.sql:22
postgresql,audit,logs,approved_by,Approved by,UUID,True,,False,False,identity.users.id,pseudônimo vinculável,política v1 categoria identidade_relacional; padrões: approved_by,controle de acesso e segregação por tenant; criptografia do banco,não expor identificadores internos sem necessidade,acompanha entidade e trilha de auditoria com política de anonimização,existente,database/postgres/migrations/029_unified_immutable_audit.sql:23
postgresql,audit,logs,exported,Exported,BOOLEAN,False,FALSE,False,False,,não classificado automaticamente,política v1; nenhuma regra automática aplicável,avaliar pelo proprietário do domínio,avaliar pelo proprietário do domínio,não definida; registrar lacuna,existente,database/postgres/migrations/029_unified_immutable_audit.sql:24
postgresql,audit,logs,printed,Printed,BOOLEAN,False,FALSE,False,False,,não classificado automaticamente,política v1; nenhuma regra automática aplicável,avaliar pelo proprietário do domínio,avaliar pelo proprietário do domínio,não definida; registrar lacuna,existente,database/postgres/migrations/029_unified_immutable_audit.sql:25
postgresql,audit,logs,shared,Shared,BOOLEAN,False,FALSE,False,False,,não classificado automaticamente,política v1; nenhuma regra automática aplicável,avaliar pelo proprietário do domínio,avaliar pelo proprietário do domínio,não definida; registrar lacuna,existente,database/postgres/migrations/029_unified_immutable_audit.sql:26
postgresql,audit,logs,previous_hash,Previous hash,CHAR(64),True,,False,False,,não classificado automaticamente,política v1; nenhuma regra automática aplicável,avaliar pelo proprietário do domínio,avaliar pelo proprietário do domínio,não definida; registrar lacuna,existente,database/postgres/migrations/029_unified_immutable_audit.sql:27
postgresql,audit,logs,row_hash,Row hash,CHAR(64),True,,False,False,,não classificado automaticamente,política v1; nenhuma regra automática aplicável,avaliar pelo proprietário do domínio,avaliar pelo proprietário do domínio,não definida; registrar lacuna,existente,database/postgres/migrations/029_unified_immutable_audit.sql:28
postgresql,audit,logs,retention_until,Retention until,TIMESTAMPTZ,False,(NOW() + INTERVAL '7 years'),False,False,,não classificado automaticamente,política v1; nenhuma regra automática aplicável,avaliar pelo proprietário do domínio,avaliar pelo proprietário do domínio,não definida; registrar lacuna,existente,database/postgres/migrations/029_unified_immutable_audit.sql:29
postgresql,audit,domain_events,id,Id,UUID,False,gen_random_uuid(),True,False,,não classificado automaticamente,política v1; nenhuma regra automática aplicável,avaliar pelo proprietário do domínio,avaliar pelo proprietário do domínio,não definida; registrar lacuna,existente,database/postgres/migrations/005_audit_events_api_security.sql:24
postgresql,audit,domain_events,user_id,User id,UUID,True,,False,False,identity.users.id,pseudônimo vinculável,política v1 categoria identidade_relacional; padrões: user_id,controle de acesso e segregação por tenant; criptografia do banco,não expor identificadores internos sem necessidade,acompanha entidade e trilha de auditoria com política de anonimização,existente,database/postgres/migrations/005_audit_events_api_security.sql:25
postgresql,audit,domain_events,actor_user_id,Actor user id,UUID,True,,False,False,identity.users.id,pseudônimo vinculável,política v1 categoria identidade_relacional; padrões: user_id,controle de acesso e segregação por tenant; criptografia do banco,não expor identificadores internos sem necessidade,acompanha entidade e trilha de auditoria com política de anonimização,existente,database/postgres/migrations/005_audit_events_api_security.sql:26
postgresql,audit,domain_events,entity_id,Entity id,UUID,True,,False,False,business.companies.id,não classificado automaticamente,política v1; nenhuma regra automática aplicável,avaliar pelo proprietário do domínio,avaliar pelo proprietário do domínio,não definida; registrar lacuna,existente,database/postgres/migrations/005_audit_events_api_security.sql:27
postgresql,audit,domain_events,routing_key,Routing key,VARCHAR(120),False,,False,False,,não classificado automaticamente,política v1; nenhuma regra automática aplicável,avaliar pelo proprietário do domínio,avaliar pelo proprietário do domínio,não definida; registrar lacuna,existente,database/postgres/migrations/005_audit_events_api_security.sql:28
postgresql,audit,domain_events,aggregate_type,Aggregate type,VARCHAR(100),False,,False,False,,não classificado automaticamente,política v1; nenhuma regra automática aplicável,avaliar pelo proprietário do domínio,avaliar pelo proprietário do domínio,não definida; registrar lacuna,existente,database/postgres/migrations/005_audit_events_api_security.sql:29
postgresql,audit,domain_events,aggregate_id,Aggregate id,UUID,False,,False,False,,não classificado automaticamente,política v1; nenhuma regra automática aplicável,avaliar pelo proprietário do domínio,avaliar pelo proprietário do domínio,não definida; registrar lacuna,existente,database/postgres/migrations/005_audit_events_api_security.sql:30
postgresql,audit,domain_events,correlation_id,Correlation id,UUID,False,gen_random_uuid(),False,False,,não classificado automaticamente,política v1; nenhuma regra automática aplicável,avaliar pelo proprietário do domínio,avaliar pelo proprietário do domínio,não definida; registrar lacuna,existente,database/postgres/migrations/005_audit_events_api_security.sql:31
postgresql,audit,domain_events,schema_version,Schema version,INTEGER,False,1,False,False,,não classificado automaticamente,política v1; nenhuma regra automática aplicável,avaliar pelo proprietário do domínio,avaliar pelo proprietário do domínio,não definida; registrar lacuna,existente,database/postgres/migrations/005_audit_events_api_security.sql:32
postgresql,audit,domain_events,payload,Payload,JSONB,False,,False,False,,não classificado automaticamente,política v1; nenhuma regra automática aplicável,avaliar pelo proprietário do domínio,avaliar pelo proprietário do domínio,não definida; registrar lacuna,existente,database/postgres/migrations/005_audit_events_api_security.sql:33
postgresql,audit,domain_events,published_at,Published at,TIMESTAMPTZ,True,,False,False,,não classificado automaticamente,política v1; nenhuma regra automática aplicável,avaliar pelo proprietário do domínio,avaliar pelo proprietário do domínio,não definida; registrar lacuna,existente,database/postgres/migrations/005_audit_events_api_security.sql:34
postgresql,audit,domain_events,status,Status,VARCHAR(40),False,'pending',False,False,,não classificado automaticamente,política v1; nenhuma regra automática aplicável,avaliar pelo proprietário do domínio,avaliar pelo proprietário do domínio,não definida; registrar lacuna,existente,database/postgres/migrations/005_audit_events_api_security.sql:35
postgresql,audit,domain_events,metadata,Metadata,JSONB,False,'{}'::jsonb,False,False,,não classificado automaticamente,política v1; nenhuma regra automática aplicável,avaliar pelo proprietário do domínio,avaliar pelo proprietário do domínio,não definida; registrar lacuna,existente,database/postgres/migrations/005_audit_events_api_security.sql:36
postgresql,audit,domain_events,created_at,Created at,TIMESTAMPTZ,False,NOW(),False,False,,não classificado automaticamente,política v1; nenhuma regra automática aplicável,avaliar pelo proprietário do domínio,avaliar pelo proprietário do domínio,não definida; registrar lacuna,existente,database/postgres/migrations/005_audit_events_api_security.sql:37
postgresql,audit,domain_events,created_by,Created by,UUID,True,,False,False,identity.users.id,pseudônimo vinculável,política v1 categoria identidade_relacional; padrões: created_by,controle de acesso e segregação por tenant; criptografia do banco,não expor identificadores internos sem necessidade,acompanha entidade e trilha de auditoria com política de anonimização,existente,database/postgres/migrations/005_audit_events_api_security.sql:38
postgresql,audit,domain_events,next_retry_at,Next retry at,TIMESTAMPTZ,True,,False,False,,não classificado automaticamente,política v1; nenhuma regra automática aplicável,avaliar pelo proprietário do domínio,avaliar pelo proprietário do domínio,não definida; registrar lacuna,existente,database/postgres/migrations/023_performance_indexes.sql:8
postgresql,audit,event_deliveries,id,Id,UUID,False,gen_random_uuid(),True,False,,não classificado automaticamente,política v1; nenhuma regra automática aplicável,avaliar pelo proprietário do domínio,avaliar pelo proprietário do domínio,não definida; registrar lacuna,existente,database/postgres/migrations/005_audit_events_api_security.sql:42
postgresql,audit,event_deliveries,user_id,User id,UUID,True,,False,False,identity.users.id,pseudônimo vinculável,política v1 categoria identidade_relacional; padrões: user_id,controle de acesso e segregação por tenant; criptografia do banco,não expor identificadores internos sem necessidade,acompanha entidade e trilha de auditoria com política de anonimização,existente,database/postgres/migrations/005_audit_events_api_security.sql:43
postgresql,audit,event_deliveries,event_id,Event id,UUID,False,,False,False,audit.domain_events.id,não classificado automaticamente,política v1; nenhuma regra automática aplicável,avaliar pelo proprietário do domínio,avaliar pelo proprietário do domínio,não definida; registrar lacuna,existente,database/postgres/migrations/005_audit_events_api_security.sql:44
postgresql,audit,event_deliveries,destination,Destination,VARCHAR(120),False,,False,False,,não classificado automaticamente,política v1; nenhuma regra automática aplicável,avaliar pelo proprietário do domínio,avaliar pelo proprietário do domínio,não definida; registrar lacuna,existente,database/postgres/migrations/005_audit_events_api_security.sql:45
postgresql,audit,event_deliveries,delivery_status,Delivery status,VARCHAR(40),False,,False,False,,não classificado automaticamente,política v1; nenhuma regra automática aplicável,avaliar pelo proprietário do domínio,avaliar pelo proprietário do domínio,não definida; registrar lacuna,existente,database/postgres/migrations/005_audit_events_api_security.sql:46
postgresql,audit,event_deliveries,response_metadata,Response metadata,JSONB,False,'{}'::jsonb,False,False,,não classificado automaticamente,política v1; nenhuma regra automática aplicável,avaliar pelo proprietário do domínio,avaliar pelo proprietário do domínio,não definida; registrar lacuna,existente,database/postgres/migrations/005_audit_events_api_security.sql:47
postgresql,audit,event_deliveries,created_at,Created at,TIMESTAMPTZ,False,NOW(),False,False,,não classificado automaticamente,política v1; nenhuma regra automática aplicável,avaliar pelo proprietário do domínio,avaliar pelo proprietário do domínio,não definida; registrar lacuna,existente,database/postgres/migrations/005_audit_events_api_security.sql:48
postgresql,audit,event_deliveries,created_by,Created by,UUID,True,,False,False,identity.users.id,pseudônimo vinculável,política v1 categoria identidade_relacional; padrões: created_by,controle de acesso e segregação por tenant; criptografia do banco,não expor identificadores internos sem necessidade,acompanha entidade e trilha de auditoria com política de anonimização,existente,database/postgres/migrations/005_audit_events_api_security.sql:49
postgresql,compliance,moderation_cases,id,Id,UUID,False,gen_random_uuid(),True,False,,não classificado automaticamente,política v1; nenhuma regra automática aplicável,avaliar pelo proprietário do domínio,avaliar pelo proprietário do domínio,não definida; registrar lacuna,existente,database/postgres/migrations/005_audit_events_api_security.sql:53
postgresql,compliance,moderation_cases,user_id,User id,UUID,False,,False,False,identity.users.id,pseudônimo vinculável,política v1 categoria identidade_relacional; padrões: user_id,controle de acesso e segregação por tenant; criptografia do banco,não expor identificadores internos sem necessidade,acompanha entidade e trilha de auditoria com política de anonimização,existente,database/postgres/migrations/005_audit_events_api_security.sql:54
postgresql,compliance,moderation_cases,module,Module,VARCHAR(60),False,,False,False,,não classificado automaticamente,política v1; nenhuma regra automática aplicável,avaliar pelo proprietário do domínio,avaliar pelo proprietário do domínio,não definida; registrar lacuna,existente,database/postgres/migrations/005_audit_events_api_security.sql:55
postgresql,compliance,moderation_cases,resource_type,Resource type,VARCHAR(80),False,,False,False,,não classificado automaticamente,política v1; nenhuma regra automática aplicável,avaliar pelo proprietário do domínio,avaliar pelo proprietário do domínio,não definida; registrar lacuna,existente,database/postgres/migrations/005_audit_events_api_security.sql:56
postgresql,compliance,moderation_cases,resource_id,Resource id,UUID,False,,False,False,,não classificado automaticamente,política v1; nenhuma regra automática aplicável,avaliar pelo proprietário do domínio,avaliar pelo proprietário do domínio,não definida; registrar lacuna,existente,database/postgres/migrations/005_audit_events_api_security.sql:57
postgresql,compliance,moderation_cases,matched_signals,Matched signals,JSONB,False,'[]'::jsonb,False,False,,não classificado automaticamente,política v1; nenhuma regra automática aplicável,avaliar pelo proprietário do domínio,avaliar pelo proprietário do domínio,não definida; registrar lacuna,existente,database/postgres/migrations/005_audit_events_api_security.sql:58
postgresql,compliance,moderation_cases,risk_score,Risk score,"NUMERIC(5, 4)",True,,False,False,,não classificado automaticamente,política v1; nenhuma regra automática aplicável,avaliar pelo proprietário do domínio,avaliar pelo proprietário do domínio,não definida; registrar lacuna,existente,database/postgres/migrations/005_audit_events_api_security.sql:59
postgresql,compliance,moderation_cases,reviewer_user_id,Reviewer user id,UUID,True,,False,False,identity.users.id,pseudônimo vinculável,política v1 categoria identidade_relacional; padrões: user_id,controle de acesso e segregação por tenant; criptografia do banco,não expor identificadores internos sem necessidade,acompanha entidade e trilha de auditoria com política de anonimização,existente,database/postgres/migrations/005_audit_events_api_security.sql:60
postgresql,compliance,moderation_cases,decision,Decision,TEXT,True,,False,False,,não classificado automaticamente,política v1; nenhuma regra automática aplicável,avaliar pelo proprietário do domínio,avaliar pelo proprietário do domínio,não definida; registrar lacuna,existente,database/postgres/migrations/005_audit_events_api_security.sql:61
postgresql,compliance,moderation_cases,status,Status,VARCHAR(40),False,'pending_review',False,False,,não classificado automaticamente,política v1; nenhuma regra automática aplicável,avaliar pelo proprietário do domínio,avaliar pelo proprietário do domínio,não definida; registrar lacuna,existente,database/postgres/migrations/005_audit_events_api_security.sql:62
postgresql,compliance,moderation_cases,metadata,Metadata,JSONB,False,'{}'::jsonb,False,False,,não classificado automaticamente,política v1; nenhuma regra automática aplicável,avaliar pelo proprietário do domínio,avaliar pelo proprietário do domínio,não definida; registrar lacuna,existente,database/postgres/migrations/005_audit_events_api_security.sql:63
postgresql,compliance,moderation_cases,created_at,Created at,TIMESTAMPTZ,False,NOW(),False,False,,não classificado automaticamente,política v1; nenhuma regra automática aplicável,avaliar pelo proprietário do domínio,avaliar pelo proprietário do domínio,não definida; registrar lacuna,existente,database/postgres/migrations/005_audit_events_api_security.sql:64
postgresql,compliance,moderation_cases,updated_at,Updated at,TIMESTAMPTZ,False,NOW(),False,False,,não classificado automaticamente,política v1; nenhuma regra automática aplicável,avaliar pelo proprietário do domínio,avaliar pelo proprietário do domínio,não definida; registrar lacuna,existente,database/postgres/migrations/005_audit_events_api_security.sql:65
postgresql,compliance,moderation_cases,deleted_at,Deleted at,TIMESTAMPTZ,True,,False,False,,não classificado automaticamente,política v1; nenhuma regra automática aplicável,avaliar pelo proprietário do domínio,avaliar pelo proprietário do domínio,não definida; registrar lacuna,existente,database/postgres/migrations/005_audit_events_api_security.sql:66
postgresql,compliance,moderation_cases,created_by,Created by,UUID,True,,False,False,identity.users.id,pseudônimo vinculável,política v1 categoria identidade_relacional; padrões: created_by,controle de acesso e segregação por tenant; criptografia do banco,não expor identificadores internos sem necessidade,acompanha entidade e trilha de auditoria com política de anonimização,existente,database/postgres/migrations/005_audit_events_api_security.sql:67
postgresql,compliance,moderation_cases,updated_by,Updated by,UUID,True,,False,False,identity.users.id,pseudônimo vinculável,política v1 categoria identidade_relacional; padrões: updated_by,controle de acesso e segregação por tenant; criptografia do banco,não expor identificadores internos sem necessidade,acompanha entidade e trilha de auditoria com política de anonimização,existente,database/postgres/migrations/005_audit_events_api_security.sql:68
postgresql,api_hub,api_clients,id,Id,UUID,False,gen_random_uuid(),True,False,,não classificado automaticamente,política v1; nenhuma regra automática aplicável,avaliar pelo proprietário do domínio,avaliar pelo proprietário do domínio,não definida; registrar lacuna,existente,database/postgres/migrations/005_audit_events_api_security.sql:72
postgresql,api_hub,api_clients,user_id,User id,UUID,False,,False,False,identity.users.id,pseudônimo vinculável,política v1 categoria identidade_relacional; padrões: user_id,controle de acesso e segregação por tenant; criptografia do banco,não expor identificadores internos sem necessidade,acompanha entidade e trilha de auditoria com política de anonimização,existente,database/postgres/migrations/005_audit_events_api_security.sql:73
postgresql,api_hub,api_clients,company_id,Company id,UUID,True,,False,False,business.companies.id,não classificado automaticamente,política v1; nenhuma regra automática aplicável,avaliar pelo proprietário do domínio,avaliar pelo proprietário do domínio,não definida; registrar lacuna,existente,database/postgres/migrations/005_audit_events_api_security.sql:74
postgresql,api_hub,api_clients,client_name,Client name,VARCHAR(150),False,,False,False,,não classificado automaticamente,política v1; nenhuma regra automática aplicável,avaliar pelo proprietário do domínio,avaliar pelo proprietário do domínio,não definida; registrar lacuna,existente,database/postgres/migrations/005_audit_events_api_security.sql:75
postgresql,api_hub,api_clients,client_id_hash,Client id hash,TEXT,False,,False,True,,não classificado automaticamente,política v1; nenhuma regra automática aplicável,avaliar pelo proprietário do domínio,avaliar pelo proprietário do domínio,não definida; registrar lacuna,existente,database/postgres/migrations/005_audit_events_api_security.sql:76
postgresql,api_hub,api_clients,secret_reference,Secret reference,TEXT,False,,False,False,,restrito,política v1 categoria credencial_segredo; padrões: secret,obrigatória em trânsito e repouso; preferir hash não reversível quando aplicável,nunca retornar valor integral nem registrar em logs,mínima necessária; revogação e expurgo definidos por política de segurança,existente,database/postgres/migrations/005_audit_events_api_security.sql:77
postgresql,api_hub,api_clients,scopes,Scopes,JSONB,False,'[]'::jsonb,False,False,,não classificado automaticamente,política v1; nenhuma regra automática aplicável,avaliar pelo proprietário do domínio,avaliar pelo proprietário do domínio,não definida; registrar lacuna,existente,database/postgres/migrations/005_audit_events_api_security.sql:78
postgresql,api_hub,api_clients,rate_limit_per_minute,Rate limit per minute,INTEGER,False,60,False,False,,não classificado automaticamente,política v1; nenhuma regra automática aplicável,avaliar pelo proprietário do domínio,avaliar pelo proprietário do domínio,não definida; registrar lacuna,existente,database/postgres/migrations/005_audit_events_api_security.sql:79
postgresql,api_hub,api_clients,status,Status,VARCHAR(40),False,'active',False,False,,não classificado automaticamente,política v1; nenhuma regra automática aplicável,avaliar pelo proprietário do domínio,avaliar pelo proprietário do domínio,não definida; registrar lacuna,existente,database/postgres/migrations/005_audit_events_api_security.sql:80
postgresql,api_hub,api_clients,metadata,Metadata,JSONB,False,'{}'::jsonb,False,False,,não classificado automaticamente,política v1; nenhuma regra automática aplicável,avaliar pelo proprietário do domínio,avaliar pelo proprietário do domínio,não definida; registrar lacuna,existente,database/postgres/migrations/005_audit_events_api_security.sql:81
postgresql,api_hub,api_clients,created_at,Created at,TIMESTAMPTZ,False,NOW(),False,False,,não classificado automaticamente,política v1; nenhuma regra automática aplicável,avaliar pelo proprietário do domínio,avaliar pelo proprietário do domínio,não definida; registrar lacuna,existente,database/postgres/migrations/005_audit_events_api_security.sql:82
postgresql,api_hub,api_clients,updated_at,Updated at,TIMESTAMPTZ,False,NOW(),False,False,,não classificado automaticamente,política v1; nenhuma regra automática aplicável,avaliar pelo proprietário do domínio,avaliar pelo proprietário do domínio,não definida; registrar lacuna,existente,database/postgres/migrations/005_audit_events_api_security.sql:83
postgresql,api_hub,api_clients,deleted_at,Deleted at,TIMESTAMPTZ,True,,False,False,,não classificado automaticamente,política v1; nenhuma regra automática aplicável,avaliar pelo proprietário do domínio,avaliar pelo proprietário do domínio,não definida; registrar lacuna,existente,database/postgres/migrations/005_audit_events_api_security.sql:84
postgresql,api_hub,api_clients,created_by,Created by,UUID,True,,False,False,identity.users.id,pseudônimo vinculável,política v1 categoria identidade_relacional; padrões: created_by,controle de acesso e segregação por tenant; criptografia do banco,não expor identificadores internos sem necessidade,acompanha entidade e trilha de auditoria com política de anonimização,existente,database/postgres/migrations/005_audit_events_api_security.sql:85
postgresql,api_hub,api_clients,updated_by,Updated by,UUID,True,,False,False,identity.users.id,pseudônimo vinculável,política v1 categoria identidade_relacional; padrões: updated_by,controle de acesso e segregação por tenant; criptografia do banco,não expor identificadores internos sem necessidade,acompanha entidade e trilha de auditoria com política de anonimização,existente,database/postgres/migrations/005_audit_events_api_security.sql:86
postgresql,api_hub,api_clients,idempotency_key,Idempotency key,VARCHAR(120),True,,False,True,,não classificado automaticamente,política v1; nenhuma regra automática aplicável,avaliar pelo proprietário do domínio,avaliar pelo proprietário do domínio,não definida; registrar lacuna,existente,database/postgres/migrations/010_api_hub_refinement.sql:47
postgresql,api_hub,webhooks,id,Id,UUID,False,gen_random_uuid(),True,False,,não classificado automaticamente,política v1; nenhuma regra automática aplicável,avaliar pelo proprietário do domínio,avaliar pelo proprietário do domínio,não definida; registrar lacuna,existente,database/postgres/migrations/005_audit_events_api_security.sql:90
postgresql,api_hub,webhooks,user_id,User id,UUID,False,,False,False,identity.users.id,pseudônimo vinculável,política v1 categoria identidade_relacional; padrões: user_id,controle de acesso e segregação por tenant; criptografia do banco,não expor identificadores internos sem necessidade,acompanha entidade e trilha de auditoria com política de anonimização,existente,database/postgres/migrations/005_audit_events_api_security.sql:91
postgresql,api_hub,webhooks,company_id,Company id,UUID,True,,False,False,business.companies.id,não classificado automaticamente,política v1; nenhuma regra automática aplicável,avaliar pelo proprietário do domínio,avaliar pelo proprietário do domínio,não definida; registrar lacuna,existente,database/postgres/migrations/005_audit_events_api_security.sql:92
postgresql,api_hub,webhooks,target_url,Target url,TEXT,False,,False,False,,não classificado automaticamente,política v1; nenhuma regra automática aplicável,avaliar pelo proprietário do domínio,avaliar pelo proprietário do domínio,não definida; registrar lacuna,existente,database/postgres/migrations/005_audit_events_api_security.sql:93
postgresql,api_hub,webhooks,event_patterns,Event patterns,JSONB,False,'[]'::jsonb,False,False,,não classificado automaticamente,política v1; nenhuma regra automática aplicável,avaliar pelo proprietário do domínio,avaliar pelo proprietário do domínio,não definida; registrar lacuna,existente,database/postgres/migrations/005_audit_events_api_security.sql:94
postgresql,api_hub,webhooks,signing_secret_reference,Signing secret reference,TEXT,False,,False,False,,restrito,política v1 categoria credencial_segredo; padrões: secret,obrigatória em trânsito e repouso; preferir hash não reversível quando aplicável,nunca retornar valor integral nem registrar em logs,mínima necessária; revogação e expurgo definidos por política de segurança,existente,database/postgres/migrations/005_audit_events_api_security.sql:95
postgresql,api_hub,webhooks,status,Status,VARCHAR(40),False,'active',False,False,,não classificado automaticamente,política v1; nenhuma regra automática aplicável,avaliar pelo proprietário do domínio,avaliar pelo proprietário do domínio,não definida; registrar lacuna,existente,database/postgres/migrations/005_audit_events_api_security.sql:96
postgresql,api_hub,webhooks,metadata,Metadata,JSONB,False,'{}'::jsonb,False,False,,não classificado automaticamente,política v1; nenhuma regra automática aplicável,avaliar pelo proprietário do domínio,avaliar pelo proprietário do domínio,não definida; registrar lacuna,existente,database/postgres/migrations/005_audit_events_api_security.sql:97
postgresql,api_hub,webhooks,created_at,Created at,TIMESTAMPTZ,False,NOW(),False,False,,não classificado automaticamente,política v1; nenhuma regra automática aplicável,avaliar pelo proprietário do domínio,avaliar pelo proprietário do domínio,não definida; registrar lacuna,existente,database/postgres/migrations/005_audit_events_api_security.sql:98
postgresql,api_hub,webhooks,updated_at,Updated at,TIMESTAMPTZ,False,NOW(),False,False,,não classificado automaticamente,política v1; nenhuma regra automática aplicável,avaliar pelo proprietário do domínio,avaliar pelo proprietário do domínio,não definida; registrar lacuna,existente,database/postgres/migrations/005_audit_events_api_security.sql:99
postgresql,api_hub,webhooks,deleted_at,Deleted at,TIMESTAMPTZ,True,,False,False,,não classificado automaticamente,política v1; nenhuma regra automática aplicável,avaliar pelo proprietário do domínio,avaliar pelo proprietário do domínio,não definida; registrar lacuna,existente,database/postgres/migrations/005_audit_events_api_security.sql:100
postgresql,api_hub,webhooks,created_by,Created by,UUID,True,,False,False,identity.users.id,pseudônimo vinculável,política v1 categoria identidade_relacional; padrões: created_by,controle de acesso e segregação por tenant; criptografia do banco,não expor identificadores internos sem necessidade,acompanha entidade e trilha de auditoria com política de anonimização,existente,database/postgres/migrations/005_audit_events_api_security.sql:101
postgresql,api_hub,webhooks,updated_by,Updated by,UUID,True,,False,False,identity.users.id,pseudônimo vinculável,política v1 categoria identidade_relacional; padrões: updated_by,controle de acesso e segregação por tenant; criptografia do banco,não expor identificadores internos sem necessidade,acompanha entidade e trilha de auditoria com política de anonimização,existente,database/postgres/migrations/005_audit_events_api_security.sql:102
postgresql,api_hub,webhooks,idempotency_key,Idempotency key,VARCHAR(120),True,,False,True,,não classificado automaticamente,política v1; nenhuma regra automática aplicável,avaliar pelo proprietário do domínio,avaliar pelo proprietário do domínio,não definida; registrar lacuna,existente,database/postgres/migrations/010_api_hub_refinement.sql:50
postgresql,jobs,resumes,id,Id,UUID,False,gen_random_uuid(),True,False,,não classificado automaticamente,política v1; nenhuma regra automática aplicável,avaliar pelo proprietário do domínio,avaliar pelo proprietário do domínio,não definida; registrar lacuna,existente,database/postgres/migrations/006_jobs_recruitment_ctps.sql:6
postgresql,jobs,resumes,user_id,User id,UUID,False,,False,False,identity.users.id,pseudônimo vinculável,política v1 categoria identidade_relacional; padrões: user_id,controle de acesso e segregação por tenant; criptografia do banco,não expor identificadores internos sem necessidade,acompanha entidade e trilha de auditoria com política de anonimização,existente,database/postgres/migrations/006_jobs_recruitment_ctps.sql:7
postgresql,jobs,resumes,headline,Headline,VARCHAR(240),False,,False,False,,não classificado automaticamente,política v1; nenhuma regra automática aplicável,avaliar pelo proprietário do domínio,avaliar pelo proprietário do domínio,não definida; registrar lacuna,existente,database/postgres/migrations/006_jobs_recruitment_ctps.sql:8
postgresql,jobs,resumes,professional_summary,Professional summary,TEXT,True,,False,False,,não classificado automaticamente,política v1; nenhuma regra automática aplicável,avaliar pelo proprietário do domínio,avaliar pelo proprietário do domínio,não definida; registrar lacuna,existente,database/postgres/migrations/006_jobs_recruitment_ctps.sql:9
postgresql,jobs,resumes,skills,Skills,JSONB,False,'[]'::jsonb,False,False,,não classificado automaticamente,política v1; nenhuma regra automática aplicável,avaliar pelo proprietário do domínio,avaliar pelo proprietário do domínio,não definida; registrar lacuna,existente,database/postgres/migrations/006_jobs_recruitment_ctps.sql:10
postgresql,jobs,resumes,education,Education,JSONB,False,'[]'::jsonb,False,False,,não classificado automaticamente,política v1; nenhuma regra automática aplicável,avaliar pelo proprietário do domínio,avaliar pelo proprietário do domínio,não definida; registrar lacuna,existente,database/postgres/migrations/006_jobs_recruitment_ctps.sql:11
postgresql,jobs,resumes,recruiter_visibility,Recruiter visibility,VARCHAR(40),False,'private',False,False,,não classificado automaticamente,política v1; nenhuma regra automática aplicável,avaliar pelo proprietário do domínio,avaliar pelo proprietário do domínio,não definida; registrar lacuna,existente,database/postgres/migrations/006_jobs_recruitment_ctps.sql:12
postgresql,jobs,resumes,status,Status,VARCHAR(40),False,'active',False,False,,não classificado automaticamente,política v1; nenhuma regra automática aplicável,avaliar pelo proprietário do domínio,avaliar pelo proprietário do domínio,não definida; registrar lacuna,existente,database/postgres/migrations/006_jobs_recruitment_ctps.sql:14
postgresql,jobs,resumes,metadata,Metadata,JSONB,False,'{}'::jsonb,False,False,,não classificado automaticamente,política v1; nenhuma regra automática aplicável,avaliar pelo proprietário do domínio,avaliar pelo proprietário do domínio,não definida; registrar lacuna,existente,database/postgres/migrations/006_jobs_recruitment_ctps.sql:15
postgresql,jobs,resumes,created_at,Created at,TIMESTAMPTZ,False,NOW(),False,False,,não classificado automaticamente,política v1; nenhuma regra automática aplicável,avaliar pelo proprietário do domínio,avaliar pelo proprietário do domínio,não definida; registrar lacuna,existente,database/postgres/migrations/006_jobs_recruitment_ctps.sql:16
postgresql,jobs,resumes,updated_at,Updated at,TIMESTAMPTZ,False,NOW(),False,False,,não classificado automaticamente,política v1; nenhuma regra automática aplicável,avaliar pelo proprietário do domínio,avaliar pelo proprietário do domínio,não definida; registrar lacuna,existente,database/postgres/migrations/006_jobs_recruitment_ctps.sql:17
postgresql,jobs,resumes,deleted_at,Deleted at,TIMESTAMPTZ,True,,False,False,,não classificado automaticamente,política v1; nenhuma regra automática aplicável,avaliar pelo proprietário do domínio,avaliar pelo proprietário do domínio,não definida; registrar lacuna,existente,database/postgres/migrations/006_jobs_recruitment_ctps.sql:18
postgresql,jobs,resumes,created_by,Created by,UUID,True,,False,False,identity.users.id,pseudônimo vinculável,política v1 categoria identidade_relacional; padrões: created_by,controle de acesso e segregação por tenant; criptografia do banco,não expor identificadores internos sem necessidade,acompanha entidade e trilha de auditoria com política de anonimização,existente,database/postgres/migrations/006_jobs_recruitment_ctps.sql:19
postgresql,jobs,resumes,updated_by,Updated by,UUID,True,,False,False,identity.users.id,pseudônimo vinculável,política v1 categoria identidade_relacional; padrões: updated_by,controle de acesso e segregação por tenant; criptografia do banco,não expor identificadores internos sem necessidade,acompanha entidade e trilha de auditoria com política de anonimização,existente,database/postgres/migrations/006_jobs_recruitment_ctps.sql:20
postgresql,jobs,resumes,idempotency_key,Idempotency key,TEXT,True,,False,False,,não classificado automaticamente,política v1; nenhuma regra automática aplicável,avaliar pelo proprietário do domínio,avaliar pelo proprietário do domínio,não definida; registrar lacuna,existente,database/postgres/migrations/007_jobs_runtime_private_documents.sql:3
postgresql,jobs,resume_documents,id,Id,UUID,False,gen_random_uuid(),True,False,,não classificado automaticamente,política v1; nenhuma regra automática aplicável,avaliar pelo proprietário do domínio,avaliar pelo proprietário do domínio,não definida; registrar lacuna,existente,database/postgres/migrations/006_jobs_recruitment_ctps.sql:25
postgresql,jobs,resume_documents,user_id,User id,UUID,False,,False,False,identity.users.id,pseudônimo vinculável,política v1 categoria identidade_relacional; padrões: user_id,controle de acesso e segregação por tenant; criptografia do banco,não expor identificadores internos sem necessidade,acompanha entidade e trilha de auditoria com política de anonimização,existente,database/postgres/migrations/006_jobs_recruitment_ctps.sql:26
postgresql,jobs,resume_documents,resume_id,Resume id,UUID,False,,False,False,jobs.resumes.id,não classificado automaticamente,política v1; nenhuma regra automática aplicável,avaliar pelo proprietário do domínio,avaliar pelo proprietário do domínio,não definida; registrar lacuna,existente,database/postgres/migrations/006_jobs_recruitment_ctps.sql:27
postgresql,jobs,resume_documents,document_type,Document type,VARCHAR(60),False,,False,False,,não classificado automaticamente,política v1; nenhuma regra automática aplicável,avaliar pelo proprietário do domínio,avaliar pelo proprietário do domínio,não definida; registrar lacuna,existente,database/postgres/migrations/006_jobs_recruitment_ctps.sql:28
postgresql,jobs,resume_documents,storage_key,Storage key,TEXT,True,,False,False,,não classificado automaticamente,política v1; nenhuma regra automática aplicável,avaliar pelo proprietário do domínio,avaliar pelo proprietário do domínio,não definida; registrar lacuna,existente,database/postgres/migrations/006_jobs_recruitment_ctps.sql:29
postgresql,jobs,resume_documents,sha256,Sha256,CHAR(64),False,,False,False,,não classificado automaticamente,política v1; nenhuma regra automática aplicável,avaliar pelo proprietário do domínio,avaliar pelo proprietário do domínio,não definida; registrar lacuna,existente,database/postgres/migrations/006_jobs_recruitment_ctps.sql:30
postgresql,jobs,resume_documents,page_count,Page count,INTEGER,True,,False,False,,não classificado automaticamente,política v1; nenhuma regra automática aplicável,avaliar pelo proprietário do domínio,avaliar pelo proprietário do domínio,não definida; registrar lacuna,existente,database/postgres/migrations/006_jobs_recruitment_ctps.sql:31
postgresql,jobs,resume_documents,evidence_status,Evidence status,VARCHAR(60),False,,False,False,,não classificado automaticamente,política v1; nenhuma regra automática aplicável,avaliar pelo proprietário do domínio,avaliar pelo proprietário do domínio,não definida; registrar lacuna,existente,database/postgres/migrations/006_jobs_recruitment_ctps.sql:32
postgresql,jobs,resume_documents,official_verification_status,Official verification status,VARCHAR(60),False,'not_verified_externally',False,False,,não classificado automaticamente,política v1; nenhuma regra automática aplicável,avaliar pelo proprietário do domínio,avaliar pelo proprietário do domínio,não definida; registrar lacuna,existente,database/postgres/migrations/006_jobs_recruitment_ctps.sql:33
postgresql,jobs,resume_documents,extraction_status,Extraction status,VARCHAR(60),False,,False,False,,não classificado automaticamente,política v1; nenhuma regra automática aplicável,avaliar pelo proprietário do domínio,avaliar pelo proprietário do domínio,não definida; registrar lacuna,existente,database/postgres/migrations/006_jobs_recruitment_ctps.sql:35
postgresql,jobs,resume_documents,extracted_fields,Extracted fields,JSONB,False,'{}'::jsonb,False,False,,não classificado automaticamente,política v1; nenhuma regra automática aplicável,avaliar pelo proprietário do domínio,avaliar pelo proprietário do domínio,não definida; registrar lacuna,existente,database/postgres/migrations/006_jobs_recruitment_ctps.sql:36
postgresql,jobs,resume_documents,status,Status,VARCHAR(40),False,'imported',False,False,,não classificado automaticamente,política v1; nenhuma regra automática aplicável,avaliar pelo proprietário do domínio,avaliar pelo proprietário do domínio,não definida; registrar lacuna,existente,database/postgres/migrations/006_jobs_recruitment_ctps.sql:37
postgresql,jobs,resume_documents,metadata,Metadata,JSONB,False,'{}'::jsonb,False,False,,não classificado automaticamente,política v1; nenhuma regra automática aplicável,avaliar pelo proprietário do domínio,avaliar pelo proprietário do domínio,não definida; registrar lacuna,existente,database/postgres/migrations/006_jobs_recruitment_ctps.sql:38
postgresql,jobs,resume_documents,created_at,Created at,TIMESTAMPTZ,False,NOW(),False,False,,não classificado automaticamente,política v1; nenhuma regra automática aplicável,avaliar pelo proprietário do domínio,avaliar pelo proprietário do domínio,não definida; registrar lacuna,existente,database/postgres/migrations/006_jobs_recruitment_ctps.sql:39
postgresql,jobs,resume_documents,created_by,Created by,UUID,True,,False,False,identity.users.id,pseudônimo vinculável,política v1 categoria identidade_relacional; padrões: created_by,controle de acesso e segregação por tenant; criptografia do banco,não expor identificadores internos sem necessidade,acompanha entidade e trilha de auditoria com política de anonimização,existente,database/postgres/migrations/006_jobs_recruitment_ctps.sql:40
postgresql,jobs,resume_documents,idempotency_key,Idempotency key,TEXT,True,,False,False,,não classificado automaticamente,política v1; nenhuma regra automática aplicável,avaliar pelo proprietário do domínio,avaliar pelo proprietário do domínio,não definida; registrar lacuna,existente,database/postgres/migrations/007_jobs_runtime_private_documents.sql:4
postgresql,jobs,resume_documents,storage_encryption,Storage encryption,VARCHAR(40),False,'AES-256-GCM',False,False,,não classificado automaticamente,política v1; nenhuma regra automática aplicável,avaliar pelo proprietário do domínio,avaliar pelo proprietário do domínio,não definida; registrar lacuna,existente,database/postgres/migrations/007_jobs_runtime_private_documents.sql:11
postgresql,jobs,employment_records,id,Id,UUID,False,gen_random_uuid(),True,False,,não classificado automaticamente,política v1; nenhuma regra automática aplicável,avaliar pelo proprietário do domínio,avaliar pelo proprietário do domínio,não definida; registrar lacuna,existente,database/postgres/migrations/006_jobs_recruitment_ctps.sql:46
postgresql,jobs,employment_records,user_id,User id,UUID,False,,False,False,identity.users.id,pseudônimo vinculável,política v1 categoria identidade_relacional; padrões: user_id,controle de acesso e segregação por tenant; criptografia do banco,não expor identificadores internos sem necessidade,acompanha entidade e trilha de auditoria com política de anonimização,existente,database/postgres/migrations/006_jobs_recruitment_ctps.sql:47
postgresql,jobs,employment_records,resume_id,Resume id,UUID,False,,False,False,,não classificado automaticamente,política v1; nenhuma regra automática aplicável,avaliar pelo proprietário do domínio,avaliar pelo proprietário do domínio,não definida; registrar lacuna,existente,database/postgres/migrations/006_jobs_recruitment_ctps.sql:48
postgresql,jobs,employment_records,source_document_id,Source document id,UUID,True,,False,False,jobs.resume_documents.id,não classificado automaticamente,política v1; nenhuma regra automática aplicável,avaliar pelo proprietário do domínio,avaliar pelo proprietário do domínio,não definida; registrar lacuna,existente,database/postgres/migrations/006_jobs_recruitment_ctps.sql:49
postgresql,jobs,employment_records,source_type,Source type,VARCHAR(50),False,,False,False,,não classificado automaticamente,política v1; nenhuma regra automática aplicável,avaliar pelo proprietário do domínio,avaliar pelo proprietário do domínio,não definida; registrar lacuna,existente,database/postgres/migrations/006_jobs_recruitment_ctps.sql:50
postgresql,jobs,employment_records,evidence_status,Evidence status,VARCHAR(60),False,,False,False,,não classificado automaticamente,política v1; nenhuma regra automática aplicável,avaliar pelo proprietário do domínio,avaliar pelo proprietário do domínio,não definida; registrar lacuna,existente,database/postgres/migrations/006_jobs_recruitment_ctps.sql:51
postgresql,jobs,employment_records,official_verification_status,Official verification status,VARCHAR(60),False,'not_verified_externally',False,False,,não classificado automaticamente,política v1; nenhuma regra automática aplicável,avaliar pelo proprietário do domínio,avaliar pelo proprietário do domínio,não definida; registrar lacuna,existente,database/postgres/migrations/006_jobs_recruitment_ctps.sql:52
postgresql,jobs,employment_records,employer_name,Employer name,VARCHAR(240),False,,False,False,,não classificado automaticamente,política v1; nenhuma regra automática aplicável,avaliar pelo proprietário do domínio,avaliar pelo proprietário do domínio,não definida; registrar lacuna,existente,database/postgres/migrations/006_jobs_recruitment_ctps.sql:53
postgresql,jobs,employment_records,employer_cnpj,Employer cnpj,VARCHAR(20),True,,False,False,,dado pessoal identificador,política v1 categoria documento_identificador; padrões: cnpj,criptografar ou armazenar hash conforme necessidade de recuperação,exibir parcialmente por padrão,"vinculada à finalidade, obrigação fiscal/legal e direitos do titular",existente,database/postgres/migrations/006_jobs_recruitment_ctps.sql:54
postgresql,jobs,employment_records,role_title,Role title,VARCHAR(180),True,,False,False,,não classificado automaticamente,política v1; nenhuma regra automática aplicável,avaliar pelo proprietário do domínio,avaliar pelo proprietário do domínio,não definida; registrar lacuna,existente,database/postgres/migrations/006_jobs_recruitment_ctps.sql:55
postgresql,jobs,employment_records,started_on,Started on,DATE,False,,False,False,,não classificado automaticamente,política v1; nenhuma regra automática aplicável,avaliar pelo proprietário do domínio,avaliar pelo proprietário do domínio,não definida; registrar lacuna,existente,database/postgres/migrations/006_jobs_recruitment_ctps.sql:56
postgresql,jobs,employment_records,ended_on,Ended on,DATE,True,,False,False,,não classificado automaticamente,política v1; nenhuma regra automática aplicável,avaliar pelo proprietário do domínio,avaliar pelo proprietário do domínio,não definida; registrar lacuna,existente,database/postgres/migrations/006_jobs_recruitment_ctps.sql:57
postgresql,jobs,employment_records,user_activity_description,User activity description,TEXT,True,,False,False,,não classificado automaticamente,política v1; nenhuma regra automática aplicável,avaliar pelo proprietário do domínio,avaliar pelo proprietário do domínio,não definida; registrar lacuna,existente,database/postgres/migrations/006_jobs_recruitment_ctps.sql:58
postgresql,jobs,employment_records,is_informal_activity,Is informal activity,BOOLEAN,False,FALSE,False,False,,não classificado automaticamente,política v1; nenhuma regra automática aplicável,avaliar pelo proprietário do domínio,avaliar pelo proprietário do domínio,não definida; registrar lacuna,existente,database/postgres/migrations/006_jobs_recruitment_ctps.sql:59
postgresql,jobs,employment_records,visible_to_recruiter,Visible to recruiter,BOOLEAN,False,TRUE,False,False,,não classificado automaticamente,política v1; nenhuma regra automática aplicável,avaliar pelo proprietário do domínio,avaliar pelo proprietário do domínio,não definida; registrar lacuna,existente,database/postgres/migrations/006_jobs_recruitment_ctps.sql:60
postgresql,jobs,employment_records,status,Status,VARCHAR(40),False,'active',False,False,,não classificado automaticamente,política v1; nenhuma regra automática aplicável,avaliar pelo proprietário do domínio,avaliar pelo proprietário do domínio,não definida; registrar lacuna,existente,database/postgres/migrations/006_jobs_recruitment_ctps.sql:61
postgresql,jobs,employment_records,metadata,Metadata,JSONB,False,'{}'::jsonb,False,False,,não classificado automaticamente,política v1; nenhuma regra automática aplicável,avaliar pelo proprietário do domínio,avaliar pelo proprietário do domínio,não definida; registrar lacuna,existente,database/postgres/migrations/006_jobs_recruitment_ctps.sql:62
postgresql,jobs,employment_records,created_at,Created at,TIMESTAMPTZ,False,NOW(),False,False,,não classificado automaticamente,política v1; nenhuma regra automática aplicável,avaliar pelo proprietário do domínio,avaliar pelo proprietário do domínio,não definida; registrar lacuna,existente,database/postgres/migrations/006_jobs_recruitment_ctps.sql:63
postgresql,jobs,employment_records,updated_at,Updated at,TIMESTAMPTZ,False,NOW(),False,False,,não classificado automaticamente,política v1; nenhuma regra automática aplicável,avaliar pelo proprietário do domínio,avaliar pelo proprietário do domínio,não definida; registrar lacuna,existente,database/postgres/migrations/006_jobs_recruitment_ctps.sql:64
postgresql,jobs,employment_records,deleted_at,Deleted at,TIMESTAMPTZ,True,,False,False,,não classificado automaticamente,política v1; nenhuma regra automática aplicável,avaliar pelo proprietário do domínio,avaliar pelo proprietário do domínio,não definida; registrar lacuna,existente,database/postgres/migrations/006_jobs_recruitment_ctps.sql:65
postgresql,jobs,employment_records,created_by,Created by,UUID,True,,False,False,identity.users.id,pseudônimo vinculável,política v1 categoria identidade_relacional; padrões: created_by,controle de acesso e segregação por tenant; criptografia do banco,não expor identificadores internos sem necessidade,acompanha entidade e trilha de auditoria com política de anonimização,existente,database/postgres/migrations/006_jobs_recruitment_ctps.sql:66
postgresql,jobs,employment_records,updated_by,Updated by,UUID,True,,False,False,identity.users.id,pseudônimo vinculável,política v1 categoria identidade_relacional; padrões: updated_by,controle de acesso e segregação por tenant; criptografia do banco,não expor identificadores internos sem necessidade,acompanha entidade e trilha de auditoria com política de anonimização,existente,database/postgres/migrations/006_jobs_recruitment_ctps.sql:67
postgresql,jobs,employment_records,idempotency_key,Idempotency key,TEXT,True,,False,False,,não classificado automaticamente,política v1; nenhuma regra automática aplicável,avaliar pelo proprietário do domínio,avaliar pelo proprietário do domínio,não definida; registrar lacuna,existente,database/postgres/migrations/007_jobs_runtime_private_documents.sql:5
postgresql,jobs,job_postings,id,Id,UUID,False,gen_random_uuid(),True,False,,não classificado automaticamente,política v1; nenhuma regra automática aplicável,avaliar pelo proprietário do domínio,avaliar pelo proprietário do domínio,não definida; registrar lacuna,existente,database/postgres/migrations/006_jobs_recruitment_ctps.sql:84
postgresql,jobs,job_postings,user_id,User id,UUID,False,,False,False,identity.users.id,pseudônimo vinculável,política v1 categoria identidade_relacional; padrões: user_id,controle de acesso e segregação por tenant; criptografia do banco,não expor identificadores internos sem necessidade,acompanha entidade e trilha de auditoria com política de anonimização,existente,database/postgres/migrations/006_jobs_recruitment_ctps.sql:85
postgresql,jobs,job_postings,company_id,Company id,UUID,False,,False,False,business.companies.id,não classificado automaticamente,política v1; nenhuma regra automática aplicável,avaliar pelo proprietário do domínio,avaliar pelo proprietário do domínio,não definida; registrar lacuna,existente,database/postgres/migrations/006_jobs_recruitment_ctps.sql:86
postgresql,jobs,job_postings,title,Title,VARCHAR(240),False,,False,False,,não classificado automaticamente,política v1; nenhuma regra automática aplicável,avaliar pelo proprietário do domínio,avaliar pelo proprietário do domínio,não definida; registrar lacuna,existente,database/postgres/migrations/006_jobs_recruitment_ctps.sql:87
postgresql,jobs,job_postings,description,Description,TEXT,False,,False,False,,não classificado automaticamente,política v1; nenhuma regra automática aplicável,avaliar pelo proprietário do domínio,avaliar pelo proprietário do domínio,não definida; registrar lacuna,existente,database/postgres/migrations/006_jobs_recruitment_ctps.sql:88
postgresql,jobs,job_postings,requirements,Requirements,TEXT,True,,False,False,,não classificado automaticamente,política v1; nenhuma regra automática aplicável,avaliar pelo proprietário do domínio,avaliar pelo proprietário do domínio,não definida; registrar lacuna,existente,database/postgres/migrations/006_jobs_recruitment_ctps.sql:89
postgresql,jobs,job_postings,employment_type,Employment type,VARCHAR(60),True,,False,False,,não classificado automaticamente,política v1; nenhuma regra automática aplicável,avaliar pelo proprietário do domínio,avaliar pelo proprietário do domínio,não definida; registrar lacuna,existente,database/postgres/migrations/006_jobs_recruitment_ctps.sql:90
postgresql,jobs,job_postings,workplace_model,Workplace model,VARCHAR(40),True,,False,False,,não classificado automaticamente,política v1; nenhuma regra automática aplicável,avaliar pelo proprietário do domínio,avaliar pelo proprietário do domínio,não definida; registrar lacuna,existente,database/postgres/migrations/006_jobs_recruitment_ctps.sql:91
postgresql,jobs,job_postings,salary_min_brl,Salary min brl,"NUMERIC(18, 4)",True,,False,False,,financeiro confidencial,política v1 categoria financeiro; padrões: salary,obrigatória em trânsito e repouso,restringir por papel e finalidade; não registrar valor sensível desnecessário,"definir por obrigação contábil, fiscal e prevenção a fraude",existente,database/postgres/migrations/006_jobs_recruitment_ctps.sql:92
postgresql,jobs,job_postings,salary_max_brl,Salary max brl,"NUMERIC(18, 4)",True,,False,False,,financeiro confidencial,política v1 categoria financeiro; padrões: salary,obrigatória em trânsito e repouso,restringir por papel e finalidade; não registrar valor sensível desnecessário,"definir por obrigação contábil, fiscal e prevenção a fraude",existente,database/postgres/migrations/006_jobs_recruitment_ctps.sql:93
postgresql,jobs,job_postings,published_at,Published at,TIMESTAMPTZ,True,,False,False,,não classificado automaticamente,política v1; nenhuma regra automática aplicável,avaliar pelo proprietário do domínio,avaliar pelo proprietário do domínio,não definida; registrar lacuna,existente,database/postgres/migrations/006_jobs_recruitment_ctps.sql:94
postgresql,jobs,job_postings,closes_at,Closes at,TIMESTAMPTZ,True,,False,False,,não classificado automaticamente,política v1; nenhuma regra automática aplicável,avaliar pelo proprietário do domínio,avaliar pelo proprietário do domínio,não definida; registrar lacuna,existente,database/postgres/migrations/006_jobs_recruitment_ctps.sql:95
postgresql,jobs,job_postings,status,Status,VARCHAR(40),False,'draft',False,False,,não classificado automaticamente,política v1; nenhuma regra automática aplicável,avaliar pelo proprietário do domínio,avaliar pelo proprietário do domínio,não definida; registrar lacuna,existente,database/postgres/migrations/006_jobs_recruitment_ctps.sql:96
postgresql,jobs,job_postings,metadata,Metadata,JSONB,False,'{}'::jsonb,False,False,,não classificado automaticamente,política v1; nenhuma regra automática aplicável,avaliar pelo proprietário do domínio,avaliar pelo proprietário do domínio,não definida; registrar lacuna,existente,database/postgres/migrations/006_jobs_recruitment_ctps.sql:98
postgresql,jobs,job_postings,created_at,Created at,TIMESTAMPTZ,False,NOW(),False,False,,não classificado automaticamente,política v1; nenhuma regra automática aplicável,avaliar pelo proprietário do domínio,avaliar pelo proprietário do domínio,não definida; registrar lacuna,existente,database/postgres/migrations/006_jobs_recruitment_ctps.sql:99
postgresql,jobs,job_postings,updated_at,Updated at,TIMESTAMPTZ,False,NOW(),False,False,,não classificado automaticamente,política v1; nenhuma regra automática aplicável,avaliar pelo proprietário do domínio,avaliar pelo proprietário do domínio,não definida; registrar lacuna,existente,database/postgres/migrations/006_jobs_recruitment_ctps.sql:100
postgresql,jobs,job_postings,deleted_at,Deleted at,TIMESTAMPTZ,True,,False,False,,não classificado automaticamente,política v1; nenhuma regra automática aplicável,avaliar pelo proprietário do domínio,avaliar pelo proprietário do domínio,não definida; registrar lacuna,existente,database/postgres/migrations/006_jobs_recruitment_ctps.sql:101
postgresql,jobs,job_postings,created_by,Created by,UUID,True,,False,False,identity.users.id,pseudônimo vinculável,política v1 categoria identidade_relacional; padrões: created_by,controle de acesso e segregação por tenant; criptografia do banco,não expor identificadores internos sem necessidade,acompanha entidade e trilha de auditoria com política de anonimização,existente,database/postgres/migrations/006_jobs_recruitment_ctps.sql:102
postgresql,jobs,job_postings,updated_by,Updated by,UUID,True,,False,False,identity.users.id,pseudônimo vinculável,política v1 categoria identidade_relacional; padrões: updated_by,controle de acesso e segregação por tenant; criptografia do banco,não expor identificadores internos sem necessidade,acompanha entidade e trilha de auditoria com política de anonimização,existente,database/postgres/migrations/006_jobs_recruitment_ctps.sql:103
postgresql,jobs,job_postings,idempotency_key,Idempotency key,TEXT,True,,False,False,,não classificado automaticamente,política v1; nenhuma regra automática aplicável,avaliar pelo proprietário do domínio,avaliar pelo proprietário do domínio,não definida; registrar lacuna,existente,database/postgres/migrations/007_jobs_runtime_private_documents.sql:6
postgresql,jobs,applications,id,Id,UUID,False,gen_random_uuid(),True,False,,não classificado automaticamente,política v1; nenhuma regra automática aplicável,avaliar pelo proprietário do domínio,avaliar pelo proprietário do domínio,não definida; registrar lacuna,existente,database/postgres/migrations/006_jobs_recruitment_ctps.sql:107
postgresql,jobs,applications,user_id,User id,UUID,False,,False,False,identity.users.id,pseudônimo vinculável,política v1 categoria identidade_relacional; padrões: user_id,controle de acesso e segregação por tenant; criptografia do banco,não expor identificadores internos sem necessidade,acompanha entidade e trilha de auditoria com política de anonimização,existente,database/postgres/migrations/006_jobs_recruitment_ctps.sql:108
postgresql,jobs,applications,job_posting_id,Job posting id,UUID,False,,False,False,jobs.job_postings.id,não classificado automaticamente,política v1; nenhuma regra automática aplicável,avaliar pelo proprietário do domínio,avaliar pelo proprietário do domínio,não definida; registrar lacuna,existente,database/postgres/migrations/006_jobs_recruitment_ctps.sql:109
postgresql,jobs,applications,resume_id,Resume id,UUID,False,,False,False,,não classificado automaticamente,política v1; nenhuma regra automática aplicável,avaliar pelo proprietário do domínio,avaliar pelo proprietário do domínio,não definida; registrar lacuna,existente,database/postgres/migrations/006_jobs_recruitment_ctps.sql:110
postgresql,jobs,applications,cover_letter,Cover letter,TEXT,True,,False,False,,não classificado automaticamente,política v1; nenhuma regra automática aplicável,avaliar pelo proprietário do domínio,avaliar pelo proprietário do domínio,não definida; registrar lacuna,existente,database/postgres/migrations/006_jobs_recruitment_ctps.sql:111
postgresql,jobs,applications,status,Status,VARCHAR(40),False,'submitted',False,False,,não classificado automaticamente,política v1; nenhuma regra automática aplicável,avaliar pelo proprietário do domínio,avaliar pelo proprietário do domínio,não definida; registrar lacuna,existente,database/postgres/migrations/006_jobs_recruitment_ctps.sql:112
postgresql,jobs,applications,metadata,Metadata,JSONB,False,'{}'::jsonb,False,False,,não classificado automaticamente,política v1; nenhuma regra automática aplicável,avaliar pelo proprietário do domínio,avaliar pelo proprietário do domínio,não definida; registrar lacuna,existente,database/postgres/migrations/006_jobs_recruitment_ctps.sql:114
postgresql,jobs,applications,created_at,Created at,TIMESTAMPTZ,False,NOW(),False,False,,não classificado automaticamente,política v1; nenhuma regra automática aplicável,avaliar pelo proprietário do domínio,avaliar pelo proprietário do domínio,não definida; registrar lacuna,existente,database/postgres/migrations/006_jobs_recruitment_ctps.sql:115
postgresql,jobs,applications,updated_at,Updated at,TIMESTAMPTZ,False,NOW(),False,False,,não classificado automaticamente,política v1; nenhuma regra automática aplicável,avaliar pelo proprietário do domínio,avaliar pelo proprietário do domínio,não definida; registrar lacuna,existente,database/postgres/migrations/006_jobs_recruitment_ctps.sql:116
postgresql,jobs,applications,deleted_at,Deleted at,TIMESTAMPTZ,True,,False,False,,não classificado automaticamente,política v1; nenhuma regra automática aplicável,avaliar pelo proprietário do domínio,avaliar pelo proprietário do domínio,não definida; registrar lacuna,existente,database/postgres/migrations/006_jobs_recruitment_ctps.sql:117
postgresql,jobs,applications,created_by,Created by,UUID,True,,False,False,identity.users.id,pseudônimo vinculável,política v1 categoria identidade_relacional; padrões: created_by,controle de acesso e segregação por tenant; criptografia do banco,não expor identificadores internos sem necessidade,acompanha entidade e trilha de auditoria com política de anonimização,existente,database/postgres/migrations/006_jobs_recruitment_ctps.sql:118
postgresql,jobs,applications,updated_by,Updated by,UUID,True,,False,False,identity.users.id,pseudônimo vinculável,política v1 categoria identidade_relacional; padrões: updated_by,controle de acesso e segregação por tenant; criptografia do banco,não expor identificadores internos sem necessidade,acompanha entidade e trilha de auditoria com política de anonimização,existente,database/postgres/migrations/006_jobs_recruitment_ctps.sql:119
postgresql,jobs,applications,idempotency_key,Idempotency key,TEXT,True,,False,False,,não classificado automaticamente,política v1; nenhuma regra automática aplicável,avaliar pelo proprietário do domínio,avaliar pelo proprietário do domínio,não definida; registrar lacuna,existente,database/postgres/migrations/007_jobs_runtime_private_documents.sql:7
postgresql,jobs,resume_access_logs,id,Id,UUID,False,gen_random_uuid(),True,False,,não classificado automaticamente,política v1; nenhuma regra automática aplicável,avaliar pelo proprietário do domínio,avaliar pelo proprietário do domínio,não definida; registrar lacuna,existente,database/postgres/migrations/006_jobs_recruitment_ctps.sql:125
postgresql,jobs,resume_access_logs,user_id,User id,UUID,False,,False,False,identity.users.id,pseudônimo vinculável,política v1 categoria identidade_relacional; padrões: user_id,controle de acesso e segregação por tenant; criptografia do banco,não expor identificadores internos sem necessidade,acompanha entidade e trilha de auditoria com política de anonimização,existente,database/postgres/migrations/006_jobs_recruitment_ctps.sql:126
postgresql,jobs,resume_access_logs,resume_id,Resume id,UUID,False,,False,False,,não classificado automaticamente,política v1; nenhuma regra automática aplicável,avaliar pelo proprietário do domínio,avaliar pelo proprietário do domínio,não definida; registrar lacuna,existente,database/postgres/migrations/006_jobs_recruitment_ctps.sql:127
postgresql,jobs,resume_access_logs,business_id,Business id,UUID,False,,False,False,business.companies.id,não classificado automaticamente,política v1; nenhuma regra automática aplicável,avaliar pelo proprietário do domínio,avaliar pelo proprietário do domínio,não definida; registrar lacuna,existente,database/postgres/migrations/006_jobs_recruitment_ctps.sql:128
postgresql,jobs,resume_access_logs,recruiter_user_id,Recruiter user id,UUID,False,,False,False,identity.users.id,pseudônimo vinculável,política v1 categoria identidade_relacional; padrões: user_id,controle de acesso e segregação por tenant; criptografia do banco,não expor identificadores internos sem necessidade,acompanha entidade e trilha de auditoria com política de anonimização,existente,database/postgres/migrations/006_jobs_recruitment_ctps.sql:129
postgresql,jobs,resume_access_logs,purpose,Purpose,TEXT,False,,False,False,,não classificado automaticamente,política v1; nenhuma regra automática aplicável,avaliar pelo proprietário do domínio,avaliar pelo proprietário do domínio,não definida; registrar lacuna,existente,database/postgres/migrations/006_jobs_recruitment_ctps.sql:130
postgresql,jobs,resume_access_logs,accessed_at,Accessed at,TIMESTAMPTZ,False,NOW(),False,False,,não classificado automaticamente,política v1; nenhuma regra automática aplicável,avaliar pelo proprietário do domínio,avaliar pelo proprietário do domínio,não definida; registrar lacuna,existente,database/postgres/migrations/006_jobs_recruitment_ctps.sql:131
postgresql,jobs,resume_access_logs,status,Status,VARCHAR(40),False,'recorded',False,False,,não classificado automaticamente,política v1; nenhuma regra automática aplicável,avaliar pelo proprietário do domínio,avaliar pelo proprietário do domínio,não definida; registrar lacuna,existente,database/postgres/migrations/006_jobs_recruitment_ctps.sql:132
postgresql,jobs,resume_access_logs,metadata,Metadata,JSONB,False,'{}'::jsonb,False,False,,não classificado automaticamente,política v1; nenhuma regra automática aplicável,avaliar pelo proprietário do domínio,avaliar pelo proprietário do domínio,não definida; registrar lacuna,existente,database/postgres/migrations/006_jobs_recruitment_ctps.sql:133
postgresql,jobs,resume_access_logs,created_by,Created by,UUID,True,,False,False,identity.users.id,pseudônimo vinculável,política v1 categoria identidade_relacional; padrões: created_by,controle de acesso e segregação por tenant; criptografia do banco,não expor identificadores internos sem necessidade,acompanha entidade e trilha de auditoria com política de anonimização,existente,database/postgres/migrations/006_jobs_recruitment_ctps.sql:134
postgresql,jobs,resume_access_logs,idempotency_key,Idempotency key,TEXT,True,,False,False,,não classificado automaticamente,política v1; nenhuma regra automática aplicável,avaliar pelo proprietário do domínio,avaliar pelo proprietário do domínio,não definida; registrar lacuna,existente,database/postgres/migrations/007_jobs_runtime_private_documents.sql:8
postgresql,identity_core,users,id,Id,UUID,False,uuid_generate_v4(),True,False,,não classificado automaticamente,política v1; nenhuma regra automática aplicável,avaliar pelo proprietário do domínio,avaliar pelo proprietário do domínio,não definida; registrar lacuna,existente,database/postgres/migrations/009_identity_core_refinement.sql:10
postgresql,identity_core,users,global_id,Global id,UUID,False,uuid_generate_v4(),False,True,,não classificado automaticamente,política v1; nenhuma regra automática aplicável,avaliar pelo proprietário do domínio,avaliar pelo proprietário do domínio,não definida; registrar lacuna,existente,database/postgres/migrations/009_identity_core_refinement.sql:11
postgresql,identity_core,users,email,Email,VARCHAR(255),False,,False,True,,dado pessoal,política v1 categoria contato_localizacao; padrões: email,criptografar quando associado a pessoa identificada ou rastreamento,"mascarar em logs, listagens e exportações não autorizadas",limitar à finalidade operacional e consentimento aplicável,existente,database/postgres/migrations/009_identity_core_refinement.sql:12
postgresql,identity_core,users,password_hash,Password hash,VARCHAR(255),False,,False,False,,restrito,política v1 categoria credencial_segredo; padrões: password,obrigatória em trânsito e repouso; preferir hash não reversível quando aplicável,nunca retornar valor integral nem registrar em logs,mínima necessária; revogação e expurgo definidos por política de segurança,existente,database/postgres/migrations/009_identity_core_refinement.sql:13
postgresql,identity_core,users,full_name,Full name,VARCHAR(255),False,,False,False,,não classificado automaticamente,política v1; nenhuma regra automática aplicável,avaliar pelo proprietário do domínio,avaliar pelo proprietário do domínio,não definida; registrar lacuna,existente,database/postgres/migrations/009_identity_core_refinement.sql:14
postgresql,identity_core,users,document_cpf,Document cpf,VARCHAR(14),True,,False,True,,dado pessoal identificador,"política v1 categoria documento_identificador; padrões: document_cpf, cpf",criptografar ou armazenar hash conforme necessidade de recuperação,exibir parcialmente por padrão,"vinculada à finalidade, obrigação fiscal/legal e direitos do titular",existente,database/postgres/migrations/009_identity_core_refinement.sql:15
postgresql,identity_core,users,mfa_enabled,Mfa enabled,BOOLEAN,True,FALSE,False,False,,não classificado automaticamente,política v1; nenhuma regra automática aplicável,avaliar pelo proprietário do domínio,avaliar pelo proprietário do domínio,não definida; registrar lacuna,existente,database/postgres/migrations/009_identity_core_refinement.sql:16
postgresql,identity_core,users,mfa_secret,Mfa secret,VARCHAR(255),True,,False,False,,restrito,política v1 categoria credencial_segredo; padrões: secret,obrigatória em trânsito e repouso; preferir hash não reversível quando aplicável,nunca retornar valor integral nem registrar em logs,mínima necessária; revogação e expurgo definidos por política de segurança,existente,database/postgres/migrations/009_identity_core_refinement.sql:17
postgresql,identity_core,users,account_status,Account status,VARCHAR(50),True,'PENDING_KYC',False,False,,financeiro confidencial,política v1 categoria financeiro; padrões: account,obrigatória em trânsito e repouso,restringir por papel e finalidade; não registrar valor sensível desnecessário,"definir por obrigação contábil, fiscal e prevenção a fraude",existente,database/postgres/migrations/009_identity_core_refinement.sql:18
postgresql,identity_core,users,last_login_at,Last login at,TIMESTAMP WITH TIME ZONE,True,,False,False,,não classificado automaticamente,política v1; nenhuma regra automática aplicável,avaliar pelo proprietário do domínio,avaliar pelo proprietário do domínio,não definida; registrar lacuna,existente,database/postgres/migrations/009_identity_core_refinement.sql:19
postgresql,identity_core,users,idempotency_key,Idempotency key,VARCHAR(100),True,,False,True,,não classificado automaticamente,política v1; nenhuma regra automática aplicável,avaliar pelo proprietário do domínio,avaliar pelo proprietário do domínio,não definida; registrar lacuna,existente,database/postgres/migrations/009_identity_core_refinement.sql:20
postgresql,identity_core,users,metadata,Metadata,JSONB,False,'{}'::jsonb,False,False,,não classificado automaticamente,política v1; nenhuma regra automática aplicável,avaliar pelo proprietário do domínio,avaliar pelo proprietário do domínio,não definida; registrar lacuna,existente,database/postgres/migrations/009_identity_core_refinement.sql:21
postgresql,identity_core,users,created_at,Created at,TIMESTAMP WITH TIME ZONE,True,CURRENT_TIMESTAMP,False,False,,não classificado automaticamente,política v1; nenhuma regra automática aplicável,avaliar pelo proprietário do domínio,avaliar pelo proprietário do domínio,não definida; registrar lacuna,existente,database/postgres/migrations/009_identity_core_refinement.sql:22
postgresql,identity_core,users,updated_at,Updated at,TIMESTAMP WITH TIME ZONE,True,CURRENT_TIMESTAMP,False,False,,não classificado automaticamente,política v1; nenhuma regra automática aplicável,avaliar pelo proprietário do domínio,avaliar pelo proprietário do domínio,não definida; registrar lacuna,existente,database/postgres/migrations/009_identity_core_refinement.sql:23
postgresql,identity_core,kyc_records,id,Id,UUID,False,uuid_generate_v4(),True,False,,não classificado automaticamente,política v1; nenhuma regra automática aplicável,avaliar pelo proprietário do domínio,avaliar pelo proprietário do domínio,não definida; registrar lacuna,existente,database/postgres/migrations/009_identity_core_refinement.sql:28
postgresql,identity_core,kyc_records,user_id,User id,UUID,False,,False,False,identity_core.users.id,pseudônimo vinculável,política v1 categoria identidade_relacional; padrões: user_id,controle de acesso e segregação por tenant; criptografia do banco,não expor identificadores internos sem necessidade,acompanha entidade e trilha de auditoria com política de anonimização,existente,database/postgres/migrations/009_identity_core_refinement.sql:29
postgresql,identity_core,kyc_records,biometry_hash,Biometry hash,TEXT,False,,False,False,,dado pessoal sensível,política v1 categoria biometria_saude; padrões: biometry,obrigatória com chave gerenciada e segregação de acesso,não exibir sem finalidade e autorização reforçada,"definir por obrigação legal, finalidade clínica e consentimento",existente,database/postgres/migrations/009_identity_core_refinement.sql:30
postgresql,identity_core,kyc_records,doc_front_url,Doc front url,TEXT,True,,False,False,,não classificado automaticamente,política v1; nenhuma regra automática aplicável,avaliar pelo proprietário do domínio,avaliar pelo proprietário do domínio,não definida; registrar lacuna,existente,database/postgres/migrations/009_identity_core_refinement.sql:31
postgresql,identity_core,kyc_records,doc_back_url,Doc back url,TEXT,True,,False,False,,não classificado automaticamente,política v1; nenhuma regra automática aplicável,avaliar pelo proprietário do domínio,avaliar pelo proprietário do domínio,não definida; registrar lacuna,existente,database/postgres/migrations/009_identity_core_refinement.sql:32
postgresql,identity_core,kyc_records,verification_status,Verification status,VARCHAR(50),True,'PROCESSING',False,False,,não classificado automaticamente,política v1; nenhuma regra automática aplicável,avaliar pelo proprietário do domínio,avaliar pelo proprietário do domínio,não definida; registrar lacuna,existente,database/postgres/migrations/009_identity_core_refinement.sql:33
postgresql,identity_core,kyc_records,audited_by,Audited by,UUID,True,,False,False,,não classificado automaticamente,política v1; nenhuma regra automática aplicável,avaliar pelo proprietário do domínio,avaliar pelo proprietário do domínio,não definida; registrar lacuna,existente,database/postgres/migrations/009_identity_core_refinement.sql:34
postgresql,identity_core,kyc_records,rejection_reason,Rejection reason,TEXT,True,,False,False,,não classificado automaticamente,política v1; nenhuma regra automática aplicável,avaliar pelo proprietário do domínio,avaliar pelo proprietário do domínio,não definida; registrar lacuna,existente,database/postgres/migrations/009_identity_core_refinement.sql:35
postgresql,identity_core,kyc_records,verified_at,Verified at,TIMESTAMP WITH TIME ZONE,True,,False,False,,não classificado automaticamente,política v1; nenhuma regra automática aplicável,avaliar pelo proprietário do domínio,avaliar pelo proprietário do domínio,não definida; registrar lacuna,existente,database/postgres/migrations/009_identity_core_refinement.sql:36
postgresql,identity_core,kyc_records,idempotency_key,Idempotency key,VARCHAR(100),True,,False,True,,não classificado automaticamente,política v1; nenhuma regra automática aplicável,avaliar pelo proprietário do domínio,avaliar pelo proprietário do domínio,não definida; registrar lacuna,existente,database/postgres/migrations/009_identity_core_refinement.sql:37
postgresql,identity_core,kyc_records,metadata,Metadata,JSONB,False,'{}'::jsonb,False,False,,não classificado automaticamente,política v1; nenhuma regra automática aplicável,avaliar pelo proprietário do domínio,avaliar pelo proprietário do domínio,não definida; registrar lacuna,existente,database/postgres/migrations/009_identity_core_refinement.sql:38
postgresql,identity_core,kyc_records,created_at,Created at,TIMESTAMP WITH TIME ZONE,True,CURRENT_TIMESTAMP,False,False,,não classificado automaticamente,política v1; nenhuma regra automática aplicável,avaliar pelo proprietário do domínio,avaliar pelo proprietário do domínio,não definida; registrar lacuna,existente,database/postgres/migrations/009_identity_core_refinement.sql:39
postgresql,identity_core,business_profiles,id,Id,UUID,False,uuid_generate_v4(),True,False,,não classificado automaticamente,política v1; nenhuma regra automática aplicável,avaliar pelo proprietário do domínio,avaliar pelo proprietário do domínio,não definida; registrar lacuna,existente,database/postgres/migrations/009_identity_core_refinement.sql:44
postgresql,identity_core,business_profiles,owner_user_id,Owner user id,UUID,False,,False,False,identity_core.users.id,pseudônimo vinculável,política v1 categoria identidade_relacional; padrões: user_id,controle de acesso e segregação por tenant; criptografia do banco,não expor identificadores internos sem necessidade,acompanha entidade e trilha de auditoria com política de anonimização,existente,database/postgres/migrations/009_identity_core_refinement.sql:45
postgresql,identity_core,business_profiles,legal_name,Legal name,VARCHAR(255),False,,False,False,,não classificado automaticamente,política v1; nenhuma regra automática aplicável,avaliar pelo proprietário do domínio,avaliar pelo proprietário do domínio,não definida; registrar lacuna,existente,database/postgres/migrations/009_identity_core_refinement.sql:46
postgresql,identity_core,business_profiles,trade_name,Trade name,VARCHAR(255),True,,False,False,,não classificado automaticamente,política v1; nenhuma regra automática aplicável,avaliar pelo proprietário do domínio,avaliar pelo proprietário do domínio,não definida; registrar lacuna,existente,database/postgres/migrations/009_identity_core_refinement.sql:47
postgresql,identity_core,business_profiles,document_cnpj,Document cnpj,VARCHAR(18),False,,False,True,,dado pessoal identificador,política v1 categoria documento_identificador; padrões: cnpj,criptografar ou armazenar hash conforme necessidade de recuperação,exibir parcialmente por padrão,"vinculada à finalidade, obrigação fiscal/legal e direitos do titular",existente,database/postgres/migrations/009_identity_core_refinement.sql:48
postgresql,identity_core,business_profiles,cnae_primary,Cnae primary,VARCHAR(20),True,,False,False,,não classificado automaticamente,política v1; nenhuma regra automática aplicável,avaliar pelo proprietário do domínio,avaliar pelo proprietário do domínio,não definida; registrar lacuna,existente,database/postgres/migrations/009_identity_core_refinement.sql:49
postgresql,identity_core,business_profiles,business_status,Business status,VARCHAR(50),True,'PENDING_KYB',False,False,,não classificado automaticamente,política v1; nenhuma regra automática aplicável,avaliar pelo proprietário do domínio,avaliar pelo proprietário do domínio,não definida; registrar lacuna,existente,database/postgres/migrations/009_identity_core_refinement.sql:50
postgresql,identity_core,business_profiles,idempotency_key,Idempotency key,VARCHAR(100),True,,False,True,,não classificado automaticamente,política v1; nenhuma regra automática aplicável,avaliar pelo proprietário do domínio,avaliar pelo proprietário do domínio,não definida; registrar lacuna,existente,database/postgres/migrations/009_identity_core_refinement.sql:51
postgresql,identity_core,business_profiles,metadata,Metadata,JSONB,False,'{}'::jsonb,False,False,,não classificado automaticamente,política v1; nenhuma regra automática aplicável,avaliar pelo proprietário do domínio,avaliar pelo proprietário do domínio,não definida; registrar lacuna,existente,database/postgres/migrations/009_identity_core_refinement.sql:52
postgresql,identity_core,business_profiles,created_at,Created at,TIMESTAMP WITH TIME ZONE,True,CURRENT_TIMESTAMP,False,False,,não classificado automaticamente,política v1; nenhuma regra automática aplicável,avaliar pelo proprietário do domínio,avaliar pelo proprietário do domínio,não definida; registrar lacuna,existente,database/postgres/migrations/009_identity_core_refinement.sql:53
postgresql,identity_core,consents,id,Id,UUID,False,uuid_generate_v4(),True,False,,não classificado automaticamente,política v1; nenhuma regra automática aplicável,avaliar pelo proprietário do domínio,avaliar pelo proprietário do domínio,não definida; registrar lacuna,existente,database/postgres/migrations/009_identity_core_refinement.sql:58
postgresql,identity_core,consents,user_id,User id,UUID,False,,False,False,identity_core.users.id,pseudônimo vinculável,política v1 categoria identidade_relacional; padrões: user_id,controle de acesso e segregação por tenant; criptografia do banco,não expor identificadores internos sem necessidade,acompanha entidade e trilha de auditoria com política de anonimização,existente,database/postgres/migrations/009_identity_core_refinement.sql:59
postgresql,identity_core,consents,document_version,Document version,VARCHAR(50),False,,False,False,,não classificado automaticamente,política v1; nenhuma regra automática aplicável,avaliar pelo proprietário do domínio,avaliar pelo proprietário do domínio,não definida; registrar lacuna,existente,database/postgres/migrations/009_identity_core_refinement.sql:60
postgresql,identity_core,consents,consent_type,Consent type,VARCHAR(100),False,,False,False,,não classificado automaticamente,política v1; nenhuma regra automática aplicável,avaliar pelo proprietário do domínio,avaliar pelo proprietário do domínio,não definida; registrar lacuna,existente,database/postgres/migrations/009_identity_core_refinement.sql:61
postgresql,identity_core,consents,ip_address,Ip address,INET,True,,False,False,,dado pessoal,"política v1 categoria contato_localizacao; padrões: address, ip_address",criptografar quando associado a pessoa identificada ou rastreamento,"mascarar em logs, listagens e exportações não autorizadas",limitar à finalidade operacional e consentimento aplicável,existente,database/postgres/migrations/009_identity_core_refinement.sql:62
postgresql,identity_core,consents,user_agent,User agent,TEXT,True,,False,False,,não classificado automaticamente,política v1; nenhuma regra automática aplicável,avaliar pelo proprietário do domínio,avaliar pelo proprietário do domínio,não definida; registrar lacuna,existente,database/postgres/migrations/009_identity_core_refinement.sql:63
postgresql,identity_core,consents,accepted_at,Accepted at,TIMESTAMP WITH TIME ZONE,True,CURRENT_TIMESTAMP,False,False,,não classificado automaticamente,política v1; nenhuma regra automática aplicável,avaliar pelo proprietário do domínio,avaliar pelo proprietário do domínio,não definida; registrar lacuna,existente,database/postgres/migrations/009_identity_core_refinement.sql:64
postgresql,identity_core,consents,revoked_at,Revoked at,TIMESTAMP WITH TIME ZONE,True,,False,False,,não classificado automaticamente,política v1; nenhuma regra automática aplicável,avaliar pelo proprietário do domínio,avaliar pelo proprietário do domínio,não definida; registrar lacuna,existente,database/postgres/migrations/009_identity_core_refinement.sql:65
postgresql,identity_core,consents,idempotency_key,Idempotency key,VARCHAR(100),True,,False,True,,não classificado automaticamente,política v1; nenhuma regra automática aplicável,avaliar pelo proprietário do domínio,avaliar pelo proprietário do domínio,não definida; registrar lacuna,existente,database/postgres/migrations/009_identity_core_refinement.sql:66
postgresql,identity_core,consents,metadata,Metadata,JSONB,False,'{}'::jsonb,False,False,,não classificado automaticamente,política v1; nenhuma regra automática aplicável,avaliar pelo proprietário do domínio,avaliar pelo proprietário do domínio,não definida; registrar lacuna,existente,database/postgres/migrations/009_identity_core_refinement.sql:67
postgresql,identity_core,audit_logs,log_id,Log id,UUID,False,uuid_generate_v4(),True,False,,não classificado automaticamente,política v1; nenhuma regra automática aplicável,avaliar pelo proprietário do domínio,avaliar pelo proprietário do domínio,não definida; registrar lacuna,existente,database/postgres/migrations/009_identity_core_refinement.sql:72
postgresql,identity_core,audit_logs,actor_user_id,Actor user id,UUID,False,,False,False,,pseudônimo vinculável,política v1 categoria identidade_relacional; padrões: user_id,controle de acesso e segregação por tenant; criptografia do banco,não expor identificadores internos sem necessidade,acompanha entidade e trilha de auditoria com política de anonimização,existente,database/postgres/migrations/009_identity_core_refinement.sql:73
postgresql,identity_core,audit_logs,action_type,Action type,VARCHAR(100),False,,False,False,,não classificado automaticamente,política v1; nenhuma regra automática aplicável,avaliar pelo proprietário do domínio,avaliar pelo proprietário do domínio,não definida; registrar lacuna,existente,database/postgres/migrations/009_identity_core_refinement.sql:74
postgresql,identity_core,audit_logs,target_table,Target table,VARCHAR(100),False,,False,False,,não classificado automaticamente,política v1; nenhuma regra automática aplicável,avaliar pelo proprietário do domínio,avaliar pelo proprietário do domínio,não definida; registrar lacuna,existente,database/postgres/migrations/009_identity_core_refinement.sql:75
postgresql,identity_core,audit_logs,target_record_id,Target record id,UUID,False,,False,False,,não classificado automaticamente,política v1; nenhuma regra automática aplicável,avaliar pelo proprietário do domínio,avaliar pelo proprietário do domínio,não definida; registrar lacuna,existente,database/postgres/migrations/009_identity_core_refinement.sql:76
postgresql,identity_core,audit_logs,old_payload,Old payload,JSONB,True,,False,False,,não classificado automaticamente,política v1; nenhuma regra automática aplicável,avaliar pelo proprietário do domínio,avaliar pelo proprietário do domínio,não definida; registrar lacuna,existente,database/postgres/migrations/009_identity_core_refinement.sql:77
postgresql,identity_core,audit_logs,new_payload,New payload,JSONB,True,,False,False,,não classificado automaticamente,política v1; nenhuma regra automática aplicável,avaliar pelo proprietário do domínio,avaliar pelo proprietário do domínio,não definida; registrar lacuna,existente,database/postgres/migrations/009_identity_core_refinement.sql:78
postgresql,identity_core,audit_logs,ip_address,Ip address,INET,True,,False,False,,dado pessoal,"política v1 categoria contato_localizacao; padrões: address, ip_address",criptografar quando associado a pessoa identificada ou rastreamento,"mascarar em logs, listagens e exportações não autorizadas",limitar à finalidade operacional e consentimento aplicável,existente,database/postgres/migrations/009_identity_core_refinement.sql:79
postgresql,identity_core,audit_logs,created_at,Created at,TIMESTAMP WITH TIME ZONE,True,CURRENT_TIMESTAMP,False,False,,não classificado automaticamente,política v1; nenhuma regra automática aplicável,avaliar pelo proprietário do domínio,avaliar pelo proprietário do domínio,não definida; registrar lacuna,existente,database/postgres/migrations/009_identity_core_refinement.sql:80
postgresql,api_hub,api_keys,id,Id,UUID,False,gen_random_uuid(),True,False,,não classificado automaticamente,política v1; nenhuma regra automática aplicável,avaliar pelo proprietário do domínio,avaliar pelo proprietário do domínio,não definida; registrar lacuna,existente,database/postgres/migrations/010_api_hub_refinement.sql:4
postgresql,api_hub,api_keys,user_id,User id,UUID,False,,False,False,identity.users.id,pseudônimo vinculável,política v1 categoria identidade_relacional; padrões: user_id,controle de acesso e segregação por tenant; criptografia do banco,não expor identificadores internos sem necessidade,acompanha entidade e trilha de auditoria com política de anonimização,existente,database/postgres/migrations/010_api_hub_refinement.sql:5
postgresql,api_hub,api_keys,company_id,Company id,UUID,True,,False,False,business.companies.id,não classificado automaticamente,política v1; nenhuma regra automática aplicável,avaliar pelo proprietário do domínio,avaliar pelo proprietário do domínio,não definida; registrar lacuna,existente,database/postgres/migrations/010_api_hub_refinement.sql:6
postgresql,api_hub,api_keys,client_id,Client id,UUID,True,,False,False,api_hub.api_clients.id,não classificado automaticamente,política v1; nenhuma regra automática aplicável,avaliar pelo proprietário do domínio,avaliar pelo proprietário do domínio,não definida; registrar lacuna,existente,database/postgres/migrations/010_api_hub_refinement.sql:7
postgresql,api_hub,api_keys,key_name,Key name,VARCHAR(150),False,,False,False,,não classificado automaticamente,política v1; nenhuma regra automática aplicável,avaliar pelo proprietário do domínio,avaliar pelo proprietário do domínio,não definida; registrar lacuna,existente,database/postgres/migrations/010_api_hub_refinement.sql:8
postgresql,api_hub,api_keys,key_hash,Key hash,TEXT,False,,False,True,,restrito,política v1 categoria credencial_segredo; padrões: key_hash,obrigatória em trânsito e repouso; preferir hash não reversível quando aplicável,nunca retornar valor integral nem registrar em logs,mínima necessária; revogação e expurgo definidos por política de segurança,existente,database/postgres/migrations/010_api_hub_refinement.sql:9
postgresql,api_hub,api_keys,key_hint,Key hint,VARCHAR(20),False,,False,False,,não classificado automaticamente,política v1; nenhuma regra automática aplicável,avaliar pelo proprietário do domínio,avaliar pelo proprietário do domínio,não definida; registrar lacuna,existente,database/postgres/migrations/010_api_hub_refinement.sql:10
postgresql,api_hub,api_keys,scopes,Scopes,JSONB,False,'[]'::jsonb,False,False,,não classificado automaticamente,política v1; nenhuma regra automática aplicável,avaliar pelo proprietário do domínio,avaliar pelo proprietário do domínio,não definida; registrar lacuna,existente,database/postgres/migrations/010_api_hub_refinement.sql:11
postgresql,api_hub,api_keys,expires_at,Expires at,TIMESTAMPTZ,True,,False,False,,não classificado automaticamente,política v1; nenhuma regra automática aplicável,avaliar pelo proprietário do domínio,avaliar pelo proprietário do domínio,não definida; registrar lacuna,existente,database/postgres/migrations/010_api_hub_refinement.sql:12
postgresql,api_hub,api_keys,last_used_at,Last used at,TIMESTAMPTZ,True,,False,False,,não classificado automaticamente,política v1; nenhuma regra automática aplicável,avaliar pelo proprietário do domínio,avaliar pelo proprietário do domínio,não definida; registrar lacuna,existente,database/postgres/migrations/010_api_hub_refinement.sql:13
postgresql,api_hub,api_keys,status,Status,VARCHAR(40),False,'active',False,False,,não classificado automaticamente,política v1; nenhuma regra automática aplicável,avaliar pelo proprietário do domínio,avaliar pelo proprietário do domínio,não definida; registrar lacuna,existente,database/postgres/migrations/010_api_hub_refinement.sql:14
postgresql,api_hub,api_keys,idempotency_key,Idempotency key,VARCHAR(120),True,,False,True,,não classificado automaticamente,política v1; nenhuma regra automática aplicável,avaliar pelo proprietário do domínio,avaliar pelo proprietário do domínio,não definida; registrar lacuna,existente,database/postgres/migrations/010_api_hub_refinement.sql:15
postgresql,api_hub,api_keys,metadata,Metadata,JSONB,False,'{}'::jsonb,False,False,,não classificado automaticamente,política v1; nenhuma regra automática aplicável,avaliar pelo proprietário do domínio,avaliar pelo proprietário do domínio,não definida; registrar lacuna,existente,database/postgres/migrations/010_api_hub_refinement.sql:16
postgresql,api_hub,api_keys,created_at,Created at,TIMESTAMPTZ,False,NOW(),False,False,,não classificado automaticamente,política v1; nenhuma regra automática aplicável,avaliar pelo proprietário do domínio,avaliar pelo proprietário do domínio,não definida; registrar lacuna,existente,database/postgres/migrations/010_api_hub_refinement.sql:17
postgresql,api_hub,api_keys,updated_at,Updated at,TIMESTAMPTZ,False,NOW(),False,False,,não classificado automaticamente,política v1; nenhuma regra automática aplicável,avaliar pelo proprietário do domínio,avaliar pelo proprietário do domínio,não definida; registrar lacuna,existente,database/postgres/migrations/010_api_hub_refinement.sql:18
postgresql,api_hub,api_keys,deleted_at,Deleted at,TIMESTAMPTZ,True,,False,False,,não classificado automaticamente,política v1; nenhuma regra automática aplicável,avaliar pelo proprietário do domínio,avaliar pelo proprietário do domínio,não definida; registrar lacuna,existente,database/postgres/migrations/010_api_hub_refinement.sql:19
postgresql,api_hub,api_keys,created_by,Created by,UUID,True,,False,False,identity.users.id,pseudônimo vinculável,política v1 categoria identidade_relacional; padrões: created_by,controle de acesso e segregação por tenant; criptografia do banco,não expor identificadores internos sem necessidade,acompanha entidade e trilha de auditoria com política de anonimização,existente,database/postgres/migrations/010_api_hub_refinement.sql:20
postgresql,api_hub,api_keys,updated_by,Updated by,UUID,True,,False,False,identity.users.id,pseudônimo vinculável,política v1 categoria identidade_relacional; padrões: updated_by,controle de acesso e segregação por tenant; criptografia do banco,não expor identificadores internos sem necessidade,acompanha entidade e trilha de auditoria com política de anonimização,existente,database/postgres/migrations/010_api_hub_refinement.sql:21
postgresql,api_hub,integration_runs,id,Id,UUID,False,gen_random_uuid(),True,False,,não classificado automaticamente,política v1; nenhuma regra automática aplicável,avaliar pelo proprietário do domínio,avaliar pelo proprietário do domínio,não definida; registrar lacuna,existente,database/postgres/migrations/010_api_hub_refinement.sql:25
postgresql,api_hub,integration_runs,user_id,User id,UUID,False,,False,False,identity.users.id,pseudônimo vinculável,política v1 categoria identidade_relacional; padrões: user_id,controle de acesso e segregação por tenant; criptografia do banco,não expor identificadores internos sem necessidade,acompanha entidade e trilha de auditoria com política de anonimização,existente,database/postgres/migrations/010_api_hub_refinement.sql:26
postgresql,api_hub,integration_runs,company_id,Company id,UUID,True,,False,False,business.companies.id,não classificado automaticamente,política v1; nenhuma regra automática aplicável,avaliar pelo proprietário do domínio,avaliar pelo proprietário do domínio,não definida; registrar lacuna,existente,database/postgres/migrations/010_api_hub_refinement.sql:27
postgresql,api_hub,integration_runs,integration_type,Integration type,VARCHAR(80),False,,False,False,,não classificado automaticamente,política v1; nenhuma regra automática aplicável,avaliar pelo proprietário do domínio,avaliar pelo proprietário do domínio,não definida; registrar lacuna,existente,database/postgres/migrations/010_api_hub_refinement.sql:28
postgresql,api_hub,integration_runs,provider_name,Provider name,VARCHAR(100),False,,False,False,,não classificado automaticamente,política v1; nenhuma regra automática aplicável,avaliar pelo proprietário do domínio,avaliar pelo proprietário do domínio,não definida; registrar lacuna,existente,database/postgres/migrations/010_api_hub_refinement.sql:29
postgresql,api_hub,integration_runs,started_at,Started at,TIMESTAMPTZ,False,NOW(),False,False,,não classificado automaticamente,política v1; nenhuma regra automática aplicável,avaliar pelo proprietário do domínio,avaliar pelo proprietário do domínio,não definida; registrar lacuna,existente,database/postgres/migrations/010_api_hub_refinement.sql:30
postgresql,api_hub,integration_runs,ended_at,Ended at,TIMESTAMPTZ,True,,False,False,,não classificado automaticamente,política v1; nenhuma regra automática aplicável,avaliar pelo proprietário do domínio,avaliar pelo proprietário do domínio,não definida; registrar lacuna,existente,database/postgres/migrations/010_api_hub_refinement.sql:31
postgresql,api_hub,integration_runs,log_summary,Log summary,TEXT,True,,False,False,,não classificado automaticamente,política v1; nenhuma regra automática aplicável,avaliar pelo proprietário do domínio,avaliar pelo proprietário do domínio,não definida; registrar lacuna,existente,database/postgres/migrations/010_api_hub_refinement.sql:32
postgresql,api_hub,integration_runs,status,Status,VARCHAR(40),False,'running',False,False,,não classificado automaticamente,política v1; nenhuma regra automática aplicável,avaliar pelo proprietário do domínio,avaliar pelo proprietário do domínio,não definida; registrar lacuna,existente,database/postgres/migrations/010_api_hub_refinement.sql:33
postgresql,api_hub,integration_runs,idempotency_key,Idempotency key,VARCHAR(120),True,,False,True,,não classificado automaticamente,política v1; nenhuma regra automática aplicável,avaliar pelo proprietário do domínio,avaliar pelo proprietário do domínio,não definida; registrar lacuna,existente,database/postgres/migrations/010_api_hub_refinement.sql:34
postgresql,api_hub,integration_runs,metadata,Metadata,JSONB,False,'{}'::jsonb,False,False,,não classificado automaticamente,política v1; nenhuma regra automática aplicável,avaliar pelo proprietário do domínio,avaliar pelo proprietário do domínio,não definida; registrar lacuna,existente,database/postgres/migrations/010_api_hub_refinement.sql:35
postgresql,api_hub,integration_runs,created_at,Created at,TIMESTAMPTZ,False,NOW(),False,False,,não classificado automaticamente,política v1; nenhuma regra automática aplicável,avaliar pelo proprietário do domínio,avaliar pelo proprietário do domínio,não definida; registrar lacuna,existente,database/postgres/migrations/010_api_hub_refinement.sql:36
postgresql,api_hub,integration_runs,updated_at,Updated at,TIMESTAMPTZ,False,NOW(),False,False,,não classificado automaticamente,política v1; nenhuma regra automática aplicável,avaliar pelo proprietário do domínio,avaliar pelo proprietário do domínio,não definida; registrar lacuna,existente,database/postgres/migrations/010_api_hub_refinement.sql:37
postgresql,api_hub,integration_runs,deleted_at,Deleted at,TIMESTAMPTZ,True,,False,False,,não classificado automaticamente,política v1; nenhuma regra automática aplicável,avaliar pelo proprietário do domínio,avaliar pelo proprietário do domínio,não definida; registrar lacuna,existente,database/postgres/migrations/010_api_hub_refinement.sql:38
postgresql,api_hub,integration_runs,created_by,Created by,UUID,True,,False,False,identity.users.id,pseudônimo vinculável,política v1 categoria identidade_relacional; padrões: created_by,controle de acesso e segregação por tenant; criptografia do banco,não expor identificadores internos sem necessidade,acompanha entidade e trilha de auditoria com política de anonimização,existente,database/postgres/migrations/010_api_hub_refinement.sql:39
postgresql,api_hub,integration_runs,updated_by,Updated by,UUID,True,,False,False,identity.users.id,pseudônimo vinculável,política v1 categoria identidade_relacional; padrões: updated_by,controle de acesso e segregação por tenant; criptografia do banco,não expor identificadores internos sem necessidade,acompanha entidade e trilha de auditoria com política de anonimização,existente,database/postgres/migrations/010_api_hub_refinement.sql:40
postgresql,marketplace,pepita_grants,id,Id,UUID,False,gen_random_uuid(),True,False,,não classificado automaticamente,política v1; nenhuma regra automática aplicável,avaliar pelo proprietário do domínio,avaliar pelo proprietário do domínio,não definida; registrar lacuna,existente,database/postgres/migrations/014_valley_ecosystem.sql:4
postgresql,marketplace,pepita_grants,user_id,User id,UUID,False,,False,False,identity.users.id,pseudônimo vinculável,política v1 categoria identidade_relacional; padrões: user_id,controle de acesso e segregação por tenant; criptografia do banco,não expor identificadores internos sem necessidade,acompanha entidade e trilha de auditoria com política de anonimização,existente,database/postgres/migrations/014_valley_ecosystem.sql:5
postgresql,marketplace,pepita_grants,company_id,Company id,UUID,True,,False,False,business.companies.id,não classificado automaticamente,política v1; nenhuma regra automática aplicável,avaliar pelo proprietário do domínio,avaliar pelo proprietário do domínio,não definida; registrar lacuna,existente,database/postgres/migrations/014_valley_ecosystem.sql:6
postgresql,marketplace,pepita_grants,order_id,Order id,UUID,False,,False,False,,não classificado automaticamente,política v1; nenhuma regra automática aplicável,avaliar pelo proprietário do domínio,avaliar pelo proprietário do domínio,não definida; registrar lacuna,existente,database/postgres/migrations/014_valley_ecosystem.sql:7
postgresql,marketplace,pepita_grants,customer_user_id,Customer user id,UUID,False,,False,False,identity.users.id,pseudônimo vinculável,política v1 categoria identidade_relacional; padrões: user_id,controle de acesso e segregação por tenant; criptografia do banco,não expor identificadores internos sem necessidade,acompanha entidade e trilha de auditoria com política de anonimização,existente,database/postgres/migrations/014_valley_ecosystem.sql:8
postgresql,marketplace,pepita_grants,pepitas,Pepitas,INTEGER,False,,False,False,,não classificado automaticamente,política v1; nenhuma regra automática aplicável,avaliar pelo proprietário do domínio,avaliar pelo proprietário do domínio,não definida; registrar lacuna,existente,database/postgres/migrations/014_valley_ecosystem.sql:9
postgresql,marketplace,pepita_grants,merchant_gold_ledger_id,Merchant gold ledger id,VARCHAR(120),False,,False,False,,não classificado automaticamente,política v1; nenhuma regra automática aplicável,avaliar pelo proprietário do domínio,avaliar pelo proprietário do domínio,não definida; registrar lacuna,existente,database/postgres/migrations/014_valley_ecosystem.sql:10
postgresql,marketplace,pepita_grants,status,Status,VARCHAR(40),False,'posted',False,False,,não classificado automaticamente,política v1; nenhuma regra automática aplicável,avaliar pelo proprietário do domínio,avaliar pelo proprietário do domínio,não definida; registrar lacuna,existente,database/postgres/migrations/014_valley_ecosystem.sql:11
postgresql,marketplace,pepita_grants,metadata,Metadata,JSONB,False,'{}'::jsonb,False,False,,não classificado automaticamente,política v1; nenhuma regra automática aplicável,avaliar pelo proprietário do domínio,avaliar pelo proprietário do domínio,não definida; registrar lacuna,existente,database/postgres/migrations/014_valley_ecosystem.sql:12
postgresql,marketplace,pepita_grants,created_at,Created at,TIMESTAMPTZ,False,NOW(),False,False,,não classificado automaticamente,política v1; nenhuma regra automática aplicável,avaliar pelo proprietário do domínio,avaliar pelo proprietário do domínio,não definida; registrar lacuna,existente,database/postgres/migrations/014_valley_ecosystem.sql:13
postgresql,marketplace,pepita_grants,updated_at,Updated at,TIMESTAMPTZ,False,NOW(),False,False,,não classificado automaticamente,política v1; nenhuma regra automática aplicável,avaliar pelo proprietário do domínio,avaliar pelo proprietário do domínio,não definida; registrar lacuna,existente,database/postgres/migrations/014_valley_ecosystem.sql:14
postgresql,marketplace,pepita_grants,deleted_at,Deleted at,TIMESTAMPTZ,True,,False,False,,não classificado automaticamente,política v1; nenhuma regra automática aplicável,avaliar pelo proprietário do domínio,avaliar pelo proprietário do domínio,não definida; registrar lacuna,existente,database/postgres/migrations/014_valley_ecosystem.sql:15
postgresql,marketplace,pepita_grants,created_by,Created by,UUID,True,,False,False,identity.users.id,pseudônimo vinculável,política v1 categoria identidade_relacional; padrões: created_by,controle de acesso e segregação por tenant; criptografia do banco,não expor identificadores internos sem necessidade,acompanha entidade e trilha de auditoria com política de anonimização,existente,database/postgres/migrations/014_valley_ecosystem.sql:16
postgresql,marketplace,pepita_grants,updated_by,Updated by,UUID,True,,False,False,identity.users.id,pseudônimo vinculável,política v1 categoria identidade_relacional; padrões: updated_by,controle de acesso e segregação por tenant; criptografia do banco,não expor identificadores internos sem necessidade,acompanha entidade e trilha de auditoria com política de anonimização,existente,database/postgres/migrations/014_valley_ecosystem.sql:17
postgresql,marketplace,pepita_grants,idempotency_key,Idempotency key,VARCHAR(100),True,,False,True,,não classificado automaticamente,política v1; nenhuma regra automática aplicável,avaliar pelo proprietário do domínio,avaliar pelo proprietário do domínio,não definida; registrar lacuna,existente,database/postgres/migrations/014_valley_ecosystem.sql:18
postgresql,stock,discount_quotes,id,Id,UUID,False,gen_random_uuid(),True,False,,não classificado automaticamente,política v1; nenhuma regra automática aplicável,avaliar pelo proprietário do domínio,avaliar pelo proprietário do domínio,não definida; registrar lacuna,existente,database/postgres/migrations/014_valley_ecosystem.sql:25
postgresql,stock,discount_quotes,user_id,User id,UUID,False,,False,False,identity.users.id,pseudônimo vinculável,política v1 categoria identidade_relacional; padrões: user_id,controle de acesso e segregação por tenant; criptografia do banco,não expor identificadores internos sem necessidade,acompanha entidade e trilha de auditoria com política de anonimização,existente,database/postgres/migrations/014_valley_ecosystem.sql:26
postgresql,stock,discount_quotes,catalog_product_id,Catalog product id,UUID,True,,False,False,,não classificado automaticamente,política v1; nenhuma regra automática aplicável,avaliar pelo proprietário do domínio,avaliar pelo proprietário do domínio,não definida; registrar lacuna,existente,database/postgres/migrations/014_valley_ecosystem.sql:27
postgresql,stock,discount_quotes,selected_percent,Selected percent,INTEGER,False,,False,False,,não classificado automaticamente,política v1; nenhuma regra automática aplicável,avaliar pelo proprietário do domínio,avaliar pelo proprietário do domínio,não definida; registrar lacuna,existente,database/postgres/migrations/014_valley_ecosystem.sql:28
postgresql,stock,discount_quotes,pepitas_required,Pepitas required,INTEGER,False,,False,False,,não classificado automaticamente,política v1; nenhuma regra automática aplicável,avaliar pelo proprietário do domínio,avaliar pelo proprietário do domínio,não definida; registrar lacuna,existente,database/postgres/migrations/014_valley_ecosystem.sql:29
postgresql,stock,discount_quotes,status,Status,VARCHAR(40),False,'quoted',False,False,,não classificado automaticamente,política v1; nenhuma regra automática aplicável,avaliar pelo proprietário do domínio,avaliar pelo proprietário do domínio,não definida; registrar lacuna,existente,database/postgres/migrations/014_valley_ecosystem.sql:30
postgresql,stock,discount_quotes,metadata,Metadata,JSONB,False,'{}'::jsonb,False,False,,não classificado automaticamente,política v1; nenhuma regra automática aplicável,avaliar pelo proprietário do domínio,avaliar pelo proprietário do domínio,não definida; registrar lacuna,existente,database/postgres/migrations/014_valley_ecosystem.sql:31
postgresql,stock,discount_quotes,created_at,Created at,TIMESTAMPTZ,False,NOW(),False,False,,não classificado automaticamente,política v1; nenhuma regra automática aplicável,avaliar pelo proprietário do domínio,avaliar pelo proprietário do domínio,não definida; registrar lacuna,existente,database/postgres/migrations/014_valley_ecosystem.sql:32
postgresql,stock,discount_quotes,updated_at,Updated at,TIMESTAMPTZ,False,NOW(),False,False,,não classificado automaticamente,política v1; nenhuma regra automática aplicável,avaliar pelo proprietário do domínio,avaliar pelo proprietário do domínio,não definida; registrar lacuna,existente,database/postgres/migrations/014_valley_ecosystem.sql:33
postgresql,stock,discount_quotes,deleted_at,Deleted at,TIMESTAMPTZ,True,,False,False,,não classificado automaticamente,política v1; nenhuma regra automática aplicável,avaliar pelo proprietário do domínio,avaliar pelo proprietário do domínio,não definida; registrar lacuna,existente,database/postgres/migrations/014_valley_ecosystem.sql:34
postgresql,stock,discount_quotes,created_by,Created by,UUID,True,,False,False,identity.users.id,pseudônimo vinculável,política v1 categoria identidade_relacional; padrões: created_by,controle de acesso e segregação por tenant; criptografia do banco,não expor identificadores internos sem necessidade,acompanha entidade e trilha de auditoria com política de anonimização,existente,database/postgres/migrations/014_valley_ecosystem.sql:35
postgresql,stock,discount_quotes,updated_by,Updated by,UUID,True,,False,False,identity.users.id,pseudônimo vinculável,política v1 categoria identidade_relacional; padrões: updated_by,controle de acesso e segregação por tenant; criptografia do banco,não expor identificadores internos sem necessidade,acompanha entidade e trilha de auditoria com política de anonimização,existente,database/postgres/migrations/014_valley_ecosystem.sql:36
postgresql,stock,discount_quotes,idempotency_key,Idempotency key,VARCHAR(100),True,,False,True,,não classificado automaticamente,política v1; nenhuma regra automática aplicável,avaliar pelo proprietário do domínio,avaliar pelo proprietário do domínio,não definida; registrar lacuna,existente,database/postgres/migrations/014_valley_ecosystem.sql:37
postgresql,finance,valley_gold_ledger_entries,id,Id,UUID,False,gen_random_uuid(),True,False,,não classificado automaticamente,política v1; nenhuma regra automática aplicável,avaliar pelo proprietário do domínio,avaliar pelo proprietário do domínio,não definida; registrar lacuna,existente,database/postgres/migrations/015_valley_gold_ledger.sql:4
postgresql,finance,valley_gold_ledger_entries,user_id,User id,UUID,False,,False,False,identity.users.id,pseudônimo vinculável,política v1 categoria identidade_relacional; padrões: user_id,controle de acesso e segregação por tenant; criptografia do banco,não expor identificadores internos sem necessidade,acompanha entidade e trilha de auditoria com política de anonimização,existente,database/postgres/migrations/015_valley_gold_ledger.sql:5
postgresql,finance,valley_gold_ledger_entries,merchant_business_id,Merchant business id,UUID,False,,False,False,business.companies.id,não classificado automaticamente,política v1; nenhuma regra automática aplicável,avaliar pelo proprietário do domínio,avaliar pelo proprietário do domínio,não definida; registrar lacuna,existente,database/postgres/migrations/015_valley_gold_ledger.sql:6
postgresql,finance,valley_gold_ledger_entries,entry_type,Entry type,VARCHAR(40),False,,False,False,,não classificado automaticamente,política v1; nenhuma regra automática aplicável,avaliar pelo proprietário do domínio,avaliar pelo proprietário do domínio,não definida; registrar lacuna,existente,database/postgres/migrations/015_valley_gold_ledger.sql:7
postgresql,finance,valley_gold_ledger_entries,amount_gold_delta,Amount gold delta,INTEGER,False,,False,False,,financeiro confidencial,política v1 categoria financeiro; padrões: amount,obrigatória em trânsito e repouso,restringir por papel e finalidade; não registrar valor sensível desnecessário,"definir por obrigação contábil, fiscal e prevenção a fraude",existente,database/postgres/migrations/015_valley_gold_ledger.sql:8
postgresql,finance,valley_gold_ledger_entries,reference_type,Reference type,VARCHAR(60),False,,False,False,,não classificado automaticamente,política v1; nenhuma regra automática aplicável,avaliar pelo proprietário do domínio,avaliar pelo proprietário do domínio,não definida; registrar lacuna,existente,database/postgres/migrations/015_valley_gold_ledger.sql:9
postgresql,finance,valley_gold_ledger_entries,reference_id,Reference id,UUID,True,,False,False,,não classificado automaticamente,política v1; nenhuma regra automática aplicável,avaliar pelo proprietário do domínio,avaliar pelo proprietário do domínio,não definida; registrar lacuna,existente,database/postgres/migrations/015_valley_gold_ledger.sql:10
postgresql,finance,valley_gold_ledger_entries,status,Status,VARCHAR(40),False,'posted',False,False,,não classificado automaticamente,política v1; nenhuma regra automática aplicável,avaliar pelo proprietário do domínio,avaliar pelo proprietário do domínio,não definida; registrar lacuna,existente,database/postgres/migrations/015_valley_gold_ledger.sql:11
postgresql,finance,valley_gold_ledger_entries,metadata,Metadata,JSONB,False,'{}'::jsonb,False,False,,não classificado automaticamente,política v1; nenhuma regra automática aplicável,avaliar pelo proprietário do domínio,avaliar pelo proprietário do domínio,não definida; registrar lacuna,existente,database/postgres/migrations/015_valley_gold_ledger.sql:12
postgresql,finance,valley_gold_ledger_entries,created_at,Created at,TIMESTAMPTZ,False,NOW(),False,False,,não classificado automaticamente,política v1; nenhuma regra automática aplicável,avaliar pelo proprietário do domínio,avaliar pelo proprietário do domínio,não definida; registrar lacuna,existente,database/postgres/migrations/015_valley_gold_ledger.sql:13
postgresql,finance,valley_gold_ledger_entries,created_by,Created by,UUID,True,,False,False,identity.users.id,pseudônimo vinculável,política v1 categoria identidade_relacional; padrões: created_by,controle de acesso e segregação por tenant; criptografia do banco,não expor identificadores internos sem necessidade,acompanha entidade e trilha de auditoria com política de anonimização,existente,database/postgres/migrations/015_valley_gold_ledger.sql:14
postgresql,finance,valley_gold_ledger_entries,idempotency_key,Idempotency key,TEXT,False,,False,True,,não classificado automaticamente,política v1; nenhuma regra automática aplicável,avaliar pelo proprietário do domínio,avaliar pelo proprietário do domínio,não definida; registrar lacuna,existente,database/postgres/migrations/015_valley_gold_ledger.sql:15
postgresql,compliance,retention_candidates,id,Id,UUID,False,gen_random_uuid(),True,False,,não classificado automaticamente,política v1; nenhuma regra automática aplicável,avaliar pelo proprietário do domínio,avaliar pelo proprietário do domínio,não definida; registrar lacuna,existente,database/postgres/migrations/016_compliance_retention_jobs.sql:4
postgresql,compliance,retention_candidates,module,Module,VARCHAR(80),False,,False,False,,não classificado automaticamente,política v1; nenhuma regra automática aplicável,avaliar pelo proprietário do domínio,avaliar pelo proprietário do domínio,não definida; registrar lacuna,existente,database/postgres/migrations/016_compliance_retention_jobs.sql:5
postgresql,compliance,retention_candidates,resource_type,Resource type,VARCHAR(100),False,,False,False,,não classificado automaticamente,política v1; nenhuma regra automática aplicável,avaliar pelo proprietário do domínio,avaliar pelo proprietário do domínio,não definida; registrar lacuna,existente,database/postgres/migrations/016_compliance_retention_jobs.sql:6
postgresql,compliance,retention_candidates,resource_id,Resource id,UUID,False,,False,False,,não classificado automaticamente,política v1; nenhuma regra automática aplicável,avaliar pelo proprietário do domínio,avaliar pelo proprietário do domínio,não definida; registrar lacuna,existente,database/postgres/migrations/016_compliance_retention_jobs.sql:7
postgresql,compliance,retention_candidates,subject_id,Subject id,UUID,True,,False,False,identity.users.id,não classificado automaticamente,política v1; nenhuma regra automática aplicável,avaliar pelo proprietário do domínio,avaliar pelo proprietário do domínio,não definida; registrar lacuna,existente,database/postgres/migrations/016_compliance_retention_jobs.sql:8
postgresql,compliance,retention_candidates,payload,Payload,JSONB,False,'{}'::jsonb,False,False,,não classificado automaticamente,política v1; nenhuma regra automática aplicável,avaliar pelo proprietário do domínio,avaliar pelo proprietário do domínio,não definida; registrar lacuna,existente,database/postgres/migrations/016_compliance_retention_jobs.sql:9
postgresql,compliance,retention_candidates,legal_hold,Legal hold,JSONB,False,'[]'::jsonb,False,False,,não classificado automaticamente,política v1; nenhuma regra automática aplicável,avaliar pelo proprietário do domínio,avaliar pelo proprietário do domínio,não definida; registrar lacuna,existente,database/postgres/migrations/016_compliance_retention_jobs.sql:10
postgresql,compliance,retention_candidates,requested_action,Requested action,VARCHAR(120),True,,False,False,,não classificado automaticamente,política v1; nenhuma regra automática aplicável,avaliar pelo proprietário do domínio,avaliar pelo proprietário do domínio,não definida; registrar lacuna,existente,database/postgres/migrations/016_compliance_retention_jobs.sql:11
postgresql,compliance,retention_candidates,legal_review_approved,Legal review approved,BOOLEAN,False,FALSE,False,False,,não classificado automaticamente,política v1; nenhuma regra automática aplicável,avaliar pelo proprietário do domínio,avaliar pelo proprietário do domínio,não definida; registrar lacuna,existente,database/postgres/migrations/016_compliance_retention_jobs.sql:12
postgresql,compliance,retention_candidates,status,Status,VARCHAR(40),False,'pending',False,False,,não classificado automaticamente,política v1; nenhuma regra automática aplicável,avaliar pelo proprietário do domínio,avaliar pelo proprietário do domínio,não definida; registrar lacuna,existente,database/postgres/migrations/016_compliance_retention_jobs.sql:13
postgresql,compliance,retention_candidates,metadata,Metadata,JSONB,False,'{}'::jsonb,False,False,,não classificado automaticamente,política v1; nenhuma regra automática aplicável,avaliar pelo proprietário do domínio,avaliar pelo proprietário do domínio,não definida; registrar lacuna,existente,database/postgres/migrations/016_compliance_retention_jobs.sql:15
postgresql,compliance,retention_candidates,created_at,Created at,TIMESTAMPTZ,False,NOW(),False,False,,não classificado automaticamente,política v1; nenhuma regra automática aplicável,avaliar pelo proprietário do domínio,avaliar pelo proprietário do domínio,não definida; registrar lacuna,existente,database/postgres/migrations/016_compliance_retention_jobs.sql:16
postgresql,compliance,retention_candidates,updated_at,Updated at,TIMESTAMPTZ,False,NOW(),False,False,,não classificado automaticamente,política v1; nenhuma regra automática aplicável,avaliar pelo proprietário do domínio,avaliar pelo proprietário do domínio,não definida; registrar lacuna,existente,database/postgres/migrations/016_compliance_retention_jobs.sql:17
postgresql,compliance,retention_candidates,locked_at,Locked at,TIMESTAMPTZ,True,,False,False,,não classificado automaticamente,política v1; nenhuma regra automática aplicável,avaliar pelo proprietário do domínio,avaliar pelo proprietário do domínio,não definida; registrar lacuna,existente,database/postgres/migrations/016_compliance_retention_jobs.sql:18
postgresql,compliance,retention_candidates,created_by,Created by,UUID,True,,False,False,identity.users.id,pseudônimo vinculável,política v1 categoria identidade_relacional; padrões: created_by,controle de acesso e segregação por tenant; criptografia do banco,não expor identificadores internos sem necessidade,acompanha entidade e trilha de auditoria com política de anonimização,existente,database/postgres/migrations/016_compliance_retention_jobs.sql:19
postgresql,compliance,retention_candidates,updated_by,Updated by,UUID,True,,False,False,identity.users.id,pseudônimo vinculável,política v1 categoria identidade_relacional; padrões: updated_by,controle de acesso e segregação por tenant; criptografia do banco,não expor identificadores internos sem necessidade,acompanha entidade e trilha de auditoria com política de anonimização,existente,database/postgres/migrations/016_compliance_retention_jobs.sql:20
postgresql,compliance,retention_decisions,id,Id,UUID,False,gen_random_uuid(),True,False,,não classificado automaticamente,política v1; nenhuma regra automática aplicável,avaliar pelo proprietário do domínio,avaliar pelo proprietário do domínio,não definida; registrar lacuna,existente,database/postgres/migrations/016_compliance_retention_jobs.sql:24
postgresql,compliance,retention_decisions,candidate_id,Candidate id,UUID,False,,False,False,compliance.retention_candidates.id,não classificado automaticamente,política v1; nenhuma regra automática aplicável,avaliar pelo proprietário do domínio,avaliar pelo proprietário do domínio,não definida; registrar lacuna,existente,database/postgres/migrations/016_compliance_retention_jobs.sql:25
postgresql,compliance,retention_decisions,module,Module,VARCHAR(80),False,,False,False,,não classificado automaticamente,política v1; nenhuma regra automática aplicável,avaliar pelo proprietário do domínio,avaliar pelo proprietário do domínio,não definida; registrar lacuna,existente,database/postgres/migrations/016_compliance_retention_jobs.sql:26
postgresql,compliance,retention_decisions,resource_type,Resource type,VARCHAR(100),False,,False,False,,não classificado automaticamente,política v1; nenhuma regra automática aplicável,avaliar pelo proprietário do domínio,avaliar pelo proprietário do domínio,não definida; registrar lacuna,existente,database/postgres/migrations/016_compliance_retention_jobs.sql:27
postgresql,compliance,retention_decisions,resource_id,Resource id,UUID,False,,False,False,,não classificado automaticamente,política v1; nenhuma regra automática aplicável,avaliar pelo proprietário do domínio,avaliar pelo proprietário do domínio,não definida; registrar lacuna,existente,database/postgres/migrations/016_compliance_retention_jobs.sql:28
postgresql,compliance,retention_decisions,job_name,Job name,VARCHAR(120),False,,False,False,,não classificado automaticamente,política v1; nenhuma regra automática aplicável,avaliar pelo proprietário do domínio,avaliar pelo proprietário do domínio,não definida; registrar lacuna,existente,database/postgres/migrations/016_compliance_retention_jobs.sql:29
postgresql,compliance,retention_decisions,action,Action,VARCHAR(160),False,,False,False,,não classificado automaticamente,política v1; nenhuma regra automática aplicável,avaliar pelo proprietário do domínio,avaliar pelo proprietário do domínio,não definida; registrar lacuna,existente,database/postgres/migrations/016_compliance_retention_jobs.sql:30
postgresql,compliance,retention_decisions,decision_status,Decision status,VARCHAR(40),False,,False,False,,não classificado automaticamente,política v1; nenhuma regra automática aplicável,avaliar pelo proprietário do domínio,avaliar pelo proprietário do domínio,não definida; registrar lacuna,existente,database/postgres/migrations/016_compliance_retention_jobs.sql:31
postgresql,compliance,retention_decisions,audit_event,Audit event,VARCHAR(120),False,,False,False,,não classificado automaticamente,política v1; nenhuma regra automática aplicável,avaliar pelo proprietário do domínio,avaliar pelo proprietário do domínio,não definida; registrar lacuna,existente,database/postgres/migrations/016_compliance_retention_jobs.sql:32
postgresql,compliance,retention_decisions,evidence,Evidence,JSONB,False,'{}'::jsonb,False,False,,não classificado automaticamente,política v1; nenhuma regra automática aplicável,avaliar pelo proprietário do domínio,avaliar pelo proprietário do domínio,não definida; registrar lacuna,existente,database/postgres/migrations/016_compliance_retention_jobs.sql:33
postgresql,compliance,retention_decisions,payload,Payload,JSONB,True,,False,False,,não classificado automaticamente,política v1; nenhuma regra automática aplicável,avaliar pelo proprietário do domínio,avaliar pelo proprietário do domínio,não definida; registrar lacuna,existente,database/postgres/migrations/016_compliance_retention_jobs.sql:34
postgresql,compliance,retention_decisions,dry_run,Dry run,BOOLEAN,False,FALSE,False,False,,não classificado automaticamente,política v1; nenhuma regra automática aplicável,avaliar pelo proprietário do domínio,avaliar pelo proprietário do domínio,não definida; registrar lacuna,existente,database/postgres/migrations/016_compliance_retention_jobs.sql:35
postgresql,compliance,retention_decisions,created_at,Created at,TIMESTAMPTZ,False,NOW(),False,False,,não classificado automaticamente,política v1; nenhuma regra automática aplicável,avaliar pelo proprietário do domínio,avaliar pelo proprietário do domínio,não definida; registrar lacuna,existente,database/postgres/migrations/016_compliance_retention_jobs.sql:36
postgresql,compliance,retention_decisions,created_by,Created by,UUID,True,,False,False,identity.users.id,pseudônimo vinculável,política v1 categoria identidade_relacional; padrões: created_by,controle de acesso e segregação por tenant; criptografia do banco,não expor identificadores internos sem necessidade,acompanha entidade e trilha de auditoria com política de anonimização,existente,database/postgres/migrations/016_compliance_retention_jobs.sql:37
postgresql,erp,invoice_items,id,Id,UUID,False,,True,False,,não classificado automaticamente,política v1; nenhuma regra automática aplicável,avaliar pelo proprietário do domínio,avaliar pelo proprietário do domínio,não definida; registrar lacuna,existente,database/postgres/migrations/017_erp_invoice_items.sql:5
postgresql,erp,invoice_items,fiscal_document_id,Fiscal document id,UUID,False,,False,False,erp.fiscal_documents.id,não classificado automaticamente,política v1; nenhuma regra automática aplicável,avaliar pelo proprietário do domínio,avaliar pelo proprietário do domínio,não definida; registrar lacuna,existente,database/postgres/migrations/017_erp_invoice_items.sql:6
postgresql,erp,invoice_items,description,Description,TEXT,False,,False,False,,não classificado automaticamente,política v1; nenhuma regra automática aplicável,avaliar pelo proprietário do domínio,avaliar pelo proprietário do domínio,não definida; registrar lacuna,existente,database/postgres/migrations/017_erp_invoice_items.sql:7
postgresql,erp,invoice_items,quantity,Quantity,"NUMERIC(18, 4)",False,1,False,False,,não classificado automaticamente,política v1; nenhuma regra automática aplicável,avaliar pelo proprietário do domínio,avaliar pelo proprietário do domínio,não definida; registrar lacuna,existente,database/postgres/migrations/017_erp_invoice_items.sql:8
postgresql,erp,invoice_items,unit_price_brl,Unit price brl,"NUMERIC(18, 4)",False,,False,False,,financeiro confidencial,política v1 categoria financeiro; padrões: price,obrigatória em trânsito e repouso,restringir por papel e finalidade; não registrar valor sensível desnecessário,"definir por obrigação contábil, fiscal e prevenção a fraude",existente,database/postgres/migrations/017_erp_invoice_items.sql:9
postgresql,erp,invoice_items,total_price_brl,Total price brl,"NUMERIC(18, 4)",False,,False,False,,financeiro confidencial,política v1 categoria financeiro; padrões: price,obrigatória em trânsito e repouso,restringir por papel e finalidade; não registrar valor sensível desnecessário,"definir por obrigação contábil, fiscal e prevenção a fraude",existente,database/postgres/migrations/017_erp_invoice_items.sql:10
postgresql,erp,invoice_items,tax_amount_brl,Tax amount brl,"NUMERIC(18, 4)",False,0,False,False,,financeiro confidencial,"política v1 categoria financeiro; padrões: amount, tax",obrigatória em trânsito e repouso,restringir por papel e finalidade; não registrar valor sensível desnecessário,"definir por obrigação contábil, fiscal e prevenção a fraude",existente,database/postgres/migrations/017_erp_invoice_items.sql:11
postgresql,erp,invoice_items,created_at,Created at,TIMESTAMPTZ,False,NOW(),False,False,,não classificado automaticamente,política v1; nenhuma regra automática aplicável,avaliar pelo proprietário do domínio,avaliar pelo proprietário do domínio,não definida; registrar lacuna,existente,database/postgres/migrations/017_erp_invoice_items.sql:12
postgresql,erp,invoice_items,updated_at,Updated at,TIMESTAMPTZ,False,NOW(),False,False,,não classificado automaticamente,política v1; nenhuma regra automática aplicável,avaliar pelo proprietário do domínio,avaliar pelo proprietário do domínio,não definida; registrar lacuna,existente,database/postgres/migrations/017_erp_invoice_items.sql:13
postgresql,business,catalog_offers,id,Id,UUID,False,gen_random_uuid(),True,False,,não classificado automaticamente,política v1; nenhuma regra automática aplicável,avaliar pelo proprietário do domínio,avaliar pelo proprietário do domínio,não definida; registrar lacuna,existente,database/postgres/migrations/018_business_catalog_offers.sql:4
postgresql,business,catalog_offers,user_id,User id,UUID,False,,False,False,identity.users.id,pseudônimo vinculável,política v1 categoria identidade_relacional; padrões: user_id,controle de acesso e segregação por tenant; criptografia do banco,não expor identificadores internos sem necessidade,acompanha entidade e trilha de auditoria com política de anonimização,existente,database/postgres/migrations/018_business_catalog_offers.sql:5
postgresql,business,catalog_offers,company_id,Company id,UUID,True,,False,False,business.companies.id,não classificado automaticamente,política v1; nenhuma regra automática aplicável,avaliar pelo proprietário do domínio,avaliar pelo proprietário do domínio,não definida; registrar lacuna,existente,database/postgres/migrations/018_business_catalog_offers.sql:6
postgresql,business,catalog_offers,source_module,Source module,VARCHAR(60),False,,False,False,,não classificado automaticamente,política v1; nenhuma regra automática aplicável,avaliar pelo proprietário do domínio,avaliar pelo proprietário do domínio,não definida; registrar lacuna,existente,database/postgres/migrations/018_business_catalog_offers.sql:7
postgresql,business,catalog_offers,source_entity_id,Source entity id,UUID,True,,False,False,,não classificado automaticamente,política v1; nenhuma regra automática aplicável,avaliar pelo proprietário do domínio,avaliar pelo proprietário do domínio,não definida; registrar lacuna,existente,database/postgres/migrations/018_business_catalog_offers.sql:8
postgresql,business,catalog_offers,offer_type,Offer type,VARCHAR(40),False,,False,False,,não classificado automaticamente,política v1; nenhuma regra automática aplicável,avaliar pelo proprietário do domínio,avaliar pelo proprietário do domínio,não definida; registrar lacuna,existente,database/postgres/migrations/018_business_catalog_offers.sql:9
postgresql,business,catalog_offers,title,Title,VARCHAR(240),False,,False,False,,não classificado automaticamente,política v1; nenhuma regra automática aplicável,avaliar pelo proprietário do domínio,avaliar pelo proprietário do domínio,não definida; registrar lacuna,existente,database/postgres/migrations/018_business_catalog_offers.sql:10
postgresql,business,catalog_offers,short_description,Short description,TEXT,True,,False,False,,não classificado automaticamente,política v1; nenhuma regra automática aplicável,avaliar pelo proprietário do domínio,avaliar pelo proprietário do domínio,não definida; registrar lacuna,existente,database/postgres/migrations/018_business_catalog_offers.sql:11
postgresql,business,catalog_offers,category_id,Category id,UUID,True,,False,False,,não classificado automaticamente,política v1; nenhuma regra automática aplicável,avaliar pelo proprietário do domínio,avaliar pelo proprietário do domínio,não definida; registrar lacuna,existente,database/postgres/migrations/018_business_catalog_offers.sql:12
postgresql,business,catalog_offers,business_category,Business category,VARCHAR(120),True,,False,False,,não classificado automaticamente,política v1; nenhuma regra automática aplicável,avaliar pelo proprietário do domínio,avaliar pelo proprietário do domínio,não definida; registrar lacuna,existente,database/postgres/migrations/018_business_catalog_offers.sql:13
postgresql,business,catalog_offers,business_type,Business type,VARCHAR(80),True,,False,False,,não classificado automaticamente,política v1; nenhuma regra automática aplicável,avaliar pelo proprietário do domínio,avaliar pelo proprietário do domínio,não definida; registrar lacuna,existente,database/postgres/migrations/018_business_catalog_offers.sql:14
postgresql,business,catalog_offers,activity_branch,Activity branch,VARCHAR(120),True,,False,False,,não classificado automaticamente,política v1; nenhuma regra automática aplicável,avaliar pelo proprietário do domínio,avaliar pelo proprietário do domínio,não definida; registrar lacuna,existente,database/postgres/migrations/018_business_catalog_offers.sql:15
postgresql,business,catalog_offers,price_type,Price type,VARCHAR(40),False,'fixed',False,False,,financeiro confidencial,política v1 categoria financeiro; padrões: price,obrigatória em trânsito e repouso,restringir por papel e finalidade; não registrar valor sensível desnecessário,"definir por obrigação contábil, fiscal e prevenção a fraude",existente,database/postgres/migrations/018_business_catalog_offers.sql:16
postgresql,business,catalog_offers,price_amount,Price amount,"NUMERIC(18, 4)",True,,False,False,,financeiro confidencial,"política v1 categoria financeiro; padrões: amount, price",obrigatória em trânsito e repouso,restringir por papel e finalidade; não registrar valor sensível desnecessário,"definir por obrigação contábil, fiscal e prevenção a fraude",existente,database/postgres/migrations/018_business_catalog_offers.sql:17
postgresql,business,catalog_offers,currency,Currency,VARCHAR(10),False,'BRL',False,False,,não classificado automaticamente,política v1; nenhuma regra automática aplicável,avaliar pelo proprietário do domínio,avaliar pelo proprietário do domínio,não definida; registrar lacuna,existente,database/postgres/migrations/018_business_catalog_offers.sql:18
postgresql,business,catalog_offers,location_type,Location type,VARCHAR(40),False,'online',False,False,,dado pessoal,política v1 categoria contato_localizacao; padrões: location,criptografar quando associado a pessoa identificada ou rastreamento,"mascarar em logs, listagens e exportações não autorizadas",limitar à finalidade operacional e consentimento aplicável,existente,database/postgres/migrations/018_business_catalog_offers.sql:19
postgresql,business,catalog_offers,availability_type,Availability type,VARCHAR(40),False,'immediate',False,False,,não classificado automaticamente,política v1; nenhuma regra automática aplicável,avaliar pelo proprietário do domínio,avaliar pelo proprietário do domínio,não definida; registrar lacuna,existente,database/postgres/migrations/018_business_catalog_offers.sql:20
postgresql,business,catalog_offers,status,Status,VARCHAR(40),False,'draft',False,False,,não classificado automaticamente,política v1; nenhuma regra automática aplicável,avaliar pelo proprietário do domínio,avaliar pelo proprietário do domínio,não definida; registrar lacuna,existente,database/postgres/migrations/018_business_catalog_offers.sql:21
postgresql,business,catalog_offers,metadata,Metadata,JSONB,False,'{}'::jsonb,False,False,,não classificado automaticamente,política v1; nenhuma regra automática aplicável,avaliar pelo proprietário do domínio,avaliar pelo proprietário do domínio,não definida; registrar lacuna,existente,database/postgres/migrations/018_business_catalog_offers.sql:22
postgresql,business,catalog_offers,created_at,Created at,TIMESTAMPTZ,False,NOW(),False,False,,não classificado automaticamente,política v1; nenhuma regra automática aplicável,avaliar pelo proprietário do domínio,avaliar pelo proprietário do domínio,não definida; registrar lacuna,existente,database/postgres/migrations/018_business_catalog_offers.sql:23
postgresql,business,catalog_offers,updated_at,Updated at,TIMESTAMPTZ,False,NOW(),False,False,,não classificado automaticamente,política v1; nenhuma regra automática aplicável,avaliar pelo proprietário do domínio,avaliar pelo proprietário do domínio,não definida; registrar lacuna,existente,database/postgres/migrations/018_business_catalog_offers.sql:24
postgresql,business,catalog_offers,deleted_at,Deleted at,TIMESTAMPTZ,True,,False,False,,não classificado automaticamente,política v1; nenhuma regra automática aplicável,avaliar pelo proprietário do domínio,avaliar pelo proprietário do domínio,não definida; registrar lacuna,existente,database/postgres/migrations/018_business_catalog_offers.sql:25
postgresql,business,catalog_offers,published_at,Published at,TIMESTAMPTZ,True,,False,False,,não classificado automaticamente,política v1; nenhuma regra automática aplicável,avaliar pelo proprietário do domínio,avaliar pelo proprietário do domínio,não definida; registrar lacuna,existente,database/postgres/migrations/018_business_catalog_offers.sql:26
postgresql,business,catalog_offers,created_by,Created by,UUID,True,,False,False,identity.users.id,pseudônimo vinculável,política v1 categoria identidade_relacional; padrões: created_by,controle de acesso e segregação por tenant; criptografia do banco,não expor identificadores internos sem necessidade,acompanha entidade e trilha de auditoria com política de anonimização,existente,database/postgres/migrations/018_business_catalog_offers.sql:27
postgresql,business,catalog_offers,updated_by,Updated by,UUID,True,,False,False,identity.users.id,pseudônimo vinculável,política v1 categoria identidade_relacional; padrões: updated_by,controle de acesso e segregação por tenant; criptografia do banco,não expor identificadores internos sem necessidade,acompanha entidade e trilha de auditoria com política de anonimização,existente,database/postgres/migrations/018_business_catalog_offers.sql:28
postgresql,business,catalog_offers,idempotency_key,Idempotency key,VARCHAR(100),True,,False,True,,não classificado automaticamente,política v1; nenhuma regra automática aplicável,avaliar pelo proprietário do domínio,avaliar pelo proprietário do domínio,não definida; registrar lacuna,existente,database/postgres/migrations/018_business_catalog_offers.sql:29
postgresql,marketplace,reviews,id,Id,UUID,False,gen_random_uuid(),True,False,,não classificado automaticamente,política v1; nenhuma regra automática aplicável,avaliar pelo proprietário do domínio,avaliar pelo proprietário do domínio,não definida; registrar lacuna,existente,database/postgres/migrations/021_valley_reviews.sql:24
postgresql,marketplace,reviews,user_id,User id,UUID,False,,False,False,identity.users.id,pseudônimo vinculável,política v1 categoria identidade_relacional; padrões: user_id,controle de acesso e segregação por tenant; criptografia do banco,não expor identificadores internos sem necessidade,acompanha entidade e trilha de auditoria com política de anonimização,existente,database/postgres/migrations/021_valley_reviews.sql:25
postgresql,marketplace,reviews,order_id,Order id,UUID,False,,False,False,marketplace.orders.id,não classificado automaticamente,política v1; nenhuma regra automática aplicável,avaliar pelo proprietário do domínio,avaliar pelo proprietário do domínio,não definida; registrar lacuna,existente,database/postgres/migrations/021_valley_reviews.sql:26
postgresql,marketplace,reviews,store_id,Store id,UUID,True,,False,False,marketplace.stores.id,não classificado automaticamente,política v1; nenhuma regra automática aplicável,avaliar pelo proprietário do domínio,avaliar pelo proprietário do domínio,não definida; registrar lacuna,existente,database/postgres/migrations/021_valley_reviews.sql:27
postgresql,marketplace,reviews,offer_id,Offer id,TEXT,True,,False,False,,não classificado automaticamente,política v1; nenhuma regra automática aplicável,avaliar pelo proprietário do domínio,avaliar pelo proprietário do domínio,não definida; registrar lacuna,existente,database/postgres/migrations/021_valley_reviews.sql:28
postgresql,marketplace,reviews,rating,Rating,SMALLINT,False,,False,False,,não classificado automaticamente,política v1; nenhuma regra automática aplicável,avaliar pelo proprietário do domínio,avaliar pelo proprietário do domínio,não definida; registrar lacuna,existente,database/postgres/migrations/021_valley_reviews.sql:29
postgresql,marketplace,reviews,comment,Comment,TEXT,True,,False,False,,não classificado automaticamente,política v1; nenhuma regra automática aplicável,avaliar pelo proprietário do domínio,avaliar pelo proprietário do domínio,não definida; registrar lacuna,existente,database/postgres/migrations/021_valley_reviews.sql:30
postgresql,marketplace,reviews,moderation_status,Moderation status,VARCHAR(40),False,'published',False,False,,não classificado automaticamente,política v1; nenhuma regra automática aplicável,avaliar pelo proprietário do domínio,avaliar pelo proprietário do domínio,não definida; registrar lacuna,existente,database/postgres/migrations/021_valley_reviews.sql:31
postgresql,marketplace,reviews,status,Status,VARCHAR(40),False,'published',False,False,,não classificado automaticamente,política v1; nenhuma regra automática aplicável,avaliar pelo proprietário do domínio,avaliar pelo proprietário do domínio,não definida; registrar lacuna,existente,database/postgres/migrations/021_valley_reviews.sql:32
postgresql,marketplace,reviews,metadata,Metadata,JSONB,False,'{}'::jsonb,False,False,,não classificado automaticamente,política v1; nenhuma regra automática aplicável,avaliar pelo proprietário do domínio,avaliar pelo proprietário do domínio,não definida; registrar lacuna,existente,database/postgres/migrations/021_valley_reviews.sql:33
postgresql,marketplace,reviews,created_at,Created at,TIMESTAMPTZ,False,NOW(),False,False,,não classificado automaticamente,política v1; nenhuma regra automática aplicável,avaliar pelo proprietário do domínio,avaliar pelo proprietário do domínio,não definida; registrar lacuna,existente,database/postgres/migrations/021_valley_reviews.sql:34
postgresql,marketplace,reviews,updated_at,Updated at,TIMESTAMPTZ,False,NOW(),False,False,,não classificado automaticamente,política v1; nenhuma regra automática aplicável,avaliar pelo proprietário do domínio,avaliar pelo proprietário do domínio,não definida; registrar lacuna,existente,database/postgres/migrations/021_valley_reviews.sql:35
postgresql,marketplace,reviews,created_by,Created by,UUID,True,,False,False,identity.users.id,pseudônimo vinculável,política v1 categoria identidade_relacional; padrões: created_by,controle de acesso e segregação por tenant; criptografia do banco,não expor identificadores internos sem necessidade,acompanha entidade e trilha de auditoria com política de anonimização,existente,database/postgres/migrations/021_valley_reviews.sql:36
postgresql,marketplace,reviews,updated_by,Updated by,UUID,True,,False,False,identity.users.id,pseudônimo vinculável,política v1 categoria identidade_relacional; padrões: updated_by,controle de acesso e segregação por tenant; criptografia do banco,não expor identificadores internos sem necessidade,acompanha entidade e trilha de auditoria com política de anonimização,existente,database/postgres/migrations/021_valley_reviews.sql:37
postgresql,marketplace,reviews,idempotency_key,Idempotency key,TEXT,True,,False,False,,não classificado automaticamente,política v1; nenhuma regra automática aplicável,avaliar pelo proprietário do domínio,avaliar pelo proprietário do domínio,não definida; registrar lacuna,existente,database/postgres/migrations/021_valley_reviews.sql:38
postgresql,marketplace,disputes,id,Id,UUID,False,gen_random_uuid(),True,False,,não classificado automaticamente,política v1; nenhuma regra automática aplicável,avaliar pelo proprietário do domínio,avaliar pelo proprietário do domínio,não definida; registrar lacuna,existente,database/postgres/migrations/022_marketplace_disputes_support.sql:24
postgresql,marketplace,disputes,user_id,User id,UUID,False,,False,False,identity.users.id,pseudônimo vinculável,política v1 categoria identidade_relacional; padrões: user_id,controle de acesso e segregação por tenant; criptografia do banco,não expor identificadores internos sem necessidade,acompanha entidade e trilha de auditoria com política de anonimização,existente,database/postgres/migrations/022_marketplace_disputes_support.sql:25
postgresql,marketplace,disputes,order_id,Order id,UUID,False,,False,False,marketplace.orders.id,não classificado automaticamente,política v1; nenhuma regra automática aplicável,avaliar pelo proprietário do domínio,avaliar pelo proprietário do domínio,não definida; registrar lacuna,existente,database/postgres/migrations/022_marketplace_disputes_support.sql:26
postgresql,marketplace,disputes,store_id,Store id,UUID,True,,False,False,marketplace.stores.id,não classificado automaticamente,política v1; nenhuma regra automática aplicável,avaliar pelo proprietário do domínio,avaliar pelo proprietário do domínio,não definida; registrar lacuna,existente,database/postgres/migrations/022_marketplace_disputes_support.sql:27
postgresql,marketplace,disputes,company_id,Company id,UUID,True,,False,False,business.companies.id,não classificado automaticamente,política v1; nenhuma regra automática aplicável,avaliar pelo proprietário do domínio,avaliar pelo proprietário do domínio,não definida; registrar lacuna,existente,database/postgres/migrations/022_marketplace_disputes_support.sql:28
postgresql,marketplace,disputes,offer_id,Offer id,TEXT,True,,False,False,,não classificado automaticamente,política v1; nenhuma regra automática aplicável,avaliar pelo proprietário do domínio,avaliar pelo proprietário do domínio,não definida; registrar lacuna,existente,database/postgres/migrations/022_marketplace_disputes_support.sql:29
postgresql,marketplace,disputes,case_type,Case type,VARCHAR(40),False,,False,False,,não classificado automaticamente,política v1; nenhuma regra automática aplicável,avaliar pelo proprietário do domínio,avaliar pelo proprietário do domínio,não definida; registrar lacuna,existente,database/postgres/migrations/022_marketplace_disputes_support.sql:30
postgresql,marketplace,disputes,subject,Subject,VARCHAR(200),True,,False,False,,não classificado automaticamente,política v1; nenhuma regra automática aplicável,avaliar pelo proprietário do domínio,avaliar pelo proprietário do domínio,não definida; registrar lacuna,existente,database/postgres/migrations/022_marketplace_disputes_support.sql:31
postgresql,marketplace,disputes,message,Message,TEXT,False,,False,False,,não classificado automaticamente,política v1; nenhuma regra automática aplicável,avaliar pelo proprietário do domínio,avaliar pelo proprietário do domínio,não definida; registrar lacuna,existente,database/postgres/migrations/022_marketplace_disputes_support.sql:32
postgresql,marketplace,disputes,desired_resolution,Desired resolution,TEXT,True,,False,False,,não classificado automaticamente,política v1; nenhuma regra automática aplicável,avaliar pelo proprietário do domínio,avaliar pelo proprietário do domínio,não definida; registrar lacuna,existente,database/postgres/migrations/022_marketplace_disputes_support.sql:33
postgresql,marketplace,disputes,status,Status,VARCHAR(40),False,'open',False,False,,não classificado automaticamente,política v1; nenhuma regra automática aplicável,avaliar pelo proprietário do domínio,avaliar pelo proprietário do domínio,não definida; registrar lacuna,existente,database/postgres/migrations/022_marketplace_disputes_support.sql:34
postgresql,marketplace,disputes,metadata,Metadata,JSONB,False,'{}'::jsonb,False,False,,não classificado automaticamente,política v1; nenhuma regra automática aplicável,avaliar pelo proprietário do domínio,avaliar pelo proprietário do domínio,não definida; registrar lacuna,existente,database/postgres/migrations/022_marketplace_disputes_support.sql:35
postgresql,marketplace,disputes,created_at,Created at,TIMESTAMPTZ,False,NOW(),False,False,,não classificado automaticamente,política v1; nenhuma regra automática aplicável,avaliar pelo proprietário do domínio,avaliar pelo proprietário do domínio,não definida; registrar lacuna,existente,database/postgres/migrations/022_marketplace_disputes_support.sql:36
postgresql,marketplace,disputes,updated_at,Updated at,TIMESTAMPTZ,False,NOW(),False,False,,não classificado automaticamente,política v1; nenhuma regra automática aplicável,avaliar pelo proprietário do domínio,avaliar pelo proprietário do domínio,não definida; registrar lacuna,existente,database/postgres/migrations/022_marketplace_disputes_support.sql:37
postgresql,marketplace,disputes,created_by,Created by,UUID,True,,False,False,identity.users.id,pseudônimo vinculável,política v1 categoria identidade_relacional; padrões: created_by,controle de acesso e segregação por tenant; criptografia do banco,não expor identificadores internos sem necessidade,acompanha entidade e trilha de auditoria com política de anonimização,existente,database/postgres/migrations/022_marketplace_disputes_support.sql:38
postgresql,marketplace,disputes,updated_by,Updated by,UUID,True,,False,False,identity.users.id,pseudônimo vinculável,política v1 categoria identidade_relacional; padrões: updated_by,controle de acesso e segregação por tenant; criptografia do banco,não expor identificadores internos sem necessidade,acompanha entidade e trilha de auditoria com política de anonimização,existente,database/postgres/migrations/022_marketplace_disputes_support.sql:39
postgresql,marketplace,disputes,idempotency_key,Idempotency key,TEXT,True,,False,True,,não classificado automaticamente,política v1; nenhuma regra automática aplicável,avaliar pelo proprietário do domínio,avaliar pelo proprietário do domínio,não definida; registrar lacuna,existente,database/postgres/migrations/022_marketplace_disputes_support.sql:40
postgresql,delivery,rider_documents,id,Id,UUID,False,gen_random_uuid(),True,False,,não classificado automaticamente,política v1; nenhuma regra automática aplicável,avaliar pelo proprietário do domínio,avaliar pelo proprietário do domínio,não definida; registrar lacuna,existente,database/postgres/migrations/024_riders_delivery_schema_alignment.sql:4
postgresql,delivery,rider_documents,user_id,User id,UUID,False,,False,False,identity.users.id,pseudônimo vinculável,política v1 categoria identidade_relacional; padrões: user_id,controle de acesso e segregação por tenant; criptografia do banco,não expor identificadores internos sem necessidade,acompanha entidade e trilha de auditoria com política de anonimização,existente,database/postgres/migrations/024_riders_delivery_schema_alignment.sql:5
postgresql,delivery,rider_documents,rider_profile_id,Rider profile id,UUID,False,,False,False,delivery.rider_profiles.id,não classificado automaticamente,política v1; nenhuma regra automática aplicável,avaliar pelo proprietário do domínio,avaliar pelo proprietário do domínio,não definida; registrar lacuna,existente,database/postgres/migrations/024_riders_delivery_schema_alignment.sql:6
postgresql,delivery,rider_documents,document_type,Document type,VARCHAR(60),False,,False,False,,não classificado automaticamente,política v1; nenhuma regra automática aplicável,avaliar pelo proprietário do domínio,avaliar pelo proprietário do domínio,não definida; registrar lacuna,existente,database/postgres/migrations/024_riders_delivery_schema_alignment.sql:7
postgresql,delivery,rider_documents,storage_key,Storage key,TEXT,False,,False,False,,não classificado automaticamente,política v1; nenhuma regra automática aplicável,avaliar pelo proprietário do domínio,avaliar pelo proprietário do domínio,não definida; registrar lacuna,existente,database/postgres/migrations/024_riders_delivery_schema_alignment.sql:8
postgresql,delivery,rider_documents,verified_at,Verified at,TIMESTAMPTZ,True,,False,False,,não classificado automaticamente,política v1; nenhuma regra automática aplicável,avaliar pelo proprietário do domínio,avaliar pelo proprietário do domínio,não definida; registrar lacuna,existente,database/postgres/migrations/024_riders_delivery_schema_alignment.sql:9
postgresql,delivery,rider_documents,status,Status,VARCHAR(40),False,'pending_review',False,False,,não classificado automaticamente,política v1; nenhuma regra automática aplicável,avaliar pelo proprietário do domínio,avaliar pelo proprietário do domínio,não definida; registrar lacuna,existente,database/postgres/migrations/024_riders_delivery_schema_alignment.sql:10
postgresql,delivery,rider_documents,metadata,Metadata,JSONB,False,'{}'::jsonb,False,False,,não classificado automaticamente,política v1; nenhuma regra automática aplicável,avaliar pelo proprietário do domínio,avaliar pelo proprietário do domínio,não definida; registrar lacuna,existente,database/postgres/migrations/024_riders_delivery_schema_alignment.sql:11
postgresql,delivery,rider_documents,created_at,Created at,TIMESTAMPTZ,False,NOW(),False,False,,não classificado automaticamente,política v1; nenhuma regra automática aplicável,avaliar pelo proprietário do domínio,avaliar pelo proprietário do domínio,não definida; registrar lacuna,existente,database/postgres/migrations/024_riders_delivery_schema_alignment.sql:12
postgresql,delivery,rider_documents,updated_at,Updated at,TIMESTAMPTZ,False,NOW(),False,False,,não classificado automaticamente,política v1; nenhuma regra automática aplicável,avaliar pelo proprietário do domínio,avaliar pelo proprietário do domínio,não definida; registrar lacuna,existente,database/postgres/migrations/024_riders_delivery_schema_alignment.sql:13
postgresql,delivery,rider_documents,deleted_at,Deleted at,TIMESTAMPTZ,True,,False,False,,não classificado automaticamente,política v1; nenhuma regra automática aplicável,avaliar pelo proprietário do domínio,avaliar pelo proprietário do domínio,não definida; registrar lacuna,existente,database/postgres/migrations/024_riders_delivery_schema_alignment.sql:14
postgresql,delivery,rider_documents,created_by,Created by,UUID,True,,False,False,identity.users.id,pseudônimo vinculável,política v1 categoria identidade_relacional; padrões: created_by,controle de acesso e segregação por tenant; criptografia do banco,não expor identificadores internos sem necessidade,acompanha entidade e trilha de auditoria com política de anonimização,existente,database/postgres/migrations/024_riders_delivery_schema_alignment.sql:15
postgresql,delivery,rider_documents,updated_by,Updated by,UUID,True,,False,False,identity.users.id,pseudônimo vinculável,política v1 categoria identidade_relacional; padrões: updated_by,controle de acesso e segregação por tenant; criptografia do banco,não expor identificadores internos sem necessidade,acompanha entidade e trilha de auditoria com política de anonimização,existente,database/postgres/migrations/024_riders_delivery_schema_alignment.sql:16
postgresql,delivery,rider_documents,idempotency_key,Idempotency key,VARCHAR(120),True,,False,True,,não classificado automaticamente,política v1; nenhuma regra automática aplicável,avaliar pelo proprietário do domínio,avaliar pelo proprietário do domínio,não definida; registrar lacuna,existente,database/postgres/migrations/024_riders_delivery_schema_alignment.sql:17
postgresql,delivery,rider_reviews,id,Id,UUID,False,gen_random_uuid(),True,False,,não classificado automaticamente,política v1; nenhuma regra automática aplicável,avaliar pelo proprietário do domínio,avaliar pelo proprietário do domínio,não definida; registrar lacuna,existente,database/postgres/migrations/024_riders_delivery_schema_alignment.sql:21
postgresql,delivery,rider_reviews,user_id,User id,UUID,False,,False,False,identity.users.id,pseudônimo vinculável,política v1 categoria identidade_relacional; padrões: user_id,controle de acesso e segregação por tenant; criptografia do banco,não expor identificadores internos sem necessidade,acompanha entidade e trilha de auditoria com política de anonimização,existente,database/postgres/migrations/024_riders_delivery_schema_alignment.sql:22
postgresql,delivery,rider_reviews,rider_profile_id,Rider profile id,UUID,False,,False,False,delivery.rider_profiles.id,não classificado automaticamente,política v1; nenhuma regra automática aplicável,avaliar pelo proprietário do domínio,avaliar pelo proprietário do domínio,não definida; registrar lacuna,existente,database/postgres/migrations/024_riders_delivery_schema_alignment.sql:23
postgresql,delivery,rider_reviews,reviewer_user_id,Reviewer user id,UUID,True,,False,False,identity.users.id,pseudônimo vinculável,política v1 categoria identidade_relacional; padrões: user_id,controle de acesso e segregação por tenant; criptografia do banco,não expor identificadores internos sem necessidade,acompanha entidade e trilha de auditoria com política de anonimização,existente,database/postgres/migrations/024_riders_delivery_schema_alignment.sql:24
postgresql,delivery,rider_reviews,rating,Rating,INTEGER,False,,False,False,,não classificado automaticamente,política v1; nenhuma regra automática aplicável,avaliar pelo proprietário do domínio,avaliar pelo proprietário do domínio,não definida; registrar lacuna,existente,database/postgres/migrations/024_riders_delivery_schema_alignment.sql:25
postgresql,delivery,rider_reviews,comment,Comment,TEXT,True,,False,False,,não classificado automaticamente,política v1; nenhuma regra automática aplicável,avaliar pelo proprietário do domínio,avaliar pelo proprietário do domínio,não definida; registrar lacuna,existente,database/postgres/migrations/024_riders_delivery_schema_alignment.sql:26
postgresql,delivery,rider_reviews,status,Status,VARCHAR(40),False,'published',False,False,,não classificado automaticamente,política v1; nenhuma regra automática aplicável,avaliar pelo proprietário do domínio,avaliar pelo proprietário do domínio,não definida; registrar lacuna,existente,database/postgres/migrations/024_riders_delivery_schema_alignment.sql:27
postgresql,delivery,rider_reviews,metadata,Metadata,JSONB,False,'{}'::jsonb,False,False,,não classificado automaticamente,política v1; nenhuma regra automática aplicável,avaliar pelo proprietário do domínio,avaliar pelo proprietário do domínio,não definida; registrar lacuna,existente,database/postgres/migrations/024_riders_delivery_schema_alignment.sql:28
postgresql,delivery,rider_reviews,created_at,Created at,TIMESTAMPTZ,False,NOW(),False,False,,não classificado automaticamente,política v1; nenhuma regra automática aplicável,avaliar pelo proprietário do domínio,avaliar pelo proprietário do domínio,não definida; registrar lacuna,existente,database/postgres/migrations/024_riders_delivery_schema_alignment.sql:29
postgresql,delivery,rider_reviews,updated_at,Updated at,TIMESTAMPTZ,False,NOW(),False,False,,não classificado automaticamente,política v1; nenhuma regra automática aplicável,avaliar pelo proprietário do domínio,avaliar pelo proprietário do domínio,não definida; registrar lacuna,existente,database/postgres/migrations/024_riders_delivery_schema_alignment.sql:30
postgresql,delivery,rider_reviews,deleted_at,Deleted at,TIMESTAMPTZ,True,,False,False,,não classificado automaticamente,política v1; nenhuma regra automática aplicável,avaliar pelo proprietário do domínio,avaliar pelo proprietário do domínio,não definida; registrar lacuna,existente,database/postgres/migrations/024_riders_delivery_schema_alignment.sql:31
postgresql,delivery,rider_reviews,created_by,Created by,UUID,True,,False,False,identity.users.id,pseudônimo vinculável,política v1 categoria identidade_relacional; padrões: created_by,controle de acesso e segregação por tenant; criptografia do banco,não expor identificadores internos sem necessidade,acompanha entidade e trilha de auditoria com política de anonimização,existente,database/postgres/migrations/024_riders_delivery_schema_alignment.sql:32
postgresql,delivery,rider_reviews,updated_by,Updated by,UUID,True,,False,False,identity.users.id,pseudônimo vinculável,política v1 categoria identidade_relacional; padrões: updated_by,controle de acesso e segregação por tenant; criptografia do banco,não expor identificadores internos sem necessidade,acompanha entidade e trilha de auditoria com política de anonimização,existente,database/postgres/migrations/024_riders_delivery_schema_alignment.sql:33
postgresql,delivery,rider_reviews,idempotency_key,Idempotency key,VARCHAR(120),True,,False,True,,não classificado automaticamente,política v1; nenhuma regra automática aplicável,avaliar pelo proprietário do domínio,avaliar pelo proprietário do domínio,não definida; registrar lacuna,existente,database/postgres/migrations/024_riders_delivery_schema_alignment.sql:34
postgresql,stock,measurement_units,id,Id,UUID,False,gen_random_uuid(),True,False,,não classificado automaticamente,política v1; nenhuma regra automática aplicável,avaliar pelo proprietário do domínio,avaliar pelo proprietário do domínio,não definida; registrar lacuna,existente,database/postgres/migrations/025_units_tax_governance.sql:4
postgresql,stock,measurement_units,code,Code,VARCHAR(32),False,,False,True,,não classificado automaticamente,política v1; nenhuma regra automática aplicável,avaliar pelo proprietário do domínio,avaliar pelo proprietário do domínio,não definida; registrar lacuna,existente,database/postgres/migrations/025_units_tax_governance.sql:5
postgresql,stock,measurement_units,symbol,Symbol,VARCHAR(24),False,,False,False,,não classificado automaticamente,política v1; nenhuma regra automática aplicável,avaliar pelo proprietário do domínio,avaliar pelo proprietário do domínio,não definida; registrar lacuna,existente,database/postgres/migrations/025_units_tax_governance.sql:6
postgresql,stock,measurement_units,singular_name_pt_br,Singular name pt br,VARCHAR(120),False,,False,False,,não classificado automaticamente,política v1; nenhuma regra automática aplicável,avaliar pelo proprietário do domínio,avaliar pelo proprietário do domínio,não definida; registrar lacuna,existente,database/postgres/migrations/025_units_tax_governance.sql:7
postgresql,stock,measurement_units,plural_name_pt_br,Plural name pt br,VARCHAR(120),False,,False,False,,não classificado automaticamente,política v1; nenhuma regra automática aplicável,avaliar pelo proprietário do domínio,avaliar pelo proprietário do domínio,não definida; registrar lacuna,existente,database/postgres/migrations/025_units_tax_governance.sql:8
postgresql,stock,measurement_units,dimension,Dimension,VARCHAR(40),False,,False,False,,não classificado automaticamente,política v1; nenhuma regra automática aplicável,avaliar pelo proprietário do domínio,avaliar pelo proprietário do domínio,não definida; registrar lacuna,existente,database/postgres/migrations/025_units_tax_governance.sql:9
postgresql,stock,measurement_units,measurement_system,Measurement system,VARCHAR(40),False,,False,False,,não classificado automaticamente,política v1; nenhuma regra automática aplicável,avaliar pelo proprietário do domínio,avaliar pelo proprietário do domínio,não definida; registrar lacuna,existente,database/postgres/migrations/025_units_tax_governance.sql:10
postgresql,stock,measurement_units,precision,Precision,SMALLINT,False,6,False,False,,não classificado automaticamente,política v1; nenhuma regra automática aplicável,avaliar pelo proprietário do domínio,avaliar pelo proprietário do domínio,não definida; registrar lacuna,existente,database/postgres/migrations/025_units_tax_governance.sql:11
postgresql,stock,measurement_units,scale,Scale,"NUMERIC(30, 12)",False,1,False,False,,não classificado automaticamente,política v1; nenhuma regra automática aplicável,avaliar pelo proprietário do domínio,avaliar pelo proprietário do domínio,não definida; registrar lacuna,existente,database/postgres/migrations/025_units_tax_governance.sql:12
postgresql,stock,measurement_units,allows_fraction,Allows fraction,BOOLEAN,False,TRUE,False,False,,não classificado automaticamente,política v1; nenhuma regra automática aplicável,avaliar pelo proprietário do domínio,avaliar pelo proprietário do domínio,não definida; registrar lacuna,existente,database/postgres/migrations/025_units_tax_governance.sql:13
postgresql,stock,measurement_units,base_unit_id,Base unit id,UUID,True,,False,False,stock.measurement_units.id,não classificado automaticamente,política v1; nenhuma regra automática aplicável,avaliar pelo proprietário do domínio,avaliar pelo proprietário do domínio,não definida; registrar lacuna,existente,database/postgres/migrations/025_units_tax_governance.sql:14
postgresql,stock,measurement_units,normative_equivalence,Normative equivalence,TEXT,True,,False,False,,não classificado automaticamente,política v1; nenhuma regra automática aplicável,avaliar pelo proprietário do domínio,avaliar pelo proprietário do domínio,não definida; registrar lacuna,existente,database/postgres/migrations/025_units_tax_governance.sql:15
postgresql,stock,measurement_units,regional_rules,Regional rules,JSONB,False,'{}'::jsonb,False,False,,não classificado automaticamente,política v1; nenhuma regra automática aplicável,avaliar pelo proprietário do domínio,avaliar pelo proprietário do domínio,não definida; registrar lacuna,existente,database/postgres/migrations/025_units_tax_governance.sql:16
postgresql,stock,measurement_units,status,Status,VARCHAR(40),False,'draft',False,False,,não classificado automaticamente,política v1; nenhuma regra automática aplicável,avaliar pelo proprietário do domínio,avaliar pelo proprietário do domínio,não definida; registrar lacuna,existente,database/postgres/migrations/025_units_tax_governance.sql:17
postgresql,stock,measurement_units,version,Version,INTEGER,False,1,False,False,,não classificado automaticamente,política v1; nenhuma regra automática aplicável,avaliar pelo proprietário do domínio,avaliar pelo proprietário do domínio,não definida; registrar lacuna,existente,database/postgres/migrations/025_units_tax_governance.sql:18
postgresql,stock,measurement_units,created_at,Created at,TIMESTAMPTZ,False,NOW(),False,False,,não classificado automaticamente,política v1; nenhuma regra automática aplicável,avaliar pelo proprietário do domínio,avaliar pelo proprietário do domínio,não definida; registrar lacuna,existente,database/postgres/migrations/025_units_tax_governance.sql:19
postgresql,stock,measurement_units,created_by,Created by,UUID,True,,False,False,identity.users.id,pseudônimo vinculável,política v1 categoria identidade_relacional; padrões: created_by,controle de acesso e segregação por tenant; criptografia do banco,não expor identificadores internos sem necessidade,acompanha entidade e trilha de auditoria com política de anonimização,existente,database/postgres/migrations/025_units_tax_governance.sql:20
postgresql,stock,measurement_units,updated_at,Updated at,TIMESTAMPTZ,False,NOW(),False,False,,não classificado automaticamente,política v1; nenhuma regra automática aplicável,avaliar pelo proprietário do domínio,avaliar pelo proprietário do domínio,não definida; registrar lacuna,existente,database/postgres/migrations/025_units_tax_governance.sql:21
postgresql,stock,measurement_units,updated_by,Updated by,UUID,True,,False,False,identity.users.id,pseudônimo vinculável,política v1 categoria identidade_relacional; padrões: updated_by,controle de acesso e segregação por tenant; criptografia do banco,não expor identificadores internos sem necessidade,acompanha entidade e trilha de auditoria com política de anonimização,existente,database/postgres/migrations/025_units_tax_governance.sql:22
postgresql,stock,product_units,id,Id,UUID,False,gen_random_uuid(),True,False,,não classificado automaticamente,política v1; nenhuma regra automática aplicável,avaliar pelo proprietário do domínio,avaliar pelo proprietário do domínio,não definida; registrar lacuna,existente,database/postgres/migrations/025_units_tax_governance.sql:27
postgresql,stock,product_units,tenant_id,Tenant id,UUID,False,,False,False,,não classificado automaticamente,política v1; nenhuma regra automática aplicável,avaliar pelo proprietário do domínio,avaliar pelo proprietário do domínio,não definida; registrar lacuna,existente,database/postgres/migrations/025_units_tax_governance.sql:28
postgresql,stock,product_units,company_id,Company id,UUID,True,,False,False,business.companies.id,não classificado automaticamente,política v1; nenhuma regra automática aplicável,avaliar pelo proprietário do domínio,avaliar pelo proprietário do domínio,não definida; registrar lacuna,existente,database/postgres/migrations/025_units_tax_governance.sql:29
postgresql,stock,product_units,product_id,Product id,UUID,False,,False,False,marketplace.products.id,não classificado automaticamente,política v1; nenhuma regra automática aplicável,avaliar pelo proprietário do domínio,avaliar pelo proprietário do domínio,não definida; registrar lacuna,existente,database/postgres/migrations/025_units_tax_governance.sql:30
postgresql,stock,product_units,variant_id,Variant id,UUID,True,,False,False,,não classificado automaticamente,política v1; nenhuma regra automática aplicável,avaliar pelo proprietário do domínio,avaliar pelo proprietário do domínio,não definida; registrar lacuna,existente,database/postgres/migrations/025_units_tax_governance.sql:31
postgresql,stock,product_units,unit_id,Unit id,UUID,False,,False,False,stock.measurement_units.id,não classificado automaticamente,política v1; nenhuma regra automática aplicável,avaliar pelo proprietário do domínio,avaliar pelo proprietário do domínio,não definida; registrar lacuna,existente,database/postgres/migrations/025_units_tax_governance.sql:32
postgresql,stock,product_units,purpose,Purpose,VARCHAR(40),False,,False,False,,não classificado automaticamente,política v1; nenhuma regra automática aplicável,avaliar pelo proprietário do domínio,avaliar pelo proprietário do domínio,não definida; registrar lacuna,existente,database/postgres/migrations/025_units_tax_governance.sql:33
postgresql,stock,product_units,is_default,Is default,BOOLEAN,False,FALSE,False,False,,não classificado automaticamente,política v1; nenhuma regra automática aplicável,avaliar pelo proprietário do domínio,avaliar pelo proprietário do domínio,não definida; registrar lacuna,existente,database/postgres/migrations/025_units_tax_governance.sql:34
postgresql,stock,product_units,minimum_quantity,Minimum quantity,"NUMERIC(30, 12)",True,,False,False,,não classificado automaticamente,política v1; nenhuma regra automática aplicável,avaliar pelo proprietário do domínio,avaliar pelo proprietário do domínio,não definida; registrar lacuna,existente,database/postgres/migrations/025_units_tax_governance.sql:35
postgresql,stock,product_units,maximum_quantity,Maximum quantity,"NUMERIC(30, 12)",True,,False,False,,não classificado automaticamente,política v1; nenhuma regra automática aplicável,avaliar pelo proprietário do domínio,avaliar pelo proprietário do domínio,não definida; registrar lacuna,existente,database/postgres/migrations/025_units_tax_governance.sql:36
postgresql,stock,product_units,quantity_step,Quantity step,"NUMERIC(30, 12)",False,1,False,False,,não classificado automaticamente,política v1; nenhuma regra automática aplicável,avaliar pelo proprietário do domínio,avaliar pelo proprietário do domínio,não definida; registrar lacuna,existente,database/postgres/migrations/025_units_tax_governance.sql:37
postgresql,stock,product_units,precision,Precision,SMALLINT,False,6,False,False,,não classificado automaticamente,política v1; nenhuma regra automática aplicável,avaliar pelo proprietário do domínio,avaliar pelo proprietário do domínio,não definida; registrar lacuna,existente,database/postgres/migrations/025_units_tax_governance.sql:38
postgresql,stock,product_units,rounding_mode,Rounding mode,VARCHAR(24),False,'half_up',False,False,,não classificado automaticamente,política v1; nenhuma regra automática aplicável,avaliar pelo proprietário do domínio,avaliar pelo proprietário do domínio,não definida; registrar lacuna,existente,database/postgres/migrations/025_units_tax_governance.sql:39
postgresql,stock,product_units,effective_from,Effective from,TIMESTAMPTZ,False,,False,False,,não classificado automaticamente,política v1; nenhuma regra automática aplicável,avaliar pelo proprietário do domínio,avaliar pelo proprietário do domínio,não definida; registrar lacuna,existente,database/postgres/migrations/025_units_tax_governance.sql:40
postgresql,stock,product_units,effective_to,Effective to,TIMESTAMPTZ,True,,False,False,,não classificado automaticamente,política v1; nenhuma regra automática aplicável,avaliar pelo proprietário do domínio,avaliar pelo proprietário do domínio,não definida; registrar lacuna,existente,database/postgres/migrations/025_units_tax_governance.sql:41
postgresql,stock,product_units,status,Status,VARCHAR(40),False,'draft',False,False,,não classificado automaticamente,política v1; nenhuma regra automática aplicável,avaliar pelo proprietário do domínio,avaliar pelo proprietário do domínio,não definida; registrar lacuna,existente,database/postgres/migrations/025_units_tax_governance.sql:42
postgresql,stock,product_units,version,Version,INTEGER,False,1,False,False,,não classificado automaticamente,política v1; nenhuma regra automática aplicável,avaliar pelo proprietário do domínio,avaliar pelo proprietário do domínio,não definida; registrar lacuna,existente,database/postgres/migrations/025_units_tax_governance.sql:43
postgresql,stock,product_units,approved_at,Approved at,TIMESTAMPTZ,True,,False,False,,não classificado automaticamente,política v1; nenhuma regra automática aplicável,avaliar pelo proprietário do domínio,avaliar pelo proprietário do domínio,não definida; registrar lacuna,existente,database/postgres/migrations/025_units_tax_governance.sql:44
postgresql,stock,product_units,approved_by,Approved by,UUID,True,,False,False,identity.users.id,pseudônimo vinculável,política v1 categoria identidade_relacional; padrões: approved_by,controle de acesso e segregação por tenant; criptografia do banco,não expor identificadores internos sem necessidade,acompanha entidade e trilha de auditoria com política de anonimização,existente,database/postgres/migrations/025_units_tax_governance.sql:45
postgresql,stock,product_unit_conversions,id,Id,UUID,False,gen_random_uuid(),True,False,,não classificado automaticamente,política v1; nenhuma regra automática aplicável,avaliar pelo proprietário do domínio,avaliar pelo proprietário do domínio,não definida; registrar lacuna,existente,database/postgres/migrations/025_units_tax_governance.sql:57
postgresql,stock,product_unit_conversions,tenant_id,Tenant id,UUID,False,,False,False,,não classificado automaticamente,política v1; nenhuma regra automática aplicável,avaliar pelo proprietário do domínio,avaliar pelo proprietário do domínio,não definida; registrar lacuna,existente,database/postgres/migrations/025_units_tax_governance.sql:58
postgresql,stock,product_unit_conversions,company_id,Company id,UUID,True,,False,False,business.companies.id,não classificado automaticamente,política v1; nenhuma regra automática aplicável,avaliar pelo proprietário do domínio,avaliar pelo proprietário do domínio,não definida; registrar lacuna,existente,database/postgres/migrations/025_units_tax_governance.sql:59
postgresql,stock,product_unit_conversions,branch_id,Branch id,UUID,True,,False,False,business.branches.id,não classificado automaticamente,política v1; nenhuma regra automática aplicável,avaliar pelo proprietário do domínio,avaliar pelo proprietário do domínio,não definida; registrar lacuna,existente,database/postgres/migrations/025_units_tax_governance.sql:60
postgresql,stock,product_unit_conversions,product_id,Product id,UUID,False,,False,False,marketplace.products.id,não classificado automaticamente,política v1; nenhuma regra automática aplicável,avaliar pelo proprietário do domínio,avaliar pelo proprietário do domínio,não definida; registrar lacuna,existente,database/postgres/migrations/025_units_tax_governance.sql:61
postgresql,stock,product_unit_conversions,variant_id,Variant id,UUID,True,,False,False,,não classificado automaticamente,política v1; nenhuma regra automática aplicável,avaliar pelo proprietário do domínio,avaliar pelo proprietário do domínio,não definida; registrar lacuna,existente,database/postgres/migrations/025_units_tax_governance.sql:62
postgresql,stock,product_unit_conversions,source_unit_id,Source unit id,UUID,False,,False,False,stock.measurement_units.id,não classificado automaticamente,política v1; nenhuma regra automática aplicável,avaliar pelo proprietário do domínio,avaliar pelo proprietário do domínio,não definida; registrar lacuna,existente,database/postgres/migrations/025_units_tax_governance.sql:63
postgresql,stock,product_unit_conversions,target_unit_id,Target unit id,UUID,False,,False,False,stock.measurement_units.id,não classificado automaticamente,política v1; nenhuma regra automática aplicável,avaliar pelo proprietário do domínio,avaliar pelo proprietário do domínio,não definida; registrar lacuna,existente,database/postgres/migrations/025_units_tax_governance.sql:64
postgresql,stock,product_unit_conversions,multiplier,Multiplier,"NUMERIC(30, 12)",False,1,False,False,,não classificado automaticamente,política v1; nenhuma regra automática aplicável,avaliar pelo proprietário do domínio,avaliar pelo proprietário do domínio,não definida; registrar lacuna,existente,database/postgres/migrations/025_units_tax_governance.sql:65
postgresql,stock,product_unit_conversions,divisor,Divisor,"NUMERIC(30, 12)",False,1,False,False,,não classificado automaticamente,política v1; nenhuma regra automática aplicável,avaliar pelo proprietário do domínio,avaliar pelo proprietário do domínio,não definida; registrar lacuna,existente,database/postgres/migrations/025_units_tax_governance.sql:66
postgresql,stock,product_unit_conversions,safe_formula,Safe formula,VARCHAR(500),True,,False,False,,não classificado automaticamente,política v1; nenhuma regra automática aplicável,avaliar pelo proprietário do domínio,avaliar pelo proprietário do domínio,não definida; registrar lacuna,existente,database/postgres/migrations/025_units_tax_governance.sql:67
postgresql,stock,product_unit_conversions,precision,Precision,SMALLINT,False,6,False,False,,não classificado automaticamente,política v1; nenhuma regra automática aplicável,avaliar pelo proprietário do domínio,avaliar pelo proprietário do domínio,não definida; registrar lacuna,existente,database/postgres/migrations/025_units_tax_governance.sql:68
postgresql,stock,product_unit_conversions,rounding_mode,Rounding mode,VARCHAR(24),False,'half_up',False,False,,não classificado automaticamente,política v1; nenhuma regra automática aplicável,avaliar pelo proprietário do domínio,avaliar pelo proprietário do domínio,não definida; registrar lacuna,existente,database/postgres/migrations/025_units_tax_governance.sql:69
postgresql,stock,product_unit_conversions,tolerance,Tolerance,"NUMERIC(30, 12)",False,0,False,False,,não classificado automaticamente,política v1; nenhuma regra automática aplicável,avaliar pelo proprietário do domínio,avaliar pelo proprietário do domínio,não definida; registrar lacuna,existente,database/postgres/migrations/025_units_tax_governance.sql:70
postgresql,stock,product_unit_conversions,effective_from,Effective from,TIMESTAMPTZ,False,,False,False,,não classificado automaticamente,política v1; nenhuma regra automática aplicável,avaliar pelo proprietário do domínio,avaliar pelo proprietário do domínio,não definida; registrar lacuna,existente,database/postgres/migrations/025_units_tax_governance.sql:71
postgresql,stock,product_unit_conversions,effective_to,Effective to,TIMESTAMPTZ,True,,False,False,,não classificado automaticamente,política v1; nenhuma regra automática aplicável,avaliar pelo proprietário do domínio,avaliar pelo proprietário do domínio,não definida; registrar lacuna,existente,database/postgres/migrations/025_units_tax_governance.sql:72
postgresql,stock,product_unit_conversions,context,Context,VARCHAR(80),False,,False,False,,não classificado automaticamente,política v1; nenhuma regra automática aplicável,avaliar pelo proprietário do domínio,avaliar pelo proprietário do domínio,não definida; registrar lacuna,existente,database/postgres/migrations/025_units_tax_governance.sql:73
postgresql,stock,product_unit_conversions,supplier_id,Supplier id,UUID,True,,False,False,stock.suppliers.id,não classificado automaticamente,política v1; nenhuma regra automática aplicável,avaliar pelo proprietário do domínio,avaliar pelo proprietário do domínio,não definida; registrar lacuna,existente,database/postgres/migrations/025_units_tax_governance.sql:74
postgresql,stock,product_unit_conversions,package_id,Package id,UUID,True,,False,False,,não classificado automaticamente,política v1; nenhuma regra automática aplicável,avaliar pelo proprietário do domínio,avaliar pelo proprietário do domínio,não definida; registrar lacuna,existente,database/postgres/migrations/025_units_tax_governance.sql:75
postgresql,stock,product_unit_conversions,density,Density,"NUMERIC(30, 12)",True,,False,False,,não classificado automaticamente,política v1; nenhuma regra automática aplicável,avaliar pelo proprietário do domínio,avaliar pelo proprietário do domínio,não definida; registrar lacuna,existente,database/postgres/migrations/025_units_tax_governance.sql:76
postgresql,stock,product_unit_conversions,reference_temperature,Reference temperature,"NUMERIC(12, 4)",True,,False,False,,não classificado automaticamente,política v1; nenhuma regra automática aplicável,avaliar pelo proprietário do domínio,avaliar pelo proprietário do domínio,não definida; registrar lacuna,existente,database/postgres/migrations/025_units_tax_governance.sql:77
postgresql,stock,product_unit_conversions,status,Status,VARCHAR(40),False,'draft',False,False,,não classificado automaticamente,política v1; nenhuma regra automática aplicável,avaliar pelo proprietário do domínio,avaliar pelo proprietário do domínio,não definida; registrar lacuna,existente,database/postgres/migrations/025_units_tax_governance.sql:78
postgresql,stock,product_unit_conversions,version,Version,INTEGER,False,1,False,False,,não classificado automaticamente,política v1; nenhuma regra automática aplicável,avaliar pelo proprietário do domínio,avaliar pelo proprietário do domínio,não definida; registrar lacuna,existente,database/postgres/migrations/025_units_tax_governance.sql:79
postgresql,stock,product_unit_conversions,approved_at,Approved at,TIMESTAMPTZ,True,,False,False,,não classificado automaticamente,política v1; nenhuma regra automática aplicável,avaliar pelo proprietário do domínio,avaliar pelo proprietário do domínio,não definida; registrar lacuna,existente,database/postgres/migrations/025_units_tax_governance.sql:80
postgresql,stock,product_unit_conversions,approved_by,Approved by,UUID,True,,False,False,identity.users.id,pseudônimo vinculável,política v1 categoria identidade_relacional; padrões: approved_by,controle de acesso e segregação por tenant; criptografia do banco,não expor identificadores internos sem necessidade,acompanha entidade e trilha de auditoria com política de anonimização,existente,database/postgres/migrations/025_units_tax_governance.sql:81
postgresql,stock,product_unit_conversions,created_at,Created at,TIMESTAMPTZ,False,NOW(),False,False,,não classificado automaticamente,política v1; nenhuma regra automática aplicável,avaliar pelo proprietário do domínio,avaliar pelo proprietário do domínio,não definida; registrar lacuna,existente,database/postgres/migrations/025_units_tax_governance.sql:82
postgresql,stock,product_unit_conversions,created_by,Created by,UUID,True,,False,False,identity.users.id,pseudônimo vinculável,política v1 categoria identidade_relacional; padrões: created_by,controle de acesso e segregação por tenant; criptografia do banco,não expor identificadores internos sem necessidade,acompanha entidade e trilha de auditoria com política de anonimização,existente,database/postgres/migrations/025_units_tax_governance.sql:83
postgresql,stock,product_lots,id,Id,UUID,False,gen_random_uuid(),True,False,,não classificado automaticamente,política v1; nenhuma regra automática aplicável,avaliar pelo proprietário do domínio,avaliar pelo proprietário do domínio,não definida; registrar lacuna,existente,database/postgres/migrations/025_units_tax_governance.sql:94
postgresql,stock,product_lots,tenant_id,Tenant id,UUID,False,,False,False,,não classificado automaticamente,política v1; nenhuma regra automática aplicável,avaliar pelo proprietário do domínio,avaliar pelo proprietário do domínio,não definida; registrar lacuna,existente,database/postgres/migrations/025_units_tax_governance.sql:95
postgresql,stock,product_lots,company_id,Company id,UUID,True,,False,False,business.companies.id,não classificado automaticamente,política v1; nenhuma regra automática aplicável,avaliar pelo proprietário do domínio,avaliar pelo proprietário do domínio,não definida; registrar lacuna,existente,database/postgres/migrations/025_units_tax_governance.sql:96
postgresql,stock,product_lots,product_id,Product id,UUID,False,,False,False,marketplace.products.id,não classificado automaticamente,política v1; nenhuma regra automática aplicável,avaliar pelo proprietário do domínio,avaliar pelo proprietário do domínio,não definida; registrar lacuna,existente,database/postgres/migrations/025_units_tax_governance.sql:97
postgresql,stock,product_lots,variant_id,Variant id,UUID,True,,False,False,,não classificado automaticamente,política v1; nenhuma regra automática aplicável,avaliar pelo proprietário do domínio,avaliar pelo proprietário do domínio,não definida; registrar lacuna,existente,database/postgres/migrations/025_units_tax_governance.sql:98
postgresql,stock,product_lots,lot_number,Lot number,VARCHAR(120),False,,False,False,,não classificado automaticamente,política v1; nenhuma regra automática aplicável,avaliar pelo proprietário do domínio,avaliar pelo proprietário do domínio,não definida; registrar lacuna,existente,database/postgres/migrations/025_units_tax_governance.sql:99
postgresql,stock,product_lots,sub_lot,Sub lot,VARCHAR(120),True,,False,False,,não classificado automaticamente,política v1; nenhuma regra automática aplicável,avaliar pelo proprietário do domínio,avaliar pelo proprietário do domínio,não definida; registrar lacuna,existente,database/postgres/migrations/025_units_tax_governance.sql:100
postgresql,stock,product_lots,manufactured_on,Manufactured on,DATE,True,,False,False,,não classificado automaticamente,política v1; nenhuma regra automática aplicável,avaliar pelo proprietário do domínio,avaliar pelo proprietário do domínio,não definida; registrar lacuna,existente,database/postgres/migrations/025_units_tax_governance.sql:101
postgresql,stock,product_lots,expires_on,Expires on,DATE,True,,False,False,,não classificado automaticamente,política v1; nenhuma regra automática aplicável,avaliar pelo proprietário do domínio,avaliar pelo proprietário do domínio,não definida; registrar lacuna,existente,database/postgres/migrations/025_units_tax_governance.sql:102
postgresql,stock,product_lots,received_at,Received at,TIMESTAMPTZ,True,,False,False,,não classificado automaticamente,política v1; nenhuma regra automática aplicável,avaliar pelo proprietário do domínio,avaliar pelo proprietário do domínio,não definida; registrar lacuna,existente,database/postgres/migrations/025_units_tax_governance.sql:103
postgresql,stock,product_lots,supplier_id,Supplier id,UUID,True,,False,False,stock.suppliers.id,não classificado automaticamente,política v1; nenhuma regra automática aplicável,avaliar pelo proprietário do domínio,avaliar pelo proprietário do domínio,não definida; registrar lacuna,existente,database/postgres/migrations/025_units_tax_governance.sql:104
postgresql,stock,product_lots,origin,Origin,VARCHAR(160),True,,False,False,,não classificado automaticamente,política v1; nenhuma regra automática aplicável,avaliar pelo proprietário do domínio,avaliar pelo proprietário do domínio,não definida; registrar lacuna,existente,database/postgres/migrations/025_units_tax_governance.sql:105
postgresql,stock,product_lots,quality_status,Quality status,VARCHAR(40),False,'pending_inspection',False,False,,não classificado automaticamente,política v1; nenhuma regra automática aplicável,avaliar pelo proprietário do domínio,avaliar pelo proprietário do domínio,não definida; registrar lacuna,existente,database/postgres/migrations/025_units_tax_governance.sql:106
postgresql,stock,product_lots,inspection_id,Inspection id,UUID,True,,False,False,,não classificado automaticamente,política v1; nenhuma regra automática aplicável,avaliar pelo proprietário do domínio,avaliar pelo proprietário do domínio,não definida; registrar lacuna,existente,database/postgres/migrations/025_units_tax_governance.sql:107
postgresql,stock,product_lots,quarantine_reason,Quarantine reason,TEXT,True,,False,False,,não classificado automaticamente,política v1; nenhuma regra automática aplicável,avaliar pelo proprietário do domínio,avaliar pelo proprietário do domínio,não definida; registrar lacuna,existente,database/postgres/migrations/025_units_tax_governance.sql:108
postgresql,stock,product_lots,released_at,Released at,TIMESTAMPTZ,True,,False,False,,não classificado automaticamente,política v1; nenhuma regra automática aplicável,avaliar pelo proprietário do domínio,avaliar pelo proprietário do domínio,não definida; registrar lacuna,existente,database/postgres/migrations/025_units_tax_governance.sql:109
postgresql,stock,product_lots,blocked_at,Blocked at,TIMESTAMPTZ,True,,False,False,,não classificado automaticamente,política v1; nenhuma regra automática aplicável,avaliar pelo proprietário do domínio,avaliar pelo proprietário do domínio,não definida; registrar lacuna,existente,database/postgres/migrations/025_units_tax_governance.sql:110
postgresql,stock,product_lots,recall_status,Recall status,VARCHAR(40),False,'clear',False,False,,não classificado automaticamente,política v1; nenhuma regra automática aplicável,avaliar pelo proprietário do domínio,avaliar pelo proprietário do domínio,não definida; registrar lacuna,existente,database/postgres/migrations/025_units_tax_governance.sql:111
postgresql,stock,product_lots,cost_method,Cost method,VARCHAR(40),False,'weighted_average',False,False,,financeiro confidencial,política v1 categoria financeiro; padrões: cost,obrigatória em trânsito e repouso,restringir por papel e finalidade; não registrar valor sensível desnecessário,"definir por obrigação contábil, fiscal e prevenção a fraude",existente,database/postgres/migrations/025_units_tax_governance.sql:112
postgresql,stock,product_lots,status,Status,VARCHAR(40),False,'active',False,False,,não classificado automaticamente,política v1; nenhuma regra automática aplicável,avaliar pelo proprietário do domínio,avaliar pelo proprietário do domínio,não definida; registrar lacuna,existente,database/postgres/migrations/025_units_tax_governance.sql:113
postgresql,stock,product_lots,created_at,Created at,TIMESTAMPTZ,False,NOW(),False,False,,não classificado automaticamente,política v1; nenhuma regra automática aplicável,avaliar pelo proprietário do domínio,avaliar pelo proprietário do domínio,não definida; registrar lacuna,existente,database/postgres/migrations/025_units_tax_governance.sql:114
postgresql,stock,product_lots,created_by,Created by,UUID,True,,False,False,identity.users.id,pseudônimo vinculável,política v1 categoria identidade_relacional; padrões: created_by,controle de acesso e segregação por tenant; criptografia do banco,não expor identificadores internos sem necessidade,acompanha entidade e trilha de auditoria com política de anonimização,existente,database/postgres/migrations/025_units_tax_governance.sql:115
postgresql,stock,product_serials,id,Id,UUID,False,gen_random_uuid(),True,False,,não classificado automaticamente,política v1; nenhuma regra automática aplicável,avaliar pelo proprietário do domínio,avaliar pelo proprietário do domínio,não definida; registrar lacuna,existente,database/postgres/migrations/025_units_tax_governance.sql:121
postgresql,stock,product_serials,tenant_id,Tenant id,UUID,False,,False,False,,não classificado automaticamente,política v1; nenhuma regra automática aplicável,avaliar pelo proprietário do domínio,avaliar pelo proprietário do domínio,não definida; registrar lacuna,existente,database/postgres/migrations/025_units_tax_governance.sql:122
postgresql,stock,product_serials,product_id,Product id,UUID,False,,False,False,marketplace.products.id,não classificado automaticamente,política v1; nenhuma regra automática aplicável,avaliar pelo proprietário do domínio,avaliar pelo proprietário do domínio,não definida; registrar lacuna,existente,database/postgres/migrations/025_units_tax_governance.sql:123
postgresql,stock,product_serials,variant_id,Variant id,UUID,True,,False,False,,não classificado automaticamente,política v1; nenhuma regra automática aplicável,avaliar pelo proprietário do domínio,avaliar pelo proprietário do domínio,não definida; registrar lacuna,existente,database/postgres/migrations/025_units_tax_governance.sql:124
postgresql,stock,product_serials,lot_id,Lot id,UUID,True,,False,False,stock.product_lots.id,não classificado automaticamente,política v1; nenhuma regra automática aplicável,avaliar pelo proprietário do domínio,avaliar pelo proprietário do domínio,não definida; registrar lacuna,existente,database/postgres/migrations/025_units_tax_governance.sql:125
postgresql,stock,product_serials,serial_number,Serial number,VARCHAR(180),False,,False,False,,não classificado automaticamente,política v1; nenhuma regra automática aplicável,avaliar pelo proprietário do domínio,avaliar pelo proprietário do domínio,não definida; registrar lacuna,existente,database/postgres/migrations/025_units_tax_governance.sql:126
postgresql,stock,product_serials,status,Status,VARCHAR(40),False,'available',False,False,,não classificado automaticamente,política v1; nenhuma regra automática aplicável,avaliar pelo proprietário do domínio,avaliar pelo proprietário do domínio,não definida; registrar lacuna,existente,database/postgres/migrations/025_units_tax_governance.sql:127
postgresql,stock,product_serials,location_id,Location id,UUID,True,,False,False,,dado pessoal,política v1 categoria contato_localizacao; padrões: location,criptografar quando associado a pessoa identificada ou rastreamento,"mascarar em logs, listagens e exportações não autorizadas",limitar à finalidade operacional e consentimento aplicável,existente,database/postgres/migrations/025_units_tax_governance.sql:128
postgresql,stock,product_serials,warranty_until,Warranty until,DATE,True,,False,False,,não classificado automaticamente,política v1; nenhuma regra automática aplicável,avaliar pelo proprietário do domínio,avaliar pelo proprietário do domínio,não definida; registrar lacuna,existente,database/postgres/migrations/025_units_tax_governance.sql:129
postgresql,stock,product_serials,created_at,Created at,TIMESTAMPTZ,False,NOW(),False,False,,não classificado automaticamente,política v1; nenhuma regra automática aplicável,avaliar pelo proprietário do domínio,avaliar pelo proprietário do domínio,não definida; registrar lacuna,existente,database/postgres/migrations/025_units_tax_governance.sql:130
postgresql,stock,product_serials,created_by,Created by,UUID,True,,False,False,identity.users.id,pseudônimo vinculável,política v1 categoria identidade_relacional; padrões: created_by,controle de acesso e segregação por tenant; criptografia do banco,não expor identificadores internos sem necessidade,acompanha entidade e trilha de auditoria com política de anonimização,existente,database/postgres/migrations/025_units_tax_governance.sql:131
postgresql,stock,product_serials,updated_at,Updated at,TIMESTAMPTZ,False,NOW(),False,False,,não classificado automaticamente,política v1; nenhuma regra automática aplicável,avaliar pelo proprietário do domínio,avaliar pelo proprietário do domínio,não definida; registrar lacuna,existente,database/postgres/migrations/025_units_tax_governance.sql:132
postgresql,stock,product_serials,updated_by,Updated by,UUID,True,,False,False,identity.users.id,pseudônimo vinculável,política v1 categoria identidade_relacional; padrões: updated_by,controle de acesso e segregação por tenant; criptografia do banco,não expor identificadores internos sem necessidade,acompanha entidade e trilha de auditoria com política de anonimização,existente,database/postgres/migrations/025_units_tax_governance.sql:133
postgresql,stock,stock_movements,id,Id,UUID,False,gen_random_uuid(),True,False,,não classificado automaticamente,política v1; nenhuma regra automática aplicável,avaliar pelo proprietário do domínio,avaliar pelo proprietário do domínio,não definida; registrar lacuna,existente,database/postgres/migrations/025_units_tax_governance.sql:138
postgresql,stock,stock_movements,tenant_id,Tenant id,UUID,False,,False,False,,não classificado automaticamente,política v1; nenhuma regra automática aplicável,avaliar pelo proprietário do domínio,avaliar pelo proprietário do domínio,não definida; registrar lacuna,existente,database/postgres/migrations/025_units_tax_governance.sql:139
postgresql,stock,stock_movements,company_id,Company id,UUID,True,,False,False,business.companies.id,não classificado automaticamente,política v1; nenhuma regra automática aplicável,avaliar pelo proprietário do domínio,avaliar pelo proprietário do domínio,não definida; registrar lacuna,existente,database/postgres/migrations/025_units_tax_governance.sql:140
postgresql,stock,stock_movements,branch_id,Branch id,UUID,True,,False,False,business.branches.id,não classificado automaticamente,política v1; nenhuma regra automática aplicável,avaliar pelo proprietário do domínio,avaliar pelo proprietário do domínio,não definida; registrar lacuna,existente,database/postgres/migrations/025_units_tax_governance.sql:141
postgresql,stock,stock_movements,product_id,Product id,UUID,False,,False,False,marketplace.products.id,não classificado automaticamente,política v1; nenhuma regra automática aplicável,avaliar pelo proprietário do domínio,avaliar pelo proprietário do domínio,não definida; registrar lacuna,existente,database/postgres/migrations/025_units_tax_governance.sql:142
postgresql,stock,stock_movements,variant_id,Variant id,UUID,True,,False,False,,não classificado automaticamente,política v1; nenhuma regra automática aplicável,avaliar pelo proprietário do domínio,avaliar pelo proprietário do domínio,não definida; registrar lacuna,existente,database/postgres/migrations/025_units_tax_governance.sql:143
postgresql,stock,stock_movements,lot_id,Lot id,UUID,True,,False,False,stock.product_lots.id,não classificado automaticamente,política v1; nenhuma regra automática aplicável,avaliar pelo proprietário do domínio,avaliar pelo proprietário do domínio,não definida; registrar lacuna,existente,database/postgres/migrations/025_units_tax_governance.sql:144
postgresql,stock,stock_movements,serial_id,Serial id,UUID,True,,False,False,stock.product_serials.id,não classificado automaticamente,política v1; nenhuma regra automática aplicável,avaliar pelo proprietário do domínio,avaliar pelo proprietário do domínio,não definida; registrar lacuna,existente,database/postgres/migrations/025_units_tax_governance.sql:145
postgresql,stock,stock_movements,source_location_id,Source location id,UUID,True,,False,False,,dado pessoal,política v1 categoria contato_localizacao; padrões: location,criptografar quando associado a pessoa identificada ou rastreamento,"mascarar em logs, listagens e exportações não autorizadas",limitar à finalidade operacional e consentimento aplicável,existente,database/postgres/migrations/025_units_tax_governance.sql:146
postgresql,stock,stock_movements,target_location_id,Target location id,UUID,True,,False,False,,dado pessoal,política v1 categoria contato_localizacao; padrões: location,criptografar quando associado a pessoa identificada ou rastreamento,"mascarar em logs, listagens e exportações não autorizadas",limitar à finalidade operacional e consentimento aplicável,existente,database/postgres/migrations/025_units_tax_governance.sql:147
postgresql,stock,stock_movements,movement_type,Movement type,VARCHAR(40),False,,False,False,,não classificado automaticamente,política v1; nenhuma regra automática aplicável,avaliar pelo proprietário do domínio,avaliar pelo proprietário do domínio,não definida; registrar lacuna,existente,database/postgres/migrations/025_units_tax_governance.sql:148
postgresql,stock,stock_movements,informed_quantity,Informed quantity,"NUMERIC(30, 12)",False,,False,False,,não classificado automaticamente,política v1; nenhuma regra automática aplicável,avaliar pelo proprietário do domínio,avaliar pelo proprietário do domínio,não definida; registrar lacuna,existente,database/postgres/migrations/025_units_tax_governance.sql:149
postgresql,stock,stock_movements,informed_unit_id,Informed unit id,UUID,False,,False,False,stock.measurement_units.id,não classificado automaticamente,política v1; nenhuma regra automática aplicável,avaliar pelo proprietário do domínio,avaliar pelo proprietário do domínio,não definida; registrar lacuna,existente,database/postgres/migrations/025_units_tax_governance.sql:150
postgresql,stock,stock_movements,base_quantity,Base quantity,"NUMERIC(30, 12)",False,,False,False,,não classificado automaticamente,política v1; nenhuma regra automática aplicável,avaliar pelo proprietário do domínio,avaliar pelo proprietário do domínio,não definida; registrar lacuna,existente,database/postgres/migrations/025_units_tax_governance.sql:151
postgresql,stock,stock_movements,base_unit_id,Base unit id,UUID,False,,False,False,stock.measurement_units.id,não classificado automaticamente,política v1; nenhuma regra automática aplicável,avaliar pelo proprietário do domínio,avaliar pelo proprietário do domínio,não definida; registrar lacuna,existente,database/postgres/migrations/025_units_tax_governance.sql:152
postgresql,stock,stock_movements,conversion_id,Conversion id,UUID,True,,False,False,stock.product_unit_conversions.id,não classificado automaticamente,política v1; nenhuma regra automática aplicável,avaliar pelo proprietário do domínio,avaliar pelo proprietário do domínio,não definida; registrar lacuna,existente,database/postgres/migrations/025_units_tax_governance.sql:153
postgresql,stock,stock_movements,conversion_factor_snapshot,Conversion factor snapshot,"NUMERIC(30, 12)",False,,False,False,,não classificado automaticamente,política v1; nenhuma regra automática aplicável,avaliar pelo proprietário do domínio,avaliar pelo proprietário do domínio,não definida; registrar lacuna,existente,database/postgres/migrations/025_units_tax_governance.sql:154
postgresql,stock,stock_movements,previous_balance,Previous balance,"NUMERIC(30, 12)",False,,False,False,,financeiro confidencial,política v1 categoria financeiro; padrões: balance,obrigatória em trânsito e repouso,restringir por papel e finalidade; não registrar valor sensível desnecessário,"definir por obrigação contábil, fiscal e prevenção a fraude",existente,database/postgres/migrations/025_units_tax_governance.sql:155
postgresql,stock,stock_movements,new_balance,New balance,"NUMERIC(30, 12)",False,,False,False,,financeiro confidencial,política v1 categoria financeiro; padrões: balance,obrigatória em trânsito e repouso,restringir por papel e finalidade; não registrar valor sensível desnecessário,"definir por obrigação contábil, fiscal e prevenção a fraude",existente,database/postgres/migrations/025_units_tax_governance.sql:156
postgresql,stock,stock_movements,unit_cost,Unit cost,"NUMERIC(30, 12)",True,,False,False,,financeiro confidencial,política v1 categoria financeiro; padrões: cost,obrigatória em trânsito e repouso,restringir por papel e finalidade; não registrar valor sensível desnecessário,"definir por obrigação contábil, fiscal e prevenção a fraude",existente,database/postgres/migrations/025_units_tax_governance.sql:157
postgresql,stock,stock_movements,total_value,Total value,"NUMERIC(30, 12)",True,,False,False,,não classificado automaticamente,política v1; nenhuma regra automática aplicável,avaliar pelo proprietário do domínio,avaliar pelo proprietário do domínio,não definida; registrar lacuna,existente,database/postgres/migrations/025_units_tax_governance.sql:158
postgresql,stock,stock_movements,currency_code,Currency code,CHAR(3),False,'BRL',False,False,,não classificado automaticamente,política v1; nenhuma regra automática aplicável,avaliar pelo proprietário do domínio,avaliar pelo proprietário do domínio,não definida; registrar lacuna,existente,database/postgres/migrations/025_units_tax_governance.sql:159
postgresql,stock,stock_movements,reason,Reason,TEXT,False,,False,False,,não classificado automaticamente,política v1; nenhuma regra automática aplicável,avaliar pelo proprietário do domínio,avaliar pelo proprietário do domínio,não definida; registrar lacuna,existente,database/postgres/migrations/025_units_tax_governance.sql:160
postgresql,stock,stock_movements,document_id,Document id,UUID,True,,False,False,,não classificado automaticamente,política v1; nenhuma regra automática aplicável,avaliar pelo proprietário do domínio,avaliar pelo proprietário do domínio,não definida; registrar lacuna,existente,database/postgres/migrations/025_units_tax_governance.sql:161
postgresql,stock,stock_movements,order_id,Order id,UUID,True,,False,False,marketplace.orders.id,não classificado automaticamente,política v1; nenhuma regra automática aplicável,avaliar pelo proprietário do domínio,avaliar pelo proprietário do domínio,não definida; registrar lacuna,existente,database/postgres/migrations/025_units_tax_governance.sql:162
postgresql,stock,stock_movements,correlation_id,Correlation id,UUID,False,,False,False,,não classificado automaticamente,política v1; nenhuma regra automática aplicável,avaliar pelo proprietário do domínio,avaliar pelo proprietário do domínio,não definida; registrar lacuna,existente,database/postgres/migrations/025_units_tax_governance.sql:163
postgresql,stock,stock_movements,idempotency_key,Idempotency key,VARCHAR(120),False,,False,True,,não classificado automaticamente,política v1; nenhuma regra automática aplicável,avaliar pelo proprietário do domínio,avaliar pelo proprietário do domínio,não definida; registrar lacuna,existente,database/postgres/migrations/025_units_tax_governance.sql:164
postgresql,stock,stock_movements,occurred_at,Occurred at,TIMESTAMPTZ,False,,False,False,,não classificado automaticamente,política v1; nenhuma regra automática aplicável,avaliar pelo proprietário do domínio,avaliar pelo proprietário do domínio,não definida; registrar lacuna,existente,database/postgres/migrations/025_units_tax_governance.sql:165
postgresql,stock,stock_movements,created_by,Created by,UUID,False,,False,False,identity.users.id,pseudônimo vinculável,política v1 categoria identidade_relacional; padrões: created_by,controle de acesso e segregação por tenant; criptografia do banco,não expor identificadores internos sem necessidade,acompanha entidade e trilha de auditoria com política de anonimização,existente,database/postgres/migrations/025_units_tax_governance.sql:166
postgresql,erp,fiscal_profiles,id,Id,UUID,False,gen_random_uuid(),True,False,,não classificado automaticamente,política v1; nenhuma regra automática aplicável,avaliar pelo proprietário do domínio,avaliar pelo proprietário do domínio,não definida; registrar lacuna,existente,database/postgres/migrations/025_units_tax_governance.sql:171
postgresql,erp,fiscal_profiles,tenant_id,Tenant id,UUID,False,,False,False,,não classificado automaticamente,política v1; nenhuma regra automática aplicável,avaliar pelo proprietário do domínio,avaliar pelo proprietário do domínio,não definida; registrar lacuna,existente,database/postgres/migrations/025_units_tax_governance.sql:172
postgresql,erp,fiscal_profiles,company_id,Company id,UUID,False,,False,False,business.companies.id,não classificado automaticamente,política v1; nenhuma regra automática aplicável,avaliar pelo proprietário do domínio,avaliar pelo proprietário do domínio,não definida; registrar lacuna,existente,database/postgres/migrations/025_units_tax_governance.sql:173
postgresql,erp,fiscal_profiles,name,Name,VARCHAR(160),False,,False,False,,não classificado automaticamente,política v1; nenhuma regra automática aplicável,avaliar pelo proprietário do domínio,avaliar pelo proprietário do domínio,não definida; registrar lacuna,existente,database/postgres/migrations/025_units_tax_governance.sql:174
postgresql,erp,fiscal_profiles,country_code,Country code,CHAR(2),False,'BR',False,False,,não classificado automaticamente,política v1; nenhuma regra automática aplicável,avaliar pelo proprietário do domínio,avaliar pelo proprietário do domínio,não definida; registrar lacuna,existente,database/postgres/migrations/025_units_tax_governance.sql:175
postgresql,erp,fiscal_profiles,tax_regime,Tax regime,VARCHAR(80),False,,False,False,,financeiro confidencial,política v1 categoria financeiro; padrões: tax,obrigatória em trânsito e repouso,restringir por papel e finalidade; não registrar valor sensível desnecessário,"definir por obrigação contábil, fiscal e prevenção a fraude",existente,database/postgres/migrations/025_units_tax_governance.sql:176
postgresql,erp,fiscal_profiles,jurisdiction_scope,Jurisdiction scope,JSONB,False,,False,False,,não classificado automaticamente,política v1; nenhuma regra automática aplicável,avaliar pelo proprietário do domínio,avaliar pelo proprietário do domínio,não definida; registrar lacuna,existente,database/postgres/migrations/025_units_tax_governance.sql:177
postgresql,erp,fiscal_profiles,status,Status,VARCHAR(40),False,'draft',False,False,,não classificado automaticamente,política v1; nenhuma regra automática aplicável,avaliar pelo proprietário do domínio,avaliar pelo proprietário do domínio,não definida; registrar lacuna,existente,database/postgres/migrations/025_units_tax_governance.sql:178
postgresql,erp,fiscal_profiles,version,Version,INTEGER,False,1,False,False,,não classificado automaticamente,política v1; nenhuma regra automática aplicável,avaliar pelo proprietário do domínio,avaliar pelo proprietário do domínio,não definida; registrar lacuna,existente,database/postgres/migrations/025_units_tax_governance.sql:179
postgresql,erp,fiscal_profiles,effective_from,Effective from,TIMESTAMPTZ,False,,False,False,,não classificado automaticamente,política v1; nenhuma regra automática aplicável,avaliar pelo proprietário do domínio,avaliar pelo proprietário do domínio,não definida; registrar lacuna,existente,database/postgres/migrations/025_units_tax_governance.sql:180
postgresql,erp,fiscal_profiles,effective_to,Effective to,TIMESTAMPTZ,True,,False,False,,não classificado automaticamente,política v1; nenhuma regra automática aplicável,avaliar pelo proprietário do domínio,avaliar pelo proprietário do domínio,não definida; registrar lacuna,existente,database/postgres/migrations/025_units_tax_governance.sql:181
postgresql,erp,fiscal_profiles,approved_at,Approved at,TIMESTAMPTZ,True,,False,False,,não classificado automaticamente,política v1; nenhuma regra automática aplicável,avaliar pelo proprietário do domínio,avaliar pelo proprietário do domínio,não definida; registrar lacuna,existente,database/postgres/migrations/025_units_tax_governance.sql:182
postgresql,erp,fiscal_profiles,approved_by,Approved by,UUID,True,,False,False,identity.users.id,pseudônimo vinculável,política v1 categoria identidade_relacional; padrões: approved_by,controle de acesso e segregação por tenant; criptografia do banco,não expor identificadores internos sem necessidade,acompanha entidade e trilha de auditoria com política de anonimização,existente,database/postgres/migrations/025_units_tax_governance.sql:183
postgresql,erp,fiscal_rules,id,Id,UUID,False,gen_random_uuid(),True,False,,não classificado automaticamente,política v1; nenhuma regra automática aplicável,avaliar pelo proprietário do domínio,avaliar pelo proprietário do domínio,não definida; registrar lacuna,existente,database/postgres/migrations/025_units_tax_governance.sql:189
postgresql,erp,fiscal_rules,fiscal_profile_id,Fiscal profile id,UUID,False,,False,False,erp.fiscal_profiles.id,não classificado automaticamente,política v1; nenhuma regra automática aplicável,avaliar pelo proprietário do domínio,avaliar pelo proprietário do domínio,não definida; registrar lacuna,existente,database/postgres/migrations/025_units_tax_governance.sql:190
postgresql,erp,fiscal_rules,priority,Priority,INTEGER,False,100,False,False,,não classificado automaticamente,política v1; nenhuma regra automática aplicável,avaliar pelo proprietário do domínio,avaliar pelo proprietário do domínio,não definida; registrar lacuna,existente,database/postgres/migrations/025_units_tax_governance.sql:191
postgresql,erp,fiscal_rules,country_code,Country code,CHAR(2),False,'BR',False,False,,não classificado automaticamente,política v1; nenhuma regra automática aplicável,avaliar pelo proprietário do domínio,avaliar pelo proprietário do domínio,não definida; registrar lacuna,existente,database/postgres/migrations/025_units_tax_governance.sql:192
postgresql,erp,fiscal_rules,state_code,State code,CHAR(2),True,,False,False,,não classificado automaticamente,política v1; nenhuma regra automática aplicável,avaliar pelo proprietário do domínio,avaliar pelo proprietário do domínio,não definida; registrar lacuna,existente,database/postgres/migrations/025_units_tax_governance.sql:193
postgresql,erp,fiscal_rules,city_code,City code,VARCHAR(12),True,,False,False,,não classificado automaticamente,política v1; nenhuma regra automática aplicável,avaliar pelo proprietário do domínio,avaliar pelo proprietário do domínio,não definida; registrar lacuna,existente,database/postgres/migrations/025_units_tax_governance.sql:194
postgresql,erp,fiscal_rules,operation_nature,Operation nature,VARCHAR(80),False,,False,False,,não classificado automaticamente,política v1; nenhuma regra automática aplicável,avaliar pelo proprietário do domínio,avaliar pelo proprietário do domínio,não definida; registrar lacuna,existente,database/postgres/migrations/025_units_tax_governance.sql:195
postgresql,erp,fiscal_rules,customer_type,Customer type,VARCHAR(40),True,,False,False,,não classificado automaticamente,política v1; nenhuma regra automática aplicável,avaliar pelo proprietário do domínio,avaliar pelo proprietário do domínio,não definida; registrar lacuna,existente,database/postgres/migrations/025_units_tax_governance.sql:196
postgresql,erp,fiscal_rules,taxpayer_status,Taxpayer status,VARCHAR(40),True,,False,False,,financeiro confidencial,política v1 categoria financeiro; padrões: tax,obrigatória em trânsito e repouso,restringir por papel e finalidade; não registrar valor sensível desnecessário,"definir por obrigação contábil, fiscal e prevenção a fraude",existente,database/postgres/migrations/025_units_tax_governance.sql:197
postgresql,erp,fiscal_rules,destination_type,Destination type,VARCHAR(40),True,,False,False,,não classificado automaticamente,política v1; nenhuma regra automática aplicável,avaliar pelo proprietário do domínio,avaliar pelo proprietário do domínio,não definida; registrar lacuna,existente,database/postgres/migrations/025_units_tax_governance.sql:198
postgresql,erp,fiscal_rules,channel,Channel,VARCHAR(40),True,,False,False,,não classificado automaticamente,política v1; nenhuma regra automática aplicável,avaliar pelo proprietário do domínio,avaliar pelo proprietário do domínio,não definida; registrar lacuna,existente,database/postgres/migrations/025_units_tax_governance.sql:199
postgresql,erp,fiscal_rules,product_type,Product type,VARCHAR(60),True,,False,False,,não classificado automaticamente,política v1; nenhuma regra automática aplicável,avaliar pelo proprietário do domínio,avaliar pelo proprietário do domínio,não definida; registrar lacuna,existente,database/postgres/migrations/025_units_tax_governance.sql:200
postgresql,erp,fiscal_rules,purpose,Purpose,VARCHAR(60),True,,False,False,,não classificado automaticamente,política v1; nenhuma regra automática aplicável,avaliar pelo proprietário do domínio,avaliar pelo proprietário do domínio,não definida; registrar lacuna,existente,database/postgres/migrations/025_units_tax_governance.sql:201
postgresql,erp,fiscal_rules,tax_benefit,Tax benefit,VARCHAR(120),True,,False,False,,financeiro confidencial,política v1 categoria financeiro; padrões: tax,obrigatória em trânsito e repouso,restringir por papel e finalidade; não registrar valor sensível desnecessário,"definir por obrigação contábil, fiscal e prevenção a fraude",existente,database/postgres/migrations/025_units_tax_governance.sql:202
postgresql,erp,fiscal_rules,substitution,Substitution,BOOLEAN,False,FALSE,False,False,,não classificado automaticamente,política v1; nenhuma regra automática aplicável,avaliar pelo proprietário do domínio,avaliar pelo proprietário do domínio,não definida; registrar lacuna,existente,database/postgres/migrations/025_units_tax_governance.sql:203
postgresql,erp,fiscal_rules,single_phase,Single phase,BOOLEAN,False,FALSE,False,False,,não classificado automaticamente,política v1; nenhuma regra automática aplicável,avaliar pelo proprietário do domínio,avaliar pelo proprietário do domínio,não definida; registrar lacuna,existente,database/postgres/migrations/025_units_tax_governance.sql:204
postgresql,erp,fiscal_rules,withholding,Withholding,BOOLEAN,False,FALSE,False,False,,não classificado automaticamente,política v1; nenhuma regra automática aplicável,avaliar pelo proprietário do domínio,avaliar pelo proprietário do domínio,não definida; registrar lacuna,existente,database/postgres/migrations/025_units_tax_governance.sql:205
postgresql,erp,fiscal_rules,exemption,Exemption,BOOLEAN,False,FALSE,False,False,,não classificado automaticamente,política v1; nenhuma regra automática aplicável,avaliar pelo proprietário do domínio,avaliar pelo proprietário do domínio,não definida; registrar lacuna,existente,database/postgres/migrations/025_units_tax_governance.sql:206
postgresql,erp,fiscal_rules,immunity,Immunity,BOOLEAN,False,FALSE,False,False,,não classificado automaticamente,política v1; nenhuma regra automática aplicável,avaliar pelo proprietário do domínio,avaliar pelo proprietário do domínio,não definida; registrar lacuna,existente,database/postgres/migrations/025_units_tax_governance.sql:207
postgresql,erp,fiscal_rules,deferral,Deferral,BOOLEAN,False,FALSE,False,False,,não classificado automaticamente,política v1; nenhuma regra automática aplicável,avaliar pelo proprietário do domínio,avaliar pelo proprietário do domínio,não definida; registrar lacuna,existente,database/postgres/migrations/025_units_tax_governance.sql:208
postgresql,erp,fiscal_rules,base_reduction,Base reduction,"NUMERIC(9, 6)",False,0,False,False,,não classificado automaticamente,política v1; nenhuma regra automática aplicável,avaliar pelo proprietário do domínio,avaliar pelo proprietário do domínio,não definida; registrar lacuna,existente,database/postgres/migrations/025_units_tax_governance.sql:209
postgresql,erp,fiscal_rules,rate,Rate,"NUMERIC(12, 8)",False,,False,False,,não classificado automaticamente,política v1; nenhuma regra automática aplicável,avaliar pelo proprietário do domínio,avaliar pelo proprietário do domínio,não definida; registrar lacuna,existente,database/postgres/migrations/025_units_tax_governance.sql:210
postgresql,erp,fiscal_rules,base_formula,Base formula,VARCHAR(500),False,,False,False,,não classificado automaticamente,política v1; nenhuma regra automática aplicável,avaliar pelo proprietário do domínio,avaliar pelo proprietário do domínio,não definida; registrar lacuna,existente,database/postgres/migrations/025_units_tax_governance.sql:211
postgresql,erp,fiscal_rules,credit_rule,Credit rule,VARCHAR(500),True,,False,False,,não classificado automaticamente,política v1; nenhuma regra automática aplicável,avaliar pelo proprietário do domínio,avaliar pelo proprietário do domínio,não definida; registrar lacuna,existente,database/postgres/migrations/025_units_tax_governance.sql:212
postgresql,erp,fiscal_rules,rounding_mode,Rounding mode,VARCHAR(24),False,'half_up',False,False,,não classificado automaticamente,política v1; nenhuma regra automática aplicável,avaliar pelo proprietário do domínio,avaliar pelo proprietário do domínio,não definida; registrar lacuna,existente,database/postgres/migrations/025_units_tax_governance.sql:213
postgresql,erp,fiscal_rules,legal_basis,Legal basis,TEXT,False,,False,False,,não classificado automaticamente,política v1; nenhuma regra automática aplicável,avaliar pelo proprietário do domínio,avaliar pelo proprietário do domínio,não definida; registrar lacuna,existente,database/postgres/migrations/025_units_tax_governance.sql:214
postgresql,erp,fiscal_rules,effective_from,Effective from,TIMESTAMPTZ,False,,False,False,,não classificado automaticamente,política v1; nenhuma regra automática aplicável,avaliar pelo proprietário do domínio,avaliar pelo proprietário do domínio,não definida; registrar lacuna,existente,database/postgres/migrations/025_units_tax_governance.sql:215
postgresql,erp,fiscal_rules,effective_to,Effective to,TIMESTAMPTZ,True,,False,False,,não classificado automaticamente,política v1; nenhuma regra automática aplicável,avaliar pelo proprietário do domínio,avaliar pelo proprietário do domínio,não definida; registrar lacuna,existente,database/postgres/migrations/025_units_tax_governance.sql:216
postgresql,erp,fiscal_rules,status,Status,VARCHAR(40),False,'draft',False,False,,não classificado automaticamente,política v1; nenhuma regra automática aplicável,avaliar pelo proprietário do domínio,avaliar pelo proprietário do domínio,não definida; registrar lacuna,existente,database/postgres/migrations/025_units_tax_governance.sql:217
postgresql,erp,fiscal_rules,version,Version,INTEGER,False,1,False,False,,não classificado automaticamente,política v1; nenhuma regra automática aplicável,avaliar pelo proprietário do domínio,avaliar pelo proprietário do domínio,não definida; registrar lacuna,existente,database/postgres/migrations/025_units_tax_governance.sql:218
postgresql,erp,fiscal_rules,approved_at,Approved at,TIMESTAMPTZ,True,,False,False,,não classificado automaticamente,política v1; nenhuma regra automática aplicável,avaliar pelo proprietário do domínio,avaliar pelo proprietário do domínio,não definida; registrar lacuna,existente,database/postgres/migrations/025_units_tax_governance.sql:219
postgresql,erp,fiscal_rules,approved_by,Approved by,UUID,True,,False,False,identity.users.id,pseudônimo vinculável,política v1 categoria identidade_relacional; padrões: approved_by,controle de acesso e segregação por tenant; criptografia do banco,não expor identificadores internos sem necessidade,acompanha entidade e trilha de auditoria com política de anonimização,existente,database/postgres/migrations/025_units_tax_governance.sql:220
postgresql,erp,product_tax_classifications,id,Id,UUID,False,gen_random_uuid(),True,False,,não classificado automaticamente,política v1; nenhuma regra automática aplicável,avaliar pelo proprietário do domínio,avaliar pelo proprietário do domínio,não definida; registrar lacuna,existente,database/postgres/migrations/025_units_tax_governance.sql:230
postgresql,erp,product_tax_classifications,tenant_id,Tenant id,UUID,False,,False,False,,não classificado automaticamente,política v1; nenhuma regra automática aplicável,avaliar pelo proprietário do domínio,avaliar pelo proprietário do domínio,não definida; registrar lacuna,existente,database/postgres/migrations/025_units_tax_governance.sql:231
postgresql,erp,product_tax_classifications,product_id,Product id,UUID,False,,False,False,marketplace.products.id,não classificado automaticamente,política v1; nenhuma regra automática aplicável,avaliar pelo proprietário do domínio,avaliar pelo proprietário do domínio,não definida; registrar lacuna,existente,database/postgres/migrations/025_units_tax_governance.sql:232
postgresql,erp,product_tax_classifications,variant_id,Variant id,UUID,True,,False,False,,não classificado automaticamente,política v1; nenhuma regra automática aplicável,avaliar pelo proprietário do domínio,avaliar pelo proprietário do domínio,não definida; registrar lacuna,existente,database/postgres/migrations/025_units_tax_governance.sql:233
postgresql,erp,product_tax_classifications,ncm,Ncm,VARCHAR(10),True,,False,False,,não classificado automaticamente,política v1; nenhuma regra automática aplicável,avaliar pelo proprietário do domínio,avaliar pelo proprietário do domínio,não definida; registrar lacuna,existente,database/postgres/migrations/025_units_tax_governance.sql:234
postgresql,erp,product_tax_classifications,cest,Cest,VARCHAR(12),True,,False,False,,não classificado automaticamente,política v1; nenhuma regra automática aplicável,avaliar pelo proprietário do domínio,avaliar pelo proprietário do domínio,não definida; registrar lacuna,existente,database/postgres/migrations/025_units_tax_governance.sql:235
postgresql,erp,product_tax_classifications,origin_code,Origin code,VARCHAR(4),True,,False,False,,não classificado automaticamente,política v1; nenhuma regra automática aplicável,avaliar pelo proprietário do domínio,avaliar pelo proprietário do domínio,não definida; registrar lacuna,existente,database/postgres/migrations/025_units_tax_governance.sql:236
postgresql,erp,product_tax_classifications,cst,Cst,VARCHAR(4),True,,False,False,,não classificado automaticamente,política v1; nenhuma regra automática aplicável,avaliar pelo proprietário do domínio,avaliar pelo proprietário do domínio,não definida; registrar lacuna,existente,database/postgres/migrations/025_units_tax_governance.sql:237
postgresql,erp,product_tax_classifications,csosn,Csosn,VARCHAR(4),True,,False,False,,não classificado automaticamente,política v1; nenhuma regra automática aplicável,avaliar pelo proprietário do domínio,avaliar pelo proprietário do domínio,não definida; registrar lacuna,existente,database/postgres/migrations/025_units_tax_governance.sql:238
postgresql,erp,product_tax_classifications,service_code,Service code,VARCHAR(20),True,,False,False,,não classificado automaticamente,política v1; nenhuma regra automática aplicável,avaliar pelo proprietário do domínio,avaliar pelo proprietário do domínio,não definida; registrar lacuna,existente,database/postgres/migrations/025_units_tax_governance.sql:239
postgresql,erp,product_tax_classifications,cnae,Cnae,VARCHAR(12),True,,False,False,,não classificado automaticamente,política v1; nenhuma regra automática aplicável,avaliar pelo proprietário do domínio,avaliar pelo proprietário do domínio,não definida; registrar lacuna,existente,database/postgres/migrations/025_units_tax_governance.sql:240
postgresql,erp,product_tax_classifications,anp_code,Anp code,VARCHAR(20),True,,False,False,,não classificado automaticamente,política v1; nenhuma regra automática aplicável,avaliar pelo proprietário do domínio,avaliar pelo proprietário do domínio,não definida; registrar lacuna,existente,database/postgres/migrations/025_units_tax_governance.sql:241
postgresql,erp,product_tax_classifications,gtin,Gtin,VARCHAR(18),True,,False,False,,não classificado automaticamente,política v1; nenhuma regra automática aplicável,avaliar pelo proprietário do domínio,avaliar pelo proprietário do domínio,não definida; registrar lacuna,existente,database/postgres/migrations/025_units_tax_governance.sql:242
postgresql,erp,product_tax_classifications,tax_unit_id,Tax unit id,UUID,True,,False,False,stock.measurement_units.id,financeiro confidencial,política v1 categoria financeiro; padrões: tax,obrigatória em trânsito e repouso,restringir por papel e finalidade; não registrar valor sensível desnecessário,"definir por obrigação contábil, fiscal e prevenção a fraude",existente,database/postgres/migrations/025_units_tax_governance.sql:243
postgresql,erp,product_tax_classifications,tax_quantity_rule,Tax quantity rule,VARCHAR(500),True,,False,False,,financeiro confidencial,política v1 categoria financeiro; padrões: tax,obrigatória em trânsito e repouso,restringir por papel e finalidade; não registrar valor sensível desnecessário,"definir por obrigação contábil, fiscal e prevenção a fraude",existente,database/postgres/migrations/025_units_tax_governance.sql:244
postgresql,erp,product_tax_classifications,effective_from,Effective from,TIMESTAMPTZ,False,,False,False,,não classificado automaticamente,política v1; nenhuma regra automática aplicável,avaliar pelo proprietário do domínio,avaliar pelo proprietário do domínio,não definida; registrar lacuna,existente,database/postgres/migrations/025_units_tax_governance.sql:245
postgresql,erp,product_tax_classifications,effective_to,Effective to,TIMESTAMPTZ,True,,False,False,,não classificado automaticamente,política v1; nenhuma regra automática aplicável,avaliar pelo proprietário do domínio,avaliar pelo proprietário do domínio,não definida; registrar lacuna,existente,database/postgres/migrations/025_units_tax_governance.sql:246
postgresql,erp,product_tax_classifications,status,Status,VARCHAR(40),False,'draft',False,False,,não classificado automaticamente,política v1; nenhuma regra automática aplicável,avaliar pelo proprietário do domínio,avaliar pelo proprietário do domínio,não definida; registrar lacuna,existente,database/postgres/migrations/025_units_tax_governance.sql:247
postgresql,erp,product_tax_classifications,version,Version,INTEGER,False,1,False,False,,não classificado automaticamente,política v1; nenhuma regra automática aplicável,avaliar pelo proprietário do domínio,avaliar pelo proprietário do domínio,não definida; registrar lacuna,existente,database/postgres/migrations/025_units_tax_governance.sql:248
postgresql,erp,product_fiscal_assignments,id,Id,UUID,False,gen_random_uuid(),True,False,,não classificado automaticamente,política v1; nenhuma regra automática aplicável,avaliar pelo proprietário do domínio,avaliar pelo proprietário do domínio,não definida; registrar lacuna,existente,database/postgres/migrations/025_units_tax_governance.sql:254
postgresql,erp,product_fiscal_assignments,tenant_id,Tenant id,UUID,False,,False,False,,não classificado automaticamente,política v1; nenhuma regra automática aplicável,avaliar pelo proprietário do domínio,avaliar pelo proprietário do domínio,não definida; registrar lacuna,existente,database/postgres/migrations/025_units_tax_governance.sql:255
postgresql,erp,product_fiscal_assignments,company_id,Company id,UUID,False,,False,False,business.companies.id,não classificado automaticamente,política v1; nenhuma regra automática aplicável,avaliar pelo proprietário do domínio,avaliar pelo proprietário do domínio,não definida; registrar lacuna,existente,database/postgres/migrations/025_units_tax_governance.sql:256
postgresql,erp,product_fiscal_assignments,branch_id,Branch id,UUID,True,,False,False,business.branches.id,não classificado automaticamente,política v1; nenhuma regra automática aplicável,avaliar pelo proprietário do domínio,avaliar pelo proprietário do domínio,não definida; registrar lacuna,existente,database/postgres/migrations/025_units_tax_governance.sql:257
postgresql,erp,product_fiscal_assignments,product_id,Product id,UUID,False,,False,False,marketplace.products.id,não classificado automaticamente,política v1; nenhuma regra automática aplicável,avaliar pelo proprietário do domínio,avaliar pelo proprietário do domínio,não definida; registrar lacuna,existente,database/postgres/migrations/025_units_tax_governance.sql:258
postgresql,erp,product_fiscal_assignments,variant_id,Variant id,UUID,True,,False,False,,não classificado automaticamente,política v1; nenhuma regra automática aplicável,avaliar pelo proprietário do domínio,avaliar pelo proprietário do domínio,não definida; registrar lacuna,existente,database/postgres/migrations/025_units_tax_governance.sql:259
postgresql,erp,product_fiscal_assignments,fiscal_profile_id,Fiscal profile id,UUID,False,,False,False,erp.fiscal_profiles.id,não classificado automaticamente,política v1; nenhuma regra automática aplicável,avaliar pelo proprietário do domínio,avaliar pelo proprietário do domínio,não definida; registrar lacuna,existente,database/postgres/migrations/025_units_tax_governance.sql:260
postgresql,erp,product_fiscal_assignments,classification_id,Classification id,UUID,False,,False,False,erp.product_tax_classifications.id,não classificado automaticamente,política v1; nenhuma regra automática aplicável,avaliar pelo proprietário do domínio,avaliar pelo proprietário do domínio,não definida; registrar lacuna,existente,database/postgres/migrations/025_units_tax_governance.sql:261
postgresql,erp,product_fiscal_assignments,exception_rule_id,Exception rule id,UUID,True,,False,False,erp.fiscal_rules.id,não classificado automaticamente,política v1; nenhuma regra automática aplicável,avaliar pelo proprietário do domínio,avaliar pelo proprietário do domínio,não definida; registrar lacuna,existente,database/postgres/migrations/025_units_tax_governance.sql:262
postgresql,erp,product_fiscal_assignments,effective_from,Effective from,TIMESTAMPTZ,False,,False,False,,não classificado automaticamente,política v1; nenhuma regra automática aplicável,avaliar pelo proprietário do domínio,avaliar pelo proprietário do domínio,não definida; registrar lacuna,existente,database/postgres/migrations/025_units_tax_governance.sql:263
postgresql,erp,product_fiscal_assignments,effective_to,Effective to,TIMESTAMPTZ,True,,False,False,,não classificado automaticamente,política v1; nenhuma regra automática aplicável,avaliar pelo proprietário do domínio,avaliar pelo proprietário do domínio,não definida; registrar lacuna,existente,database/postgres/migrations/025_units_tax_governance.sql:264
postgresql,erp,product_fiscal_assignments,status,Status,VARCHAR(40),False,'draft',False,False,,não classificado automaticamente,política v1; nenhuma regra automática aplicável,avaliar pelo proprietário do domínio,avaliar pelo proprietário do domínio,não definida; registrar lacuna,existente,database/postgres/migrations/025_units_tax_governance.sql:265
postgresql,erp,product_fiscal_assignments,approved_at,Approved at,TIMESTAMPTZ,True,,False,False,,não classificado automaticamente,política v1; nenhuma regra automática aplicável,avaliar pelo proprietário do domínio,avaliar pelo proprietário do domínio,não definida; registrar lacuna,existente,database/postgres/migrations/025_units_tax_governance.sql:266
postgresql,erp,product_fiscal_assignments,approved_by,Approved by,UUID,True,,False,False,identity.users.id,pseudônimo vinculável,política v1 categoria identidade_relacional; padrões: approved_by,controle de acesso e segregação por tenant; criptografia do banco,não expor identificadores internos sem necessidade,acompanha entidade e trilha de auditoria com política de anonimização,existente,database/postgres/migrations/025_units_tax_governance.sql:267
postgresql,erp,tax_calculation_snapshots,id,Id,UUID,False,gen_random_uuid(),True,False,,não classificado automaticamente,política v1; nenhuma regra automática aplicável,avaliar pelo proprietário do domínio,avaliar pelo proprietário do domínio,não definida; registrar lacuna,existente,database/postgres/migrations/025_units_tax_governance.sql:276
postgresql,erp,tax_calculation_snapshots,tenant_id,Tenant id,UUID,False,,False,False,,não classificado automaticamente,política v1; nenhuma regra automática aplicável,avaliar pelo proprietário do domínio,avaliar pelo proprietário do domínio,não definida; registrar lacuna,existente,database/postgres/migrations/025_units_tax_governance.sql:277
postgresql,erp,tax_calculation_snapshots,document_id,Document id,UUID,False,,False,False,erp.fiscal_documents.id,não classificado automaticamente,política v1; nenhuma regra automática aplicável,avaliar pelo proprietário do domínio,avaliar pelo proprietário do domínio,não definida; registrar lacuna,existente,database/postgres/migrations/025_units_tax_governance.sql:278
postgresql,erp,tax_calculation_snapshots,item_id,Item id,UUID,True,,False,False,erp.invoice_items.id,não classificado automaticamente,política v1; nenhuma regra automática aplicável,avaliar pelo proprietário do domínio,avaliar pelo proprietário do domínio,não definida; registrar lacuna,existente,database/postgres/migrations/025_units_tax_governance.sql:279
postgresql,erp,tax_calculation_snapshots,rule_id,Rule id,UUID,False,,False,False,erp.fiscal_rules.id,não classificado automaticamente,política v1; nenhuma regra automática aplicável,avaliar pelo proprietário do domínio,avaliar pelo proprietário do domínio,não definida; registrar lacuna,existente,database/postgres/migrations/025_units_tax_governance.sql:280
postgresql,erp,tax_calculation_snapshots,classification_id,Classification id,UUID,False,,False,False,erp.product_tax_classifications.id,não classificado automaticamente,política v1; nenhuma regra automática aplicável,avaliar pelo proprietário do domínio,avaliar pelo proprietário do domínio,não definida; registrar lacuna,existente,database/postgres/migrations/025_units_tax_governance.sql:281
postgresql,erp,tax_calculation_snapshots,tax_type,Tax type,VARCHAR(32),False,,False,False,,financeiro confidencial,política v1 categoria financeiro; padrões: tax,obrigatória em trânsito e repouso,restringir por papel e finalidade; não registrar valor sensível desnecessário,"definir por obrigação contábil, fiscal e prevenção a fraude",existente,database/postgres/migrations/025_units_tax_governance.sql:282
postgresql,erp,tax_calculation_snapshots,tax_base,Tax base,"NUMERIC(30, 12)",False,,False,False,,financeiro confidencial,política v1 categoria financeiro; padrões: tax,obrigatória em trânsito e repouso,restringir por papel e finalidade; não registrar valor sensível desnecessário,"definir por obrigação contábil, fiscal e prevenção a fraude",existente,database/postgres/migrations/025_units_tax_governance.sql:283
postgresql,erp,tax_calculation_snapshots,rate,Rate,"NUMERIC(12, 8)",False,,False,False,,não classificado automaticamente,política v1; nenhuma regra automática aplicável,avaliar pelo proprietário do domínio,avaliar pelo proprietário do domínio,não definida; registrar lacuna,existente,database/postgres/migrations/025_units_tax_governance.sql:284
postgresql,erp,tax_calculation_snapshots,tax_amount,Tax amount,"NUMERIC(30, 12)",False,,False,False,,financeiro confidencial,"política v1 categoria financeiro; padrões: amount, tax",obrigatória em trânsito e repouso,restringir por papel e finalidade; não registrar valor sensível desnecessário,"definir por obrigação contábil, fiscal e prevenção a fraude",existente,database/postgres/migrations/025_units_tax_governance.sql:285
postgresql,erp,tax_calculation_snapshots,currency_code,Currency code,CHAR(3),False,'BRL',False,False,,não classificado automaticamente,política v1; nenhuma regra automática aplicável,avaliar pelo proprietário do domínio,avaliar pelo proprietário do domínio,não definida; registrar lacuna,existente,database/postgres/migrations/025_units_tax_governance.sql:286
postgresql,erp,tax_calculation_snapshots,precision,Precision,SMALLINT,False,,False,False,,não classificado automaticamente,política v1; nenhuma regra automática aplicável,avaliar pelo proprietário do domínio,avaliar pelo proprietário do domínio,não definida; registrar lacuna,existente,database/postgres/migrations/025_units_tax_governance.sql:287
postgresql,erp,tax_calculation_snapshots,rounding_mode,Rounding mode,VARCHAR(24),False,,False,False,,não classificado automaticamente,política v1; nenhuma regra automática aplicável,avaliar pelo proprietário do domínio,avaliar pelo proprietário do domínio,não definida; registrar lacuna,existente,database/postgres/migrations/025_units_tax_governance.sql:288
postgresql,erp,tax_calculation_snapshots,legal_basis,Legal basis,TEXT,False,,False,False,,não classificado automaticamente,política v1; nenhuma regra automática aplicável,avaliar pelo proprietário do domínio,avaliar pelo proprietário do domínio,não definida; registrar lacuna,existente,database/postgres/migrations/025_units_tax_governance.sql:289
postgresql,erp,tax_calculation_snapshots,calculated_at,Calculated at,TIMESTAMPTZ,False,,False,False,,não classificado automaticamente,política v1; nenhuma regra automática aplicável,avaliar pelo proprietário do domínio,avaliar pelo proprietário do domínio,não definida; registrar lacuna,existente,database/postgres/migrations/025_units_tax_governance.sql:290
postgresql,erp,tax_calculation_snapshots,calculation_version,Calculation version,VARCHAR(40),False,,False,False,,não classificado automaticamente,política v1; nenhuma regra automática aplicável,avaliar pelo proprietário do domínio,avaliar pelo proprietário do domínio,não definida; registrar lacuna,existente,database/postgres/migrations/025_units_tax_governance.sql:291
postgresql,erp,tax_calculation_snapshots,input_hash,Input hash,VARCHAR(128),False,,False,False,,não classificado automaticamente,política v1; nenhuma regra automática aplicável,avaliar pelo proprietário do domínio,avaliar pelo proprietário do domínio,não definida; registrar lacuna,existente,database/postgres/migrations/025_units_tax_governance.sql:292
postgresql,erp,tax_calculation_snapshots,created_by,Created by,UUID,False,,False,False,identity.users.id,pseudônimo vinculável,política v1 categoria identidade_relacional; padrões: created_by,controle de acesso e segregação por tenant; criptografia do banco,não expor identificadores internos sem necessidade,acompanha entidade e trilha de auditoria com política de anonimização,existente,database/postgres/migrations/025_units_tax_governance.sql:293
postgresql,stock,price_rules,id,Id,UUID,False,gen_random_uuid(),True,False,,não classificado automaticamente,política v1; nenhuma regra automática aplicável,avaliar pelo proprietário do domínio,avaliar pelo proprietário do domínio,não definida; registrar lacuna,existente,database/postgres/migrations/026_complete_typed_store_relations.sql:19
postgresql,stock,price_rules,user_id,User id,UUID,False,,False,False,identity.users.id,pseudônimo vinculável,política v1 categoria identidade_relacional; padrões: user_id,controle de acesso e segregação por tenant; criptografia do banco,não expor identificadores internos sem necessidade,acompanha entidade e trilha de auditoria com política de anonimização,existente,database/postgres/migrations/026_complete_typed_store_relations.sql:20
postgresql,stock,price_rules,company_id,Company id,UUID,True,,False,False,,não classificado automaticamente,política v1; nenhuma regra automática aplicável,avaliar pelo proprietário do domínio,avaliar pelo proprietário do domínio,não definida; registrar lacuna,existente,database/postgres/migrations/026_complete_typed_store_relations.sql:21
postgresql,stock,price_rules,status,Status,VARCHAR(40),False,'draft',False,False,,não classificado automaticamente,política v1; nenhuma regra automática aplicável,avaliar pelo proprietário do domínio,avaliar pelo proprietário do domínio,não definida; registrar lacuna,existente,database/postgres/migrations/026_complete_typed_store_relations.sql:22
postgresql,stock,price_rules,metadata,Metadata,JSONB,False,'{}'::jsonb,False,False,,não classificado automaticamente,política v1; nenhuma regra automática aplicável,avaliar pelo proprietário do domínio,avaliar pelo proprietário do domínio,não definida; registrar lacuna,existente,database/postgres/migrations/026_complete_typed_store_relations.sql:23
postgresql,stock,price_rules,created_at,Created at,TIMESTAMPTZ,False,NOW(),False,False,,não classificado automaticamente,política v1; nenhuma regra automática aplicável,avaliar pelo proprietário do domínio,avaliar pelo proprietário do domínio,não definida; registrar lacuna,existente,database/postgres/migrations/026_complete_typed_store_relations.sql:24
postgresql,stock,price_rules,updated_at,Updated at,TIMESTAMPTZ,False,NOW(),False,False,,não classificado automaticamente,política v1; nenhuma regra automática aplicável,avaliar pelo proprietário do domínio,avaliar pelo proprietário do domínio,não definida; registrar lacuna,existente,database/postgres/migrations/026_complete_typed_store_relations.sql:25
postgresql,stock,price_rules,deleted_at,Deleted at,TIMESTAMPTZ,True,,False,False,,não classificado automaticamente,política v1; nenhuma regra automática aplicável,avaliar pelo proprietário do domínio,avaliar pelo proprietário do domínio,não definida; registrar lacuna,existente,database/postgres/migrations/026_complete_typed_store_relations.sql:26
postgresql,stock,price_rules,created_by,Created by,UUID,True,,False,False,identity.users.id,pseudônimo vinculável,política v1 categoria identidade_relacional; padrões: created_by,controle de acesso e segregação por tenant; criptografia do banco,não expor identificadores internos sem necessidade,acompanha entidade e trilha de auditoria com política de anonimização,existente,database/postgres/migrations/026_complete_typed_store_relations.sql:27
postgresql,stock,price_rules,updated_by,Updated by,UUID,True,,False,False,identity.users.id,pseudônimo vinculável,política v1 categoria identidade_relacional; padrões: updated_by,controle de acesso e segregação por tenant; criptografia do banco,não expor identificadores internos sem necessidade,acompanha entidade e trilha de auditoria com política de anonimização,existente,database/postgres/migrations/026_complete_typed_store_relations.sql:28
postgresql,stock,price_rules,idempotency_key,Idempotency key,VARCHAR(160),True,,False,True,,não classificado automaticamente,política v1; nenhuma regra automática aplicável,avaliar pelo proprietário do domínio,avaliar pelo proprietário do domínio,não definida; registrar lacuna,existente,database/postgres/migrations/026_complete_typed_store_relations.sql:29
postgresql,stock,supplier_orders,id,Id,UUID,False,gen_random_uuid(),True,False,,não classificado automaticamente,política v1; nenhuma regra automática aplicável,avaliar pelo proprietário do domínio,avaliar pelo proprietário do domínio,não definida; registrar lacuna,existente,database/postgres/migrations/026_complete_typed_store_relations.sql:34
postgresql,stock,supplier_orders,user_id,User id,UUID,False,,False,False,identity.users.id,pseudônimo vinculável,política v1 categoria identidade_relacional; padrões: user_id,controle de acesso e segregação por tenant; criptografia do banco,não expor identificadores internos sem necessidade,acompanha entidade e trilha de auditoria com política de anonimização,existente,database/postgres/migrations/026_complete_typed_store_relations.sql:35
postgresql,stock,supplier_orders,company_id,Company id,UUID,True,,False,False,,não classificado automaticamente,política v1; nenhuma regra automática aplicável,avaliar pelo proprietário do domínio,avaliar pelo proprietário do domínio,não definida; registrar lacuna,existente,database/postgres/migrations/026_complete_typed_store_relations.sql:36
postgresql,stock,supplier_orders,status,Status,VARCHAR(40),False,'draft',False,False,,não classificado automaticamente,política v1; nenhuma regra automática aplicável,avaliar pelo proprietário do domínio,avaliar pelo proprietário do domínio,não definida; registrar lacuna,existente,database/postgres/migrations/026_complete_typed_store_relations.sql:37
postgresql,stock,supplier_orders,metadata,Metadata,JSONB,False,'{}'::jsonb,False,False,,não classificado automaticamente,política v1; nenhuma regra automática aplicável,avaliar pelo proprietário do domínio,avaliar pelo proprietário do domínio,não definida; registrar lacuna,existente,database/postgres/migrations/026_complete_typed_store_relations.sql:38
postgresql,stock,supplier_orders,created_at,Created at,TIMESTAMPTZ,False,NOW(),False,False,,não classificado automaticamente,política v1; nenhuma regra automática aplicável,avaliar pelo proprietário do domínio,avaliar pelo proprietário do domínio,não definida; registrar lacuna,existente,database/postgres/migrations/026_complete_typed_store_relations.sql:39
postgresql,stock,supplier_orders,updated_at,Updated at,TIMESTAMPTZ,False,NOW(),False,False,,não classificado automaticamente,política v1; nenhuma regra automática aplicável,avaliar pelo proprietário do domínio,avaliar pelo proprietário do domínio,não definida; registrar lacuna,existente,database/postgres/migrations/026_complete_typed_store_relations.sql:40
postgresql,stock,supplier_orders,deleted_at,Deleted at,TIMESTAMPTZ,True,,False,False,,não classificado automaticamente,política v1; nenhuma regra automática aplicável,avaliar pelo proprietário do domínio,avaliar pelo proprietário do domínio,não definida; registrar lacuna,existente,database/postgres/migrations/026_complete_typed_store_relations.sql:41
postgresql,stock,supplier_orders,created_by,Created by,UUID,True,,False,False,identity.users.id,pseudônimo vinculável,política v1 categoria identidade_relacional; padrões: created_by,controle de acesso e segregação por tenant; criptografia do banco,não expor identificadores internos sem necessidade,acompanha entidade e trilha de auditoria com política de anonimização,existente,database/postgres/migrations/026_complete_typed_store_relations.sql:42
postgresql,stock,supplier_orders,updated_by,Updated by,UUID,True,,False,False,identity.users.id,pseudônimo vinculável,política v1 categoria identidade_relacional; padrões: updated_by,controle de acesso e segregação por tenant; criptografia do banco,não expor identificadores internos sem necessidade,acompanha entidade e trilha de auditoria com política de anonimização,existente,database/postgres/migrations/026_complete_typed_store_relations.sql:43
postgresql,stock,supplier_orders,idempotency_key,Idempotency key,VARCHAR(160),True,,False,True,,não classificado automaticamente,política v1; nenhuma regra automática aplicável,avaliar pelo proprietário do domínio,avaliar pelo proprietário do domínio,não definida; registrar lacuna,existente,database/postgres/migrations/026_complete_typed_store_relations.sql:44
postgresql,erp,accounts,id,Id,UUID,False,gen_random_uuid(),True,False,,não classificado automaticamente,política v1; nenhuma regra automática aplicável,avaliar pelo proprietário do domínio,avaliar pelo proprietário do domínio,não definida; registrar lacuna,existente,database/postgres/migrations/026_complete_typed_store_relations.sql:49
postgresql,erp,accounts,user_id,User id,UUID,False,,False,False,identity.users.id,pseudônimo vinculável,política v1 categoria identidade_relacional; padrões: user_id,controle de acesso e segregação por tenant; criptografia do banco,não expor identificadores internos sem necessidade,acompanha entidade e trilha de auditoria com política de anonimização,existente,database/postgres/migrations/026_complete_typed_store_relations.sql:50
postgresql,erp,accounts,company_id,Company id,UUID,True,,False,False,,não classificado automaticamente,política v1; nenhuma regra automática aplicável,avaliar pelo proprietário do domínio,avaliar pelo proprietário do domínio,não definida; registrar lacuna,existente,database/postgres/migrations/026_complete_typed_store_relations.sql:51
postgresql,erp,accounts,status,Status,VARCHAR(40),False,'draft',False,False,,não classificado automaticamente,política v1; nenhuma regra automática aplicável,avaliar pelo proprietário do domínio,avaliar pelo proprietário do domínio,não definida; registrar lacuna,existente,database/postgres/migrations/026_complete_typed_store_relations.sql:52
postgresql,erp,accounts,metadata,Metadata,JSONB,False,'{}'::jsonb,False,False,,não classificado automaticamente,política v1; nenhuma regra automática aplicável,avaliar pelo proprietário do domínio,avaliar pelo proprietário do domínio,não definida; registrar lacuna,existente,database/postgres/migrations/026_complete_typed_store_relations.sql:53
postgresql,erp,accounts,created_at,Created at,TIMESTAMPTZ,False,NOW(),False,False,,não classificado automaticamente,política v1; nenhuma regra automática aplicável,avaliar pelo proprietário do domínio,avaliar pelo proprietário do domínio,não definida; registrar lacuna,existente,database/postgres/migrations/026_complete_typed_store_relations.sql:54
postgresql,erp,accounts,updated_at,Updated at,TIMESTAMPTZ,False,NOW(),False,False,,não classificado automaticamente,política v1; nenhuma regra automática aplicável,avaliar pelo proprietário do domínio,avaliar pelo proprietário do domínio,não definida; registrar lacuna,existente,database/postgres/migrations/026_complete_typed_store_relations.sql:55
postgresql,erp,accounts,deleted_at,Deleted at,TIMESTAMPTZ,True,,False,False,,não classificado automaticamente,política v1; nenhuma regra automática aplicável,avaliar pelo proprietário do domínio,avaliar pelo proprietário do domínio,não definida; registrar lacuna,existente,database/postgres/migrations/026_complete_typed_store_relations.sql:56
postgresql,erp,accounts,created_by,Created by,UUID,True,,False,False,identity.users.id,pseudônimo vinculável,política v1 categoria identidade_relacional; padrões: created_by,controle de acesso e segregação por tenant; criptografia do banco,não expor identificadores internos sem necessidade,acompanha entidade e trilha de auditoria com política de anonimização,existente,database/postgres/migrations/026_complete_typed_store_relations.sql:57
postgresql,erp,accounts,updated_by,Updated by,UUID,True,,False,False,identity.users.id,pseudônimo vinculável,política v1 categoria identidade_relacional; padrões: updated_by,controle de acesso e segregação por tenant; criptografia do banco,não expor identificadores internos sem necessidade,acompanha entidade e trilha de auditoria com política de anonimização,existente,database/postgres/migrations/026_complete_typed_store_relations.sql:58
postgresql,erp,accounts,idempotency_key,Idempotency key,VARCHAR(160),True,,False,True,,não classificado automaticamente,política v1; nenhuma regra automática aplicável,avaliar pelo proprietário do domínio,avaliar pelo proprietário do domínio,não definida; registrar lacuna,existente,database/postgres/migrations/026_complete_typed_store_relations.sql:59
postgresql,erp,payables,id,Id,UUID,False,gen_random_uuid(),True,False,,não classificado automaticamente,política v1; nenhuma regra automática aplicável,avaliar pelo proprietário do domínio,avaliar pelo proprietário do domínio,não definida; registrar lacuna,existente,database/postgres/migrations/026_complete_typed_store_relations.sql:64
postgresql,erp,payables,user_id,User id,UUID,False,,False,False,identity.users.id,pseudônimo vinculável,política v1 categoria identidade_relacional; padrões: user_id,controle de acesso e segregação por tenant; criptografia do banco,não expor identificadores internos sem necessidade,acompanha entidade e trilha de auditoria com política de anonimização,existente,database/postgres/migrations/026_complete_typed_store_relations.sql:65
postgresql,erp,payables,company_id,Company id,UUID,True,,False,False,,não classificado automaticamente,política v1; nenhuma regra automática aplicável,avaliar pelo proprietário do domínio,avaliar pelo proprietário do domínio,não definida; registrar lacuna,existente,database/postgres/migrations/026_complete_typed_store_relations.sql:66
postgresql,erp,payables,status,Status,VARCHAR(40),False,'draft',False,False,,não classificado automaticamente,política v1; nenhuma regra automática aplicável,avaliar pelo proprietário do domínio,avaliar pelo proprietário do domínio,não definida; registrar lacuna,existente,database/postgres/migrations/026_complete_typed_store_relations.sql:67
postgresql,erp,payables,metadata,Metadata,JSONB,False,'{}'::jsonb,False,False,,não classificado automaticamente,política v1; nenhuma regra automática aplicável,avaliar pelo proprietário do domínio,avaliar pelo proprietário do domínio,não definida; registrar lacuna,existente,database/postgres/migrations/026_complete_typed_store_relations.sql:68
postgresql,erp,payables,created_at,Created at,TIMESTAMPTZ,False,NOW(),False,False,,não classificado automaticamente,política v1; nenhuma regra automática aplicável,avaliar pelo proprietário do domínio,avaliar pelo proprietário do domínio,não definida; registrar lacuna,existente,database/postgres/migrations/026_complete_typed_store_relations.sql:69
postgresql,erp,payables,updated_at,Updated at,TIMESTAMPTZ,False,NOW(),False,False,,não classificado automaticamente,política v1; nenhuma regra automática aplicável,avaliar pelo proprietário do domínio,avaliar pelo proprietário do domínio,não definida; registrar lacuna,existente,database/postgres/migrations/026_complete_typed_store_relations.sql:70
postgresql,erp,payables,deleted_at,Deleted at,TIMESTAMPTZ,True,,False,False,,não classificado automaticamente,política v1; nenhuma regra automática aplicável,avaliar pelo proprietário do domínio,avaliar pelo proprietário do domínio,não definida; registrar lacuna,existente,database/postgres/migrations/026_complete_typed_store_relations.sql:71
postgresql,erp,payables,created_by,Created by,UUID,True,,False,False,identity.users.id,pseudônimo vinculável,política v1 categoria identidade_relacional; padrões: created_by,controle de acesso e segregação por tenant; criptografia do banco,não expor identificadores internos sem necessidade,acompanha entidade e trilha de auditoria com política de anonimização,existente,database/postgres/migrations/026_complete_typed_store_relations.sql:72
postgresql,erp,payables,updated_by,Updated by,UUID,True,,False,False,identity.users.id,pseudônimo vinculável,política v1 categoria identidade_relacional; padrões: updated_by,controle de acesso e segregação por tenant; criptografia do banco,não expor identificadores internos sem necessidade,acompanha entidade e trilha de auditoria com política de anonimização,existente,database/postgres/migrations/026_complete_typed_store_relations.sql:73
postgresql,erp,payables,idempotency_key,Idempotency key,VARCHAR(160),True,,False,True,,não classificado automaticamente,política v1; nenhuma regra automática aplicável,avaliar pelo proprietário do domínio,avaliar pelo proprietário do domínio,não definida; registrar lacuna,existente,database/postgres/migrations/026_complete_typed_store_relations.sql:74
postgresql,erp,receivables,id,Id,UUID,False,gen_random_uuid(),True,False,,não classificado automaticamente,política v1; nenhuma regra automática aplicável,avaliar pelo proprietário do domínio,avaliar pelo proprietário do domínio,não definida; registrar lacuna,existente,database/postgres/migrations/026_complete_typed_store_relations.sql:79
postgresql,erp,receivables,user_id,User id,UUID,False,,False,False,identity.users.id,pseudônimo vinculável,política v1 categoria identidade_relacional; padrões: user_id,controle de acesso e segregação por tenant; criptografia do banco,não expor identificadores internos sem necessidade,acompanha entidade e trilha de auditoria com política de anonimização,existente,database/postgres/migrations/026_complete_typed_store_relations.sql:80
postgresql,erp,receivables,company_id,Company id,UUID,True,,False,False,,não classificado automaticamente,política v1; nenhuma regra automática aplicável,avaliar pelo proprietário do domínio,avaliar pelo proprietário do domínio,não definida; registrar lacuna,existente,database/postgres/migrations/026_complete_typed_store_relations.sql:81
postgresql,erp,receivables,status,Status,VARCHAR(40),False,'draft',False,False,,não classificado automaticamente,política v1; nenhuma regra automática aplicável,avaliar pelo proprietário do domínio,avaliar pelo proprietário do domínio,não definida; registrar lacuna,existente,database/postgres/migrations/026_complete_typed_store_relations.sql:82
postgresql,erp,receivables,metadata,Metadata,JSONB,False,'{}'::jsonb,False,False,,não classificado automaticamente,política v1; nenhuma regra automática aplicável,avaliar pelo proprietário do domínio,avaliar pelo proprietário do domínio,não definida; registrar lacuna,existente,database/postgres/migrations/026_complete_typed_store_relations.sql:83
postgresql,erp,receivables,created_at,Created at,TIMESTAMPTZ,False,NOW(),False,False,,não classificado automaticamente,política v1; nenhuma regra automática aplicável,avaliar pelo proprietário do domínio,avaliar pelo proprietário do domínio,não definida; registrar lacuna,existente,database/postgres/migrations/026_complete_typed_store_relations.sql:84
postgresql,erp,receivables,updated_at,Updated at,TIMESTAMPTZ,False,NOW(),False,False,,não classificado automaticamente,política v1; nenhuma regra automática aplicável,avaliar pelo proprietário do domínio,avaliar pelo proprietário do domínio,não definida; registrar lacuna,existente,database/postgres/migrations/026_complete_typed_store_relations.sql:85
postgresql,erp,receivables,deleted_at,Deleted at,TIMESTAMPTZ,True,,False,False,,não classificado automaticamente,política v1; nenhuma regra automática aplicável,avaliar pelo proprietário do domínio,avaliar pelo proprietário do domínio,não definida; registrar lacuna,existente,database/postgres/migrations/026_complete_typed_store_relations.sql:86
postgresql,erp,receivables,created_by,Created by,UUID,True,,False,False,identity.users.id,pseudônimo vinculável,política v1 categoria identidade_relacional; padrões: created_by,controle de acesso e segregação por tenant; criptografia do banco,não expor identificadores internos sem necessidade,acompanha entidade e trilha de auditoria com política de anonimização,existente,database/postgres/migrations/026_complete_typed_store_relations.sql:87
postgresql,erp,receivables,updated_by,Updated by,UUID,True,,False,False,identity.users.id,pseudônimo vinculável,política v1 categoria identidade_relacional; padrões: updated_by,controle de acesso e segregação por tenant; criptografia do banco,não expor identificadores internos sem necessidade,acompanha entidade e trilha de auditoria com política de anonimização,existente,database/postgres/migrations/026_complete_typed_store_relations.sql:88
postgresql,erp,receivables,idempotency_key,Idempotency key,VARCHAR(160),True,,False,True,,não classificado automaticamente,política v1; nenhuma regra automática aplicável,avaliar pelo proprietário do domínio,avaliar pelo proprietário do domínio,não definida; registrar lacuna,existente,database/postgres/migrations/026_complete_typed_store_relations.sql:89
postgresql,erp,cost_centers,id,Id,UUID,False,gen_random_uuid(),True,False,,não classificado automaticamente,política v1; nenhuma regra automática aplicável,avaliar pelo proprietário do domínio,avaliar pelo proprietário do domínio,não definida; registrar lacuna,existente,database/postgres/migrations/026_complete_typed_store_relations.sql:94
postgresql,erp,cost_centers,user_id,User id,UUID,False,,False,False,identity.users.id,pseudônimo vinculável,política v1 categoria identidade_relacional; padrões: user_id,controle de acesso e segregação por tenant; criptografia do banco,não expor identificadores internos sem necessidade,acompanha entidade e trilha de auditoria com política de anonimização,existente,database/postgres/migrations/026_complete_typed_store_relations.sql:95
postgresql,erp,cost_centers,company_id,Company id,UUID,True,,False,False,,não classificado automaticamente,política v1; nenhuma regra automática aplicável,avaliar pelo proprietário do domínio,avaliar pelo proprietário do domínio,não definida; registrar lacuna,existente,database/postgres/migrations/026_complete_typed_store_relations.sql:96
postgresql,erp,cost_centers,status,Status,VARCHAR(40),False,'draft',False,False,,não classificado automaticamente,política v1; nenhuma regra automática aplicável,avaliar pelo proprietário do domínio,avaliar pelo proprietário do domínio,não definida; registrar lacuna,existente,database/postgres/migrations/026_complete_typed_store_relations.sql:97
postgresql,erp,cost_centers,metadata,Metadata,JSONB,False,'{}'::jsonb,False,False,,não classificado automaticamente,política v1; nenhuma regra automática aplicável,avaliar pelo proprietário do domínio,avaliar pelo proprietário do domínio,não definida; registrar lacuna,existente,database/postgres/migrations/026_complete_typed_store_relations.sql:98
postgresql,erp,cost_centers,created_at,Created at,TIMESTAMPTZ,False,NOW(),False,False,,não classificado automaticamente,política v1; nenhuma regra automática aplicável,avaliar pelo proprietário do domínio,avaliar pelo proprietário do domínio,não definida; registrar lacuna,existente,database/postgres/migrations/026_complete_typed_store_relations.sql:99
postgresql,erp,cost_centers,updated_at,Updated at,TIMESTAMPTZ,False,NOW(),False,False,,não classificado automaticamente,política v1; nenhuma regra automática aplicável,avaliar pelo proprietário do domínio,avaliar pelo proprietário do domínio,não definida; registrar lacuna,existente,database/postgres/migrations/026_complete_typed_store_relations.sql:100
postgresql,erp,cost_centers,deleted_at,Deleted at,TIMESTAMPTZ,True,,False,False,,não classificado automaticamente,política v1; nenhuma regra automática aplicável,avaliar pelo proprietário do domínio,avaliar pelo proprietário do domínio,não definida; registrar lacuna,existente,database/postgres/migrations/026_complete_typed_store_relations.sql:101
postgresql,erp,cost_centers,created_by,Created by,UUID,True,,False,False,identity.users.id,pseudônimo vinculável,política v1 categoria identidade_relacional; padrões: created_by,controle de acesso e segregação por tenant; criptografia do banco,não expor identificadores internos sem necessidade,acompanha entidade e trilha de auditoria com política de anonimização,existente,database/postgres/migrations/026_complete_typed_store_relations.sql:102
postgresql,erp,cost_centers,updated_by,Updated by,UUID,True,,False,False,identity.users.id,pseudônimo vinculável,política v1 categoria identidade_relacional; padrões: updated_by,controle de acesso e segregação por tenant; criptografia do banco,não expor identificadores internos sem necessidade,acompanha entidade e trilha de auditoria com política de anonimização,existente,database/postgres/migrations/026_complete_typed_store_relations.sql:103
postgresql,erp,cost_centers,idempotency_key,Idempotency key,VARCHAR(160),True,,False,True,,não classificado automaticamente,política v1; nenhuma regra automática aplicável,avaliar pelo proprietário do domínio,avaliar pelo proprietário do domínio,não definida; registrar lacuna,existente,database/postgres/migrations/026_complete_typed_store_relations.sql:104
postgresql,wms,bins,id,Id,UUID,False,gen_random_uuid(),True,False,,não classificado automaticamente,política v1; nenhuma regra automática aplicável,avaliar pelo proprietário do domínio,avaliar pelo proprietário do domínio,não definida; registrar lacuna,existente,database/postgres/migrations/026_complete_typed_store_relations.sql:109
postgresql,wms,bins,user_id,User id,UUID,False,,False,False,identity.users.id,pseudônimo vinculável,política v1 categoria identidade_relacional; padrões: user_id,controle de acesso e segregação por tenant; criptografia do banco,não expor identificadores internos sem necessidade,acompanha entidade e trilha de auditoria com política de anonimização,existente,database/postgres/migrations/026_complete_typed_store_relations.sql:110
postgresql,wms,bins,company_id,Company id,UUID,True,,False,False,,não classificado automaticamente,política v1; nenhuma regra automática aplicável,avaliar pelo proprietário do domínio,avaliar pelo proprietário do domínio,não definida; registrar lacuna,existente,database/postgres/migrations/026_complete_typed_store_relations.sql:111
postgresql,wms,bins,status,Status,VARCHAR(40),False,'draft',False,False,,não classificado automaticamente,política v1; nenhuma regra automática aplicável,avaliar pelo proprietário do domínio,avaliar pelo proprietário do domínio,não definida; registrar lacuna,existente,database/postgres/migrations/026_complete_typed_store_relations.sql:112
postgresql,wms,bins,metadata,Metadata,JSONB,False,'{}'::jsonb,False,False,,não classificado automaticamente,política v1; nenhuma regra automática aplicável,avaliar pelo proprietário do domínio,avaliar pelo proprietário do domínio,não definida; registrar lacuna,existente,database/postgres/migrations/026_complete_typed_store_relations.sql:113
postgresql,wms,bins,created_at,Created at,TIMESTAMPTZ,False,NOW(),False,False,,não classificado automaticamente,política v1; nenhuma regra automática aplicável,avaliar pelo proprietário do domínio,avaliar pelo proprietário do domínio,não definida; registrar lacuna,existente,database/postgres/migrations/026_complete_typed_store_relations.sql:114
postgresql,wms,bins,updated_at,Updated at,TIMESTAMPTZ,False,NOW(),False,False,,não classificado automaticamente,política v1; nenhuma regra automática aplicável,avaliar pelo proprietário do domínio,avaliar pelo proprietário do domínio,não definida; registrar lacuna,existente,database/postgres/migrations/026_complete_typed_store_relations.sql:115
postgresql,wms,bins,deleted_at,Deleted at,TIMESTAMPTZ,True,,False,False,,não classificado automaticamente,política v1; nenhuma regra automática aplicável,avaliar pelo proprietário do domínio,avaliar pelo proprietário do domínio,não definida; registrar lacuna,existente,database/postgres/migrations/026_complete_typed_store_relations.sql:116
postgresql,wms,bins,created_by,Created by,UUID,True,,False,False,identity.users.id,pseudônimo vinculável,política v1 categoria identidade_relacional; padrões: created_by,controle de acesso e segregação por tenant; criptografia do banco,não expor identificadores internos sem necessidade,acompanha entidade e trilha de auditoria com política de anonimização,existente,database/postgres/migrations/026_complete_typed_store_relations.sql:117
postgresql,wms,bins,updated_by,Updated by,UUID,True,,False,False,identity.users.id,pseudônimo vinculável,política v1 categoria identidade_relacional; padrões: updated_by,controle de acesso e segregação por tenant; criptografia do banco,não expor identificadores internos sem necessidade,acompanha entidade e trilha de auditoria com política de anonimização,existente,database/postgres/migrations/026_complete_typed_store_relations.sql:118
postgresql,wms,bins,idempotency_key,Idempotency key,VARCHAR(160),True,,False,True,,não classificado automaticamente,política v1; nenhuma regra automática aplicável,avaliar pelo proprietário do domínio,avaliar pelo proprietário do domínio,não definida; registrar lacuna,existente,database/postgres/migrations/026_complete_typed_store_relations.sql:119
postgresql,wms,picking_waves,id,Id,UUID,False,gen_random_uuid(),True,False,,não classificado automaticamente,política v1; nenhuma regra automática aplicável,avaliar pelo proprietário do domínio,avaliar pelo proprietário do domínio,não definida; registrar lacuna,existente,database/postgres/migrations/026_complete_typed_store_relations.sql:124
postgresql,wms,picking_waves,user_id,User id,UUID,False,,False,False,identity.users.id,pseudônimo vinculável,política v1 categoria identidade_relacional; padrões: user_id,controle de acesso e segregação por tenant; criptografia do banco,não expor identificadores internos sem necessidade,acompanha entidade e trilha de auditoria com política de anonimização,existente,database/postgres/migrations/026_complete_typed_store_relations.sql:125
postgresql,wms,picking_waves,company_id,Company id,UUID,True,,False,False,,não classificado automaticamente,política v1; nenhuma regra automática aplicável,avaliar pelo proprietário do domínio,avaliar pelo proprietário do domínio,não definida; registrar lacuna,existente,database/postgres/migrations/026_complete_typed_store_relations.sql:126
postgresql,wms,picking_waves,status,Status,VARCHAR(40),False,'draft',False,False,,não classificado automaticamente,política v1; nenhuma regra automática aplicável,avaliar pelo proprietário do domínio,avaliar pelo proprietário do domínio,não definida; registrar lacuna,existente,database/postgres/migrations/026_complete_typed_store_relations.sql:127
postgresql,wms,picking_waves,metadata,Metadata,JSONB,False,'{}'::jsonb,False,False,,não classificado automaticamente,política v1; nenhuma regra automática aplicável,avaliar pelo proprietário do domínio,avaliar pelo proprietário do domínio,não definida; registrar lacuna,existente,database/postgres/migrations/026_complete_typed_store_relations.sql:128
postgresql,wms,picking_waves,created_at,Created at,TIMESTAMPTZ,False,NOW(),False,False,,não classificado automaticamente,política v1; nenhuma regra automática aplicável,avaliar pelo proprietário do domínio,avaliar pelo proprietário do domínio,não definida; registrar lacuna,existente,database/postgres/migrations/026_complete_typed_store_relations.sql:129
postgresql,wms,picking_waves,updated_at,Updated at,TIMESTAMPTZ,False,NOW(),False,False,,não classificado automaticamente,política v1; nenhuma regra automática aplicável,avaliar pelo proprietário do domínio,avaliar pelo proprietário do domínio,não definida; registrar lacuna,existente,database/postgres/migrations/026_complete_typed_store_relations.sql:130
postgresql,wms,picking_waves,deleted_at,Deleted at,TIMESTAMPTZ,True,,False,False,,não classificado automaticamente,política v1; nenhuma regra automática aplicável,avaliar pelo proprietário do domínio,avaliar pelo proprietário do domínio,não definida; registrar lacuna,existente,database/postgres/migrations/026_complete_typed_store_relations.sql:131
postgresql,wms,picking_waves,created_by,Created by,UUID,True,,False,False,identity.users.id,pseudônimo vinculável,política v1 categoria identidade_relacional; padrões: created_by,controle de acesso e segregação por tenant; criptografia do banco,não expor identificadores internos sem necessidade,acompanha entidade e trilha de auditoria com política de anonimização,existente,database/postgres/migrations/026_complete_typed_store_relations.sql:132
postgresql,wms,picking_waves,updated_by,Updated by,UUID,True,,False,False,identity.users.id,pseudônimo vinculável,política v1 categoria identidade_relacional; padrões: updated_by,controle de acesso e segregação por tenant; criptografia do banco,não expor identificadores internos sem necessidade,acompanha entidade e trilha de auditoria com política de anonimização,existente,database/postgres/migrations/026_complete_typed_store_relations.sql:133
postgresql,wms,picking_waves,idempotency_key,Idempotency key,VARCHAR(160),True,,False,True,,não classificado automaticamente,política v1; nenhuma regra automática aplicável,avaliar pelo proprietário do domínio,avaliar pelo proprietário do domínio,não definida; registrar lacuna,existente,database/postgres/migrations/026_complete_typed_store_relations.sql:134
postgresql,wms,shipments,id,Id,UUID,False,gen_random_uuid(),True,False,,não classificado automaticamente,política v1; nenhuma regra automática aplicável,avaliar pelo proprietário do domínio,avaliar pelo proprietário do domínio,não definida; registrar lacuna,existente,database/postgres/migrations/026_complete_typed_store_relations.sql:139
postgresql,wms,shipments,user_id,User id,UUID,False,,False,False,identity.users.id,pseudônimo vinculável,política v1 categoria identidade_relacional; padrões: user_id,controle de acesso e segregação por tenant; criptografia do banco,não expor identificadores internos sem necessidade,acompanha entidade e trilha de auditoria com política de anonimização,existente,database/postgres/migrations/026_complete_typed_store_relations.sql:140
postgresql,wms,shipments,company_id,Company id,UUID,True,,False,False,,não classificado automaticamente,política v1; nenhuma regra automática aplicável,avaliar pelo proprietário do domínio,avaliar pelo proprietário do domínio,não definida; registrar lacuna,existente,database/postgres/migrations/026_complete_typed_store_relations.sql:141
postgresql,wms,shipments,status,Status,VARCHAR(40),False,'draft',False,False,,não classificado automaticamente,política v1; nenhuma regra automática aplicável,avaliar pelo proprietário do domínio,avaliar pelo proprietário do domínio,não definida; registrar lacuna,existente,database/postgres/migrations/026_complete_typed_store_relations.sql:142
postgresql,wms,shipments,metadata,Metadata,JSONB,False,'{}'::jsonb,False,False,,não classificado automaticamente,política v1; nenhuma regra automática aplicável,avaliar pelo proprietário do domínio,avaliar pelo proprietário do domínio,não definida; registrar lacuna,existente,database/postgres/migrations/026_complete_typed_store_relations.sql:143
postgresql,wms,shipments,created_at,Created at,TIMESTAMPTZ,False,NOW(),False,False,,não classificado automaticamente,política v1; nenhuma regra automática aplicável,avaliar pelo proprietário do domínio,avaliar pelo proprietário do domínio,não definida; registrar lacuna,existente,database/postgres/migrations/026_complete_typed_store_relations.sql:144
postgresql,wms,shipments,updated_at,Updated at,TIMESTAMPTZ,False,NOW(),False,False,,não classificado automaticamente,política v1; nenhuma regra automática aplicável,avaliar pelo proprietário do domínio,avaliar pelo proprietário do domínio,não definida; registrar lacuna,existente,database/postgres/migrations/026_complete_typed_store_relations.sql:145
postgresql,wms,shipments,deleted_at,Deleted at,TIMESTAMPTZ,True,,False,False,,não classificado automaticamente,política v1; nenhuma regra automática aplicável,avaliar pelo proprietário do domínio,avaliar pelo proprietário do domínio,não definida; registrar lacuna,existente,database/postgres/migrations/026_complete_typed_store_relations.sql:146
postgresql,wms,shipments,created_by,Created by,UUID,True,,False,False,identity.users.id,pseudônimo vinculável,política v1 categoria identidade_relacional; padrões: created_by,controle de acesso e segregação por tenant; criptografia do banco,não expor identificadores internos sem necessidade,acompanha entidade e trilha de auditoria com política de anonimização,existente,database/postgres/migrations/026_complete_typed_store_relations.sql:147
postgresql,wms,shipments,updated_by,Updated by,UUID,True,,False,False,identity.users.id,pseudônimo vinculável,política v1 categoria identidade_relacional; padrões: updated_by,controle de acesso e segregação por tenant; criptografia do banco,não expor identificadores internos sem necessidade,acompanha entidade e trilha de auditoria com política de anonimização,existente,database/postgres/migrations/026_complete_typed_store_relations.sql:148
postgresql,wms,shipments,idempotency_key,Idempotency key,VARCHAR(160),True,,False,True,,não classificado automaticamente,política v1; nenhuma regra automática aplicável,avaliar pelo proprietário do domínio,avaliar pelo proprietário do domínio,não definida; registrar lacuna,existente,database/postgres/migrations/026_complete_typed_store_relations.sql:149
postgresql,tms,carriers,id,Id,UUID,False,gen_random_uuid(),True,False,,não classificado automaticamente,política v1; nenhuma regra automática aplicável,avaliar pelo proprietário do domínio,avaliar pelo proprietário do domínio,não definida; registrar lacuna,existente,database/postgres/migrations/026_complete_typed_store_relations.sql:154
postgresql,tms,carriers,user_id,User id,UUID,False,,False,False,identity.users.id,pseudônimo vinculável,política v1 categoria identidade_relacional; padrões: user_id,controle de acesso e segregação por tenant; criptografia do banco,não expor identificadores internos sem necessidade,acompanha entidade e trilha de auditoria com política de anonimização,existente,database/postgres/migrations/026_complete_typed_store_relations.sql:155
postgresql,tms,carriers,company_id,Company id,UUID,True,,False,False,,não classificado automaticamente,política v1; nenhuma regra automática aplicável,avaliar pelo proprietário do domínio,avaliar pelo proprietário do domínio,não definida; registrar lacuna,existente,database/postgres/migrations/026_complete_typed_store_relations.sql:156
postgresql,tms,carriers,status,Status,VARCHAR(40),False,'draft',False,False,,não classificado automaticamente,política v1; nenhuma regra automática aplicável,avaliar pelo proprietário do domínio,avaliar pelo proprietário do domínio,não definida; registrar lacuna,existente,database/postgres/migrations/026_complete_typed_store_relations.sql:157
postgresql,tms,carriers,metadata,Metadata,JSONB,False,'{}'::jsonb,False,False,,não classificado automaticamente,política v1; nenhuma regra automática aplicável,avaliar pelo proprietário do domínio,avaliar pelo proprietário do domínio,não definida; registrar lacuna,existente,database/postgres/migrations/026_complete_typed_store_relations.sql:158
postgresql,tms,carriers,created_at,Created at,TIMESTAMPTZ,False,NOW(),False,False,,não classificado automaticamente,política v1; nenhuma regra automática aplicável,avaliar pelo proprietário do domínio,avaliar pelo proprietário do domínio,não definida; registrar lacuna,existente,database/postgres/migrations/026_complete_typed_store_relations.sql:159
postgresql,tms,carriers,updated_at,Updated at,TIMESTAMPTZ,False,NOW(),False,False,,não classificado automaticamente,política v1; nenhuma regra automática aplicável,avaliar pelo proprietário do domínio,avaliar pelo proprietário do domínio,não definida; registrar lacuna,existente,database/postgres/migrations/026_complete_typed_store_relations.sql:160
postgresql,tms,carriers,deleted_at,Deleted at,TIMESTAMPTZ,True,,False,False,,não classificado automaticamente,política v1; nenhuma regra automática aplicável,avaliar pelo proprietário do domínio,avaliar pelo proprietário do domínio,não definida; registrar lacuna,existente,database/postgres/migrations/026_complete_typed_store_relations.sql:161
postgresql,tms,carriers,created_by,Created by,UUID,True,,False,False,identity.users.id,pseudônimo vinculável,política v1 categoria identidade_relacional; padrões: created_by,controle de acesso e segregação por tenant; criptografia do banco,não expor identificadores internos sem necessidade,acompanha entidade e trilha de auditoria com política de anonimização,existente,database/postgres/migrations/026_complete_typed_store_relations.sql:162
postgresql,tms,carriers,updated_by,Updated by,UUID,True,,False,False,identity.users.id,pseudônimo vinculável,política v1 categoria identidade_relacional; padrões: updated_by,controle de acesso e segregação por tenant; criptografia do banco,não expor identificadores internos sem necessidade,acompanha entidade e trilha de auditoria com política de anonimização,existente,database/postgres/migrations/026_complete_typed_store_relations.sql:163
postgresql,tms,carriers,idempotency_key,Idempotency key,VARCHAR(160),True,,False,True,,não classificado automaticamente,política v1; nenhuma regra automática aplicável,avaliar pelo proprietário do domínio,avaliar pelo proprietário do domínio,não definida; registrar lacuna,existente,database/postgres/migrations/026_complete_typed_store_relations.sql:164
postgresql,tms,routes,id,Id,UUID,False,gen_random_uuid(),True,False,,não classificado automaticamente,política v1; nenhuma regra automática aplicável,avaliar pelo proprietário do domínio,avaliar pelo proprietário do domínio,não definida; registrar lacuna,existente,database/postgres/migrations/026_complete_typed_store_relations.sql:169
postgresql,tms,routes,user_id,User id,UUID,False,,False,False,identity.users.id,pseudônimo vinculável,política v1 categoria identidade_relacional; padrões: user_id,controle de acesso e segregação por tenant; criptografia do banco,não expor identificadores internos sem necessidade,acompanha entidade e trilha de auditoria com política de anonimização,existente,database/postgres/migrations/026_complete_typed_store_relations.sql:170
postgresql,tms,routes,company_id,Company id,UUID,True,,False,False,,não classificado automaticamente,política v1; nenhuma regra automática aplicável,avaliar pelo proprietário do domínio,avaliar pelo proprietário do domínio,não definida; registrar lacuna,existente,database/postgres/migrations/026_complete_typed_store_relations.sql:171
postgresql,tms,routes,status,Status,VARCHAR(40),False,'draft',False,False,,não classificado automaticamente,política v1; nenhuma regra automática aplicável,avaliar pelo proprietário do domínio,avaliar pelo proprietário do domínio,não definida; registrar lacuna,existente,database/postgres/migrations/026_complete_typed_store_relations.sql:172
postgresql,tms,routes,metadata,Metadata,JSONB,False,'{}'::jsonb,False,False,,não classificado automaticamente,política v1; nenhuma regra automática aplicável,avaliar pelo proprietário do domínio,avaliar pelo proprietário do domínio,não definida; registrar lacuna,existente,database/postgres/migrations/026_complete_typed_store_relations.sql:173
postgresql,tms,routes,created_at,Created at,TIMESTAMPTZ,False,NOW(),False,False,,não classificado automaticamente,política v1; nenhuma regra automática aplicável,avaliar pelo proprietário do domínio,avaliar pelo proprietário do domínio,não definida; registrar lacuna,existente,database/postgres/migrations/026_complete_typed_store_relations.sql:174
postgresql,tms,routes,updated_at,Updated at,TIMESTAMPTZ,False,NOW(),False,False,,não classificado automaticamente,política v1; nenhuma regra automática aplicável,avaliar pelo proprietário do domínio,avaliar pelo proprietário do domínio,não definida; registrar lacuna,existente,database/postgres/migrations/026_complete_typed_store_relations.sql:175
postgresql,tms,routes,deleted_at,Deleted at,TIMESTAMPTZ,True,,False,False,,não classificado automaticamente,política v1; nenhuma regra automática aplicável,avaliar pelo proprietário do domínio,avaliar pelo proprietário do domínio,não definida; registrar lacuna,existente,database/postgres/migrations/026_complete_typed_store_relations.sql:176
postgresql,tms,routes,created_by,Created by,UUID,True,,False,False,identity.users.id,pseudônimo vinculável,política v1 categoria identidade_relacional; padrões: created_by,controle de acesso e segregação por tenant; criptografia do banco,não expor identificadores internos sem necessidade,acompanha entidade e trilha de auditoria com política de anonimização,existente,database/postgres/migrations/026_complete_typed_store_relations.sql:177
postgresql,tms,routes,updated_by,Updated by,UUID,True,,False,False,identity.users.id,pseudônimo vinculável,política v1 categoria identidade_relacional; padrões: updated_by,controle de acesso e segregação por tenant; criptografia do banco,não expor identificadores internos sem necessidade,acompanha entidade e trilha de auditoria com política de anonimização,existente,database/postgres/migrations/026_complete_typed_store_relations.sql:178
postgresql,tms,routes,idempotency_key,Idempotency key,VARCHAR(160),True,,False,True,,não classificado automaticamente,política v1; nenhuma regra automática aplicável,avaliar pelo proprietário do domínio,avaliar pelo proprietário do domínio,não definida; registrar lacuna,existente,database/postgres/migrations/026_complete_typed_store_relations.sql:179
postgresql,tms,proofs_of_delivery,id,Id,UUID,False,gen_random_uuid(),True,False,,não classificado automaticamente,política v1; nenhuma regra automática aplicável,avaliar pelo proprietário do domínio,avaliar pelo proprietário do domínio,não definida; registrar lacuna,existente,database/postgres/migrations/026_complete_typed_store_relations.sql:184
postgresql,tms,proofs_of_delivery,user_id,User id,UUID,False,,False,False,identity.users.id,pseudônimo vinculável,política v1 categoria identidade_relacional; padrões: user_id,controle de acesso e segregação por tenant; criptografia do banco,não expor identificadores internos sem necessidade,acompanha entidade e trilha de auditoria com política de anonimização,existente,database/postgres/migrations/026_complete_typed_store_relations.sql:185
postgresql,tms,proofs_of_delivery,company_id,Company id,UUID,True,,False,False,,não classificado automaticamente,política v1; nenhuma regra automática aplicável,avaliar pelo proprietário do domínio,avaliar pelo proprietário do domínio,não definida; registrar lacuna,existente,database/postgres/migrations/026_complete_typed_store_relations.sql:186
postgresql,tms,proofs_of_delivery,status,Status,VARCHAR(40),False,'draft',False,False,,não classificado automaticamente,política v1; nenhuma regra automática aplicável,avaliar pelo proprietário do domínio,avaliar pelo proprietário do domínio,não definida; registrar lacuna,existente,database/postgres/migrations/026_complete_typed_store_relations.sql:187
postgresql,tms,proofs_of_delivery,metadata,Metadata,JSONB,False,'{}'::jsonb,False,False,,não classificado automaticamente,política v1; nenhuma regra automática aplicável,avaliar pelo proprietário do domínio,avaliar pelo proprietário do domínio,não definida; registrar lacuna,existente,database/postgres/migrations/026_complete_typed_store_relations.sql:188
postgresql,tms,proofs_of_delivery,created_at,Created at,TIMESTAMPTZ,False,NOW(),False,False,,não classificado automaticamente,política v1; nenhuma regra automática aplicável,avaliar pelo proprietário do domínio,avaliar pelo proprietário do domínio,não definida; registrar lacuna,existente,database/postgres/migrations/026_complete_typed_store_relations.sql:189
postgresql,tms,proofs_of_delivery,updated_at,Updated at,TIMESTAMPTZ,False,NOW(),False,False,,não classificado automaticamente,política v1; nenhuma regra automática aplicável,avaliar pelo proprietário do domínio,avaliar pelo proprietário do domínio,não definida; registrar lacuna,existente,database/postgres/migrations/026_complete_typed_store_relations.sql:190
postgresql,tms,proofs_of_delivery,deleted_at,Deleted at,TIMESTAMPTZ,True,,False,False,,não classificado automaticamente,política v1; nenhuma regra automática aplicável,avaliar pelo proprietário do domínio,avaliar pelo proprietário do domínio,não definida; registrar lacuna,existente,database/postgres/migrations/026_complete_typed_store_relations.sql:191
postgresql,tms,proofs_of_delivery,created_by,Created by,UUID,True,,False,False,identity.users.id,pseudônimo vinculável,política v1 categoria identidade_relacional; padrões: created_by,controle de acesso e segregação por tenant; criptografia do banco,não expor identificadores internos sem necessidade,acompanha entidade e trilha de auditoria com política de anonimização,existente,database/postgres/migrations/026_complete_typed_store_relations.sql:192
postgresql,tms,proofs_of_delivery,updated_by,Updated by,UUID,True,,False,False,identity.users.id,pseudônimo vinculável,política v1 categoria identidade_relacional; padrões: updated_by,controle de acesso e segregação por tenant; criptografia do banco,não expor identificadores internos sem necessidade,acompanha entidade e trilha de auditoria com política de anonimização,existente,database/postgres/migrations/026_complete_typed_store_relations.sql:193
postgresql,tms,proofs_of_delivery,idempotency_key,Idempotency key,VARCHAR(160),True,,False,True,,não classificado automaticamente,política v1; nenhuma regra automática aplicável,avaliar pelo proprietário do domínio,avaliar pelo proprietário do domínio,não definida; registrar lacuna,existente,database/postgres/migrations/026_complete_typed_store_relations.sql:194
postgresql,tms,freight_audits,id,Id,UUID,False,gen_random_uuid(),True,False,,não classificado automaticamente,política v1; nenhuma regra automática aplicável,avaliar pelo proprietário do domínio,avaliar pelo proprietário do domínio,não definida; registrar lacuna,existente,database/postgres/migrations/026_complete_typed_store_relations.sql:199
postgresql,tms,freight_audits,user_id,User id,UUID,False,,False,False,identity.users.id,pseudônimo vinculável,política v1 categoria identidade_relacional; padrões: user_id,controle de acesso e segregação por tenant; criptografia do banco,não expor identificadores internos sem necessidade,acompanha entidade e trilha de auditoria com política de anonimização,existente,database/postgres/migrations/026_complete_typed_store_relations.sql:200
postgresql,tms,freight_audits,company_id,Company id,UUID,True,,False,False,,não classificado automaticamente,política v1; nenhuma regra automática aplicável,avaliar pelo proprietário do domínio,avaliar pelo proprietário do domínio,não definida; registrar lacuna,existente,database/postgres/migrations/026_complete_typed_store_relations.sql:201
postgresql,tms,freight_audits,status,Status,VARCHAR(40),False,'draft',False,False,,não classificado automaticamente,política v1; nenhuma regra automática aplicável,avaliar pelo proprietário do domínio,avaliar pelo proprietário do domínio,não definida; registrar lacuna,existente,database/postgres/migrations/026_complete_typed_store_relations.sql:202
postgresql,tms,freight_audits,metadata,Metadata,JSONB,False,'{}'::jsonb,False,False,,não classificado automaticamente,política v1; nenhuma regra automática aplicável,avaliar pelo proprietário do domínio,avaliar pelo proprietário do domínio,não definida; registrar lacuna,existente,database/postgres/migrations/026_complete_typed_store_relations.sql:203
postgresql,tms,freight_audits,created_at,Created at,TIMESTAMPTZ,False,NOW(),False,False,,não classificado automaticamente,política v1; nenhuma regra automática aplicável,avaliar pelo proprietário do domínio,avaliar pelo proprietário do domínio,não definida; registrar lacuna,existente,database/postgres/migrations/026_complete_typed_store_relations.sql:204
postgresql,tms,freight_audits,updated_at,Updated at,TIMESTAMPTZ,False,NOW(),False,False,,não classificado automaticamente,política v1; nenhuma regra automática aplicável,avaliar pelo proprietário do domínio,avaliar pelo proprietário do domínio,não definida; registrar lacuna,existente,database/postgres/migrations/026_complete_typed_store_relations.sql:205
postgresql,tms,freight_audits,deleted_at,Deleted at,TIMESTAMPTZ,True,,False,False,,não classificado automaticamente,política v1; nenhuma regra automática aplicável,avaliar pelo proprietário do domínio,avaliar pelo proprietário do domínio,não definida; registrar lacuna,existente,database/postgres/migrations/026_complete_typed_store_relations.sql:206
postgresql,tms,freight_audits,created_by,Created by,UUID,True,,False,False,identity.users.id,pseudônimo vinculável,política v1 categoria identidade_relacional; padrões: created_by,controle de acesso e segregação por tenant; criptografia do banco,não expor identificadores internos sem necessidade,acompanha entidade e trilha de auditoria com política de anonimização,existente,database/postgres/migrations/026_complete_typed_store_relations.sql:207
postgresql,tms,freight_audits,updated_by,Updated by,UUID,True,,False,False,identity.users.id,pseudônimo vinculável,política v1 categoria identidade_relacional; padrões: updated_by,controle de acesso e segregação por tenant; criptografia do banco,não expor identificadores internos sem necessidade,acompanha entidade e trilha de auditoria com política de anonimização,existente,database/postgres/migrations/026_complete_typed_store_relations.sql:208
postgresql,tms,freight_audits,idempotency_key,Idempotency key,VARCHAR(160),True,,False,True,,não classificado automaticamente,política v1; nenhuma regra automática aplicável,avaliar pelo proprietário do domínio,avaliar pelo proprietário do domínio,não definida; registrar lacuna,existente,database/postgres/migrations/026_complete_typed_store_relations.sql:209
postgresql,crm,leads,id,Id,UUID,False,gen_random_uuid(),True,False,,não classificado automaticamente,política v1; nenhuma regra automática aplicável,avaliar pelo proprietário do domínio,avaliar pelo proprietário do domínio,não definida; registrar lacuna,existente,database/postgres/migrations/026_complete_typed_store_relations.sql:214
postgresql,crm,leads,user_id,User id,UUID,False,,False,False,identity.users.id,pseudônimo vinculável,política v1 categoria identidade_relacional; padrões: user_id,controle de acesso e segregação por tenant; criptografia do banco,não expor identificadores internos sem necessidade,acompanha entidade e trilha de auditoria com política de anonimização,existente,database/postgres/migrations/026_complete_typed_store_relations.sql:215
postgresql,crm,leads,company_id,Company id,UUID,True,,False,False,,não classificado automaticamente,política v1; nenhuma regra automática aplicável,avaliar pelo proprietário do domínio,avaliar pelo proprietário do domínio,não definida; registrar lacuna,existente,database/postgres/migrations/026_complete_typed_store_relations.sql:216
postgresql,crm,leads,status,Status,VARCHAR(40),False,'draft',False,False,,não classificado automaticamente,política v1; nenhuma regra automática aplicável,avaliar pelo proprietário do domínio,avaliar pelo proprietário do domínio,não definida; registrar lacuna,existente,database/postgres/migrations/026_complete_typed_store_relations.sql:217
postgresql,crm,leads,metadata,Metadata,JSONB,False,'{}'::jsonb,False,False,,não classificado automaticamente,política v1; nenhuma regra automática aplicável,avaliar pelo proprietário do domínio,avaliar pelo proprietário do domínio,não definida; registrar lacuna,existente,database/postgres/migrations/026_complete_typed_store_relations.sql:218
postgresql,crm,leads,created_at,Created at,TIMESTAMPTZ,False,NOW(),False,False,,não classificado automaticamente,política v1; nenhuma regra automática aplicável,avaliar pelo proprietário do domínio,avaliar pelo proprietário do domínio,não definida; registrar lacuna,existente,database/postgres/migrations/026_complete_typed_store_relations.sql:219
postgresql,crm,leads,updated_at,Updated at,TIMESTAMPTZ,False,NOW(),False,False,,não classificado automaticamente,política v1; nenhuma regra automática aplicável,avaliar pelo proprietário do domínio,avaliar pelo proprietário do domínio,não definida; registrar lacuna,existente,database/postgres/migrations/026_complete_typed_store_relations.sql:220
postgresql,crm,leads,deleted_at,Deleted at,TIMESTAMPTZ,True,,False,False,,não classificado automaticamente,política v1; nenhuma regra automática aplicável,avaliar pelo proprietário do domínio,avaliar pelo proprietário do domínio,não definida; registrar lacuna,existente,database/postgres/migrations/026_complete_typed_store_relations.sql:221
postgresql,crm,leads,created_by,Created by,UUID,True,,False,False,identity.users.id,pseudônimo vinculável,política v1 categoria identidade_relacional; padrões: created_by,controle de acesso e segregação por tenant; criptografia do banco,não expor identificadores internos sem necessidade,acompanha entidade e trilha de auditoria com política de anonimização,existente,database/postgres/migrations/026_complete_typed_store_relations.sql:222
postgresql,crm,leads,updated_by,Updated by,UUID,True,,False,False,identity.users.id,pseudônimo vinculável,política v1 categoria identidade_relacional; padrões: updated_by,controle de acesso e segregação por tenant; criptografia do banco,não expor identificadores internos sem necessidade,acompanha entidade e trilha de auditoria com política de anonimização,existente,database/postgres/migrations/026_complete_typed_store_relations.sql:223
postgresql,crm,leads,idempotency_key,Idempotency key,VARCHAR(160),True,,False,True,,não classificado automaticamente,política v1; nenhuma regra automática aplicável,avaliar pelo proprietário do domínio,avaliar pelo proprietário do domínio,não definida; registrar lacuna,existente,database/postgres/migrations/026_complete_typed_store_relations.sql:224
postgresql,crm,activities,id,Id,UUID,False,gen_random_uuid(),True,False,,não classificado automaticamente,política v1; nenhuma regra automática aplicável,avaliar pelo proprietário do domínio,avaliar pelo proprietário do domínio,não definida; registrar lacuna,existente,database/postgres/migrations/026_complete_typed_store_relations.sql:229
postgresql,crm,activities,user_id,User id,UUID,False,,False,False,identity.users.id,pseudônimo vinculável,política v1 categoria identidade_relacional; padrões: user_id,controle de acesso e segregação por tenant; criptografia do banco,não expor identificadores internos sem necessidade,acompanha entidade e trilha de auditoria com política de anonimização,existente,database/postgres/migrations/026_complete_typed_store_relations.sql:230
postgresql,crm,activities,company_id,Company id,UUID,True,,False,False,,não classificado automaticamente,política v1; nenhuma regra automática aplicável,avaliar pelo proprietário do domínio,avaliar pelo proprietário do domínio,não definida; registrar lacuna,existente,database/postgres/migrations/026_complete_typed_store_relations.sql:231
postgresql,crm,activities,status,Status,VARCHAR(40),False,'draft',False,False,,não classificado automaticamente,política v1; nenhuma regra automática aplicável,avaliar pelo proprietário do domínio,avaliar pelo proprietário do domínio,não definida; registrar lacuna,existente,database/postgres/migrations/026_complete_typed_store_relations.sql:232
postgresql,crm,activities,metadata,Metadata,JSONB,False,'{}'::jsonb,False,False,,não classificado automaticamente,política v1; nenhuma regra automática aplicável,avaliar pelo proprietário do domínio,avaliar pelo proprietário do domínio,não definida; registrar lacuna,existente,database/postgres/migrations/026_complete_typed_store_relations.sql:233
postgresql,crm,activities,created_at,Created at,TIMESTAMPTZ,False,NOW(),False,False,,não classificado automaticamente,política v1; nenhuma regra automática aplicável,avaliar pelo proprietário do domínio,avaliar pelo proprietário do domínio,não definida; registrar lacuna,existente,database/postgres/migrations/026_complete_typed_store_relations.sql:234
postgresql,crm,activities,updated_at,Updated at,TIMESTAMPTZ,False,NOW(),False,False,,não classificado automaticamente,política v1; nenhuma regra automática aplicável,avaliar pelo proprietário do domínio,avaliar pelo proprietário do domínio,não definida; registrar lacuna,existente,database/postgres/migrations/026_complete_typed_store_relations.sql:235
postgresql,crm,activities,deleted_at,Deleted at,TIMESTAMPTZ,True,,False,False,,não classificado automaticamente,política v1; nenhuma regra automática aplicável,avaliar pelo proprietário do domínio,avaliar pelo proprietário do domínio,não definida; registrar lacuna,existente,database/postgres/migrations/026_complete_typed_store_relations.sql:236
postgresql,crm,activities,created_by,Created by,UUID,True,,False,False,identity.users.id,pseudônimo vinculável,política v1 categoria identidade_relacional; padrões: created_by,controle de acesso e segregação por tenant; criptografia do banco,não expor identificadores internos sem necessidade,acompanha entidade e trilha de auditoria com política de anonimização,existente,database/postgres/migrations/026_complete_typed_store_relations.sql:237
postgresql,crm,activities,updated_by,Updated by,UUID,True,,False,False,identity.users.id,pseudônimo vinculável,política v1 categoria identidade_relacional; padrões: updated_by,controle de acesso e segregação por tenant; criptografia do banco,não expor identificadores internos sem necessidade,acompanha entidade e trilha de auditoria com política de anonimização,existente,database/postgres/migrations/026_complete_typed_store_relations.sql:238
postgresql,crm,activities,idempotency_key,Idempotency key,VARCHAR(160),True,,False,True,,não classificado automaticamente,política v1; nenhuma regra automática aplicável,avaliar pelo proprietário do domínio,avaliar pelo proprietário do domínio,não definida; registrar lacuna,existente,database/postgres/migrations/026_complete_typed_store_relations.sql:239
postgresql,crm,campaigns,id,Id,UUID,False,gen_random_uuid(),True,False,,não classificado automaticamente,política v1; nenhuma regra automática aplicável,avaliar pelo proprietário do domínio,avaliar pelo proprietário do domínio,não definida; registrar lacuna,existente,database/postgres/migrations/026_complete_typed_store_relations.sql:244
postgresql,crm,campaigns,user_id,User id,UUID,False,,False,False,identity.users.id,pseudônimo vinculável,política v1 categoria identidade_relacional; padrões: user_id,controle de acesso e segregação por tenant; criptografia do banco,não expor identificadores internos sem necessidade,acompanha entidade e trilha de auditoria com política de anonimização,existente,database/postgres/migrations/026_complete_typed_store_relations.sql:245
postgresql,crm,campaigns,company_id,Company id,UUID,True,,False,False,,não classificado automaticamente,política v1; nenhuma regra automática aplicável,avaliar pelo proprietário do domínio,avaliar pelo proprietário do domínio,não definida; registrar lacuna,existente,database/postgres/migrations/026_complete_typed_store_relations.sql:246
postgresql,crm,campaigns,status,Status,VARCHAR(40),False,'draft',False,False,,não classificado automaticamente,política v1; nenhuma regra automática aplicável,avaliar pelo proprietário do domínio,avaliar pelo proprietário do domínio,não definida; registrar lacuna,existente,database/postgres/migrations/026_complete_typed_store_relations.sql:247
postgresql,crm,campaigns,metadata,Metadata,JSONB,False,'{}'::jsonb,False,False,,não classificado automaticamente,política v1; nenhuma regra automática aplicável,avaliar pelo proprietário do domínio,avaliar pelo proprietário do domínio,não definida; registrar lacuna,existente,database/postgres/migrations/026_complete_typed_store_relations.sql:248
postgresql,crm,campaigns,created_at,Created at,TIMESTAMPTZ,False,NOW(),False,False,,não classificado automaticamente,política v1; nenhuma regra automática aplicável,avaliar pelo proprietário do domínio,avaliar pelo proprietário do domínio,não definida; registrar lacuna,existente,database/postgres/migrations/026_complete_typed_store_relations.sql:249
postgresql,crm,campaigns,updated_at,Updated at,TIMESTAMPTZ,False,NOW(),False,False,,não classificado automaticamente,política v1; nenhuma regra automática aplicável,avaliar pelo proprietário do domínio,avaliar pelo proprietário do domínio,não definida; registrar lacuna,existente,database/postgres/migrations/026_complete_typed_store_relations.sql:250
postgresql,crm,campaigns,deleted_at,Deleted at,TIMESTAMPTZ,True,,False,False,,não classificado automaticamente,política v1; nenhuma regra automática aplicável,avaliar pelo proprietário do domínio,avaliar pelo proprietário do domínio,não definida; registrar lacuna,existente,database/postgres/migrations/026_complete_typed_store_relations.sql:251
postgresql,crm,campaigns,created_by,Created by,UUID,True,,False,False,identity.users.id,pseudônimo vinculável,política v1 categoria identidade_relacional; padrões: created_by,controle de acesso e segregação por tenant; criptografia do banco,não expor identificadores internos sem necessidade,acompanha entidade e trilha de auditoria com política de anonimização,existente,database/postgres/migrations/026_complete_typed_store_relations.sql:252
postgresql,crm,campaigns,updated_by,Updated by,UUID,True,,False,False,identity.users.id,pseudônimo vinculável,política v1 categoria identidade_relacional; padrões: updated_by,controle de acesso e segregação por tenant; criptografia do banco,não expor identificadores internos sem necessidade,acompanha entidade e trilha de auditoria com política de anonimização,existente,database/postgres/migrations/026_complete_typed_store_relations.sql:253
postgresql,crm,campaigns,idempotency_key,Idempotency key,VARCHAR(160),True,,False,True,,não classificado automaticamente,política v1; nenhuma regra automática aplicável,avaliar pelo proprietário do domínio,avaliar pelo proprietário do domínio,não definida; registrar lacuna,existente,database/postgres/migrations/026_complete_typed_store_relations.sql:254
postgresql,bpm,processes,id,Id,UUID,False,gen_random_uuid(),True,False,,não classificado automaticamente,política v1; nenhuma regra automática aplicável,avaliar pelo proprietário do domínio,avaliar pelo proprietário do domínio,não definida; registrar lacuna,existente,database/postgres/migrations/026_complete_typed_store_relations.sql:259
postgresql,bpm,processes,user_id,User id,UUID,False,,False,False,identity.users.id,pseudônimo vinculável,política v1 categoria identidade_relacional; padrões: user_id,controle de acesso e segregação por tenant; criptografia do banco,não expor identificadores internos sem necessidade,acompanha entidade e trilha de auditoria com política de anonimização,existente,database/postgres/migrations/026_complete_typed_store_relations.sql:260
postgresql,bpm,processes,company_id,Company id,UUID,True,,False,False,,não classificado automaticamente,política v1; nenhuma regra automática aplicável,avaliar pelo proprietário do domínio,avaliar pelo proprietário do domínio,não definida; registrar lacuna,existente,database/postgres/migrations/026_complete_typed_store_relations.sql:261
postgresql,bpm,processes,status,Status,VARCHAR(40),False,'draft',False,False,,não classificado automaticamente,política v1; nenhuma regra automática aplicável,avaliar pelo proprietário do domínio,avaliar pelo proprietário do domínio,não definida; registrar lacuna,existente,database/postgres/migrations/026_complete_typed_store_relations.sql:262
postgresql,bpm,processes,metadata,Metadata,JSONB,False,'{}'::jsonb,False,False,,não classificado automaticamente,política v1; nenhuma regra automática aplicável,avaliar pelo proprietário do domínio,avaliar pelo proprietário do domínio,não definida; registrar lacuna,existente,database/postgres/migrations/026_complete_typed_store_relations.sql:263
postgresql,bpm,processes,created_at,Created at,TIMESTAMPTZ,False,NOW(),False,False,,não classificado automaticamente,política v1; nenhuma regra automática aplicável,avaliar pelo proprietário do domínio,avaliar pelo proprietário do domínio,não definida; registrar lacuna,existente,database/postgres/migrations/026_complete_typed_store_relations.sql:264
postgresql,bpm,processes,updated_at,Updated at,TIMESTAMPTZ,False,NOW(),False,False,,não classificado automaticamente,política v1; nenhuma regra automática aplicável,avaliar pelo proprietário do domínio,avaliar pelo proprietário do domínio,não definida; registrar lacuna,existente,database/postgres/migrations/026_complete_typed_store_relations.sql:265
postgresql,bpm,processes,deleted_at,Deleted at,TIMESTAMPTZ,True,,False,False,,não classificado automaticamente,política v1; nenhuma regra automática aplicável,avaliar pelo proprietário do domínio,avaliar pelo proprietário do domínio,não definida; registrar lacuna,existente,database/postgres/migrations/026_complete_typed_store_relations.sql:266
postgresql,bpm,processes,created_by,Created by,UUID,True,,False,False,identity.users.id,pseudônimo vinculável,política v1 categoria identidade_relacional; padrões: created_by,controle de acesso e segregação por tenant; criptografia do banco,não expor identificadores internos sem necessidade,acompanha entidade e trilha de auditoria com política de anonimização,existente,database/postgres/migrations/026_complete_typed_store_relations.sql:267
postgresql,bpm,processes,updated_by,Updated by,UUID,True,,False,False,identity.users.id,pseudônimo vinculável,política v1 categoria identidade_relacional; padrões: updated_by,controle de acesso e segregação por tenant; criptografia do banco,não expor identificadores internos sem necessidade,acompanha entidade e trilha de auditoria com política de anonimização,existente,database/postgres/migrations/026_complete_typed_store_relations.sql:268
postgresql,bpm,processes,idempotency_key,Idempotency key,VARCHAR(160),True,,False,True,,não classificado automaticamente,política v1; nenhuma regra automática aplicável,avaliar pelo proprietário do domínio,avaliar pelo proprietário do domínio,não definida; registrar lacuna,existente,database/postgres/migrations/026_complete_typed_store_relations.sql:269
postgresql,bpm,tasks,id,Id,UUID,False,gen_random_uuid(),True,False,,não classificado automaticamente,política v1; nenhuma regra automática aplicável,avaliar pelo proprietário do domínio,avaliar pelo proprietário do domínio,não definida; registrar lacuna,existente,database/postgres/migrations/026_complete_typed_store_relations.sql:274
postgresql,bpm,tasks,user_id,User id,UUID,False,,False,False,identity.users.id,pseudônimo vinculável,política v1 categoria identidade_relacional; padrões: user_id,controle de acesso e segregação por tenant; criptografia do banco,não expor identificadores internos sem necessidade,acompanha entidade e trilha de auditoria com política de anonimização,existente,database/postgres/migrations/026_complete_typed_store_relations.sql:275
postgresql,bpm,tasks,company_id,Company id,UUID,True,,False,False,,não classificado automaticamente,política v1; nenhuma regra automática aplicável,avaliar pelo proprietário do domínio,avaliar pelo proprietário do domínio,não definida; registrar lacuna,existente,database/postgres/migrations/026_complete_typed_store_relations.sql:276
postgresql,bpm,tasks,status,Status,VARCHAR(40),False,'draft',False,False,,não classificado automaticamente,política v1; nenhuma regra automática aplicável,avaliar pelo proprietário do domínio,avaliar pelo proprietário do domínio,não definida; registrar lacuna,existente,database/postgres/migrations/026_complete_typed_store_relations.sql:277
postgresql,bpm,tasks,metadata,Metadata,JSONB,False,'{}'::jsonb,False,False,,não classificado automaticamente,política v1; nenhuma regra automática aplicável,avaliar pelo proprietário do domínio,avaliar pelo proprietário do domínio,não definida; registrar lacuna,existente,database/postgres/migrations/026_complete_typed_store_relations.sql:278
postgresql,bpm,tasks,created_at,Created at,TIMESTAMPTZ,False,NOW(),False,False,,não classificado automaticamente,política v1; nenhuma regra automática aplicável,avaliar pelo proprietário do domínio,avaliar pelo proprietário do domínio,não definida; registrar lacuna,existente,database/postgres/migrations/026_complete_typed_store_relations.sql:279
postgresql,bpm,tasks,updated_at,Updated at,TIMESTAMPTZ,False,NOW(),False,False,,não classificado automaticamente,política v1; nenhuma regra automática aplicável,avaliar pelo proprietário do domínio,avaliar pelo proprietário do domínio,não definida; registrar lacuna,existente,database/postgres/migrations/026_complete_typed_store_relations.sql:280
postgresql,bpm,tasks,deleted_at,Deleted at,TIMESTAMPTZ,True,,False,False,,não classificado automaticamente,política v1; nenhuma regra automática aplicável,avaliar pelo proprietário do domínio,avaliar pelo proprietário do domínio,não definida; registrar lacuna,existente,database/postgres/migrations/026_complete_typed_store_relations.sql:281
postgresql,bpm,tasks,created_by,Created by,UUID,True,,False,False,identity.users.id,pseudônimo vinculável,política v1 categoria identidade_relacional; padrões: created_by,controle de acesso e segregação por tenant; criptografia do banco,não expor identificadores internos sem necessidade,acompanha entidade e trilha de auditoria com política de anonimização,existente,database/postgres/migrations/026_complete_typed_store_relations.sql:282
postgresql,bpm,tasks,updated_by,Updated by,UUID,True,,False,False,identity.users.id,pseudônimo vinculável,política v1 categoria identidade_relacional; padrões: updated_by,controle de acesso e segregação por tenant; criptografia do banco,não expor identificadores internos sem necessidade,acompanha entidade e trilha de auditoria com política de anonimização,existente,database/postgres/migrations/026_complete_typed_store_relations.sql:283
postgresql,bpm,tasks,idempotency_key,Idempotency key,VARCHAR(160),True,,False,True,,não classificado automaticamente,política v1; nenhuma regra automática aplicável,avaliar pelo proprietário do domínio,avaliar pelo proprietário do domínio,não definida; registrar lacuna,existente,database/postgres/migrations/026_complete_typed_store_relations.sql:284
postgresql,bpm,sla_policies,id,Id,UUID,False,gen_random_uuid(),True,False,,não classificado automaticamente,política v1; nenhuma regra automática aplicável,avaliar pelo proprietário do domínio,avaliar pelo proprietário do domínio,não definida; registrar lacuna,existente,database/postgres/migrations/026_complete_typed_store_relations.sql:289
postgresql,bpm,sla_policies,user_id,User id,UUID,False,,False,False,identity.users.id,pseudônimo vinculável,política v1 categoria identidade_relacional; padrões: user_id,controle de acesso e segregação por tenant; criptografia do banco,não expor identificadores internos sem necessidade,acompanha entidade e trilha de auditoria com política de anonimização,existente,database/postgres/migrations/026_complete_typed_store_relations.sql:290
postgresql,bpm,sla_policies,company_id,Company id,UUID,True,,False,False,,não classificado automaticamente,política v1; nenhuma regra automática aplicável,avaliar pelo proprietário do domínio,avaliar pelo proprietário do domínio,não definida; registrar lacuna,existente,database/postgres/migrations/026_complete_typed_store_relations.sql:291
postgresql,bpm,sla_policies,status,Status,VARCHAR(40),False,'draft',False,False,,não classificado automaticamente,política v1; nenhuma regra automática aplicável,avaliar pelo proprietário do domínio,avaliar pelo proprietário do domínio,não definida; registrar lacuna,existente,database/postgres/migrations/026_complete_typed_store_relations.sql:292
postgresql,bpm,sla_policies,metadata,Metadata,JSONB,False,'{}'::jsonb,False,False,,não classificado automaticamente,política v1; nenhuma regra automática aplicável,avaliar pelo proprietário do domínio,avaliar pelo proprietário do domínio,não definida; registrar lacuna,existente,database/postgres/migrations/026_complete_typed_store_relations.sql:293
postgresql,bpm,sla_policies,created_at,Created at,TIMESTAMPTZ,False,NOW(),False,False,,não classificado automaticamente,política v1; nenhuma regra automática aplicável,avaliar pelo proprietário do domínio,avaliar pelo proprietário do domínio,não definida; registrar lacuna,existente,database/postgres/migrations/026_complete_typed_store_relations.sql:294
postgresql,bpm,sla_policies,updated_at,Updated at,TIMESTAMPTZ,False,NOW(),False,False,,não classificado automaticamente,política v1; nenhuma regra automática aplicável,avaliar pelo proprietário do domínio,avaliar pelo proprietário do domínio,não definida; registrar lacuna,existente,database/postgres/migrations/026_complete_typed_store_relations.sql:295
postgresql,bpm,sla_policies,deleted_at,Deleted at,TIMESTAMPTZ,True,,False,False,,não classificado automaticamente,política v1; nenhuma regra automática aplicável,avaliar pelo proprietário do domínio,avaliar pelo proprietário do domínio,não definida; registrar lacuna,existente,database/postgres/migrations/026_complete_typed_store_relations.sql:296
postgresql,bpm,sla_policies,created_by,Created by,UUID,True,,False,False,identity.users.id,pseudônimo vinculável,política v1 categoria identidade_relacional; padrões: created_by,controle de acesso e segregação por tenant; criptografia do banco,não expor identificadores internos sem necessidade,acompanha entidade e trilha de auditoria com política de anonimização,existente,database/postgres/migrations/026_complete_typed_store_relations.sql:297
postgresql,bpm,sla_policies,updated_by,Updated by,UUID,True,,False,False,identity.users.id,pseudônimo vinculável,política v1 categoria identidade_relacional; padrões: updated_by,controle de acesso e segregação por tenant; criptografia do banco,não expor identificadores internos sem necessidade,acompanha entidade e trilha de auditoria com política de anonimização,existente,database/postgres/migrations/026_complete_typed_store_relations.sql:298
postgresql,bpm,sla_policies,idempotency_key,Idempotency key,VARCHAR(160),True,,False,True,,não classificado automaticamente,política v1; nenhuma regra automática aplicável,avaliar pelo proprietário do domínio,avaliar pelo proprietário do domínio,não definida; registrar lacuna,existente,database/postgres/migrations/026_complete_typed_store_relations.sql:299
postgresql,document,folders,id,Id,UUID,False,gen_random_uuid(),True,False,,não classificado automaticamente,política v1; nenhuma regra automática aplicável,avaliar pelo proprietário do domínio,avaliar pelo proprietário do domínio,não definida; registrar lacuna,existente,database/postgres/migrations/026_complete_typed_store_relations.sql:304
postgresql,document,folders,user_id,User id,UUID,False,,False,False,identity.users.id,pseudônimo vinculável,política v1 categoria identidade_relacional; padrões: user_id,controle de acesso e segregação por tenant; criptografia do banco,não expor identificadores internos sem necessidade,acompanha entidade e trilha de auditoria com política de anonimização,existente,database/postgres/migrations/026_complete_typed_store_relations.sql:305
postgresql,document,folders,company_id,Company id,UUID,True,,False,False,,não classificado automaticamente,política v1; nenhuma regra automática aplicável,avaliar pelo proprietário do domínio,avaliar pelo proprietário do domínio,não definida; registrar lacuna,existente,database/postgres/migrations/026_complete_typed_store_relations.sql:306
postgresql,document,folders,status,Status,VARCHAR(40),False,'draft',False,False,,não classificado automaticamente,política v1; nenhuma regra automática aplicável,avaliar pelo proprietário do domínio,avaliar pelo proprietário do domínio,não definida; registrar lacuna,existente,database/postgres/migrations/026_complete_typed_store_relations.sql:307
postgresql,document,folders,metadata,Metadata,JSONB,False,'{}'::jsonb,False,False,,não classificado automaticamente,política v1; nenhuma regra automática aplicável,avaliar pelo proprietário do domínio,avaliar pelo proprietário do domínio,não definida; registrar lacuna,existente,database/postgres/migrations/026_complete_typed_store_relations.sql:308
postgresql,document,folders,created_at,Created at,TIMESTAMPTZ,False,NOW(),False,False,,não classificado automaticamente,política v1; nenhuma regra automática aplicável,avaliar pelo proprietário do domínio,avaliar pelo proprietário do domínio,não definida; registrar lacuna,existente,database/postgres/migrations/026_complete_typed_store_relations.sql:309
postgresql,document,folders,updated_at,Updated at,TIMESTAMPTZ,False,NOW(),False,False,,não classificado automaticamente,política v1; nenhuma regra automática aplicável,avaliar pelo proprietário do domínio,avaliar pelo proprietário do domínio,não definida; registrar lacuna,existente,database/postgres/migrations/026_complete_typed_store_relations.sql:310
postgresql,document,folders,deleted_at,Deleted at,TIMESTAMPTZ,True,,False,False,,não classificado automaticamente,política v1; nenhuma regra automática aplicável,avaliar pelo proprietário do domínio,avaliar pelo proprietário do domínio,não definida; registrar lacuna,existente,database/postgres/migrations/026_complete_typed_store_relations.sql:311
postgresql,document,folders,created_by,Created by,UUID,True,,False,False,identity.users.id,pseudônimo vinculável,política v1 categoria identidade_relacional; padrões: created_by,controle de acesso e segregação por tenant; criptografia do banco,não expor identificadores internos sem necessidade,acompanha entidade e trilha de auditoria com política de anonimização,existente,database/postgres/migrations/026_complete_typed_store_relations.sql:312
postgresql,document,folders,updated_by,Updated by,UUID,True,,False,False,identity.users.id,pseudônimo vinculável,política v1 categoria identidade_relacional; padrões: updated_by,controle de acesso e segregação por tenant; criptografia do banco,não expor identificadores internos sem necessidade,acompanha entidade e trilha de auditoria com política de anonimização,existente,database/postgres/migrations/026_complete_typed_store_relations.sql:313
postgresql,document,folders,idempotency_key,Idempotency key,VARCHAR(160),True,,False,True,,não classificado automaticamente,política v1; nenhuma regra automática aplicável,avaliar pelo proprietário do domínio,avaliar pelo proprietário do domínio,não definida; registrar lacuna,existente,database/postgres/migrations/026_complete_typed_store_relations.sql:314
postgresql,document,versions,id,Id,UUID,False,gen_random_uuid(),True,False,,não classificado automaticamente,política v1; nenhuma regra automática aplicável,avaliar pelo proprietário do domínio,avaliar pelo proprietário do domínio,não definida; registrar lacuna,existente,database/postgres/migrations/026_complete_typed_store_relations.sql:319
postgresql,document,versions,user_id,User id,UUID,False,,False,False,identity.users.id,pseudônimo vinculável,política v1 categoria identidade_relacional; padrões: user_id,controle de acesso e segregação por tenant; criptografia do banco,não expor identificadores internos sem necessidade,acompanha entidade e trilha de auditoria com política de anonimização,existente,database/postgres/migrations/026_complete_typed_store_relations.sql:320
postgresql,document,versions,company_id,Company id,UUID,True,,False,False,,não classificado automaticamente,política v1; nenhuma regra automática aplicável,avaliar pelo proprietário do domínio,avaliar pelo proprietário do domínio,não definida; registrar lacuna,existente,database/postgres/migrations/026_complete_typed_store_relations.sql:321
postgresql,document,versions,status,Status,VARCHAR(40),False,'draft',False,False,,não classificado automaticamente,política v1; nenhuma regra automática aplicável,avaliar pelo proprietário do domínio,avaliar pelo proprietário do domínio,não definida; registrar lacuna,existente,database/postgres/migrations/026_complete_typed_store_relations.sql:322
postgresql,document,versions,metadata,Metadata,JSONB,False,'{}'::jsonb,False,False,,não classificado automaticamente,política v1; nenhuma regra automática aplicável,avaliar pelo proprietário do domínio,avaliar pelo proprietário do domínio,não definida; registrar lacuna,existente,database/postgres/migrations/026_complete_typed_store_relations.sql:323
postgresql,document,versions,created_at,Created at,TIMESTAMPTZ,False,NOW(),False,False,,não classificado automaticamente,política v1; nenhuma regra automática aplicável,avaliar pelo proprietário do domínio,avaliar pelo proprietário do domínio,não definida; registrar lacuna,existente,database/postgres/migrations/026_complete_typed_store_relations.sql:324
postgresql,document,versions,updated_at,Updated at,TIMESTAMPTZ,False,NOW(),False,False,,não classificado automaticamente,política v1; nenhuma regra automática aplicável,avaliar pelo proprietário do domínio,avaliar pelo proprietário do domínio,não definida; registrar lacuna,existente,database/postgres/migrations/026_complete_typed_store_relations.sql:325
postgresql,document,versions,deleted_at,Deleted at,TIMESTAMPTZ,True,,False,False,,não classificado automaticamente,política v1; nenhuma regra automática aplicável,avaliar pelo proprietário do domínio,avaliar pelo proprietário do domínio,não definida; registrar lacuna,existente,database/postgres/migrations/026_complete_typed_store_relations.sql:326
postgresql,document,versions,created_by,Created by,UUID,True,,False,False,identity.users.id,pseudônimo vinculável,política v1 categoria identidade_relacional; padrões: created_by,controle de acesso e segregação por tenant; criptografia do banco,não expor identificadores internos sem necessidade,acompanha entidade e trilha de auditoria com política de anonimização,existente,database/postgres/migrations/026_complete_typed_store_relations.sql:327
postgresql,document,versions,updated_by,Updated by,UUID,True,,False,False,identity.users.id,pseudônimo vinculável,política v1 categoria identidade_relacional; padrões: updated_by,controle de acesso e segregação por tenant; criptografia do banco,não expor identificadores internos sem necessidade,acompanha entidade e trilha de auditoria com política de anonimização,existente,database/postgres/migrations/026_complete_typed_store_relations.sql:328
postgresql,document,versions,idempotency_key,Idempotency key,VARCHAR(160),True,,False,True,,não classificado automaticamente,política v1; nenhuma regra automática aplicável,avaliar pelo proprietário do domínio,avaliar pelo proprietário do domínio,não definida; registrar lacuna,existente,database/postgres/migrations/026_complete_typed_store_relations.sql:329
postgresql,document,retention_policies,id,Id,UUID,False,gen_random_uuid(),True,False,,não classificado automaticamente,política v1; nenhuma regra automática aplicável,avaliar pelo proprietário do domínio,avaliar pelo proprietário do domínio,não definida; registrar lacuna,existente,database/postgres/migrations/026_complete_typed_store_relations.sql:334
postgresql,document,retention_policies,user_id,User id,UUID,False,,False,False,identity.users.id,pseudônimo vinculável,política v1 categoria identidade_relacional; padrões: user_id,controle de acesso e segregação por tenant; criptografia do banco,não expor identificadores internos sem necessidade,acompanha entidade e trilha de auditoria com política de anonimização,existente,database/postgres/migrations/026_complete_typed_store_relations.sql:335
postgresql,document,retention_policies,company_id,Company id,UUID,True,,False,False,,não classificado automaticamente,política v1; nenhuma regra automática aplicável,avaliar pelo proprietário do domínio,avaliar pelo proprietário do domínio,não definida; registrar lacuna,existente,database/postgres/migrations/026_complete_typed_store_relations.sql:336
postgresql,document,retention_policies,status,Status,VARCHAR(40),False,'draft',False,False,,não classificado automaticamente,política v1; nenhuma regra automática aplicável,avaliar pelo proprietário do domínio,avaliar pelo proprietário do domínio,não definida; registrar lacuna,existente,database/postgres/migrations/026_complete_typed_store_relations.sql:337
postgresql,document,retention_policies,metadata,Metadata,JSONB,False,'{}'::jsonb,False,False,,não classificado automaticamente,política v1; nenhuma regra automática aplicável,avaliar pelo proprietário do domínio,avaliar pelo proprietário do domínio,não definida; registrar lacuna,existente,database/postgres/migrations/026_complete_typed_store_relations.sql:338
postgresql,document,retention_policies,created_at,Created at,TIMESTAMPTZ,False,NOW(),False,False,,não classificado automaticamente,política v1; nenhuma regra automática aplicável,avaliar pelo proprietário do domínio,avaliar pelo proprietário do domínio,não definida; registrar lacuna,existente,database/postgres/migrations/026_complete_typed_store_relations.sql:339
postgresql,document,retention_policies,updated_at,Updated at,TIMESTAMPTZ,False,NOW(),False,False,,não classificado automaticamente,política v1; nenhuma regra automática aplicável,avaliar pelo proprietário do domínio,avaliar pelo proprietário do domínio,não definida; registrar lacuna,existente,database/postgres/migrations/026_complete_typed_store_relations.sql:340
postgresql,document,retention_policies,deleted_at,Deleted at,TIMESTAMPTZ,True,,False,False,,não classificado automaticamente,política v1; nenhuma regra automática aplicável,avaliar pelo proprietário do domínio,avaliar pelo proprietário do domínio,não definida; registrar lacuna,existente,database/postgres/migrations/026_complete_typed_store_relations.sql:341
postgresql,document,retention_policies,created_by,Created by,UUID,True,,False,False,identity.users.id,pseudônimo vinculável,política v1 categoria identidade_relacional; padrões: created_by,controle de acesso e segregação por tenant; criptografia do banco,não expor identificadores internos sem necessidade,acompanha entidade e trilha de auditoria com política de anonimização,existente,database/postgres/migrations/026_complete_typed_store_relations.sql:342
postgresql,document,retention_policies,updated_by,Updated by,UUID,True,,False,False,identity.users.id,pseudônimo vinculável,política v1 categoria identidade_relacional; padrões: updated_by,controle de acesso e segregação por tenant; criptografia do banco,não expor identificadores internos sem necessidade,acompanha entidade e trilha de auditoria com política de anonimização,existente,database/postgres/migrations/026_complete_typed_store_relations.sql:343
postgresql,document,retention_policies,idempotency_key,Idempotency key,VARCHAR(160),True,,False,True,,não classificado automaticamente,política v1; nenhuma regra automática aplicável,avaliar pelo proprietário do domínio,avaliar pelo proprietário do domínio,não definida; registrar lacuna,existente,database/postgres/migrations/026_complete_typed_store_relations.sql:344
postgresql,hr,payroll_runs,id,Id,UUID,False,gen_random_uuid(),True,False,,não classificado automaticamente,política v1; nenhuma regra automática aplicável,avaliar pelo proprietário do domínio,avaliar pelo proprietário do domínio,não definida; registrar lacuna,existente,database/postgres/migrations/026_complete_typed_store_relations.sql:349
postgresql,hr,payroll_runs,user_id,User id,UUID,False,,False,False,identity.users.id,pseudônimo vinculável,política v1 categoria identidade_relacional; padrões: user_id,controle de acesso e segregação por tenant; criptografia do banco,não expor identificadores internos sem necessidade,acompanha entidade e trilha de auditoria com política de anonimização,existente,database/postgres/migrations/026_complete_typed_store_relations.sql:350
postgresql,hr,payroll_runs,company_id,Company id,UUID,True,,False,False,,não classificado automaticamente,política v1; nenhuma regra automática aplicável,avaliar pelo proprietário do domínio,avaliar pelo proprietário do domínio,não definida; registrar lacuna,existente,database/postgres/migrations/026_complete_typed_store_relations.sql:351
postgresql,hr,payroll_runs,status,Status,VARCHAR(40),False,'draft',False,False,,não classificado automaticamente,política v1; nenhuma regra automática aplicável,avaliar pelo proprietário do domínio,avaliar pelo proprietário do domínio,não definida; registrar lacuna,existente,database/postgres/migrations/026_complete_typed_store_relations.sql:352
postgresql,hr,payroll_runs,metadata,Metadata,JSONB,False,'{}'::jsonb,False,False,,não classificado automaticamente,política v1; nenhuma regra automática aplicável,avaliar pelo proprietário do domínio,avaliar pelo proprietário do domínio,não definida; registrar lacuna,existente,database/postgres/migrations/026_complete_typed_store_relations.sql:353
postgresql,hr,payroll_runs,created_at,Created at,TIMESTAMPTZ,False,NOW(),False,False,,não classificado automaticamente,política v1; nenhuma regra automática aplicável,avaliar pelo proprietário do domínio,avaliar pelo proprietário do domínio,não definida; registrar lacuna,existente,database/postgres/migrations/026_complete_typed_store_relations.sql:354
postgresql,hr,payroll_runs,updated_at,Updated at,TIMESTAMPTZ,False,NOW(),False,False,,não classificado automaticamente,política v1; nenhuma regra automática aplicável,avaliar pelo proprietário do domínio,avaliar pelo proprietário do domínio,não definida; registrar lacuna,existente,database/postgres/migrations/026_complete_typed_store_relations.sql:355
postgresql,hr,payroll_runs,deleted_at,Deleted at,TIMESTAMPTZ,True,,False,False,,não classificado automaticamente,política v1; nenhuma regra automática aplicável,avaliar pelo proprietário do domínio,avaliar pelo proprietário do domínio,não definida; registrar lacuna,existente,database/postgres/migrations/026_complete_typed_store_relations.sql:356
postgresql,hr,payroll_runs,created_by,Created by,UUID,True,,False,False,identity.users.id,pseudônimo vinculável,política v1 categoria identidade_relacional; padrões: created_by,controle de acesso e segregação por tenant; criptografia do banco,não expor identificadores internos sem necessidade,acompanha entidade e trilha de auditoria com política de anonimização,existente,database/postgres/migrations/026_complete_typed_store_relations.sql:357
postgresql,hr,payroll_runs,updated_by,Updated by,UUID,True,,False,False,identity.users.id,pseudônimo vinculável,política v1 categoria identidade_relacional; padrões: updated_by,controle de acesso e segregação por tenant; criptografia do banco,não expor identificadores internos sem necessidade,acompanha entidade e trilha de auditoria com política de anonimização,existente,database/postgres/migrations/026_complete_typed_store_relations.sql:358
postgresql,hr,payroll_runs,idempotency_key,Idempotency key,VARCHAR(160),True,,False,True,,não classificado automaticamente,política v1; nenhuma regra automática aplicável,avaliar pelo proprietário do domínio,avaliar pelo proprietário do domínio,não definida; registrar lacuna,existente,database/postgres/migrations/026_complete_typed_store_relations.sql:359
postgresql,hr,candidates,id,Id,UUID,False,gen_random_uuid(),True,False,,não classificado automaticamente,política v1; nenhuma regra automática aplicável,avaliar pelo proprietário do domínio,avaliar pelo proprietário do domínio,não definida; registrar lacuna,existente,database/postgres/migrations/026_complete_typed_store_relations.sql:364
postgresql,hr,candidates,user_id,User id,UUID,False,,False,False,identity.users.id,pseudônimo vinculável,política v1 categoria identidade_relacional; padrões: user_id,controle de acesso e segregação por tenant; criptografia do banco,não expor identificadores internos sem necessidade,acompanha entidade e trilha de auditoria com política de anonimização,existente,database/postgres/migrations/026_complete_typed_store_relations.sql:365
postgresql,hr,candidates,company_id,Company id,UUID,True,,False,False,,não classificado automaticamente,política v1; nenhuma regra automática aplicável,avaliar pelo proprietário do domínio,avaliar pelo proprietário do domínio,não definida; registrar lacuna,existente,database/postgres/migrations/026_complete_typed_store_relations.sql:366
postgresql,hr,candidates,status,Status,VARCHAR(40),False,'draft',False,False,,não classificado automaticamente,política v1; nenhuma regra automática aplicável,avaliar pelo proprietário do domínio,avaliar pelo proprietário do domínio,não definida; registrar lacuna,existente,database/postgres/migrations/026_complete_typed_store_relations.sql:367
postgresql,hr,candidates,metadata,Metadata,JSONB,False,'{}'::jsonb,False,False,,não classificado automaticamente,política v1; nenhuma regra automática aplicável,avaliar pelo proprietário do domínio,avaliar pelo proprietário do domínio,não definida; registrar lacuna,existente,database/postgres/migrations/026_complete_typed_store_relations.sql:368
postgresql,hr,candidates,created_at,Created at,TIMESTAMPTZ,False,NOW(),False,False,,não classificado automaticamente,política v1; nenhuma regra automática aplicável,avaliar pelo proprietário do domínio,avaliar pelo proprietário do domínio,não definida; registrar lacuna,existente,database/postgres/migrations/026_complete_typed_store_relations.sql:369
postgresql,hr,candidates,updated_at,Updated at,TIMESTAMPTZ,False,NOW(),False,False,,não classificado automaticamente,política v1; nenhuma regra automática aplicável,avaliar pelo proprietário do domínio,avaliar pelo proprietário do domínio,não definida; registrar lacuna,existente,database/postgres/migrations/026_complete_typed_store_relations.sql:370
postgresql,hr,candidates,deleted_at,Deleted at,TIMESTAMPTZ,True,,False,False,,não classificado automaticamente,política v1; nenhuma regra automática aplicável,avaliar pelo proprietário do domínio,avaliar pelo proprietário do domínio,não definida; registrar lacuna,existente,database/postgres/migrations/026_complete_typed_store_relations.sql:371
postgresql,hr,candidates,created_by,Created by,UUID,True,,False,False,identity.users.id,pseudônimo vinculável,política v1 categoria identidade_relacional; padrões: created_by,controle de acesso e segregação por tenant; criptografia do banco,não expor identificadores internos sem necessidade,acompanha entidade e trilha de auditoria com política de anonimização,existente,database/postgres/migrations/026_complete_typed_store_relations.sql:372
postgresql,hr,candidates,updated_by,Updated by,UUID,True,,False,False,identity.users.id,pseudônimo vinculável,política v1 categoria identidade_relacional; padrões: updated_by,controle de acesso e segregação por tenant; criptografia do banco,não expor identificadores internos sem necessidade,acompanha entidade e trilha de auditoria com política de anonimização,existente,database/postgres/migrations/026_complete_typed_store_relations.sql:373
postgresql,hr,candidates,idempotency_key,Idempotency key,VARCHAR(160),True,,False,True,,não classificado automaticamente,política v1; nenhuma regra automática aplicável,avaliar pelo proprietário do domínio,avaliar pelo proprietário do domínio,não definida; registrar lacuna,existente,database/postgres/migrations/026_complete_typed_store_relations.sql:374
postgresql,hr,courses,id,Id,UUID,False,gen_random_uuid(),True,False,,não classificado automaticamente,política v1; nenhuma regra automática aplicável,avaliar pelo proprietário do domínio,avaliar pelo proprietário do domínio,não definida; registrar lacuna,existente,database/postgres/migrations/026_complete_typed_store_relations.sql:379
postgresql,hr,courses,user_id,User id,UUID,False,,False,False,identity.users.id,pseudônimo vinculável,política v1 categoria identidade_relacional; padrões: user_id,controle de acesso e segregação por tenant; criptografia do banco,não expor identificadores internos sem necessidade,acompanha entidade e trilha de auditoria com política de anonimização,existente,database/postgres/migrations/026_complete_typed_store_relations.sql:380
postgresql,hr,courses,company_id,Company id,UUID,True,,False,False,,não classificado automaticamente,política v1; nenhuma regra automática aplicável,avaliar pelo proprietário do domínio,avaliar pelo proprietário do domínio,não definida; registrar lacuna,existente,database/postgres/migrations/026_complete_typed_store_relations.sql:381
postgresql,hr,courses,status,Status,VARCHAR(40),False,'draft',False,False,,não classificado automaticamente,política v1; nenhuma regra automática aplicável,avaliar pelo proprietário do domínio,avaliar pelo proprietário do domínio,não definida; registrar lacuna,existente,database/postgres/migrations/026_complete_typed_store_relations.sql:382
postgresql,hr,courses,metadata,Metadata,JSONB,False,'{}'::jsonb,False,False,,não classificado automaticamente,política v1; nenhuma regra automática aplicável,avaliar pelo proprietário do domínio,avaliar pelo proprietário do domínio,não definida; registrar lacuna,existente,database/postgres/migrations/026_complete_typed_store_relations.sql:383
postgresql,hr,courses,created_at,Created at,TIMESTAMPTZ,False,NOW(),False,False,,não classificado automaticamente,política v1; nenhuma regra automática aplicável,avaliar pelo proprietário do domínio,avaliar pelo proprietário do domínio,não definida; registrar lacuna,existente,database/postgres/migrations/026_complete_typed_store_relations.sql:384
postgresql,hr,courses,updated_at,Updated at,TIMESTAMPTZ,False,NOW(),False,False,,não classificado automaticamente,política v1; nenhuma regra automática aplicável,avaliar pelo proprietário do domínio,avaliar pelo proprietário do domínio,não definida; registrar lacuna,existente,database/postgres/migrations/026_complete_typed_store_relations.sql:385
postgresql,hr,courses,deleted_at,Deleted at,TIMESTAMPTZ,True,,False,False,,não classificado automaticamente,política v1; nenhuma regra automática aplicável,avaliar pelo proprietário do domínio,avaliar pelo proprietário do domínio,não definida; registrar lacuna,existente,database/postgres/migrations/026_complete_typed_store_relations.sql:386
postgresql,hr,courses,created_by,Created by,UUID,True,,False,False,identity.users.id,pseudônimo vinculável,política v1 categoria identidade_relacional; padrões: created_by,controle de acesso e segregação por tenant; criptografia do banco,não expor identificadores internos sem necessidade,acompanha entidade e trilha de auditoria com política de anonimização,existente,database/postgres/migrations/026_complete_typed_store_relations.sql:387
postgresql,hr,courses,updated_by,Updated by,UUID,True,,False,False,identity.users.id,pseudônimo vinculável,política v1 categoria identidade_relacional; padrões: updated_by,controle de acesso e segregação por tenant; criptografia do banco,não expor identificadores internos sem necessidade,acompanha entidade e trilha de auditoria com política de anonimização,existente,database/postgres/migrations/026_complete_typed_store_relations.sql:388
postgresql,hr,courses,idempotency_key,Idempotency key,VARCHAR(160),True,,False,True,,não classificado automaticamente,política v1; nenhuma regra automática aplicável,avaliar pelo proprietário do domínio,avaliar pelo proprietário do domínio,não definida; registrar lacuna,existente,database/postgres/migrations/026_complete_typed_store_relations.sql:389
postgresql,hr,occupational_records,id,Id,UUID,False,gen_random_uuid(),True,False,,não classificado automaticamente,política v1; nenhuma regra automática aplicável,avaliar pelo proprietário do domínio,avaliar pelo proprietário do domínio,não definida; registrar lacuna,existente,database/postgres/migrations/026_complete_typed_store_relations.sql:394
postgresql,hr,occupational_records,user_id,User id,UUID,False,,False,False,identity.users.id,pseudônimo vinculável,política v1 categoria identidade_relacional; padrões: user_id,controle de acesso e segregação por tenant; criptografia do banco,não expor identificadores internos sem necessidade,acompanha entidade e trilha de auditoria com política de anonimização,existente,database/postgres/migrations/026_complete_typed_store_relations.sql:395
postgresql,hr,occupational_records,company_id,Company id,UUID,True,,False,False,,não classificado automaticamente,política v1; nenhuma regra automática aplicável,avaliar pelo proprietário do domínio,avaliar pelo proprietário do domínio,não definida; registrar lacuna,existente,database/postgres/migrations/026_complete_typed_store_relations.sql:396
postgresql,hr,occupational_records,status,Status,VARCHAR(40),False,'draft',False,False,,não classificado automaticamente,política v1; nenhuma regra automática aplicável,avaliar pelo proprietário do domínio,avaliar pelo proprietário do domínio,não definida; registrar lacuna,existente,database/postgres/migrations/026_complete_typed_store_relations.sql:397
postgresql,hr,occupational_records,metadata,Metadata,JSONB,False,'{}'::jsonb,False,False,,não classificado automaticamente,política v1; nenhuma regra automática aplicável,avaliar pelo proprietário do domínio,avaliar pelo proprietário do domínio,não definida; registrar lacuna,existente,database/postgres/migrations/026_complete_typed_store_relations.sql:398
postgresql,hr,occupational_records,created_at,Created at,TIMESTAMPTZ,False,NOW(),False,False,,não classificado automaticamente,política v1; nenhuma regra automática aplicável,avaliar pelo proprietário do domínio,avaliar pelo proprietário do domínio,não definida; registrar lacuna,existente,database/postgres/migrations/026_complete_typed_store_relations.sql:399
postgresql,hr,occupational_records,updated_at,Updated at,TIMESTAMPTZ,False,NOW(),False,False,,não classificado automaticamente,política v1; nenhuma regra automática aplicável,avaliar pelo proprietário do domínio,avaliar pelo proprietário do domínio,não definida; registrar lacuna,existente,database/postgres/migrations/026_complete_typed_store_relations.sql:400
postgresql,hr,occupational_records,deleted_at,Deleted at,TIMESTAMPTZ,True,,False,False,,não classificado automaticamente,política v1; nenhuma regra automática aplicável,avaliar pelo proprietário do domínio,avaliar pelo proprietário do domínio,não definida; registrar lacuna,existente,database/postgres/migrations/026_complete_typed_store_relations.sql:401
postgresql,hr,occupational_records,created_by,Created by,UUID,True,,False,False,identity.users.id,pseudônimo vinculável,política v1 categoria identidade_relacional; padrões: created_by,controle de acesso e segregação por tenant; criptografia do banco,não expor identificadores internos sem necessidade,acompanha entidade e trilha de auditoria com política de anonimização,existente,database/postgres/migrations/026_complete_typed_store_relations.sql:402
postgresql,hr,occupational_records,updated_by,Updated by,UUID,True,,False,False,identity.users.id,pseudônimo vinculável,política v1 categoria identidade_relacional; padrões: updated_by,controle de acesso e segregação por tenant; criptografia do banco,não expor identificadores internos sem necessidade,acompanha entidade e trilha de auditoria com política de anonimização,existente,database/postgres/migrations/026_complete_typed_store_relations.sql:403
postgresql,hr,occupational_records,idempotency_key,Idempotency key,VARCHAR(160),True,,False,True,,não classificado automaticamente,política v1; nenhuma regra automática aplicável,avaliar pelo proprietário do domínio,avaliar pelo proprietário do domínio,não definida; registrar lacuna,existente,database/postgres/migrations/026_complete_typed_store_relations.sql:404
postgresql,health,medical_records,id,Id,UUID,False,gen_random_uuid(),True,False,,não classificado automaticamente,política v1; nenhuma regra automática aplicável,avaliar pelo proprietário do domínio,avaliar pelo proprietário do domínio,não definida; registrar lacuna,existente,database/postgres/migrations/026_complete_typed_store_relations.sql:409
postgresql,health,medical_records,user_id,User id,UUID,False,,False,False,identity.users.id,pseudônimo vinculável,política v1 categoria identidade_relacional; padrões: user_id,controle de acesso e segregação por tenant; criptografia do banco,não expor identificadores internos sem necessidade,acompanha entidade e trilha de auditoria com política de anonimização,existente,database/postgres/migrations/026_complete_typed_store_relations.sql:410
postgresql,health,medical_records,company_id,Company id,UUID,True,,False,False,,não classificado automaticamente,política v1; nenhuma regra automática aplicável,avaliar pelo proprietário do domínio,avaliar pelo proprietário do domínio,não definida; registrar lacuna,existente,database/postgres/migrations/026_complete_typed_store_relations.sql:411
postgresql,health,medical_records,status,Status,VARCHAR(40),False,'draft',False,False,,não classificado automaticamente,política v1; nenhuma regra automática aplicável,avaliar pelo proprietário do domínio,avaliar pelo proprietário do domínio,não definida; registrar lacuna,existente,database/postgres/migrations/026_complete_typed_store_relations.sql:412
postgresql,health,medical_records,metadata,Metadata,JSONB,False,'{}'::jsonb,False,False,,não classificado automaticamente,política v1; nenhuma regra automática aplicável,avaliar pelo proprietário do domínio,avaliar pelo proprietário do domínio,não definida; registrar lacuna,existente,database/postgres/migrations/026_complete_typed_store_relations.sql:413
postgresql,health,medical_records,created_at,Created at,TIMESTAMPTZ,False,NOW(),False,False,,não classificado automaticamente,política v1; nenhuma regra automática aplicável,avaliar pelo proprietário do domínio,avaliar pelo proprietário do domínio,não definida; registrar lacuna,existente,database/postgres/migrations/026_complete_typed_store_relations.sql:414
postgresql,health,medical_records,updated_at,Updated at,TIMESTAMPTZ,False,NOW(),False,False,,não classificado automaticamente,política v1; nenhuma regra automática aplicável,avaliar pelo proprietário do domínio,avaliar pelo proprietário do domínio,não definida; registrar lacuna,existente,database/postgres/migrations/026_complete_typed_store_relations.sql:415
postgresql,health,medical_records,deleted_at,Deleted at,TIMESTAMPTZ,True,,False,False,,não classificado automaticamente,política v1; nenhuma regra automática aplicável,avaliar pelo proprietário do domínio,avaliar pelo proprietário do domínio,não definida; registrar lacuna,existente,database/postgres/migrations/026_complete_typed_store_relations.sql:416
postgresql,health,medical_records,created_by,Created by,UUID,True,,False,False,identity.users.id,pseudônimo vinculável,política v1 categoria identidade_relacional; padrões: created_by,controle de acesso e segregação por tenant; criptografia do banco,não expor identificadores internos sem necessidade,acompanha entidade e trilha de auditoria com política de anonimização,existente,database/postgres/migrations/026_complete_typed_store_relations.sql:417
postgresql,health,medical_records,updated_by,Updated by,UUID,True,,False,False,identity.users.id,pseudônimo vinculável,política v1 categoria identidade_relacional; padrões: updated_by,controle de acesso e segregação por tenant; criptografia do banco,não expor identificadores internos sem necessidade,acompanha entidade e trilha de auditoria com política de anonimização,existente,database/postgres/migrations/026_complete_typed_store_relations.sql:418
postgresql,health,medical_records,idempotency_key,Idempotency key,VARCHAR(160),True,,False,True,,não classificado automaticamente,política v1; nenhuma regra automática aplicável,avaliar pelo proprietário do domínio,avaliar pelo proprietário do domínio,não definida; registrar lacuna,existente,database/postgres/migrations/026_complete_typed_store_relations.sql:419
postgresql,health,prescriptions,id,Id,UUID,False,gen_random_uuid(),True,False,,não classificado automaticamente,política v1; nenhuma regra automática aplicável,avaliar pelo proprietário do domínio,avaliar pelo proprietário do domínio,não definida; registrar lacuna,existente,database/postgres/migrations/026_complete_typed_store_relations.sql:424
postgresql,health,prescriptions,user_id,User id,UUID,False,,False,False,identity.users.id,pseudônimo vinculável,política v1 categoria identidade_relacional; padrões: user_id,controle de acesso e segregação por tenant; criptografia do banco,não expor identificadores internos sem necessidade,acompanha entidade e trilha de auditoria com política de anonimização,existente,database/postgres/migrations/026_complete_typed_store_relations.sql:425
postgresql,health,prescriptions,company_id,Company id,UUID,True,,False,False,,não classificado automaticamente,política v1; nenhuma regra automática aplicável,avaliar pelo proprietário do domínio,avaliar pelo proprietário do domínio,não definida; registrar lacuna,existente,database/postgres/migrations/026_complete_typed_store_relations.sql:426
postgresql,health,prescriptions,status,Status,VARCHAR(40),False,'draft',False,False,,não classificado automaticamente,política v1; nenhuma regra automática aplicável,avaliar pelo proprietário do domínio,avaliar pelo proprietário do domínio,não definida; registrar lacuna,existente,database/postgres/migrations/026_complete_typed_store_relations.sql:427
postgresql,health,prescriptions,metadata,Metadata,JSONB,False,'{}'::jsonb,False,False,,não classificado automaticamente,política v1; nenhuma regra automática aplicável,avaliar pelo proprietário do domínio,avaliar pelo proprietário do domínio,não definida; registrar lacuna,existente,database/postgres/migrations/026_complete_typed_store_relations.sql:428
postgresql,health,prescriptions,created_at,Created at,TIMESTAMPTZ,False,NOW(),False,False,,não classificado automaticamente,política v1; nenhuma regra automática aplicável,avaliar pelo proprietário do domínio,avaliar pelo proprietário do domínio,não definida; registrar lacuna,existente,database/postgres/migrations/026_complete_typed_store_relations.sql:429
postgresql,health,prescriptions,updated_at,Updated at,TIMESTAMPTZ,False,NOW(),False,False,,não classificado automaticamente,política v1; nenhuma regra automática aplicável,avaliar pelo proprietário do domínio,avaliar pelo proprietário do domínio,não definida; registrar lacuna,existente,database/postgres/migrations/026_complete_typed_store_relations.sql:430
postgresql,health,prescriptions,deleted_at,Deleted at,TIMESTAMPTZ,True,,False,False,,não classificado automaticamente,política v1; nenhuma regra automática aplicável,avaliar pelo proprietário do domínio,avaliar pelo proprietário do domínio,não definida; registrar lacuna,existente,database/postgres/migrations/026_complete_typed_store_relations.sql:431
postgresql,health,prescriptions,created_by,Created by,UUID,True,,False,False,identity.users.id,pseudônimo vinculável,política v1 categoria identidade_relacional; padrões: created_by,controle de acesso e segregação por tenant; criptografia do banco,não expor identificadores internos sem necessidade,acompanha entidade e trilha de auditoria com política de anonimização,existente,database/postgres/migrations/026_complete_typed_store_relations.sql:432
postgresql,health,prescriptions,updated_by,Updated by,UUID,True,,False,False,identity.users.id,pseudônimo vinculável,política v1 categoria identidade_relacional; padrões: updated_by,controle de acesso e segregação por tenant; criptografia do banco,não expor identificadores internos sem necessidade,acompanha entidade e trilha de auditoria com política de anonimização,existente,database/postgres/migrations/026_complete_typed_store_relations.sql:433
postgresql,health,prescriptions,idempotency_key,Idempotency key,VARCHAR(160),True,,False,True,,não classificado automaticamente,política v1; nenhuma regra automática aplicável,avaliar pelo proprietário do domínio,avaliar pelo proprietário do domínio,não definida; registrar lacuna,existente,database/postgres/migrations/026_complete_typed_store_relations.sql:434
postgresql,health,beds,id,Id,UUID,False,gen_random_uuid(),True,False,,não classificado automaticamente,política v1; nenhuma regra automática aplicável,avaliar pelo proprietário do domínio,avaliar pelo proprietário do domínio,não definida; registrar lacuna,existente,database/postgres/migrations/026_complete_typed_store_relations.sql:439
postgresql,health,beds,user_id,User id,UUID,False,,False,False,identity.users.id,pseudônimo vinculável,política v1 categoria identidade_relacional; padrões: user_id,controle de acesso e segregação por tenant; criptografia do banco,não expor identificadores internos sem necessidade,acompanha entidade e trilha de auditoria com política de anonimização,existente,database/postgres/migrations/026_complete_typed_store_relations.sql:440
postgresql,health,beds,company_id,Company id,UUID,True,,False,False,,não classificado automaticamente,política v1; nenhuma regra automática aplicável,avaliar pelo proprietário do domínio,avaliar pelo proprietário do domínio,não definida; registrar lacuna,existente,database/postgres/migrations/026_complete_typed_store_relations.sql:441
postgresql,health,beds,status,Status,VARCHAR(40),False,'draft',False,False,,não classificado automaticamente,política v1; nenhuma regra automática aplicável,avaliar pelo proprietário do domínio,avaliar pelo proprietário do domínio,não definida; registrar lacuna,existente,database/postgres/migrations/026_complete_typed_store_relations.sql:442
postgresql,health,beds,metadata,Metadata,JSONB,False,'{}'::jsonb,False,False,,não classificado automaticamente,política v1; nenhuma regra automática aplicável,avaliar pelo proprietário do domínio,avaliar pelo proprietário do domínio,não definida; registrar lacuna,existente,database/postgres/migrations/026_complete_typed_store_relations.sql:443
postgresql,health,beds,created_at,Created at,TIMESTAMPTZ,False,NOW(),False,False,,não classificado automaticamente,política v1; nenhuma regra automática aplicável,avaliar pelo proprietário do domínio,avaliar pelo proprietário do domínio,não definida; registrar lacuna,existente,database/postgres/migrations/026_complete_typed_store_relations.sql:444
postgresql,health,beds,updated_at,Updated at,TIMESTAMPTZ,False,NOW(),False,False,,não classificado automaticamente,política v1; nenhuma regra automática aplicável,avaliar pelo proprietário do domínio,avaliar pelo proprietário do domínio,não definida; registrar lacuna,existente,database/postgres/migrations/026_complete_typed_store_relations.sql:445
postgresql,health,beds,deleted_at,Deleted at,TIMESTAMPTZ,True,,False,False,,não classificado automaticamente,política v1; nenhuma regra automática aplicável,avaliar pelo proprietário do domínio,avaliar pelo proprietário do domínio,não definida; registrar lacuna,existente,database/postgres/migrations/026_complete_typed_store_relations.sql:446
postgresql,health,beds,created_by,Created by,UUID,True,,False,False,identity.users.id,pseudônimo vinculável,política v1 categoria identidade_relacional; padrões: created_by,controle de acesso e segregação por tenant; criptografia do banco,não expor identificadores internos sem necessidade,acompanha entidade e trilha de auditoria com política de anonimização,existente,database/postgres/migrations/026_complete_typed_store_relations.sql:447
postgresql,health,beds,updated_by,Updated by,UUID,True,,False,False,identity.users.id,pseudônimo vinculável,política v1 categoria identidade_relacional; padrões: updated_by,controle de acesso e segregação por tenant; criptografia do banco,não expor identificadores internos sem necessidade,acompanha entidade e trilha de auditoria com política de anonimização,existente,database/postgres/migrations/026_complete_typed_store_relations.sql:448
postgresql,health,beds,idempotency_key,Idempotency key,VARCHAR(160),True,,False,True,,não classificado automaticamente,política v1; nenhuma regra automática aplicável,avaliar pelo proprietário do domínio,avaliar pelo proprietário do domínio,não definida; registrar lacuna,existente,database/postgres/migrations/026_complete_typed_store_relations.sql:449
postgresql,vision,streams,id,Id,UUID,False,gen_random_uuid(),True,False,,não classificado automaticamente,política v1; nenhuma regra automática aplicável,avaliar pelo proprietário do domínio,avaliar pelo proprietário do domínio,não definida; registrar lacuna,existente,database/postgres/migrations/026_complete_typed_store_relations.sql:454
postgresql,vision,streams,user_id,User id,UUID,False,,False,False,identity.users.id,pseudônimo vinculável,política v1 categoria identidade_relacional; padrões: user_id,controle de acesso e segregação por tenant; criptografia do banco,não expor identificadores internos sem necessidade,acompanha entidade e trilha de auditoria com política de anonimização,existente,database/postgres/migrations/026_complete_typed_store_relations.sql:455
postgresql,vision,streams,company_id,Company id,UUID,True,,False,False,,não classificado automaticamente,política v1; nenhuma regra automática aplicável,avaliar pelo proprietário do domínio,avaliar pelo proprietário do domínio,não definida; registrar lacuna,existente,database/postgres/migrations/026_complete_typed_store_relations.sql:456
postgresql,vision,streams,status,Status,VARCHAR(40),False,'draft',False,False,,não classificado automaticamente,política v1; nenhuma regra automática aplicável,avaliar pelo proprietário do domínio,avaliar pelo proprietário do domínio,não definida; registrar lacuna,existente,database/postgres/migrations/026_complete_typed_store_relations.sql:457
postgresql,vision,streams,metadata,Metadata,JSONB,False,'{}'::jsonb,False,False,,não classificado automaticamente,política v1; nenhuma regra automática aplicável,avaliar pelo proprietário do domínio,avaliar pelo proprietário do domínio,não definida; registrar lacuna,existente,database/postgres/migrations/026_complete_typed_store_relations.sql:458
postgresql,vision,streams,created_at,Created at,TIMESTAMPTZ,False,NOW(),False,False,,não classificado automaticamente,política v1; nenhuma regra automática aplicável,avaliar pelo proprietário do domínio,avaliar pelo proprietário do domínio,não definida; registrar lacuna,existente,database/postgres/migrations/026_complete_typed_store_relations.sql:459
postgresql,vision,streams,updated_at,Updated at,TIMESTAMPTZ,False,NOW(),False,False,,não classificado automaticamente,política v1; nenhuma regra automática aplicável,avaliar pelo proprietário do domínio,avaliar pelo proprietário do domínio,não definida; registrar lacuna,existente,database/postgres/migrations/026_complete_typed_store_relations.sql:460
postgresql,vision,streams,deleted_at,Deleted at,TIMESTAMPTZ,True,,False,False,,não classificado automaticamente,política v1; nenhuma regra automática aplicável,avaliar pelo proprietário do domínio,avaliar pelo proprietário do domínio,não definida; registrar lacuna,existente,database/postgres/migrations/026_complete_typed_store_relations.sql:461
postgresql,vision,streams,created_by,Created by,UUID,True,,False,False,identity.users.id,pseudônimo vinculável,política v1 categoria identidade_relacional; padrões: created_by,controle de acesso e segregação por tenant; criptografia do banco,não expor identificadores internos sem necessidade,acompanha entidade e trilha de auditoria com política de anonimização,existente,database/postgres/migrations/026_complete_typed_store_relations.sql:462
postgresql,vision,streams,updated_by,Updated by,UUID,True,,False,False,identity.users.id,pseudônimo vinculável,política v1 categoria identidade_relacional; padrões: updated_by,controle de acesso e segregação por tenant; criptografia do banco,não expor identificadores internos sem necessidade,acompanha entidade e trilha de auditoria com política de anonimização,existente,database/postgres/migrations/026_complete_typed_store_relations.sql:463
postgresql,vision,streams,idempotency_key,Idempotency key,VARCHAR(160),True,,False,True,,não classificado automaticamente,política v1; nenhuma regra automática aplicável,avaliar pelo proprietário do domínio,avaliar pelo proprietário do domínio,não definida; registrar lacuna,existente,database/postgres/migrations/026_complete_typed_store_relations.sql:464
postgresql,vision,recordings,id,Id,UUID,False,gen_random_uuid(),True,False,,não classificado automaticamente,política v1; nenhuma regra automática aplicável,avaliar pelo proprietário do domínio,avaliar pelo proprietário do domínio,não definida; registrar lacuna,existente,database/postgres/migrations/026_complete_typed_store_relations.sql:469
postgresql,vision,recordings,user_id,User id,UUID,False,,False,False,identity.users.id,pseudônimo vinculável,política v1 categoria identidade_relacional; padrões: user_id,controle de acesso e segregação por tenant; criptografia do banco,não expor identificadores internos sem necessidade,acompanha entidade e trilha de auditoria com política de anonimização,existente,database/postgres/migrations/026_complete_typed_store_relations.sql:470
postgresql,vision,recordings,company_id,Company id,UUID,True,,False,False,,não classificado automaticamente,política v1; nenhuma regra automática aplicável,avaliar pelo proprietário do domínio,avaliar pelo proprietário do domínio,não definida; registrar lacuna,existente,database/postgres/migrations/026_complete_typed_store_relations.sql:471
postgresql,vision,recordings,status,Status,VARCHAR(40),False,'draft',False,False,,não classificado automaticamente,política v1; nenhuma regra automática aplicável,avaliar pelo proprietário do domínio,avaliar pelo proprietário do domínio,não definida; registrar lacuna,existente,database/postgres/migrations/026_complete_typed_store_relations.sql:472
postgresql,vision,recordings,metadata,Metadata,JSONB,False,'{}'::jsonb,False,False,,não classificado automaticamente,política v1; nenhuma regra automática aplicável,avaliar pelo proprietário do domínio,avaliar pelo proprietário do domínio,não definida; registrar lacuna,existente,database/postgres/migrations/026_complete_typed_store_relations.sql:473
postgresql,vision,recordings,created_at,Created at,TIMESTAMPTZ,False,NOW(),False,False,,não classificado automaticamente,política v1; nenhuma regra automática aplicável,avaliar pelo proprietário do domínio,avaliar pelo proprietário do domínio,não definida; registrar lacuna,existente,database/postgres/migrations/026_complete_typed_store_relations.sql:474
postgresql,vision,recordings,updated_at,Updated at,TIMESTAMPTZ,False,NOW(),False,False,,não classificado automaticamente,política v1; nenhuma regra automática aplicável,avaliar pelo proprietário do domínio,avaliar pelo proprietário do domínio,não definida; registrar lacuna,existente,database/postgres/migrations/026_complete_typed_store_relations.sql:475
postgresql,vision,recordings,deleted_at,Deleted at,TIMESTAMPTZ,True,,False,False,,não classificado automaticamente,política v1; nenhuma regra automática aplicável,avaliar pelo proprietário do domínio,avaliar pelo proprietário do domínio,não definida; registrar lacuna,existente,database/postgres/migrations/026_complete_typed_store_relations.sql:476
postgresql,vision,recordings,created_by,Created by,UUID,True,,False,False,identity.users.id,pseudônimo vinculável,política v1 categoria identidade_relacional; padrões: created_by,controle de acesso e segregação por tenant; criptografia do banco,não expor identificadores internos sem necessidade,acompanha entidade e trilha de auditoria com política de anonimização,existente,database/postgres/migrations/026_complete_typed_store_relations.sql:477
postgresql,vision,recordings,updated_by,Updated by,UUID,True,,False,False,identity.users.id,pseudônimo vinculável,política v1 categoria identidade_relacional; padrões: updated_by,controle de acesso e segregação por tenant; criptografia do banco,não expor identificadores internos sem necessidade,acompanha entidade e trilha de auditoria com política de anonimização,existente,database/postgres/migrations/026_complete_typed_store_relations.sql:478
postgresql,vision,recordings,idempotency_key,Idempotency key,VARCHAR(160),True,,False,True,,não classificado automaticamente,política v1; nenhuma regra automática aplicável,avaliar pelo proprietário do domínio,avaliar pelo proprietário do domínio,não definida; registrar lacuna,existente,database/postgres/migrations/026_complete_typed_store_relations.sql:479
postgresql,vision,motion_alerts,id,Id,UUID,False,gen_random_uuid(),True,False,,não classificado automaticamente,política v1; nenhuma regra automática aplicável,avaliar pelo proprietário do domínio,avaliar pelo proprietário do domínio,não definida; registrar lacuna,existente,database/postgres/migrations/026_complete_typed_store_relations.sql:484
postgresql,vision,motion_alerts,user_id,User id,UUID,False,,False,False,identity.users.id,pseudônimo vinculável,política v1 categoria identidade_relacional; padrões: user_id,controle de acesso e segregação por tenant; criptografia do banco,não expor identificadores internos sem necessidade,acompanha entidade e trilha de auditoria com política de anonimização,existente,database/postgres/migrations/026_complete_typed_store_relations.sql:485
postgresql,vision,motion_alerts,company_id,Company id,UUID,True,,False,False,,não classificado automaticamente,política v1; nenhuma regra automática aplicável,avaliar pelo proprietário do domínio,avaliar pelo proprietário do domínio,não definida; registrar lacuna,existente,database/postgres/migrations/026_complete_typed_store_relations.sql:486
postgresql,vision,motion_alerts,status,Status,VARCHAR(40),False,'draft',False,False,,não classificado automaticamente,política v1; nenhuma regra automática aplicável,avaliar pelo proprietário do domínio,avaliar pelo proprietário do domínio,não definida; registrar lacuna,existente,database/postgres/migrations/026_complete_typed_store_relations.sql:487
postgresql,vision,motion_alerts,metadata,Metadata,JSONB,False,'{}'::jsonb,False,False,,não classificado automaticamente,política v1; nenhuma regra automática aplicável,avaliar pelo proprietário do domínio,avaliar pelo proprietário do domínio,não definida; registrar lacuna,existente,database/postgres/migrations/026_complete_typed_store_relations.sql:488
postgresql,vision,motion_alerts,created_at,Created at,TIMESTAMPTZ,False,NOW(),False,False,,não classificado automaticamente,política v1; nenhuma regra automática aplicável,avaliar pelo proprietário do domínio,avaliar pelo proprietário do domínio,não definida; registrar lacuna,existente,database/postgres/migrations/026_complete_typed_store_relations.sql:489
postgresql,vision,motion_alerts,updated_at,Updated at,TIMESTAMPTZ,False,NOW(),False,False,,não classificado automaticamente,política v1; nenhuma regra automática aplicável,avaliar pelo proprietário do domínio,avaliar pelo proprietário do domínio,não definida; registrar lacuna,existente,database/postgres/migrations/026_complete_typed_store_relations.sql:490
postgresql,vision,motion_alerts,deleted_at,Deleted at,TIMESTAMPTZ,True,,False,False,,não classificado automaticamente,política v1; nenhuma regra automática aplicável,avaliar pelo proprietário do domínio,avaliar pelo proprietário do domínio,não definida; registrar lacuna,existente,database/postgres/migrations/026_complete_typed_store_relations.sql:491
postgresql,vision,motion_alerts,created_by,Created by,UUID,True,,False,False,identity.users.id,pseudônimo vinculável,política v1 categoria identidade_relacional; padrões: created_by,controle de acesso e segregação por tenant; criptografia do banco,não expor identificadores internos sem necessidade,acompanha entidade e trilha de auditoria com política de anonimização,existente,database/postgres/migrations/026_complete_typed_store_relations.sql:492
postgresql,vision,motion_alerts,updated_by,Updated by,UUID,True,,False,False,identity.users.id,pseudônimo vinculável,política v1 categoria identidade_relacional; padrões: updated_by,controle de acesso e segregação por tenant; criptografia do banco,não expor identificadores internos sem necessidade,acompanha entidade e trilha de auditoria com política de anonimização,existente,database/postgres/migrations/026_complete_typed_store_relations.sql:493
postgresql,vision,motion_alerts,idempotency_key,Idempotency key,VARCHAR(160),True,,False,True,,não classificado automaticamente,política v1; nenhuma regra automática aplicável,avaliar pelo proprietário do domínio,avaliar pelo proprietário do domínio,não definida; registrar lacuna,existente,database/postgres/migrations/026_complete_typed_store_relations.sql:494
postgresql,legal,deadlines,id,Id,UUID,False,gen_random_uuid(),True,False,,não classificado automaticamente,política v1; nenhuma regra automática aplicável,avaliar pelo proprietário do domínio,avaliar pelo proprietário do domínio,não definida; registrar lacuna,existente,database/postgres/migrations/026_complete_typed_store_relations.sql:499
postgresql,legal,deadlines,user_id,User id,UUID,False,,False,False,identity.users.id,pseudônimo vinculável,política v1 categoria identidade_relacional; padrões: user_id,controle de acesso e segregação por tenant; criptografia do banco,não expor identificadores internos sem necessidade,acompanha entidade e trilha de auditoria com política de anonimização,existente,database/postgres/migrations/026_complete_typed_store_relations.sql:500
postgresql,legal,deadlines,company_id,Company id,UUID,True,,False,False,,não classificado automaticamente,política v1; nenhuma regra automática aplicável,avaliar pelo proprietário do domínio,avaliar pelo proprietário do domínio,não definida; registrar lacuna,existente,database/postgres/migrations/026_complete_typed_store_relations.sql:501
postgresql,legal,deadlines,status,Status,VARCHAR(40),False,'draft',False,False,,não classificado automaticamente,política v1; nenhuma regra automática aplicável,avaliar pelo proprietário do domínio,avaliar pelo proprietário do domínio,não definida; registrar lacuna,existente,database/postgres/migrations/026_complete_typed_store_relations.sql:502
postgresql,legal,deadlines,metadata,Metadata,JSONB,False,'{}'::jsonb,False,False,,não classificado automaticamente,política v1; nenhuma regra automática aplicável,avaliar pelo proprietário do domínio,avaliar pelo proprietário do domínio,não definida; registrar lacuna,existente,database/postgres/migrations/026_complete_typed_store_relations.sql:503
postgresql,legal,deadlines,created_at,Created at,TIMESTAMPTZ,False,NOW(),False,False,,não classificado automaticamente,política v1; nenhuma regra automática aplicável,avaliar pelo proprietário do domínio,avaliar pelo proprietário do domínio,não definida; registrar lacuna,existente,database/postgres/migrations/026_complete_typed_store_relations.sql:504
postgresql,legal,deadlines,updated_at,Updated at,TIMESTAMPTZ,False,NOW(),False,False,,não classificado automaticamente,política v1; nenhuma regra automática aplicável,avaliar pelo proprietário do domínio,avaliar pelo proprietário do domínio,não definida; registrar lacuna,existente,database/postgres/migrations/026_complete_typed_store_relations.sql:505
postgresql,legal,deadlines,deleted_at,Deleted at,TIMESTAMPTZ,True,,False,False,,não classificado automaticamente,política v1; nenhuma regra automática aplicável,avaliar pelo proprietário do domínio,avaliar pelo proprietário do domínio,não definida; registrar lacuna,existente,database/postgres/migrations/026_complete_typed_store_relations.sql:506
postgresql,legal,deadlines,created_by,Created by,UUID,True,,False,False,identity.users.id,pseudônimo vinculável,política v1 categoria identidade_relacional; padrões: created_by,controle de acesso e segregação por tenant; criptografia do banco,não expor identificadores internos sem necessidade,acompanha entidade e trilha de auditoria com política de anonimização,existente,database/postgres/migrations/026_complete_typed_store_relations.sql:507
postgresql,legal,deadlines,updated_by,Updated by,UUID,True,,False,False,identity.users.id,pseudônimo vinculável,política v1 categoria identidade_relacional; padrões: updated_by,controle de acesso e segregação por tenant; criptografia do banco,não expor identificadores internos sem necessidade,acompanha entidade e trilha de auditoria com política de anonimização,existente,database/postgres/migrations/026_complete_typed_store_relations.sql:508
postgresql,legal,deadlines,idempotency_key,Idempotency key,VARCHAR(160),True,,False,True,,não classificado automaticamente,política v1; nenhuma regra automática aplicável,avaliar pelo proprietário do domínio,avaliar pelo proprietário do domínio,não definida; registrar lacuna,existente,database/postgres/migrations/026_complete_typed_store_relations.sql:509
postgresql,legal,hearings,id,Id,UUID,False,gen_random_uuid(),True,False,,não classificado automaticamente,política v1; nenhuma regra automática aplicável,avaliar pelo proprietário do domínio,avaliar pelo proprietário do domínio,não definida; registrar lacuna,existente,database/postgres/migrations/026_complete_typed_store_relations.sql:514
postgresql,legal,hearings,user_id,User id,UUID,False,,False,False,identity.users.id,pseudônimo vinculável,política v1 categoria identidade_relacional; padrões: user_id,controle de acesso e segregação por tenant; criptografia do banco,não expor identificadores internos sem necessidade,acompanha entidade e trilha de auditoria com política de anonimização,existente,database/postgres/migrations/026_complete_typed_store_relations.sql:515
postgresql,legal,hearings,company_id,Company id,UUID,True,,False,False,,não classificado automaticamente,política v1; nenhuma regra automática aplicável,avaliar pelo proprietário do domínio,avaliar pelo proprietário do domínio,não definida; registrar lacuna,existente,database/postgres/migrations/026_complete_typed_store_relations.sql:516
postgresql,legal,hearings,status,Status,VARCHAR(40),False,'draft',False,False,,não classificado automaticamente,política v1; nenhuma regra automática aplicável,avaliar pelo proprietário do domínio,avaliar pelo proprietário do domínio,não definida; registrar lacuna,existente,database/postgres/migrations/026_complete_typed_store_relations.sql:517
postgresql,legal,hearings,metadata,Metadata,JSONB,False,'{}'::jsonb,False,False,,não classificado automaticamente,política v1; nenhuma regra automática aplicável,avaliar pelo proprietário do domínio,avaliar pelo proprietário do domínio,não definida; registrar lacuna,existente,database/postgres/migrations/026_complete_typed_store_relations.sql:518
postgresql,legal,hearings,created_at,Created at,TIMESTAMPTZ,False,NOW(),False,False,,não classificado automaticamente,política v1; nenhuma regra automática aplicável,avaliar pelo proprietário do domínio,avaliar pelo proprietário do domínio,não definida; registrar lacuna,existente,database/postgres/migrations/026_complete_typed_store_relations.sql:519
postgresql,legal,hearings,updated_at,Updated at,TIMESTAMPTZ,False,NOW(),False,False,,não classificado automaticamente,política v1; nenhuma regra automática aplicável,avaliar pelo proprietário do domínio,avaliar pelo proprietário do domínio,não definida; registrar lacuna,existente,database/postgres/migrations/026_complete_typed_store_relations.sql:520
postgresql,legal,hearings,deleted_at,Deleted at,TIMESTAMPTZ,True,,False,False,,não classificado automaticamente,política v1; nenhuma regra automática aplicável,avaliar pelo proprietário do domínio,avaliar pelo proprietário do domínio,não definida; registrar lacuna,existente,database/postgres/migrations/026_complete_typed_store_relations.sql:521
postgresql,legal,hearings,created_by,Created by,UUID,True,,False,False,identity.users.id,pseudônimo vinculável,política v1 categoria identidade_relacional; padrões: created_by,controle de acesso e segregação por tenant; criptografia do banco,não expor identificadores internos sem necessidade,acompanha entidade e trilha de auditoria com política de anonimização,existente,database/postgres/migrations/026_complete_typed_store_relations.sql:522
postgresql,legal,hearings,updated_by,Updated by,UUID,True,,False,False,identity.users.id,pseudônimo vinculável,política v1 categoria identidade_relacional; padrões: updated_by,controle de acesso e segregação por tenant; criptografia do banco,não expor identificadores internos sem necessidade,acompanha entidade e trilha de auditoria com política de anonimização,existente,database/postgres/migrations/026_complete_typed_store_relations.sql:523
postgresql,legal,hearings,idempotency_key,Idempotency key,VARCHAR(160),True,,False,True,,não classificado automaticamente,política v1; nenhuma regra automática aplicável,avaliar pelo proprietário do domínio,avaliar pelo proprietário do domínio,não definida; registrar lacuna,existente,database/postgres/migrations/026_complete_typed_store_relations.sql:524
postgresql,legal,legal_contracts,id,Id,UUID,False,gen_random_uuid(),True,False,,não classificado automaticamente,política v1; nenhuma regra automática aplicável,avaliar pelo proprietário do domínio,avaliar pelo proprietário do domínio,não definida; registrar lacuna,existente,database/postgres/migrations/026_complete_typed_store_relations.sql:529
postgresql,legal,legal_contracts,user_id,User id,UUID,False,,False,False,identity.users.id,pseudônimo vinculável,política v1 categoria identidade_relacional; padrões: user_id,controle de acesso e segregação por tenant; criptografia do banco,não expor identificadores internos sem necessidade,acompanha entidade e trilha de auditoria com política de anonimização,existente,database/postgres/migrations/026_complete_typed_store_relations.sql:530
postgresql,legal,legal_contracts,company_id,Company id,UUID,True,,False,False,,não classificado automaticamente,política v1; nenhuma regra automática aplicável,avaliar pelo proprietário do domínio,avaliar pelo proprietário do domínio,não definida; registrar lacuna,existente,database/postgres/migrations/026_complete_typed_store_relations.sql:531
postgresql,legal,legal_contracts,status,Status,VARCHAR(40),False,'draft',False,False,,não classificado automaticamente,política v1; nenhuma regra automática aplicável,avaliar pelo proprietário do domínio,avaliar pelo proprietário do domínio,não definida; registrar lacuna,existente,database/postgres/migrations/026_complete_typed_store_relations.sql:532
postgresql,legal,legal_contracts,metadata,Metadata,JSONB,False,'{}'::jsonb,False,False,,não classificado automaticamente,política v1; nenhuma regra automática aplicável,avaliar pelo proprietário do domínio,avaliar pelo proprietário do domínio,não definida; registrar lacuna,existente,database/postgres/migrations/026_complete_typed_store_relations.sql:533
postgresql,legal,legal_contracts,created_at,Created at,TIMESTAMPTZ,False,NOW(),False,False,,não classificado automaticamente,política v1; nenhuma regra automática aplicável,avaliar pelo proprietário do domínio,avaliar pelo proprietário do domínio,não definida; registrar lacuna,existente,database/postgres/migrations/026_complete_typed_store_relations.sql:534
postgresql,legal,legal_contracts,updated_at,Updated at,TIMESTAMPTZ,False,NOW(),False,False,,não classificado automaticamente,política v1; nenhuma regra automática aplicável,avaliar pelo proprietário do domínio,avaliar pelo proprietário do domínio,não definida; registrar lacuna,existente,database/postgres/migrations/026_complete_typed_store_relations.sql:535
postgresql,legal,legal_contracts,deleted_at,Deleted at,TIMESTAMPTZ,True,,False,False,,não classificado automaticamente,política v1; nenhuma regra automática aplicável,avaliar pelo proprietário do domínio,avaliar pelo proprietário do domínio,não definida; registrar lacuna,existente,database/postgres/migrations/026_complete_typed_store_relations.sql:536
postgresql,legal,legal_contracts,created_by,Created by,UUID,True,,False,False,identity.users.id,pseudônimo vinculável,política v1 categoria identidade_relacional; padrões: created_by,controle de acesso e segregação por tenant; criptografia do banco,não expor identificadores internos sem necessidade,acompanha entidade e trilha de auditoria com política de anonimização,existente,database/postgres/migrations/026_complete_typed_store_relations.sql:537
postgresql,legal,legal_contracts,updated_by,Updated by,UUID,True,,False,False,identity.users.id,pseudônimo vinculável,política v1 categoria identidade_relacional; padrões: updated_by,controle de acesso e segregação por tenant; criptografia do banco,não expor identificadores internos sem necessidade,acompanha entidade e trilha de auditoria com política de anonimização,existente,database/postgres/migrations/026_complete_typed_store_relations.sql:538
postgresql,legal,legal_contracts,idempotency_key,Idempotency key,VARCHAR(160),True,,False,True,,não classificado automaticamente,política v1; nenhuma regra automática aplicável,avaliar pelo proprietário do domínio,avaliar pelo proprietário do domínio,não definida; registrar lacuna,existente,database/postgres/migrations/026_complete_typed_store_relations.sql:539
postgresql,property,units,id,Id,UUID,False,gen_random_uuid(),True,False,,não classificado automaticamente,política v1; nenhuma regra automática aplicável,avaliar pelo proprietário do domínio,avaliar pelo proprietário do domínio,não definida; registrar lacuna,existente,database/postgres/migrations/026_complete_typed_store_relations.sql:544
postgresql,property,units,user_id,User id,UUID,False,,False,False,identity.users.id,pseudônimo vinculável,política v1 categoria identidade_relacional; padrões: user_id,controle de acesso e segregação por tenant; criptografia do banco,não expor identificadores internos sem necessidade,acompanha entidade e trilha de auditoria com política de anonimização,existente,database/postgres/migrations/026_complete_typed_store_relations.sql:545
postgresql,property,units,company_id,Company id,UUID,True,,False,False,,não classificado automaticamente,política v1; nenhuma regra automática aplicável,avaliar pelo proprietário do domínio,avaliar pelo proprietário do domínio,não definida; registrar lacuna,existente,database/postgres/migrations/026_complete_typed_store_relations.sql:546
postgresql,property,units,status,Status,VARCHAR(40),False,'draft',False,False,,não classificado automaticamente,política v1; nenhuma regra automática aplicável,avaliar pelo proprietário do domínio,avaliar pelo proprietário do domínio,não definida; registrar lacuna,existente,database/postgres/migrations/026_complete_typed_store_relations.sql:547
postgresql,property,units,metadata,Metadata,JSONB,False,'{}'::jsonb,False,False,,não classificado automaticamente,política v1; nenhuma regra automática aplicável,avaliar pelo proprietário do domínio,avaliar pelo proprietário do domínio,não definida; registrar lacuna,existente,database/postgres/migrations/026_complete_typed_store_relations.sql:548
postgresql,property,units,created_at,Created at,TIMESTAMPTZ,False,NOW(),False,False,,não classificado automaticamente,política v1; nenhuma regra automática aplicável,avaliar pelo proprietário do domínio,avaliar pelo proprietário do domínio,não definida; registrar lacuna,existente,database/postgres/migrations/026_complete_typed_store_relations.sql:549
postgresql,property,units,updated_at,Updated at,TIMESTAMPTZ,False,NOW(),False,False,,não classificado automaticamente,política v1; nenhuma regra automática aplicável,avaliar pelo proprietário do domínio,avaliar pelo proprietário do domínio,não definida; registrar lacuna,existente,database/postgres/migrations/026_complete_typed_store_relations.sql:550
postgresql,property,units,deleted_at,Deleted at,TIMESTAMPTZ,True,,False,False,,não classificado automaticamente,política v1; nenhuma regra automática aplicável,avaliar pelo proprietário do domínio,avaliar pelo proprietário do domínio,não definida; registrar lacuna,existente,database/postgres/migrations/026_complete_typed_store_relations.sql:551
postgresql,property,units,created_by,Created by,UUID,True,,False,False,identity.users.id,pseudônimo vinculável,política v1 categoria identidade_relacional; padrões: created_by,controle de acesso e segregação por tenant; criptografia do banco,não expor identificadores internos sem necessidade,acompanha entidade e trilha de auditoria com política de anonimização,existente,database/postgres/migrations/026_complete_typed_store_relations.sql:552
postgresql,property,units,updated_by,Updated by,UUID,True,,False,False,identity.users.id,pseudônimo vinculável,política v1 categoria identidade_relacional; padrões: updated_by,controle de acesso e segregação por tenant; criptografia do banco,não expor identificadores internos sem necessidade,acompanha entidade e trilha de auditoria com política de anonimização,existente,database/postgres/migrations/026_complete_typed_store_relations.sql:553
postgresql,property,units,idempotency_key,Idempotency key,VARCHAR(160),True,,False,True,,não classificado automaticamente,política v1; nenhuma regra automática aplicável,avaliar pelo proprietário do domínio,avaliar pelo proprietário do domínio,não definida; registrar lacuna,existente,database/postgres/migrations/026_complete_typed_store_relations.sql:554
postgresql,property,leases,id,Id,UUID,False,gen_random_uuid(),True,False,,não classificado automaticamente,política v1; nenhuma regra automática aplicável,avaliar pelo proprietário do domínio,avaliar pelo proprietário do domínio,não definida; registrar lacuna,existente,database/postgres/migrations/026_complete_typed_store_relations.sql:559
postgresql,property,leases,user_id,User id,UUID,False,,False,False,identity.users.id,pseudônimo vinculável,política v1 categoria identidade_relacional; padrões: user_id,controle de acesso e segregação por tenant; criptografia do banco,não expor identificadores internos sem necessidade,acompanha entidade e trilha de auditoria com política de anonimização,existente,database/postgres/migrations/026_complete_typed_store_relations.sql:560
postgresql,property,leases,company_id,Company id,UUID,True,,False,False,,não classificado automaticamente,política v1; nenhuma regra automática aplicável,avaliar pelo proprietário do domínio,avaliar pelo proprietário do domínio,não definida; registrar lacuna,existente,database/postgres/migrations/026_complete_typed_store_relations.sql:561
postgresql,property,leases,status,Status,VARCHAR(40),False,'draft',False,False,,não classificado automaticamente,política v1; nenhuma regra automática aplicável,avaliar pelo proprietário do domínio,avaliar pelo proprietário do domínio,não definida; registrar lacuna,existente,database/postgres/migrations/026_complete_typed_store_relations.sql:562
postgresql,property,leases,metadata,Metadata,JSONB,False,'{}'::jsonb,False,False,,não classificado automaticamente,política v1; nenhuma regra automática aplicável,avaliar pelo proprietário do domínio,avaliar pelo proprietário do domínio,não definida; registrar lacuna,existente,database/postgres/migrations/026_complete_typed_store_relations.sql:563
postgresql,property,leases,created_at,Created at,TIMESTAMPTZ,False,NOW(),False,False,,não classificado automaticamente,política v1; nenhuma regra automática aplicável,avaliar pelo proprietário do domínio,avaliar pelo proprietário do domínio,não definida; registrar lacuna,existente,database/postgres/migrations/026_complete_typed_store_relations.sql:564
postgresql,property,leases,updated_at,Updated at,TIMESTAMPTZ,False,NOW(),False,False,,não classificado automaticamente,política v1; nenhuma regra automática aplicável,avaliar pelo proprietário do domínio,avaliar pelo proprietário do domínio,não definida; registrar lacuna,existente,database/postgres/migrations/026_complete_typed_store_relations.sql:565
postgresql,property,leases,deleted_at,Deleted at,TIMESTAMPTZ,True,,False,False,,não classificado automaticamente,política v1; nenhuma regra automática aplicável,avaliar pelo proprietário do domínio,avaliar pelo proprietário do domínio,não definida; registrar lacuna,existente,database/postgres/migrations/026_complete_typed_store_relations.sql:566
postgresql,property,leases,created_by,Created by,UUID,True,,False,False,identity.users.id,pseudônimo vinculável,política v1 categoria identidade_relacional; padrões: created_by,controle de acesso e segregação por tenant; criptografia do banco,não expor identificadores internos sem necessidade,acompanha entidade e trilha de auditoria com política de anonimização,existente,database/postgres/migrations/026_complete_typed_store_relations.sql:567
postgresql,property,leases,updated_by,Updated by,UUID,True,,False,False,identity.users.id,pseudônimo vinculável,política v1 categoria identidade_relacional; padrões: updated_by,controle de acesso e segregação por tenant; criptografia do banco,não expor identificadores internos sem necessidade,acompanha entidade e trilha de auditoria com política de anonimização,existente,database/postgres/migrations/026_complete_typed_store_relations.sql:568
postgresql,property,leases,idempotency_key,Idempotency key,VARCHAR(160),True,,False,True,,não classificado automaticamente,política v1; nenhuma regra automática aplicável,avaliar pelo proprietário do domínio,avaliar pelo proprietário do domínio,não definida; registrar lacuna,existente,database/postgres/migrations/026_complete_typed_store_relations.sql:569
postgresql,property,assemblies,id,Id,UUID,False,gen_random_uuid(),True,False,,não classificado automaticamente,política v1; nenhuma regra automática aplicável,avaliar pelo proprietário do domínio,avaliar pelo proprietário do domínio,não definida; registrar lacuna,existente,database/postgres/migrations/026_complete_typed_store_relations.sql:574
postgresql,property,assemblies,user_id,User id,UUID,False,,False,False,identity.users.id,pseudônimo vinculável,política v1 categoria identidade_relacional; padrões: user_id,controle de acesso e segregação por tenant; criptografia do banco,não expor identificadores internos sem necessidade,acompanha entidade e trilha de auditoria com política de anonimização,existente,database/postgres/migrations/026_complete_typed_store_relations.sql:575
postgresql,property,assemblies,company_id,Company id,UUID,True,,False,False,,não classificado automaticamente,política v1; nenhuma regra automática aplicável,avaliar pelo proprietário do domínio,avaliar pelo proprietário do domínio,não definida; registrar lacuna,existente,database/postgres/migrations/026_complete_typed_store_relations.sql:576
postgresql,property,assemblies,status,Status,VARCHAR(40),False,'draft',False,False,,não classificado automaticamente,política v1; nenhuma regra automática aplicável,avaliar pelo proprietário do domínio,avaliar pelo proprietário do domínio,não definida; registrar lacuna,existente,database/postgres/migrations/026_complete_typed_store_relations.sql:577
postgresql,property,assemblies,metadata,Metadata,JSONB,False,'{}'::jsonb,False,False,,não classificado automaticamente,política v1; nenhuma regra automática aplicável,avaliar pelo proprietário do domínio,avaliar pelo proprietário do domínio,não definida; registrar lacuna,existente,database/postgres/migrations/026_complete_typed_store_relations.sql:578
postgresql,property,assemblies,created_at,Created at,TIMESTAMPTZ,False,NOW(),False,False,,não classificado automaticamente,política v1; nenhuma regra automática aplicável,avaliar pelo proprietário do domínio,avaliar pelo proprietário do domínio,não definida; registrar lacuna,existente,database/postgres/migrations/026_complete_typed_store_relations.sql:579
postgresql,property,assemblies,updated_at,Updated at,TIMESTAMPTZ,False,NOW(),False,False,,não classificado automaticamente,política v1; nenhuma regra automática aplicável,avaliar pelo proprietário do domínio,avaliar pelo proprietário do domínio,não definida; registrar lacuna,existente,database/postgres/migrations/026_complete_typed_store_relations.sql:580
postgresql,property,assemblies,deleted_at,Deleted at,TIMESTAMPTZ,True,,False,False,,não classificado automaticamente,política v1; nenhuma regra automática aplicável,avaliar pelo proprietário do domínio,avaliar pelo proprietário do domínio,não definida; registrar lacuna,existente,database/postgres/migrations/026_complete_typed_store_relations.sql:581
postgresql,property,assemblies,created_by,Created by,UUID,True,,False,False,identity.users.id,pseudônimo vinculável,política v1 categoria identidade_relacional; padrões: created_by,controle de acesso e segregação por tenant; criptografia do banco,não expor identificadores internos sem necessidade,acompanha entidade e trilha de auditoria com política de anonimização,existente,database/postgres/migrations/026_complete_typed_store_relations.sql:582
postgresql,property,assemblies,updated_by,Updated by,UUID,True,,False,False,identity.users.id,pseudônimo vinculável,política v1 categoria identidade_relacional; padrões: updated_by,controle de acesso e segregação por tenant; criptografia do banco,não expor identificadores internos sem necessidade,acompanha entidade e trilha de auditoria com política de anonimização,existente,database/postgres/migrations/026_complete_typed_store_relations.sql:583
postgresql,property,assemblies,idempotency_key,Idempotency key,VARCHAR(160),True,,False,True,,não classificado automaticamente,política v1; nenhuma regra automática aplicável,avaliar pelo proprietário do domínio,avaliar pelo proprietário do domínio,não definida; registrar lacuna,existente,database/postgres/migrations/026_complete_typed_store_relations.sql:584
postgresql,property,maintenance_orders,id,Id,UUID,False,gen_random_uuid(),True,False,,não classificado automaticamente,política v1; nenhuma regra automática aplicável,avaliar pelo proprietário do domínio,avaliar pelo proprietário do domínio,não definida; registrar lacuna,existente,database/postgres/migrations/026_complete_typed_store_relations.sql:589
postgresql,property,maintenance_orders,user_id,User id,UUID,False,,False,False,identity.users.id,pseudônimo vinculável,política v1 categoria identidade_relacional; padrões: user_id,controle de acesso e segregação por tenant; criptografia do banco,não expor identificadores internos sem necessidade,acompanha entidade e trilha de auditoria com política de anonimização,existente,database/postgres/migrations/026_complete_typed_store_relations.sql:590
postgresql,property,maintenance_orders,company_id,Company id,UUID,True,,False,False,,não classificado automaticamente,política v1; nenhuma regra automática aplicável,avaliar pelo proprietário do domínio,avaliar pelo proprietário do domínio,não definida; registrar lacuna,existente,database/postgres/migrations/026_complete_typed_store_relations.sql:591
postgresql,property,maintenance_orders,status,Status,VARCHAR(40),False,'draft',False,False,,não classificado automaticamente,política v1; nenhuma regra automática aplicável,avaliar pelo proprietário do domínio,avaliar pelo proprietário do domínio,não definida; registrar lacuna,existente,database/postgres/migrations/026_complete_typed_store_relations.sql:592
postgresql,property,maintenance_orders,metadata,Metadata,JSONB,False,'{}'::jsonb,False,False,,não classificado automaticamente,política v1; nenhuma regra automática aplicável,avaliar pelo proprietário do domínio,avaliar pelo proprietário do domínio,não definida; registrar lacuna,existente,database/postgres/migrations/026_complete_typed_store_relations.sql:593
postgresql,property,maintenance_orders,created_at,Created at,TIMESTAMPTZ,False,NOW(),False,False,,não classificado automaticamente,política v1; nenhuma regra automática aplicável,avaliar pelo proprietário do domínio,avaliar pelo proprietário do domínio,não definida; registrar lacuna,existente,database/postgres/migrations/026_complete_typed_store_relations.sql:594
postgresql,property,maintenance_orders,updated_at,Updated at,TIMESTAMPTZ,False,NOW(),False,False,,não classificado automaticamente,política v1; nenhuma regra automática aplicável,avaliar pelo proprietário do domínio,avaliar pelo proprietário do domínio,não definida; registrar lacuna,existente,database/postgres/migrations/026_complete_typed_store_relations.sql:595
postgresql,property,maintenance_orders,deleted_at,Deleted at,TIMESTAMPTZ,True,,False,False,,não classificado automaticamente,política v1; nenhuma regra automática aplicável,avaliar pelo proprietário do domínio,avaliar pelo proprietário do domínio,não definida; registrar lacuna,existente,database/postgres/migrations/026_complete_typed_store_relations.sql:596
postgresql,property,maintenance_orders,created_by,Created by,UUID,True,,False,False,identity.users.id,pseudônimo vinculável,política v1 categoria identidade_relacional; padrões: created_by,controle de acesso e segregação por tenant; criptografia do banco,não expor identificadores internos sem necessidade,acompanha entidade e trilha de auditoria com política de anonimização,existente,database/postgres/migrations/026_complete_typed_store_relations.sql:597
postgresql,property,maintenance_orders,updated_by,Updated by,UUID,True,,False,False,identity.users.id,pseudônimo vinculável,política v1 categoria identidade_relacional; padrões: updated_by,controle de acesso e segregação por tenant; criptografia do banco,não expor identificadores internos sem necessidade,acompanha entidade e trilha de auditoria com política de anonimização,existente,database/postgres/migrations/026_complete_typed_store_relations.sql:598
postgresql,property,maintenance_orders,idempotency_key,Idempotency key,VARCHAR(160),True,,False,True,,não classificado automaticamente,política v1; nenhuma regra automática aplicável,avaliar pelo proprietário do domínio,avaliar pelo proprietário do domínio,não definida; registrar lacuna,existente,database/postgres/migrations/026_complete_typed_store_relations.sql:599
postgresql,bi,datasets,id,Id,UUID,False,gen_random_uuid(),True,False,,não classificado automaticamente,política v1; nenhuma regra automática aplicável,avaliar pelo proprietário do domínio,avaliar pelo proprietário do domínio,não definida; registrar lacuna,existente,database/postgres/migrations/026_complete_typed_store_relations.sql:604
postgresql,bi,datasets,user_id,User id,UUID,False,,False,False,identity.users.id,pseudônimo vinculável,política v1 categoria identidade_relacional; padrões: user_id,controle de acesso e segregação por tenant; criptografia do banco,não expor identificadores internos sem necessidade,acompanha entidade e trilha de auditoria com política de anonimização,existente,database/postgres/migrations/026_complete_typed_store_relations.sql:605
postgresql,bi,datasets,company_id,Company id,UUID,True,,False,False,,não classificado automaticamente,política v1; nenhuma regra automática aplicável,avaliar pelo proprietário do domínio,avaliar pelo proprietário do domínio,não definida; registrar lacuna,existente,database/postgres/migrations/026_complete_typed_store_relations.sql:606
postgresql,bi,datasets,status,Status,VARCHAR(40),False,'draft',False,False,,não classificado automaticamente,política v1; nenhuma regra automática aplicável,avaliar pelo proprietário do domínio,avaliar pelo proprietário do domínio,não definida; registrar lacuna,existente,database/postgres/migrations/026_complete_typed_store_relations.sql:607
postgresql,bi,datasets,metadata,Metadata,JSONB,False,'{}'::jsonb,False,False,,não classificado automaticamente,política v1; nenhuma regra automática aplicável,avaliar pelo proprietário do domínio,avaliar pelo proprietário do domínio,não definida; registrar lacuna,existente,database/postgres/migrations/026_complete_typed_store_relations.sql:608
postgresql,bi,datasets,created_at,Created at,TIMESTAMPTZ,False,NOW(),False,False,,não classificado automaticamente,política v1; nenhuma regra automática aplicável,avaliar pelo proprietário do domínio,avaliar pelo proprietário do domínio,não definida; registrar lacuna,existente,database/postgres/migrations/026_complete_typed_store_relations.sql:609
postgresql,bi,datasets,updated_at,Updated at,TIMESTAMPTZ,False,NOW(),False,False,,não classificado automaticamente,política v1; nenhuma regra automática aplicável,avaliar pelo proprietário do domínio,avaliar pelo proprietário do domínio,não definida; registrar lacuna,existente,database/postgres/migrations/026_complete_typed_store_relations.sql:610
postgresql,bi,datasets,deleted_at,Deleted at,TIMESTAMPTZ,True,,False,False,,não classificado automaticamente,política v1; nenhuma regra automática aplicável,avaliar pelo proprietário do domínio,avaliar pelo proprietário do domínio,não definida; registrar lacuna,existente,database/postgres/migrations/026_complete_typed_store_relations.sql:611
postgresql,bi,datasets,created_by,Created by,UUID,True,,False,False,identity.users.id,pseudônimo vinculável,política v1 categoria identidade_relacional; padrões: created_by,controle de acesso e segregação por tenant; criptografia do banco,não expor identificadores internos sem necessidade,acompanha entidade e trilha de auditoria com política de anonimização,existente,database/postgres/migrations/026_complete_typed_store_relations.sql:612
postgresql,bi,datasets,updated_by,Updated by,UUID,True,,False,False,identity.users.id,pseudônimo vinculável,política v1 categoria identidade_relacional; padrões: updated_by,controle de acesso e segregação por tenant; criptografia do banco,não expor identificadores internos sem necessidade,acompanha entidade e trilha de auditoria com política de anonimização,existente,database/postgres/migrations/026_complete_typed_store_relations.sql:613
postgresql,bi,datasets,idempotency_key,Idempotency key,VARCHAR(160),True,,False,True,,não classificado automaticamente,política v1; nenhuma regra automática aplicável,avaliar pelo proprietário do domínio,avaliar pelo proprietário do domínio,não definida; registrar lacuna,existente,database/postgres/migrations/026_complete_typed_store_relations.sql:614
postgresql,bi,indicators,id,Id,UUID,False,gen_random_uuid(),True,False,,não classificado automaticamente,política v1; nenhuma regra automática aplicável,avaliar pelo proprietário do domínio,avaliar pelo proprietário do domínio,não definida; registrar lacuna,existente,database/postgres/migrations/026_complete_typed_store_relations.sql:619
postgresql,bi,indicators,user_id,User id,UUID,False,,False,False,identity.users.id,pseudônimo vinculável,política v1 categoria identidade_relacional; padrões: user_id,controle de acesso e segregação por tenant; criptografia do banco,não expor identificadores internos sem necessidade,acompanha entidade e trilha de auditoria com política de anonimização,existente,database/postgres/migrations/026_complete_typed_store_relations.sql:620
postgresql,bi,indicators,company_id,Company id,UUID,True,,False,False,,não classificado automaticamente,política v1; nenhuma regra automática aplicável,avaliar pelo proprietário do domínio,avaliar pelo proprietário do domínio,não definida; registrar lacuna,existente,database/postgres/migrations/026_complete_typed_store_relations.sql:621
postgresql,bi,indicators,status,Status,VARCHAR(40),False,'draft',False,False,,não classificado automaticamente,política v1; nenhuma regra automática aplicável,avaliar pelo proprietário do domínio,avaliar pelo proprietário do domínio,não definida; registrar lacuna,existente,database/postgres/migrations/026_complete_typed_store_relations.sql:622
postgresql,bi,indicators,metadata,Metadata,JSONB,False,'{}'::jsonb,False,False,,não classificado automaticamente,política v1; nenhuma regra automática aplicável,avaliar pelo proprietário do domínio,avaliar pelo proprietário do domínio,não definida; registrar lacuna,existente,database/postgres/migrations/026_complete_typed_store_relations.sql:623
postgresql,bi,indicators,created_at,Created at,TIMESTAMPTZ,False,NOW(),False,False,,não classificado automaticamente,política v1; nenhuma regra automática aplicável,avaliar pelo proprietário do domínio,avaliar pelo proprietário do domínio,não definida; registrar lacuna,existente,database/postgres/migrations/026_complete_typed_store_relations.sql:624
postgresql,bi,indicators,updated_at,Updated at,TIMESTAMPTZ,False,NOW(),False,False,,não classificado automaticamente,política v1; nenhuma regra automática aplicável,avaliar pelo proprietário do domínio,avaliar pelo proprietário do domínio,não definida; registrar lacuna,existente,database/postgres/migrations/026_complete_typed_store_relations.sql:625
postgresql,bi,indicators,deleted_at,Deleted at,TIMESTAMPTZ,True,,False,False,,não classificado automaticamente,política v1; nenhuma regra automática aplicável,avaliar pelo proprietário do domínio,avaliar pelo proprietário do domínio,não definida; registrar lacuna,existente,database/postgres/migrations/026_complete_typed_store_relations.sql:626
postgresql,bi,indicators,created_by,Created by,UUID,True,,False,False,identity.users.id,pseudônimo vinculável,política v1 categoria identidade_relacional; padrões: created_by,controle de acesso e segregação por tenant; criptografia do banco,não expor identificadores internos sem necessidade,acompanha entidade e trilha de auditoria com política de anonimização,existente,database/postgres/migrations/026_complete_typed_store_relations.sql:627
postgresql,bi,indicators,updated_by,Updated by,UUID,True,,False,False,identity.users.id,pseudônimo vinculável,política v1 categoria identidade_relacional; padrões: updated_by,controle de acesso e segregação por tenant; criptografia do banco,não expor identificadores internos sem necessidade,acompanha entidade e trilha de auditoria com política de anonimização,existente,database/postgres/migrations/026_complete_typed_store_relations.sql:628
postgresql,bi,indicators,idempotency_key,Idempotency key,VARCHAR(160),True,,False,True,,não classificado automaticamente,política v1; nenhuma regra automática aplicável,avaliar pelo proprietário do domínio,avaliar pelo proprietário do domínio,não definida; registrar lacuna,existente,database/postgres/migrations/026_complete_typed_store_relations.sql:629
postgresql,bi,exports,id,Id,UUID,False,gen_random_uuid(),True,False,,não classificado automaticamente,política v1; nenhuma regra automática aplicável,avaliar pelo proprietário do domínio,avaliar pelo proprietário do domínio,não definida; registrar lacuna,existente,database/postgres/migrations/026_complete_typed_store_relations.sql:634
postgresql,bi,exports,user_id,User id,UUID,False,,False,False,identity.users.id,pseudônimo vinculável,política v1 categoria identidade_relacional; padrões: user_id,controle de acesso e segregação por tenant; criptografia do banco,não expor identificadores internos sem necessidade,acompanha entidade e trilha de auditoria com política de anonimização,existente,database/postgres/migrations/026_complete_typed_store_relations.sql:635
postgresql,bi,exports,company_id,Company id,UUID,True,,False,False,,não classificado automaticamente,política v1; nenhuma regra automática aplicável,avaliar pelo proprietário do domínio,avaliar pelo proprietário do domínio,não definida; registrar lacuna,existente,database/postgres/migrations/026_complete_typed_store_relations.sql:636
postgresql,bi,exports,status,Status,VARCHAR(40),False,'draft',False,False,,não classificado automaticamente,política v1; nenhuma regra automática aplicável,avaliar pelo proprietário do domínio,avaliar pelo proprietário do domínio,não definida; registrar lacuna,existente,database/postgres/migrations/026_complete_typed_store_relations.sql:637
postgresql,bi,exports,metadata,Metadata,JSONB,False,'{}'::jsonb,False,False,,não classificado automaticamente,política v1; nenhuma regra automática aplicável,avaliar pelo proprietário do domínio,avaliar pelo proprietário do domínio,não definida; registrar lacuna,existente,database/postgres/migrations/026_complete_typed_store_relations.sql:638
postgresql,bi,exports,created_at,Created at,TIMESTAMPTZ,False,NOW(),False,False,,não classificado automaticamente,política v1; nenhuma regra automática aplicável,avaliar pelo proprietário do domínio,avaliar pelo proprietário do domínio,não definida; registrar lacuna,existente,database/postgres/migrations/026_complete_typed_store_relations.sql:639
postgresql,bi,exports,updated_at,Updated at,TIMESTAMPTZ,False,NOW(),False,False,,não classificado automaticamente,política v1; nenhuma regra automática aplicável,avaliar pelo proprietário do domínio,avaliar pelo proprietário do domínio,não definida; registrar lacuna,existente,database/postgres/migrations/026_complete_typed_store_relations.sql:640
postgresql,bi,exports,deleted_at,Deleted at,TIMESTAMPTZ,True,,False,False,,não classificado automaticamente,política v1; nenhuma regra automática aplicável,avaliar pelo proprietário do domínio,avaliar pelo proprietário do domínio,não definida; registrar lacuna,existente,database/postgres/migrations/026_complete_typed_store_relations.sql:641
postgresql,bi,exports,created_by,Created by,UUID,True,,False,False,identity.users.id,pseudônimo vinculável,política v1 categoria identidade_relacional; padrões: created_by,controle de acesso e segregação por tenant; criptografia do banco,não expor identificadores internos sem necessidade,acompanha entidade e trilha de auditoria com política de anonimização,existente,database/postgres/migrations/026_complete_typed_store_relations.sql:642
postgresql,bi,exports,updated_by,Updated by,UUID,True,,False,False,identity.users.id,pseudônimo vinculável,política v1 categoria identidade_relacional; padrões: updated_by,controle de acesso e segregação por tenant; criptografia do banco,não expor identificadores internos sem necessidade,acompanha entidade e trilha de auditoria com política de anonimização,existente,database/postgres/migrations/026_complete_typed_store_relations.sql:643
postgresql,bi,exports,idempotency_key,Idempotency key,VARCHAR(160),True,,False,True,,não classificado automaticamente,política v1; nenhuma regra automática aplicável,avaliar pelo proprietário do domínio,avaliar pelo proprietário do domínio,não definida; registrar lacuna,existente,database/postgres/migrations/026_complete_typed_store_relations.sql:644
postgresql,ai_core,ai_memories,id,Id,UUID,False,gen_random_uuid(),True,False,,não classificado automaticamente,política v1; nenhuma regra automática aplicável,avaliar pelo proprietário do domínio,avaliar pelo proprietário do domínio,não definida; registrar lacuna,existente,database/postgres/migrations/026_complete_typed_store_relations.sql:649
postgresql,ai_core,ai_memories,user_id,User id,UUID,False,,False,False,identity.users.id,pseudônimo vinculável,política v1 categoria identidade_relacional; padrões: user_id,controle de acesso e segregação por tenant; criptografia do banco,não expor identificadores internos sem necessidade,acompanha entidade e trilha de auditoria com política de anonimização,existente,database/postgres/migrations/026_complete_typed_store_relations.sql:650
postgresql,ai_core,ai_memories,company_id,Company id,UUID,True,,False,False,,não classificado automaticamente,política v1; nenhuma regra automática aplicável,avaliar pelo proprietário do domínio,avaliar pelo proprietário do domínio,não definida; registrar lacuna,existente,database/postgres/migrations/026_complete_typed_store_relations.sql:651
postgresql,ai_core,ai_memories,status,Status,VARCHAR(40),False,'draft',False,False,,não classificado automaticamente,política v1; nenhuma regra automática aplicável,avaliar pelo proprietário do domínio,avaliar pelo proprietário do domínio,não definida; registrar lacuna,existente,database/postgres/migrations/026_complete_typed_store_relations.sql:652
postgresql,ai_core,ai_memories,metadata,Metadata,JSONB,False,'{}'::jsonb,False,False,,não classificado automaticamente,política v1; nenhuma regra automática aplicável,avaliar pelo proprietário do domínio,avaliar pelo proprietário do domínio,não definida; registrar lacuna,existente,database/postgres/migrations/026_complete_typed_store_relations.sql:653
postgresql,ai_core,ai_memories,created_at,Created at,TIMESTAMPTZ,False,NOW(),False,False,,não classificado automaticamente,política v1; nenhuma regra automática aplicável,avaliar pelo proprietário do domínio,avaliar pelo proprietário do domínio,não definida; registrar lacuna,existente,database/postgres/migrations/026_complete_typed_store_relations.sql:654
postgresql,ai_core,ai_memories,updated_at,Updated at,TIMESTAMPTZ,False,NOW(),False,False,,não classificado automaticamente,política v1; nenhuma regra automática aplicável,avaliar pelo proprietário do domínio,avaliar pelo proprietário do domínio,não definida; registrar lacuna,existente,database/postgres/migrations/026_complete_typed_store_relations.sql:655
postgresql,ai_core,ai_memories,deleted_at,Deleted at,TIMESTAMPTZ,True,,False,False,,não classificado automaticamente,política v1; nenhuma regra automática aplicável,avaliar pelo proprietário do domínio,avaliar pelo proprietário do domínio,não definida; registrar lacuna,existente,database/postgres/migrations/026_complete_typed_store_relations.sql:656
postgresql,ai_core,ai_memories,created_by,Created by,UUID,True,,False,False,identity.users.id,pseudônimo vinculável,política v1 categoria identidade_relacional; padrões: created_by,controle de acesso e segregação por tenant; criptografia do banco,não expor identificadores internos sem necessidade,acompanha entidade e trilha de auditoria com política de anonimização,existente,database/postgres/migrations/026_complete_typed_store_relations.sql:657
postgresql,ai_core,ai_memories,updated_by,Updated by,UUID,True,,False,False,identity.users.id,pseudônimo vinculável,política v1 categoria identidade_relacional; padrões: updated_by,controle de acesso e segregação por tenant; criptografia do banco,não expor identificadores internos sem necessidade,acompanha entidade e trilha de auditoria com política de anonimização,existente,database/postgres/migrations/026_complete_typed_store_relations.sql:658
postgresql,ai_core,ai_memories,idempotency_key,Idempotency key,VARCHAR(160),True,,False,True,,não classificado automaticamente,política v1; nenhuma regra automática aplicável,avaliar pelo proprietário do domínio,avaliar pelo proprietário do domínio,não definida; registrar lacuna,existente,database/postgres/migrations/026_complete_typed_store_relations.sql:659
postgresql,ai_core,model_runs,id,Id,UUID,False,gen_random_uuid(),True,False,,não classificado automaticamente,política v1; nenhuma regra automática aplicável,avaliar pelo proprietário do domínio,avaliar pelo proprietário do domínio,não definida; registrar lacuna,existente,database/postgres/migrations/026_complete_typed_store_relations.sql:664
postgresql,ai_core,model_runs,user_id,User id,UUID,False,,False,False,identity.users.id,pseudônimo vinculável,política v1 categoria identidade_relacional; padrões: user_id,controle de acesso e segregação por tenant; criptografia do banco,não expor identificadores internos sem necessidade,acompanha entidade e trilha de auditoria com política de anonimização,existente,database/postgres/migrations/026_complete_typed_store_relations.sql:665
postgresql,ai_core,model_runs,company_id,Company id,UUID,True,,False,False,,não classificado automaticamente,política v1; nenhuma regra automática aplicável,avaliar pelo proprietário do domínio,avaliar pelo proprietário do domínio,não definida; registrar lacuna,existente,database/postgres/migrations/026_complete_typed_store_relations.sql:666
postgresql,ai_core,model_runs,status,Status,VARCHAR(40),False,'draft',False,False,,não classificado automaticamente,política v1; nenhuma regra automática aplicável,avaliar pelo proprietário do domínio,avaliar pelo proprietário do domínio,não definida; registrar lacuna,existente,database/postgres/migrations/026_complete_typed_store_relations.sql:667
postgresql,ai_core,model_runs,metadata,Metadata,JSONB,False,'{}'::jsonb,False,False,,não classificado automaticamente,política v1; nenhuma regra automática aplicável,avaliar pelo proprietário do domínio,avaliar pelo proprietário do domínio,não definida; registrar lacuna,existente,database/postgres/migrations/026_complete_typed_store_relations.sql:668
postgresql,ai_core,model_runs,created_at,Created at,TIMESTAMPTZ,False,NOW(),False,False,,não classificado automaticamente,política v1; nenhuma regra automática aplicável,avaliar pelo proprietário do domínio,avaliar pelo proprietário do domínio,não definida; registrar lacuna,existente,database/postgres/migrations/026_complete_typed_store_relations.sql:669
postgresql,ai_core,model_runs,updated_at,Updated at,TIMESTAMPTZ,False,NOW(),False,False,,não classificado automaticamente,política v1; nenhuma regra automática aplicável,avaliar pelo proprietário do domínio,avaliar pelo proprietário do domínio,não definida; registrar lacuna,existente,database/postgres/migrations/026_complete_typed_store_relations.sql:670
postgresql,ai_core,model_runs,deleted_at,Deleted at,TIMESTAMPTZ,True,,False,False,,não classificado automaticamente,política v1; nenhuma regra automática aplicável,avaliar pelo proprietário do domínio,avaliar pelo proprietário do domínio,não definida; registrar lacuna,existente,database/postgres/migrations/026_complete_typed_store_relations.sql:671
postgresql,ai_core,model_runs,created_by,Created by,UUID,True,,False,False,identity.users.id,pseudônimo vinculável,política v1 categoria identidade_relacional; padrões: created_by,controle de acesso e segregação por tenant; criptografia do banco,não expor identificadores internos sem necessidade,acompanha entidade e trilha de auditoria com política de anonimização,existente,database/postgres/migrations/026_complete_typed_store_relations.sql:672
postgresql,ai_core,model_runs,updated_by,Updated by,UUID,True,,False,False,identity.users.id,pseudônimo vinculável,política v1 categoria identidade_relacional; padrões: updated_by,controle de acesso e segregação por tenant; criptografia do banco,não expor identificadores internos sem necessidade,acompanha entidade e trilha de auditoria com política de anonimização,existente,database/postgres/migrations/026_complete_typed_store_relations.sql:673
postgresql,ai_core,model_runs,idempotency_key,Idempotency key,VARCHAR(160),True,,False,True,,não classificado automaticamente,política v1; nenhuma regra automática aplicável,avaliar pelo proprietário do domínio,avaliar pelo proprietário do domínio,não definida; registrar lacuna,existente,database/postgres/migrations/026_complete_typed_store_relations.sql:674
postgresql,finance,splits,id,Id,UUID,False,gen_random_uuid(),True,False,,não classificado automaticamente,política v1; nenhuma regra automática aplicável,avaliar pelo proprietário do domínio,avaliar pelo proprietário do domínio,não definida; registrar lacuna,existente,database/postgres/migrations/027_complete_legacy_adapter_relations.sql:4
postgresql,finance,splits,user_id,User id,UUID,False,,False,False,identity.users.id,pseudônimo vinculável,política v1 categoria identidade_relacional; padrões: user_id,controle de acesso e segregação por tenant; criptografia do banco,não expor identificadores internos sem necessidade,acompanha entidade e trilha de auditoria com política de anonimização,existente,database/postgres/migrations/027_complete_legacy_adapter_relations.sql:5
postgresql,finance,splits,company_id,Company id,UUID,True,,False,False,,não classificado automaticamente,política v1; nenhuma regra automática aplicável,avaliar pelo proprietário do domínio,avaliar pelo proprietário do domínio,não definida; registrar lacuna,existente,database/postgres/migrations/027_complete_legacy_adapter_relations.sql:6
postgresql,finance,splits,status,Status,VARCHAR(40),False,'draft',False,False,,não classificado automaticamente,política v1; nenhuma regra automática aplicável,avaliar pelo proprietário do domínio,avaliar pelo proprietário do domínio,não definida; registrar lacuna,existente,database/postgres/migrations/027_complete_legacy_adapter_relations.sql:7
postgresql,finance,splits,metadata,Metadata,JSONB,False,'{}'::jsonb,False,False,,não classificado automaticamente,política v1; nenhuma regra automática aplicável,avaliar pelo proprietário do domínio,avaliar pelo proprietário do domínio,não definida; registrar lacuna,existente,database/postgres/migrations/027_complete_legacy_adapter_relations.sql:8
postgresql,finance,splits,created_at,Created at,TIMESTAMPTZ,False,NOW(),False,False,,não classificado automaticamente,política v1; nenhuma regra automática aplicável,avaliar pelo proprietário do domínio,avaliar pelo proprietário do domínio,não definida; registrar lacuna,existente,database/postgres/migrations/027_complete_legacy_adapter_relations.sql:9
postgresql,finance,splits,updated_at,Updated at,TIMESTAMPTZ,False,NOW(),False,False,,não classificado automaticamente,política v1; nenhuma regra automática aplicável,avaliar pelo proprietário do domínio,avaliar pelo proprietário do domínio,não definida; registrar lacuna,existente,database/postgres/migrations/027_complete_legacy_adapter_relations.sql:10
postgresql,finance,splits,deleted_at,Deleted at,TIMESTAMPTZ,True,,False,False,,não classificado automaticamente,política v1; nenhuma regra automática aplicável,avaliar pelo proprietário do domínio,avaliar pelo proprietário do domínio,não definida; registrar lacuna,existente,database/postgres/migrations/027_complete_legacy_adapter_relations.sql:11
postgresql,finance,splits,created_by,Created by,UUID,True,,False,False,identity.users.id,pseudônimo vinculável,política v1 categoria identidade_relacional; padrões: created_by,controle de acesso e segregação por tenant; criptografia do banco,não expor identificadores internos sem necessidade,acompanha entidade e trilha de auditoria com política de anonimização,existente,database/postgres/migrations/027_complete_legacy_adapter_relations.sql:12
postgresql,finance,splits,updated_by,Updated by,UUID,True,,False,False,identity.users.id,pseudônimo vinculável,política v1 categoria identidade_relacional; padrões: updated_by,controle de acesso e segregação por tenant; criptografia do banco,não expor identificadores internos sem necessidade,acompanha entidade e trilha de auditoria com política de anonimização,existente,database/postgres/migrations/027_complete_legacy_adapter_relations.sql:13
postgresql,finance,splits,idempotency_key,Idempotency key,VARCHAR(160),True,,False,True,,não classificado automaticamente,política v1; nenhuma regra automática aplicável,avaliar pelo proprietário do domínio,avaliar pelo proprietário do domínio,não definida; registrar lacuna,existente,database/postgres/migrations/027_complete_legacy_adapter_relations.sql:14
postgresql,finance,invoices,id,Id,UUID,False,gen_random_uuid(),True,False,,não classificado automaticamente,política v1; nenhuma regra automática aplicável,avaliar pelo proprietário do domínio,avaliar pelo proprietário do domínio,não definida; registrar lacuna,existente,database/postgres/migrations/027_complete_legacy_adapter_relations.sql:19
postgresql,finance,invoices,user_id,User id,UUID,False,,False,False,identity.users.id,pseudônimo vinculável,política v1 categoria identidade_relacional; padrões: user_id,controle de acesso e segregação por tenant; criptografia do banco,não expor identificadores internos sem necessidade,acompanha entidade e trilha de auditoria com política de anonimização,existente,database/postgres/migrations/027_complete_legacy_adapter_relations.sql:20
postgresql,finance,invoices,company_id,Company id,UUID,True,,False,False,,não classificado automaticamente,política v1; nenhuma regra automática aplicável,avaliar pelo proprietário do domínio,avaliar pelo proprietário do domínio,não definida; registrar lacuna,existente,database/postgres/migrations/027_complete_legacy_adapter_relations.sql:21
postgresql,finance,invoices,status,Status,VARCHAR(40),False,'draft',False,False,,não classificado automaticamente,política v1; nenhuma regra automática aplicável,avaliar pelo proprietário do domínio,avaliar pelo proprietário do domínio,não definida; registrar lacuna,existente,database/postgres/migrations/027_complete_legacy_adapter_relations.sql:22
postgresql,finance,invoices,metadata,Metadata,JSONB,False,'{}'::jsonb,False,False,,não classificado automaticamente,política v1; nenhuma regra automática aplicável,avaliar pelo proprietário do domínio,avaliar pelo proprietário do domínio,não definida; registrar lacuna,existente,database/postgres/migrations/027_complete_legacy_adapter_relations.sql:23
postgresql,finance,invoices,created_at,Created at,TIMESTAMPTZ,False,NOW(),False,False,,não classificado automaticamente,política v1; nenhuma regra automática aplicável,avaliar pelo proprietário do domínio,avaliar pelo proprietário do domínio,não definida; registrar lacuna,existente,database/postgres/migrations/027_complete_legacy_adapter_relations.sql:24
postgresql,finance,invoices,updated_at,Updated at,TIMESTAMPTZ,False,NOW(),False,False,,não classificado automaticamente,política v1; nenhuma regra automática aplicável,avaliar pelo proprietário do domínio,avaliar pelo proprietário do domínio,não definida; registrar lacuna,existente,database/postgres/migrations/027_complete_legacy_adapter_relations.sql:25
postgresql,finance,invoices,deleted_at,Deleted at,TIMESTAMPTZ,True,,False,False,,não classificado automaticamente,política v1; nenhuma regra automática aplicável,avaliar pelo proprietário do domínio,avaliar pelo proprietário do domínio,não definida; registrar lacuna,existente,database/postgres/migrations/027_complete_legacy_adapter_relations.sql:26
postgresql,finance,invoices,created_by,Created by,UUID,True,,False,False,identity.users.id,pseudônimo vinculável,política v1 categoria identidade_relacional; padrões: created_by,controle de acesso e segregação por tenant; criptografia do banco,não expor identificadores internos sem necessidade,acompanha entidade e trilha de auditoria com política de anonimização,existente,database/postgres/migrations/027_complete_legacy_adapter_relations.sql:27
postgresql,finance,invoices,updated_by,Updated by,UUID,True,,False,False,identity.users.id,pseudônimo vinculável,política v1 categoria identidade_relacional; padrões: updated_by,controle de acesso e segregação por tenant; criptografia do banco,não expor identificadores internos sem necessidade,acompanha entidade e trilha de auditoria com política de anonimização,existente,database/postgres/migrations/027_complete_legacy_adapter_relations.sql:28
postgresql,finance,invoices,idempotency_key,Idempotency key,VARCHAR(160),True,,False,True,,não classificado automaticamente,política v1; nenhuma regra automática aplicável,avaliar pelo proprietário do domínio,avaliar pelo proprietário do domínio,não definida; registrar lacuna,existente,database/postgres/migrations/027_complete_legacy_adapter_relations.sql:29
postgresql,marketplace,carts,id,Id,UUID,False,gen_random_uuid(),True,False,,não classificado automaticamente,política v1; nenhuma regra automática aplicável,avaliar pelo proprietário do domínio,avaliar pelo proprietário do domínio,não definida; registrar lacuna,existente,database/postgres/migrations/027_complete_legacy_adapter_relations.sql:34
postgresql,marketplace,carts,user_id,User id,UUID,False,,False,False,identity.users.id,pseudônimo vinculável,política v1 categoria identidade_relacional; padrões: user_id,controle de acesso e segregação por tenant; criptografia do banco,não expor identificadores internos sem necessidade,acompanha entidade e trilha de auditoria com política de anonimização,existente,database/postgres/migrations/027_complete_legacy_adapter_relations.sql:35
postgresql,marketplace,carts,company_id,Company id,UUID,True,,False,False,,não classificado automaticamente,política v1; nenhuma regra automática aplicável,avaliar pelo proprietário do domínio,avaliar pelo proprietário do domínio,não definida; registrar lacuna,existente,database/postgres/migrations/027_complete_legacy_adapter_relations.sql:36
postgresql,marketplace,carts,status,Status,VARCHAR(40),False,'draft',False,False,,não classificado automaticamente,política v1; nenhuma regra automática aplicável,avaliar pelo proprietário do domínio,avaliar pelo proprietário do domínio,não definida; registrar lacuna,existente,database/postgres/migrations/027_complete_legacy_adapter_relations.sql:37
postgresql,marketplace,carts,metadata,Metadata,JSONB,False,'{}'::jsonb,False,False,,não classificado automaticamente,política v1; nenhuma regra automática aplicável,avaliar pelo proprietário do domínio,avaliar pelo proprietário do domínio,não definida; registrar lacuna,existente,database/postgres/migrations/027_complete_legacy_adapter_relations.sql:38
postgresql,marketplace,carts,created_at,Created at,TIMESTAMPTZ,False,NOW(),False,False,,não classificado automaticamente,política v1; nenhuma regra automática aplicável,avaliar pelo proprietário do domínio,avaliar pelo proprietário do domínio,não definida; registrar lacuna,existente,database/postgres/migrations/027_complete_legacy_adapter_relations.sql:39
postgresql,marketplace,carts,updated_at,Updated at,TIMESTAMPTZ,False,NOW(),False,False,,não classificado automaticamente,política v1; nenhuma regra automática aplicável,avaliar pelo proprietário do domínio,avaliar pelo proprietário do domínio,não definida; registrar lacuna,existente,database/postgres/migrations/027_complete_legacy_adapter_relations.sql:40
postgresql,marketplace,carts,deleted_at,Deleted at,TIMESTAMPTZ,True,,False,False,,não classificado automaticamente,política v1; nenhuma regra automática aplicável,avaliar pelo proprietário do domínio,avaliar pelo proprietário do domínio,não definida; registrar lacuna,existente,database/postgres/migrations/027_complete_legacy_adapter_relations.sql:41
postgresql,marketplace,carts,created_by,Created by,UUID,True,,False,False,identity.users.id,pseudônimo vinculável,política v1 categoria identidade_relacional; padrões: created_by,controle de acesso e segregação por tenant; criptografia do banco,não expor identificadores internos sem necessidade,acompanha entidade e trilha de auditoria com política de anonimização,existente,database/postgres/migrations/027_complete_legacy_adapter_relations.sql:42
postgresql,marketplace,carts,updated_by,Updated by,UUID,True,,False,False,identity.users.id,pseudônimo vinculável,política v1 categoria identidade_relacional; padrões: updated_by,controle de acesso e segregação por tenant; criptografia do banco,não expor identificadores internos sem necessidade,acompanha entidade e trilha de auditoria com política de anonimização,existente,database/postgres/migrations/027_complete_legacy_adapter_relations.sql:43
postgresql,marketplace,carts,idempotency_key,Idempotency key,VARCHAR(160),True,,False,True,,não classificado automaticamente,política v1; nenhuma regra automática aplicável,avaliar pelo proprietário do domínio,avaliar pelo proprietário do domínio,não definida; registrar lacuna,existente,database/postgres/migrations/027_complete_legacy_adapter_relations.sql:44
postgresql,delivery,quotes,id,Id,UUID,False,gen_random_uuid(),True,False,,não classificado automaticamente,política v1; nenhuma regra automática aplicável,avaliar pelo proprietário do domínio,avaliar pelo proprietário do domínio,não definida; registrar lacuna,existente,database/postgres/migrations/027_complete_legacy_adapter_relations.sql:49
postgresql,delivery,quotes,user_id,User id,UUID,False,,False,False,identity.users.id,pseudônimo vinculável,política v1 categoria identidade_relacional; padrões: user_id,controle de acesso e segregação por tenant; criptografia do banco,não expor identificadores internos sem necessidade,acompanha entidade e trilha de auditoria com política de anonimização,existente,database/postgres/migrations/027_complete_legacy_adapter_relations.sql:50
postgresql,delivery,quotes,company_id,Company id,UUID,True,,False,False,,não classificado automaticamente,política v1; nenhuma regra automática aplicável,avaliar pelo proprietário do domínio,avaliar pelo proprietário do domínio,não definida; registrar lacuna,existente,database/postgres/migrations/027_complete_legacy_adapter_relations.sql:51
postgresql,delivery,quotes,status,Status,VARCHAR(40),False,'draft',False,False,,não classificado automaticamente,política v1; nenhuma regra automática aplicável,avaliar pelo proprietário do domínio,avaliar pelo proprietário do domínio,não definida; registrar lacuna,existente,database/postgres/migrations/027_complete_legacy_adapter_relations.sql:52
postgresql,delivery,quotes,metadata,Metadata,JSONB,False,'{}'::jsonb,False,False,,não classificado automaticamente,política v1; nenhuma regra automática aplicável,avaliar pelo proprietário do domínio,avaliar pelo proprietário do domínio,não definida; registrar lacuna,existente,database/postgres/migrations/027_complete_legacy_adapter_relations.sql:53
postgresql,delivery,quotes,created_at,Created at,TIMESTAMPTZ,False,NOW(),False,False,,não classificado automaticamente,política v1; nenhuma regra automática aplicável,avaliar pelo proprietário do domínio,avaliar pelo proprietário do domínio,não definida; registrar lacuna,existente,database/postgres/migrations/027_complete_legacy_adapter_relations.sql:54
postgresql,delivery,quotes,updated_at,Updated at,TIMESTAMPTZ,False,NOW(),False,False,,não classificado automaticamente,política v1; nenhuma regra automática aplicável,avaliar pelo proprietário do domínio,avaliar pelo proprietário do domínio,não definida; registrar lacuna,existente,database/postgres/migrations/027_complete_legacy_adapter_relations.sql:55
postgresql,delivery,quotes,deleted_at,Deleted at,TIMESTAMPTZ,True,,False,False,,não classificado automaticamente,política v1; nenhuma regra automática aplicável,avaliar pelo proprietário do domínio,avaliar pelo proprietário do domínio,não definida; registrar lacuna,existente,database/postgres/migrations/027_complete_legacy_adapter_relations.sql:56
postgresql,delivery,quotes,created_by,Created by,UUID,True,,False,False,identity.users.id,pseudônimo vinculável,política v1 categoria identidade_relacional; padrões: created_by,controle de acesso e segregação por tenant; criptografia do banco,não expor identificadores internos sem necessidade,acompanha entidade e trilha de auditoria com política de anonimização,existente,database/postgres/migrations/027_complete_legacy_adapter_relations.sql:57
postgresql,delivery,quotes,updated_by,Updated by,UUID,True,,False,False,identity.users.id,pseudônimo vinculável,política v1 categoria identidade_relacional; padrões: updated_by,controle de acesso e segregação por tenant; criptografia do banco,não expor identificadores internos sem necessidade,acompanha entidade e trilha de auditoria com política de anonimização,existente,database/postgres/migrations/027_complete_legacy_adapter_relations.sql:58
postgresql,delivery,quotes,idempotency_key,Idempotency key,VARCHAR(160),True,,False,True,,não classificado automaticamente,política v1; nenhuma regra automática aplicável,avaliar pelo proprietário do domínio,avaliar pelo proprietário do domínio,não definida; registrar lacuna,existente,database/postgres/migrations/027_complete_legacy_adapter_relations.sql:59
postgresql,delivery,assignments,id,Id,UUID,False,gen_random_uuid(),True,False,,não classificado automaticamente,política v1; nenhuma regra automática aplicável,avaliar pelo proprietário do domínio,avaliar pelo proprietário do domínio,não definida; registrar lacuna,existente,database/postgres/migrations/027_complete_legacy_adapter_relations.sql:64
postgresql,delivery,assignments,user_id,User id,UUID,False,,False,False,identity.users.id,pseudônimo vinculável,política v1 categoria identidade_relacional; padrões: user_id,controle de acesso e segregação por tenant; criptografia do banco,não expor identificadores internos sem necessidade,acompanha entidade e trilha de auditoria com política de anonimização,existente,database/postgres/migrations/027_complete_legacy_adapter_relations.sql:65
postgresql,delivery,assignments,company_id,Company id,UUID,True,,False,False,,não classificado automaticamente,política v1; nenhuma regra automática aplicável,avaliar pelo proprietário do domínio,avaliar pelo proprietário do domínio,não definida; registrar lacuna,existente,database/postgres/migrations/027_complete_legacy_adapter_relations.sql:66
postgresql,delivery,assignments,status,Status,VARCHAR(40),False,'draft',False,False,,não classificado automaticamente,política v1; nenhuma regra automática aplicável,avaliar pelo proprietário do domínio,avaliar pelo proprietário do domínio,não definida; registrar lacuna,existente,database/postgres/migrations/027_complete_legacy_adapter_relations.sql:67
postgresql,delivery,assignments,metadata,Metadata,JSONB,False,'{}'::jsonb,False,False,,não classificado automaticamente,política v1; nenhuma regra automática aplicável,avaliar pelo proprietário do domínio,avaliar pelo proprietário do domínio,não definida; registrar lacuna,existente,database/postgres/migrations/027_complete_legacy_adapter_relations.sql:68
postgresql,delivery,assignments,created_at,Created at,TIMESTAMPTZ,False,NOW(),False,False,,não classificado automaticamente,política v1; nenhuma regra automática aplicável,avaliar pelo proprietário do domínio,avaliar pelo proprietário do domínio,não definida; registrar lacuna,existente,database/postgres/migrations/027_complete_legacy_adapter_relations.sql:69
postgresql,delivery,assignments,updated_at,Updated at,TIMESTAMPTZ,False,NOW(),False,False,,não classificado automaticamente,política v1; nenhuma regra automática aplicável,avaliar pelo proprietário do domínio,avaliar pelo proprietário do domínio,não definida; registrar lacuna,existente,database/postgres/migrations/027_complete_legacy_adapter_relations.sql:70
postgresql,delivery,assignments,deleted_at,Deleted at,TIMESTAMPTZ,True,,False,False,,não classificado automaticamente,política v1; nenhuma regra automática aplicável,avaliar pelo proprietário do domínio,avaliar pelo proprietário do domínio,não definida; registrar lacuna,existente,database/postgres/migrations/027_complete_legacy_adapter_relations.sql:71
postgresql,delivery,assignments,created_by,Created by,UUID,True,,False,False,identity.users.id,pseudônimo vinculável,política v1 categoria identidade_relacional; padrões: created_by,controle de acesso e segregação por tenant; criptografia do banco,não expor identificadores internos sem necessidade,acompanha entidade e trilha de auditoria com política de anonimização,existente,database/postgres/migrations/027_complete_legacy_adapter_relations.sql:72
postgresql,delivery,assignments,updated_by,Updated by,UUID,True,,False,False,identity.users.id,pseudônimo vinculável,política v1 categoria identidade_relacional; padrões: updated_by,controle de acesso e segregação por tenant; criptografia do banco,não expor identificadores internos sem necessidade,acompanha entidade e trilha de auditoria com política de anonimização,existente,database/postgres/migrations/027_complete_legacy_adapter_relations.sql:73
postgresql,delivery,assignments,idempotency_key,Idempotency key,VARCHAR(160),True,,False,True,,não classificado automaticamente,política v1; nenhuma regra automática aplicável,avaliar pelo proprietário do domínio,avaliar pelo proprietário do domínio,não definida; registrar lacuna,existente,database/postgres/migrations/027_complete_legacy_adapter_relations.sql:74
postgresql,delivery,proofs,id,Id,UUID,False,gen_random_uuid(),True,False,,não classificado automaticamente,política v1; nenhuma regra automática aplicável,avaliar pelo proprietário do domínio,avaliar pelo proprietário do domínio,não definida; registrar lacuna,existente,database/postgres/migrations/027_complete_legacy_adapter_relations.sql:79
postgresql,delivery,proofs,user_id,User id,UUID,False,,False,False,identity.users.id,pseudônimo vinculável,política v1 categoria identidade_relacional; padrões: user_id,controle de acesso e segregação por tenant; criptografia do banco,não expor identificadores internos sem necessidade,acompanha entidade e trilha de auditoria com política de anonimização,existente,database/postgres/migrations/027_complete_legacy_adapter_relations.sql:80
postgresql,delivery,proofs,company_id,Company id,UUID,True,,False,False,,não classificado automaticamente,política v1; nenhuma regra automática aplicável,avaliar pelo proprietário do domínio,avaliar pelo proprietário do domínio,não definida; registrar lacuna,existente,database/postgres/migrations/027_complete_legacy_adapter_relations.sql:81
postgresql,delivery,proofs,status,Status,VARCHAR(40),False,'draft',False,False,,não classificado automaticamente,política v1; nenhuma regra automática aplicável,avaliar pelo proprietário do domínio,avaliar pelo proprietário do domínio,não definida; registrar lacuna,existente,database/postgres/migrations/027_complete_legacy_adapter_relations.sql:82
postgresql,delivery,proofs,metadata,Metadata,JSONB,False,'{}'::jsonb,False,False,,não classificado automaticamente,política v1; nenhuma regra automática aplicável,avaliar pelo proprietário do domínio,avaliar pelo proprietário do domínio,não definida; registrar lacuna,existente,database/postgres/migrations/027_complete_legacy_adapter_relations.sql:83
postgresql,delivery,proofs,created_at,Created at,TIMESTAMPTZ,False,NOW(),False,False,,não classificado automaticamente,política v1; nenhuma regra automática aplicável,avaliar pelo proprietário do domínio,avaliar pelo proprietário do domínio,não definida; registrar lacuna,existente,database/postgres/migrations/027_complete_legacy_adapter_relations.sql:84
postgresql,delivery,proofs,updated_at,Updated at,TIMESTAMPTZ,False,NOW(),False,False,,não classificado automaticamente,política v1; nenhuma regra automática aplicável,avaliar pelo proprietário do domínio,avaliar pelo proprietário do domínio,não definida; registrar lacuna,existente,database/postgres/migrations/027_complete_legacy_adapter_relations.sql:85
postgresql,delivery,proofs,deleted_at,Deleted at,TIMESTAMPTZ,True,,False,False,,não classificado automaticamente,política v1; nenhuma regra automática aplicável,avaliar pelo proprietário do domínio,avaliar pelo proprietário do domínio,não definida; registrar lacuna,existente,database/postgres/migrations/027_complete_legacy_adapter_relations.sql:86
postgresql,delivery,proofs,created_by,Created by,UUID,True,,False,False,identity.users.id,pseudônimo vinculável,política v1 categoria identidade_relacional; padrões: created_by,controle de acesso e segregação por tenant; criptografia do banco,não expor identificadores internos sem necessidade,acompanha entidade e trilha de auditoria com política de anonimização,existente,database/postgres/migrations/027_complete_legacy_adapter_relations.sql:87
postgresql,delivery,proofs,updated_by,Updated by,UUID,True,,False,False,identity.users.id,pseudônimo vinculável,política v1 categoria identidade_relacional; padrões: updated_by,controle de acesso e segregação por tenant; criptografia do banco,não expor identificadores internos sem necessidade,acompanha entidade e trilha de auditoria com política de anonimização,existente,database/postgres/migrations/027_complete_legacy_adapter_relations.sql:88
postgresql,delivery,proofs,idempotency_key,Idempotency key,VARCHAR(160),True,,False,True,,não classificado automaticamente,política v1; nenhuma regra automática aplicável,avaliar pelo proprietário do domínio,avaliar pelo proprietário do domínio,não definida; registrar lacuna,existente,database/postgres/migrations/027_complete_legacy_adapter_relations.sql:89
postgresql,delivery,insurance_options,id,Id,UUID,False,gen_random_uuid(),True,False,,não classificado automaticamente,política v1; nenhuma regra automática aplicável,avaliar pelo proprietário do domínio,avaliar pelo proprietário do domínio,não definida; registrar lacuna,existente,database/postgres/migrations/027_complete_legacy_adapter_relations.sql:94
postgresql,delivery,insurance_options,user_id,User id,UUID,False,,False,False,identity.users.id,pseudônimo vinculável,política v1 categoria identidade_relacional; padrões: user_id,controle de acesso e segregação por tenant; criptografia do banco,não expor identificadores internos sem necessidade,acompanha entidade e trilha de auditoria com política de anonimização,existente,database/postgres/migrations/027_complete_legacy_adapter_relations.sql:95
postgresql,delivery,insurance_options,company_id,Company id,UUID,True,,False,False,,não classificado automaticamente,política v1; nenhuma regra automática aplicável,avaliar pelo proprietário do domínio,avaliar pelo proprietário do domínio,não definida; registrar lacuna,existente,database/postgres/migrations/027_complete_legacy_adapter_relations.sql:96
postgresql,delivery,insurance_options,status,Status,VARCHAR(40),False,'draft',False,False,,não classificado automaticamente,política v1; nenhuma regra automática aplicável,avaliar pelo proprietário do domínio,avaliar pelo proprietário do domínio,não definida; registrar lacuna,existente,database/postgres/migrations/027_complete_legacy_adapter_relations.sql:97
postgresql,delivery,insurance_options,metadata,Metadata,JSONB,False,'{}'::jsonb,False,False,,não classificado automaticamente,política v1; nenhuma regra automática aplicável,avaliar pelo proprietário do domínio,avaliar pelo proprietário do domínio,não definida; registrar lacuna,existente,database/postgres/migrations/027_complete_legacy_adapter_relations.sql:98
postgresql,delivery,insurance_options,created_at,Created at,TIMESTAMPTZ,False,NOW(),False,False,,não classificado automaticamente,política v1; nenhuma regra automática aplicável,avaliar pelo proprietário do domínio,avaliar pelo proprietário do domínio,não definida; registrar lacuna,existente,database/postgres/migrations/027_complete_legacy_adapter_relations.sql:99
postgresql,delivery,insurance_options,updated_at,Updated at,TIMESTAMPTZ,False,NOW(),False,False,,não classificado automaticamente,política v1; nenhuma regra automática aplicável,avaliar pelo proprietário do domínio,avaliar pelo proprietário do domínio,não definida; registrar lacuna,existente,database/postgres/migrations/027_complete_legacy_adapter_relations.sql:100
postgresql,delivery,insurance_options,deleted_at,Deleted at,TIMESTAMPTZ,True,,False,False,,não classificado automaticamente,política v1; nenhuma regra automática aplicável,avaliar pelo proprietário do domínio,avaliar pelo proprietário do domínio,não definida; registrar lacuna,existente,database/postgres/migrations/027_complete_legacy_adapter_relations.sql:101
postgresql,delivery,insurance_options,created_by,Created by,UUID,True,,False,False,identity.users.id,pseudônimo vinculável,política v1 categoria identidade_relacional; padrões: created_by,controle de acesso e segregação por tenant; criptografia do banco,não expor identificadores internos sem necessidade,acompanha entidade e trilha de auditoria com política de anonimização,existente,database/postgres/migrations/027_complete_legacy_adapter_relations.sql:102
postgresql,delivery,insurance_options,updated_by,Updated by,UUID,True,,False,False,identity.users.id,pseudônimo vinculável,política v1 categoria identidade_relacional; padrões: updated_by,controle de acesso e segregação por tenant; criptografia do banco,não expor identificadores internos sem necessidade,acompanha entidade e trilha de auditoria com política de anonimização,existente,database/postgres/migrations/027_complete_legacy_adapter_relations.sql:103
postgresql,delivery,insurance_options,idempotency_key,Idempotency key,VARCHAR(160),True,,False,True,,não classificado automaticamente,política v1; nenhuma regra automática aplicável,avaliar pelo proprietário do domínio,avaliar pelo proprietário do domínio,não definida; registrar lacuna,existente,database/postgres/migrations/027_complete_legacy_adapter_relations.sql:104
postgresql,services,visits,id,Id,UUID,False,gen_random_uuid(),True,False,,não classificado automaticamente,política v1; nenhuma regra automática aplicável,avaliar pelo proprietário do domínio,avaliar pelo proprietário do domínio,não definida; registrar lacuna,existente,database/postgres/migrations/027_complete_legacy_adapter_relations.sql:109
postgresql,services,visits,user_id,User id,UUID,False,,False,False,identity.users.id,pseudônimo vinculável,política v1 categoria identidade_relacional; padrões: user_id,controle de acesso e segregação por tenant; criptografia do banco,não expor identificadores internos sem necessidade,acompanha entidade e trilha de auditoria com política de anonimização,existente,database/postgres/migrations/027_complete_legacy_adapter_relations.sql:110
postgresql,services,visits,company_id,Company id,UUID,True,,False,False,,não classificado automaticamente,política v1; nenhuma regra automática aplicável,avaliar pelo proprietário do domínio,avaliar pelo proprietário do domínio,não definida; registrar lacuna,existente,database/postgres/migrations/027_complete_legacy_adapter_relations.sql:111
postgresql,services,visits,status,Status,VARCHAR(40),False,'draft',False,False,,não classificado automaticamente,política v1; nenhuma regra automática aplicável,avaliar pelo proprietário do domínio,avaliar pelo proprietário do domínio,não definida; registrar lacuna,existente,database/postgres/migrations/027_complete_legacy_adapter_relations.sql:112
postgresql,services,visits,metadata,Metadata,JSONB,False,'{}'::jsonb,False,False,,não classificado automaticamente,política v1; nenhuma regra automática aplicável,avaliar pelo proprietário do domínio,avaliar pelo proprietário do domínio,não definida; registrar lacuna,existente,database/postgres/migrations/027_complete_legacy_adapter_relations.sql:113
postgresql,services,visits,created_at,Created at,TIMESTAMPTZ,False,NOW(),False,False,,não classificado automaticamente,política v1; nenhuma regra automática aplicável,avaliar pelo proprietário do domínio,avaliar pelo proprietário do domínio,não definida; registrar lacuna,existente,database/postgres/migrations/027_complete_legacy_adapter_relations.sql:114
postgresql,services,visits,updated_at,Updated at,TIMESTAMPTZ,False,NOW(),False,False,,não classificado automaticamente,política v1; nenhuma regra automática aplicável,avaliar pelo proprietário do domínio,avaliar pelo proprietário do domínio,não definida; registrar lacuna,existente,database/postgres/migrations/027_complete_legacy_adapter_relations.sql:115
postgresql,services,visits,deleted_at,Deleted at,TIMESTAMPTZ,True,,False,False,,não classificado automaticamente,política v1; nenhuma regra automática aplicável,avaliar pelo proprietário do domínio,avaliar pelo proprietário do domínio,não definida; registrar lacuna,existente,database/postgres/migrations/027_complete_legacy_adapter_relations.sql:116
postgresql,services,visits,created_by,Created by,UUID,True,,False,False,identity.users.id,pseudônimo vinculável,política v1 categoria identidade_relacional; padrões: created_by,controle de acesso e segregação por tenant; criptografia do banco,não expor identificadores internos sem necessidade,acompanha entidade e trilha de auditoria com política de anonimização,existente,database/postgres/migrations/027_complete_legacy_adapter_relations.sql:117
postgresql,services,visits,updated_by,Updated by,UUID,True,,False,False,identity.users.id,pseudônimo vinculável,política v1 categoria identidade_relacional; padrões: updated_by,controle de acesso e segregação por tenant; criptografia do banco,não expor identificadores internos sem necessidade,acompanha entidade e trilha de auditoria com política de anonimização,existente,database/postgres/migrations/027_complete_legacy_adapter_relations.sql:118
postgresql,services,visits,idempotency_key,Idempotency key,VARCHAR(160),True,,False,True,,não classificado automaticamente,política v1; nenhuma regra automática aplicável,avaliar pelo proprietário do domínio,avaliar pelo proprietário do domínio,não definida; registrar lacuna,existente,database/postgres/migrations/027_complete_legacy_adapter_relations.sql:119
postgresql,services,quotes,id,Id,UUID,False,gen_random_uuid(),True,False,,não classificado automaticamente,política v1; nenhuma regra automática aplicável,avaliar pelo proprietário do domínio,avaliar pelo proprietário do domínio,não definida; registrar lacuna,existente,database/postgres/migrations/027_complete_legacy_adapter_relations.sql:124
postgresql,services,quotes,user_id,User id,UUID,False,,False,False,identity.users.id,pseudônimo vinculável,política v1 categoria identidade_relacional; padrões: user_id,controle de acesso e segregação por tenant; criptografia do banco,não expor identificadores internos sem necessidade,acompanha entidade e trilha de auditoria com política de anonimização,existente,database/postgres/migrations/027_complete_legacy_adapter_relations.sql:125
postgresql,services,quotes,company_id,Company id,UUID,True,,False,False,,não classificado automaticamente,política v1; nenhuma regra automática aplicável,avaliar pelo proprietário do domínio,avaliar pelo proprietário do domínio,não definida; registrar lacuna,existente,database/postgres/migrations/027_complete_legacy_adapter_relations.sql:126
postgresql,services,quotes,status,Status,VARCHAR(40),False,'draft',False,False,,não classificado automaticamente,política v1; nenhuma regra automática aplicável,avaliar pelo proprietário do domínio,avaliar pelo proprietário do domínio,não definida; registrar lacuna,existente,database/postgres/migrations/027_complete_legacy_adapter_relations.sql:127
postgresql,services,quotes,metadata,Metadata,JSONB,False,'{}'::jsonb,False,False,,não classificado automaticamente,política v1; nenhuma regra automática aplicável,avaliar pelo proprietário do domínio,avaliar pelo proprietário do domínio,não definida; registrar lacuna,existente,database/postgres/migrations/027_complete_legacy_adapter_relations.sql:128
postgresql,services,quotes,created_at,Created at,TIMESTAMPTZ,False,NOW(),False,False,,não classificado automaticamente,política v1; nenhuma regra automática aplicável,avaliar pelo proprietário do domínio,avaliar pelo proprietário do domínio,não definida; registrar lacuna,existente,database/postgres/migrations/027_complete_legacy_adapter_relations.sql:129
postgresql,services,quotes,updated_at,Updated at,TIMESTAMPTZ,False,NOW(),False,False,,não classificado automaticamente,política v1; nenhuma regra automática aplicável,avaliar pelo proprietário do domínio,avaliar pelo proprietário do domínio,não definida; registrar lacuna,existente,database/postgres/migrations/027_complete_legacy_adapter_relations.sql:130
postgresql,services,quotes,deleted_at,Deleted at,TIMESTAMPTZ,True,,False,False,,não classificado automaticamente,política v1; nenhuma regra automática aplicável,avaliar pelo proprietário do domínio,avaliar pelo proprietário do domínio,não definida; registrar lacuna,existente,database/postgres/migrations/027_complete_legacy_adapter_relations.sql:131
postgresql,services,quotes,created_by,Created by,UUID,True,,False,False,identity.users.id,pseudônimo vinculável,política v1 categoria identidade_relacional; padrões: created_by,controle de acesso e segregação por tenant; criptografia do banco,não expor identificadores internos sem necessidade,acompanha entidade e trilha de auditoria com política de anonimização,existente,database/postgres/migrations/027_complete_legacy_adapter_relations.sql:132
postgresql,services,quotes,updated_by,Updated by,UUID,True,,False,False,identity.users.id,pseudônimo vinculável,política v1 categoria identidade_relacional; padrões: updated_by,controle de acesso e segregação por tenant; criptografia do banco,não expor identificadores internos sem necessidade,acompanha entidade e trilha de auditoria com política de anonimização,existente,database/postgres/migrations/027_complete_legacy_adapter_relations.sql:133
postgresql,services,quotes,idempotency_key,Idempotency key,VARCHAR(160),True,,False,True,,não classificado automaticamente,política v1; nenhuma regra automática aplicável,avaliar pelo proprietário do domínio,avaliar pelo proprietário do domínio,não definida; registrar lacuna,existente,database/postgres/migrations/027_complete_legacy_adapter_relations.sql:134
postgresql,services,evidence,id,Id,UUID,False,gen_random_uuid(),True,False,,não classificado automaticamente,política v1; nenhuma regra automática aplicável,avaliar pelo proprietário do domínio,avaliar pelo proprietário do domínio,não definida; registrar lacuna,existente,database/postgres/migrations/027_complete_legacy_adapter_relations.sql:139
postgresql,services,evidence,user_id,User id,UUID,False,,False,False,identity.users.id,pseudônimo vinculável,política v1 categoria identidade_relacional; padrões: user_id,controle de acesso e segregação por tenant; criptografia do banco,não expor identificadores internos sem necessidade,acompanha entidade e trilha de auditoria com política de anonimização,existente,database/postgres/migrations/027_complete_legacy_adapter_relations.sql:140
postgresql,services,evidence,company_id,Company id,UUID,True,,False,False,,não classificado automaticamente,política v1; nenhuma regra automática aplicável,avaliar pelo proprietário do domínio,avaliar pelo proprietário do domínio,não definida; registrar lacuna,existente,database/postgres/migrations/027_complete_legacy_adapter_relations.sql:141
postgresql,services,evidence,status,Status,VARCHAR(40),False,'draft',False,False,,não classificado automaticamente,política v1; nenhuma regra automática aplicável,avaliar pelo proprietário do domínio,avaliar pelo proprietário do domínio,não definida; registrar lacuna,existente,database/postgres/migrations/027_complete_legacy_adapter_relations.sql:142
postgresql,services,evidence,metadata,Metadata,JSONB,False,'{}'::jsonb,False,False,,não classificado automaticamente,política v1; nenhuma regra automática aplicável,avaliar pelo proprietário do domínio,avaliar pelo proprietário do domínio,não definida; registrar lacuna,existente,database/postgres/migrations/027_complete_legacy_adapter_relations.sql:143
postgresql,services,evidence,created_at,Created at,TIMESTAMPTZ,False,NOW(),False,False,,não classificado automaticamente,política v1; nenhuma regra automática aplicável,avaliar pelo proprietário do domínio,avaliar pelo proprietário do domínio,não definida; registrar lacuna,existente,database/postgres/migrations/027_complete_legacy_adapter_relations.sql:144
postgresql,services,evidence,updated_at,Updated at,TIMESTAMPTZ,False,NOW(),False,False,,não classificado automaticamente,política v1; nenhuma regra automática aplicável,avaliar pelo proprietário do domínio,avaliar pelo proprietário do domínio,não definida; registrar lacuna,existente,database/postgres/migrations/027_complete_legacy_adapter_relations.sql:145
postgresql,services,evidence,deleted_at,Deleted at,TIMESTAMPTZ,True,,False,False,,não classificado automaticamente,política v1; nenhuma regra automática aplicável,avaliar pelo proprietário do domínio,avaliar pelo proprietário do domínio,não definida; registrar lacuna,existente,database/postgres/migrations/027_complete_legacy_adapter_relations.sql:146
postgresql,services,evidence,created_by,Created by,UUID,True,,False,False,identity.users.id,pseudônimo vinculável,política v1 categoria identidade_relacional; padrões: created_by,controle de acesso e segregação por tenant; criptografia do banco,não expor identificadores internos sem necessidade,acompanha entidade e trilha de auditoria com política de anonimização,existente,database/postgres/migrations/027_complete_legacy_adapter_relations.sql:147
postgresql,services,evidence,updated_by,Updated by,UUID,True,,False,False,identity.users.id,pseudônimo vinculável,política v1 categoria identidade_relacional; padrões: updated_by,controle de acesso e segregação por tenant; criptografia do banco,não expor identificadores internos sem necessidade,acompanha entidade e trilha de auditoria com política de anonimização,existente,database/postgres/migrations/027_complete_legacy_adapter_relations.sql:148
postgresql,services,evidence,idempotency_key,Idempotency key,VARCHAR(160),True,,False,True,,não classificado automaticamente,política v1; nenhuma regra automática aplicável,avaliar pelo proprietário do domínio,avaliar pelo proprietário do domínio,não definida; registrar lacuna,existente,database/postgres/migrations/027_complete_legacy_adapter_relations.sql:149
postgresql,mobility,routes,id,Id,UUID,False,gen_random_uuid(),True,False,,não classificado automaticamente,política v1; nenhuma regra automática aplicável,avaliar pelo proprietário do domínio,avaliar pelo proprietário do domínio,não definida; registrar lacuna,existente,database/postgres/migrations/027_complete_legacy_adapter_relations.sql:154
postgresql,mobility,routes,user_id,User id,UUID,False,,False,False,identity.users.id,pseudônimo vinculável,política v1 categoria identidade_relacional; padrões: user_id,controle de acesso e segregação por tenant; criptografia do banco,não expor identificadores internos sem necessidade,acompanha entidade e trilha de auditoria com política de anonimização,existente,database/postgres/migrations/027_complete_legacy_adapter_relations.sql:155
postgresql,mobility,routes,company_id,Company id,UUID,True,,False,False,,não classificado automaticamente,política v1; nenhuma regra automática aplicável,avaliar pelo proprietário do domínio,avaliar pelo proprietário do domínio,não definida; registrar lacuna,existente,database/postgres/migrations/027_complete_legacy_adapter_relations.sql:156
postgresql,mobility,routes,status,Status,VARCHAR(40),False,'draft',False,False,,não classificado automaticamente,política v1; nenhuma regra automática aplicável,avaliar pelo proprietário do domínio,avaliar pelo proprietário do domínio,não definida; registrar lacuna,existente,database/postgres/migrations/027_complete_legacy_adapter_relations.sql:157
postgresql,mobility,routes,metadata,Metadata,JSONB,False,'{}'::jsonb,False,False,,não classificado automaticamente,política v1; nenhuma regra automática aplicável,avaliar pelo proprietário do domínio,avaliar pelo proprietário do domínio,não definida; registrar lacuna,existente,database/postgres/migrations/027_complete_legacy_adapter_relations.sql:158
postgresql,mobility,routes,created_at,Created at,TIMESTAMPTZ,False,NOW(),False,False,,não classificado automaticamente,política v1; nenhuma regra automática aplicável,avaliar pelo proprietário do domínio,avaliar pelo proprietário do domínio,não definida; registrar lacuna,existente,database/postgres/migrations/027_complete_legacy_adapter_relations.sql:159
postgresql,mobility,routes,updated_at,Updated at,TIMESTAMPTZ,False,NOW(),False,False,,não classificado automaticamente,política v1; nenhuma regra automática aplicável,avaliar pelo proprietário do domínio,avaliar pelo proprietário do domínio,não definida; registrar lacuna,existente,database/postgres/migrations/027_complete_legacy_adapter_relations.sql:160
postgresql,mobility,routes,deleted_at,Deleted at,TIMESTAMPTZ,True,,False,False,,não classificado automaticamente,política v1; nenhuma regra automática aplicável,avaliar pelo proprietário do domínio,avaliar pelo proprietário do domínio,não definida; registrar lacuna,existente,database/postgres/migrations/027_complete_legacy_adapter_relations.sql:161
postgresql,mobility,routes,created_by,Created by,UUID,True,,False,False,identity.users.id,pseudônimo vinculável,política v1 categoria identidade_relacional; padrões: created_by,controle de acesso e segregação por tenant; criptografia do banco,não expor identificadores internos sem necessidade,acompanha entidade e trilha de auditoria com política de anonimização,existente,database/postgres/migrations/027_complete_legacy_adapter_relations.sql:162
postgresql,mobility,routes,updated_by,Updated by,UUID,True,,False,False,identity.users.id,pseudônimo vinculável,política v1 categoria identidade_relacional; padrões: updated_by,controle de acesso e segregação por tenant; criptografia do banco,não expor identificadores internos sem necessidade,acompanha entidade e trilha de auditoria com política de anonimização,existente,database/postgres/migrations/027_complete_legacy_adapter_relations.sql:163
postgresql,mobility,routes,idempotency_key,Idempotency key,VARCHAR(160),True,,False,True,,não classificado automaticamente,política v1; nenhuma regra automática aplicável,avaliar pelo proprietário do domínio,avaliar pelo proprietário do domínio,não definida; registrar lacuna,existente,database/postgres/migrations/027_complete_legacy_adapter_relations.sql:164
postgresql,mobility,stops,id,Id,UUID,False,gen_random_uuid(),True,False,,não classificado automaticamente,política v1; nenhuma regra automática aplicável,avaliar pelo proprietário do domínio,avaliar pelo proprietário do domínio,não definida; registrar lacuna,existente,database/postgres/migrations/027_complete_legacy_adapter_relations.sql:169
postgresql,mobility,stops,user_id,User id,UUID,False,,False,False,identity.users.id,pseudônimo vinculável,política v1 categoria identidade_relacional; padrões: user_id,controle de acesso e segregação por tenant; criptografia do banco,não expor identificadores internos sem necessidade,acompanha entidade e trilha de auditoria com política de anonimização,existente,database/postgres/migrations/027_complete_legacy_adapter_relations.sql:170
postgresql,mobility,stops,company_id,Company id,UUID,True,,False,False,,não classificado automaticamente,política v1; nenhuma regra automática aplicável,avaliar pelo proprietário do domínio,avaliar pelo proprietário do domínio,não definida; registrar lacuna,existente,database/postgres/migrations/027_complete_legacy_adapter_relations.sql:171
postgresql,mobility,stops,status,Status,VARCHAR(40),False,'draft',False,False,,não classificado automaticamente,política v1; nenhuma regra automática aplicável,avaliar pelo proprietário do domínio,avaliar pelo proprietário do domínio,não definida; registrar lacuna,existente,database/postgres/migrations/027_complete_legacy_adapter_relations.sql:172
postgresql,mobility,stops,metadata,Metadata,JSONB,False,'{}'::jsonb,False,False,,não classificado automaticamente,política v1; nenhuma regra automática aplicável,avaliar pelo proprietário do domínio,avaliar pelo proprietário do domínio,não definida; registrar lacuna,existente,database/postgres/migrations/027_complete_legacy_adapter_relations.sql:173
postgresql,mobility,stops,created_at,Created at,TIMESTAMPTZ,False,NOW(),False,False,,não classificado automaticamente,política v1; nenhuma regra automática aplicável,avaliar pelo proprietário do domínio,avaliar pelo proprietário do domínio,não definida; registrar lacuna,existente,database/postgres/migrations/027_complete_legacy_adapter_relations.sql:174
postgresql,mobility,stops,updated_at,Updated at,TIMESTAMPTZ,False,NOW(),False,False,,não classificado automaticamente,política v1; nenhuma regra automática aplicável,avaliar pelo proprietário do domínio,avaliar pelo proprietário do domínio,não definida; registrar lacuna,existente,database/postgres/migrations/027_complete_legacy_adapter_relations.sql:175
postgresql,mobility,stops,deleted_at,Deleted at,TIMESTAMPTZ,True,,False,False,,não classificado automaticamente,política v1; nenhuma regra automática aplicável,avaliar pelo proprietário do domínio,avaliar pelo proprietário do domínio,não definida; registrar lacuna,existente,database/postgres/migrations/027_complete_legacy_adapter_relations.sql:176
postgresql,mobility,stops,created_by,Created by,UUID,True,,False,False,identity.users.id,pseudônimo vinculável,política v1 categoria identidade_relacional; padrões: created_by,controle de acesso e segregação por tenant; criptografia do banco,não expor identificadores internos sem necessidade,acompanha entidade e trilha de auditoria com política de anonimização,existente,database/postgres/migrations/027_complete_legacy_adapter_relations.sql:177
postgresql,mobility,stops,updated_by,Updated by,UUID,True,,False,False,identity.users.id,pseudônimo vinculável,política v1 categoria identidade_relacional; padrões: updated_by,controle de acesso e segregação por tenant; criptografia do banco,não expor identificadores internos sem necessidade,acompanha entidade e trilha de auditoria com política de anonimização,existente,database/postgres/migrations/027_complete_legacy_adapter_relations.sql:178
postgresql,mobility,stops,idempotency_key,Idempotency key,VARCHAR(160),True,,False,True,,não classificado automaticamente,política v1; nenhuma regra automática aplicável,avaliar pelo proprietário do domínio,avaliar pelo proprietário do domínio,não definida; registrar lacuna,existente,database/postgres/migrations/027_complete_legacy_adapter_relations.sql:179
postgresql,mobility,fare_rules,id,Id,UUID,False,gen_random_uuid(),True,False,,não classificado automaticamente,política v1; nenhuma regra automática aplicável,avaliar pelo proprietário do domínio,avaliar pelo proprietário do domínio,não definida; registrar lacuna,existente,database/postgres/migrations/027_complete_legacy_adapter_relations.sql:184
postgresql,mobility,fare_rules,user_id,User id,UUID,False,,False,False,identity.users.id,pseudônimo vinculável,política v1 categoria identidade_relacional; padrões: user_id,controle de acesso e segregação por tenant; criptografia do banco,não expor identificadores internos sem necessidade,acompanha entidade e trilha de auditoria com política de anonimização,existente,database/postgres/migrations/027_complete_legacy_adapter_relations.sql:185
postgresql,mobility,fare_rules,company_id,Company id,UUID,True,,False,False,,não classificado automaticamente,política v1; nenhuma regra automática aplicável,avaliar pelo proprietário do domínio,avaliar pelo proprietário do domínio,não definida; registrar lacuna,existente,database/postgres/migrations/027_complete_legacy_adapter_relations.sql:186
postgresql,mobility,fare_rules,status,Status,VARCHAR(40),False,'draft',False,False,,não classificado automaticamente,política v1; nenhuma regra automática aplicável,avaliar pelo proprietário do domínio,avaliar pelo proprietário do domínio,não definida; registrar lacuna,existente,database/postgres/migrations/027_complete_legacy_adapter_relations.sql:187
postgresql,mobility,fare_rules,metadata,Metadata,JSONB,False,'{}'::jsonb,False,False,,não classificado automaticamente,política v1; nenhuma regra automática aplicável,avaliar pelo proprietário do domínio,avaliar pelo proprietário do domínio,não definida; registrar lacuna,existente,database/postgres/migrations/027_complete_legacy_adapter_relations.sql:188
postgresql,mobility,fare_rules,created_at,Created at,TIMESTAMPTZ,False,NOW(),False,False,,não classificado automaticamente,política v1; nenhuma regra automática aplicável,avaliar pelo proprietário do domínio,avaliar pelo proprietário do domínio,não definida; registrar lacuna,existente,database/postgres/migrations/027_complete_legacy_adapter_relations.sql:189
postgresql,mobility,fare_rules,updated_at,Updated at,TIMESTAMPTZ,False,NOW(),False,False,,não classificado automaticamente,política v1; nenhuma regra automática aplicável,avaliar pelo proprietário do domínio,avaliar pelo proprietário do domínio,não definida; registrar lacuna,existente,database/postgres/migrations/027_complete_legacy_adapter_relations.sql:190
postgresql,mobility,fare_rules,deleted_at,Deleted at,TIMESTAMPTZ,True,,False,False,,não classificado automaticamente,política v1; nenhuma regra automática aplicável,avaliar pelo proprietário do domínio,avaliar pelo proprietário do domínio,não definida; registrar lacuna,existente,database/postgres/migrations/027_complete_legacy_adapter_relations.sql:191
postgresql,mobility,fare_rules,created_by,Created by,UUID,True,,False,False,identity.users.id,pseudônimo vinculável,política v1 categoria identidade_relacional; padrões: created_by,controle de acesso e segregação por tenant; criptografia do banco,não expor identificadores internos sem necessidade,acompanha entidade e trilha de auditoria com política de anonimização,existente,database/postgres/migrations/027_complete_legacy_adapter_relations.sql:192
postgresql,mobility,fare_rules,updated_by,Updated by,UUID,True,,False,False,identity.users.id,pseudônimo vinculável,política v1 categoria identidade_relacional; padrões: updated_by,controle de acesso e segregação por tenant; criptografia do banco,não expor identificadores internos sem necessidade,acompanha entidade e trilha de auditoria com política de anonimização,existente,database/postgres/migrations/027_complete_legacy_adapter_relations.sql:193
postgresql,mobility,fare_rules,idempotency_key,Idempotency key,VARCHAR(160),True,,False,True,,não classificado automaticamente,política v1; nenhuma regra automática aplicável,avaliar pelo proprietário do domínio,avaliar pelo proprietário do domínio,não definida; registrar lacuna,existente,database/postgres/migrations/027_complete_legacy_adapter_relations.sql:194
postgresql,forms,field_catalog,id,Id,UUID,False,gen_random_uuid(),True,False,,não classificado automaticamente,política v1; nenhuma regra automática aplicável,avaliar pelo proprietário do domínio,avaliar pelo proprietário do domínio,não definida; registrar lacuna,existente,database/postgres/migrations/028_dynamic_forms_governance.sql:6
postgresql,forms,field_catalog,domain,Domain,VARCHAR(80),False,,False,False,,não classificado automaticamente,política v1; nenhuma regra automática aplicável,avaliar pelo proprietário do domínio,avaliar pelo proprietário do domínio,não definida; registrar lacuna,existente,database/postgres/migrations/028_dynamic_forms_governance.sql:7
postgresql,forms,field_catalog,logical_entity,Logical entity,VARCHAR(120),False,,False,False,,não classificado automaticamente,política v1; nenhuma regra automática aplicável,avaliar pelo proprietário do domínio,avaliar pelo proprietário do domínio,não definida; registrar lacuna,existente,database/postgres/migrations/028_dynamic_forms_governance.sql:8
postgresql,forms,field_catalog,logical_field,Logical field,VARCHAR(120),False,,False,False,,não classificado automaticamente,política v1; nenhuma regra automática aplicável,avaliar pelo proprietário do domínio,avaliar pelo proprietário do domínio,não definida; registrar lacuna,existente,database/postgres/migrations/028_dynamic_forms_governance.sql:9
postgresql,forms,field_catalog,data_type,Data type,VARCHAR(40),False,,False,False,,não classificado automaticamente,política v1; nenhuma regra automática aplicável,avaliar pelo proprietário do domínio,avaliar pelo proprietário do domínio,não definida; registrar lacuna,existente,database/postgres/migrations/028_dynamic_forms_governance.sql:10
postgresql,forms,field_catalog,description,Description,TEXT,False,,False,False,,não classificado automaticamente,política v1; nenhuma regra automática aplicável,avaliar pelo proprietário do domínio,avaliar pelo proprietário do domínio,não definida; registrar lacuna,existente,database/postgres/migrations/028_dynamic_forms_governance.sql:11
postgresql,forms,field_catalog,allowed_components,Allowed components,JSONB,False,'[]'::jsonb,False,False,,não classificado automaticamente,política v1; nenhuma regra automática aplicável,avaliar pelo proprietário do domínio,avaliar pelo proprietário do domínio,não definida; registrar lacuna,existente,database/postgres/migrations/028_dynamic_forms_governance.sql:12
postgresql,forms,field_catalog,mandatory_validations,Mandatory validations,JSONB,False,'[]'::jsonb,False,False,,não classificado automaticamente,política v1; nenhuma regra automática aplicável,avaliar pelo proprietário do domínio,avaliar pelo proprietário do domínio,não definida; registrar lacuna,existente,database/postgres/migrations/028_dynamic_forms_governance.sql:13
postgresql,forms,field_catalog,sensitivity,Sensitivity,VARCHAR(40),False,'internal',False,False,,não classificado automaticamente,política v1; nenhuma regra automática aplicável,avaliar pelo proprietário do domínio,avaliar pelo proprietário do domínio,não definida; registrar lacuna,existente,database/postgres/migrations/028_dynamic_forms_governance.sql:14
postgresql,forms,field_catalog,permissions,Permissions,JSONB,False,'{}'::jsonb,False,False,,não classificado automaticamente,política v1; nenhuma regra automática aplicável,avaliar pelo proprietário do domínio,avaliar pelo proprietário do domínio,não definida; registrar lacuna,existente,database/postgres/migrations/028_dynamic_forms_governance.sql:15
postgresql,forms,field_catalog,authorized_binding,Authorized binding,VARCHAR(240),False,,False,False,,não classificado automaticamente,política v1; nenhuma regra automática aplicável,avaliar pelo proprietário do domínio,avaliar pelo proprietário do domínio,não definida; registrar lacuna,existente,database/postgres/migrations/028_dynamic_forms_governance.sql:16
postgresql,forms,field_catalog,allowed_operations,Allowed operations,JSONB,False,'[]'::jsonb,False,False,,não classificado automaticamente,política v1; nenhuma regra automática aplicável,avaliar pelo proprietário do domínio,avaliar pelo proprietário do domínio,não definida; registrar lacuna,existente,database/postgres/migrations/028_dynamic_forms_governance.sql:17
postgresql,forms,field_catalog,allowed_calculations,Allowed calculations,JSONB,False,'[]'::jsonb,False,False,,não classificado automaticamente,política v1; nenhuma regra automática aplicável,avaliar pelo proprietário do domínio,avaliar pelo proprietário do domínio,não definida; registrar lacuna,existente,database/postgres/migrations/028_dynamic_forms_governance.sql:18
postgresql,forms,field_catalog,unit,Unit,VARCHAR(40),True,,False,False,,não classificado automaticamente,política v1; nenhuma regra automática aplicável,avaliar pelo proprietário do domínio,avaliar pelo proprietário do domínio,não definida; registrar lacuna,existente,database/postgres/migrations/028_dynamic_forms_governance.sql:19
postgresql,forms,field_catalog,format,Format,VARCHAR(80),True,,False,False,,não classificado automaticamente,política v1; nenhuma regra automática aplicável,avaliar pelo proprietário do domínio,avaliar pelo proprietário do domínio,não definida; registrar lacuna,existente,database/postgres/migrations/028_dynamic_forms_governance.sql:20
postgresql,forms,field_catalog,status,Status,VARCHAR(30),False,'active',False,False,,não classificado automaticamente,política v1; nenhuma regra automática aplicável,avaliar pelo proprietário do domínio,avaliar pelo proprietário do domínio,não definida; registrar lacuna,existente,database/postgres/migrations/028_dynamic_forms_governance.sql:21
postgresql,forms,field_catalog,version,Version,INTEGER,False,1,False,False,,não classificado automaticamente,política v1; nenhuma regra automática aplicável,avaliar pelo proprietário do domínio,avaliar pelo proprietário do domínio,não definida; registrar lacuna,existente,database/postgres/migrations/028_dynamic_forms_governance.sql:22
postgresql,forms,field_catalog,created_at,Created at,TIMESTAMPTZ,False,NOW(),False,False,,não classificado automaticamente,política v1; nenhuma regra automática aplicável,avaliar pelo proprietário do domínio,avaliar pelo proprietário do domínio,não definida; registrar lacuna,existente,database/postgres/migrations/028_dynamic_forms_governance.sql:23
postgresql,forms,field_catalog,created_by,Created by,UUID,True,,False,False,identity.users.id,pseudônimo vinculável,política v1 categoria identidade_relacional; padrões: created_by,controle de acesso e segregação por tenant; criptografia do banco,não expor identificadores internos sem necessidade,acompanha entidade e trilha de auditoria com política de anonimização,existente,database/postgres/migrations/028_dynamic_forms_governance.sql:24
postgresql,forms,field_catalog,updated_at,Updated at,TIMESTAMPTZ,False,NOW(),False,False,,não classificado automaticamente,política v1; nenhuma regra automática aplicável,avaliar pelo proprietário do domínio,avaliar pelo proprietário do domínio,não definida; registrar lacuna,existente,database/postgres/migrations/028_dynamic_forms_governance.sql:25
postgresql,forms,field_catalog,updated_by,Updated by,UUID,True,,False,False,identity.users.id,pseudônimo vinculável,política v1 categoria identidade_relacional; padrões: updated_by,controle de acesso e segregação por tenant; criptografia do banco,não expor identificadores internos sem necessidade,acompanha entidade e trilha de auditoria com política de anonimização,existente,database/postgres/migrations/028_dynamic_forms_governance.sql:26
postgresql,forms,field_bindings,id,Id,UUID,False,gen_random_uuid(),True,False,,não classificado automaticamente,política v1; nenhuma regra automática aplicável,avaliar pelo proprietário do domínio,avaliar pelo proprietário do domínio,não definida; registrar lacuna,existente,database/postgres/migrations/028_dynamic_forms_governance.sql:34
postgresql,forms,field_bindings,field_catalog_id,Field catalog id,UUID,False,,False,False,forms.field_catalog.id,não classificado automaticamente,política v1; nenhuma regra automática aplicável,avaliar pelo proprietário do domínio,avaliar pelo proprietário do domínio,não definida; registrar lacuna,existente,database/postgres/migrations/028_dynamic_forms_governance.sql:35
postgresql,forms,field_bindings,command,Command,VARCHAR(160),False,,False,False,,não classificado automaticamente,política v1; nenhuma regra automática aplicável,avaliar pelo proprietário do domínio,avaliar pelo proprietário do domínio,não definida; registrar lacuna,existente,database/postgres/migrations/028_dynamic_forms_governance.sql:36
postgresql,forms,field_bindings,api,Api,VARCHAR(240),False,,False,False,,não classificado automaticamente,política v1; nenhuma regra automática aplicável,avaliar pelo proprietário do domínio,avaliar pelo proprietário do domínio,não definida; registrar lacuna,existente,database/postgres/migrations/028_dynamic_forms_governance.sql:37
postgresql,forms,field_bindings,dto,Dto,VARCHAR(160),False,,False,False,,não classificado automaticamente,política v1; nenhuma regra automática aplicável,avaliar pelo proprietário do domínio,avaliar pelo proprietário do domínio,não definida; registrar lacuna,existente,database/postgres/migrations/028_dynamic_forms_governance.sql:38
postgresql,forms,field_bindings,logical_path,Logical path,VARCHAR(240),False,,False,False,,não classificado automaticamente,política v1; nenhuma regra automática aplicável,avaliar pelo proprietário do domínio,avaliar pelo proprietário do domínio,não definida; registrar lacuna,existente,database/postgres/migrations/028_dynamic_forms_governance.sql:39
postgresql,forms,field_bindings,data_type,Data type,VARCHAR(40),False,,False,False,,não classificado automaticamente,política v1; nenhuma regra automática aplicável,avaliar pelo proprietário do domínio,avaliar pelo proprietário do domínio,não definida; registrar lacuna,existente,database/postgres/migrations/028_dynamic_forms_governance.sql:40
postgresql,forms,field_bindings,transformation,Transformation,VARCHAR(120),True,,False,False,,não classificado automaticamente,política v1; nenhuma regra automática aplicável,avaliar pelo proprietário do domínio,avaliar pelo proprietário do domínio,não definida; registrar lacuna,existente,database/postgres/migrations/028_dynamic_forms_governance.sql:41
postgresql,forms,field_bindings,version,Version,INTEGER,False,1,False,False,,não classificado automaticamente,política v1; nenhuma regra automática aplicável,avaliar pelo proprietário do domínio,avaliar pelo proprietário do domínio,não definida; registrar lacuna,existente,database/postgres/migrations/028_dynamic_forms_governance.sql:42
postgresql,forms,field_bindings,validation_policy,Validation policy,JSONB,False,'{}'::jsonb,False,False,,não classificado automaticamente,política v1; nenhuma regra automática aplicável,avaliar pelo proprietário do domínio,avaliar pelo proprietário do domínio,não definida; registrar lacuna,existente,database/postgres/migrations/028_dynamic_forms_governance.sql:43
postgresql,forms,field_bindings,authorization_policy,Authorization policy,JSONB,False,'{}'::jsonb,False,False,,não classificado automaticamente,política v1; nenhuma regra automática aplicável,avaliar pelo proprietário do domínio,avaliar pelo proprietário do domínio,não definida; registrar lacuna,existente,database/postgres/migrations/028_dynamic_forms_governance.sql:44
postgresql,forms,field_bindings,status,Status,VARCHAR(30),False,'active',False,False,,não classificado automaticamente,política v1; nenhuma regra automática aplicável,avaliar pelo proprietário do domínio,avaliar pelo proprietário do domínio,não definida; registrar lacuna,existente,database/postgres/migrations/028_dynamic_forms_governance.sql:45
postgresql,forms,field_bindings,created_at,Created at,TIMESTAMPTZ,False,NOW(),False,False,,não classificado automaticamente,política v1; nenhuma regra automática aplicável,avaliar pelo proprietário do domínio,avaliar pelo proprietário do domínio,não definida; registrar lacuna,existente,database/postgres/migrations/028_dynamic_forms_governance.sql:46
postgresql,forms,field_bindings,created_by,Created by,UUID,True,,False,False,identity.users.id,pseudônimo vinculável,política v1 categoria identidade_relacional; padrões: created_by,controle de acesso e segregação por tenant; criptografia do banco,não expor identificadores internos sem necessidade,acompanha entidade e trilha de auditoria com política de anonimização,existente,database/postgres/migrations/028_dynamic_forms_governance.sql:47
postgresql,forms,form_definitions,id,Id,UUID,False,gen_random_uuid(),True,False,,não classificado automaticamente,política v1; nenhuma regra automática aplicável,avaliar pelo proprietário do domínio,avaliar pelo proprietário do domínio,não definida; registrar lacuna,existente,database/postgres/migrations/028_dynamic_forms_governance.sql:54
postgresql,forms,form_definitions,tenant_id,Tenant id,UUID,False,,False,False,,não classificado automaticamente,política v1; nenhuma regra automática aplicável,avaliar pelo proprietário do domínio,avaliar pelo proprietário do domínio,não definida; registrar lacuna,existente,database/postgres/migrations/028_dynamic_forms_governance.sql:55
postgresql,forms,form_definitions,company_id,Company id,UUID,True,,False,False,business.companies.id,não classificado automaticamente,política v1; nenhuma regra automática aplicável,avaliar pelo proprietário do domínio,avaliar pelo proprietário do domínio,não definida; registrar lacuna,existente,database/postgres/migrations/028_dynamic_forms_governance.sql:56
postgresql,forms,form_definitions,module_id,Module id,VARCHAR(80),False,,False,False,,não classificado automaticamente,política v1; nenhuma regra automática aplicável,avaliar pelo proprietário do domínio,avaliar pelo proprietário do domínio,não definida; registrar lacuna,existente,database/postgres/migrations/028_dynamic_forms_governance.sql:57
postgresql,forms,form_definitions,business_context,Business context,VARCHAR(120),False,,False,False,,não classificado automaticamente,política v1; nenhuma regra automática aplicável,avaliar pelo proprietário do domínio,avaliar pelo proprietário do domínio,não definida; registrar lacuna,existente,database/postgres/migrations/028_dynamic_forms_governance.sql:58
postgresql,forms,form_definitions,name,Name,VARCHAR(160),False,,False,False,,não classificado automaticamente,política v1; nenhuma regra automática aplicável,avaliar pelo proprietário do domínio,avaliar pelo proprietário do domínio,não definida; registrar lacuna,existente,database/postgres/migrations/028_dynamic_forms_governance.sql:59
postgresql,forms,form_definitions,description,Description,TEXT,True,,False,False,,não classificado automaticamente,política v1; nenhuma regra automática aplicável,avaliar pelo proprietário do domínio,avaliar pelo proprietário do domínio,não definida; registrar lacuna,existente,database/postgres/migrations/028_dynamic_forms_governance.sql:60
postgresql,forms,form_definitions,status,Status,VARCHAR(30),False,'draft',False,False,,não classificado automaticamente,política v1; nenhuma regra automática aplicável,avaliar pelo proprietário do domínio,avaliar pelo proprietário do domínio,não definida; registrar lacuna,existente,database/postgres/migrations/028_dynamic_forms_governance.sql:61
postgresql,forms,form_definitions,current_version_id,Current version id,UUID,True,,False,False,,não classificado automaticamente,política v1; nenhuma regra automática aplicável,avaliar pelo proprietário do domínio,avaliar pelo proprietário do domínio,não definida; registrar lacuna,existente,database/postgres/migrations/028_dynamic_forms_governance.sql:62
postgresql,forms,form_definitions,created_by,Created by,UUID,False,,False,False,identity.users.id,pseudônimo vinculável,política v1 categoria identidade_relacional; padrões: created_by,controle de acesso e segregação por tenant; criptografia do banco,não expor identificadores internos sem necessidade,acompanha entidade e trilha de auditoria com política de anonimização,existente,database/postgres/migrations/028_dynamic_forms_governance.sql:63
postgresql,forms,form_definitions,created_at,Created at,TIMESTAMPTZ,False,NOW(),False,False,,não classificado automaticamente,política v1; nenhuma regra automática aplicável,avaliar pelo proprietário do domínio,avaliar pelo proprietário do domínio,não definida; registrar lacuna,existente,database/postgres/migrations/028_dynamic_forms_governance.sql:64
postgresql,forms,form_definitions,updated_by,Updated by,UUID,False,,False,False,identity.users.id,pseudônimo vinculável,política v1 categoria identidade_relacional; padrões: updated_by,controle de acesso e segregação por tenant; criptografia do banco,não expor identificadores internos sem necessidade,acompanha entidade e trilha de auditoria com política de anonimização,existente,database/postgres/migrations/028_dynamic_forms_governance.sql:65
postgresql,forms,form_definitions,updated_at,Updated at,TIMESTAMPTZ,False,NOW(),False,False,,não classificado automaticamente,política v1; nenhuma regra automática aplicável,avaliar pelo proprietário do domínio,avaliar pelo proprietário do domínio,não definida; registrar lacuna,existente,database/postgres/migrations/028_dynamic_forms_governance.sql:66
postgresql,forms,form_definitions,deleted_at,Deleted at,TIMESTAMPTZ,True,,False,False,,não classificado automaticamente,política v1; nenhuma regra automática aplicável,avaliar pelo proprietário do domínio,avaliar pelo proprietário do domínio,não definida; registrar lacuna,existente,database/postgres/migrations/028_dynamic_forms_governance.sql:67
postgresql,forms,form_versions,id,Id,UUID,False,gen_random_uuid(),True,False,,não classificado automaticamente,política v1; nenhuma regra automática aplicável,avaliar pelo proprietário do domínio,avaliar pelo proprietário do domínio,não definida; registrar lacuna,existente,database/postgres/migrations/028_dynamic_forms_governance.sql:72
postgresql,forms,form_versions,form_definition_id,Form definition id,UUID,False,,False,False,forms.form_definitions.id,não classificado automaticamente,política v1; nenhuma regra automática aplicável,avaliar pelo proprietário do domínio,avaliar pelo proprietário do domínio,não definida; registrar lacuna,existente,database/postgres/migrations/028_dynamic_forms_governance.sql:73
postgresql,forms,form_versions,version_number,Version number,INTEGER,False,,False,False,,não classificado automaticamente,política v1; nenhuma regra automática aplicável,avaliar pelo proprietário do domínio,avaliar pelo proprietário do domínio,não definida; registrar lacuna,existente,database/postgres/migrations/028_dynamic_forms_governance.sql:74
postgresql,forms,form_versions,schema_version,Schema version,INTEGER,False,1,False,False,,não classificado automaticamente,política v1; nenhuma regra automática aplicável,avaliar pelo proprietário do domínio,avaliar pelo proprietário do domínio,não definida; registrar lacuna,existente,database/postgres/migrations/028_dynamic_forms_governance.sql:75
postgresql,forms,form_versions,status,Status,VARCHAR(30),False,'draft',False,False,,não classificado automaticamente,política v1; nenhuma regra automática aplicável,avaliar pelo proprietário do domínio,avaliar pelo proprietário do domínio,não definida; registrar lacuna,existente,database/postgres/migrations/028_dynamic_forms_governance.sql:76
postgresql,forms,form_versions,change_summary,Change summary,TEXT,False,,False,False,,não classificado automaticamente,política v1; nenhuma regra automática aplicável,avaliar pelo proprietário do domínio,avaliar pelo proprietário do domínio,não definida; registrar lacuna,existente,database/postgres/migrations/028_dynamic_forms_governance.sql:77
postgresql,forms,form_versions,created_by,Created by,UUID,False,,False,False,identity.users.id,pseudônimo vinculável,política v1 categoria identidade_relacional; padrões: created_by,controle de acesso e segregação por tenant; criptografia do banco,não expor identificadores internos sem necessidade,acompanha entidade e trilha de auditoria com política de anonimização,existente,database/postgres/migrations/028_dynamic_forms_governance.sql:78
postgresql,forms,form_versions,created_at,Created at,TIMESTAMPTZ,False,NOW(),False,False,,não classificado automaticamente,política v1; nenhuma regra automática aplicável,avaliar pelo proprietário do domínio,avaliar pelo proprietário do domínio,não definida; registrar lacuna,existente,database/postgres/migrations/028_dynamic_forms_governance.sql:79
postgresql,forms,form_versions,submitted_at,Submitted at,TIMESTAMPTZ,True,,False,False,,não classificado automaticamente,política v1; nenhuma regra automática aplicável,avaliar pelo proprietário do domínio,avaliar pelo proprietário do domínio,não definida; registrar lacuna,existente,database/postgres/migrations/028_dynamic_forms_governance.sql:80
postgresql,forms,form_versions,submitted_by,Submitted by,UUID,True,,False,False,identity.users.id,não classificado automaticamente,política v1; nenhuma regra automática aplicável,avaliar pelo proprietário do domínio,avaliar pelo proprietário do domínio,não definida; registrar lacuna,existente,database/postgres/migrations/028_dynamic_forms_governance.sql:81
postgresql,forms,form_versions,approved_at,Approved at,TIMESTAMPTZ,True,,False,False,,não classificado automaticamente,política v1; nenhuma regra automática aplicável,avaliar pelo proprietário do domínio,avaliar pelo proprietário do domínio,não definida; registrar lacuna,existente,database/postgres/migrations/028_dynamic_forms_governance.sql:82
postgresql,forms,form_versions,approved_by,Approved by,UUID,True,,False,False,identity.users.id,pseudônimo vinculável,política v1 categoria identidade_relacional; padrões: approved_by,controle de acesso e segregação por tenant; criptografia do banco,não expor identificadores internos sem necessidade,acompanha entidade e trilha de auditoria com política de anonimização,existente,database/postgres/migrations/028_dynamic_forms_governance.sql:83
postgresql,forms,form_versions,rejected_at,Rejected at,TIMESTAMPTZ,True,,False,False,,não classificado automaticamente,política v1; nenhuma regra automática aplicável,avaliar pelo proprietário do domínio,avaliar pelo proprietário do domínio,não definida; registrar lacuna,existente,database/postgres/migrations/028_dynamic_forms_governance.sql:84
postgresql,forms,form_versions,rejected_by,Rejected by,UUID,True,,False,False,identity.users.id,não classificado automaticamente,política v1; nenhuma regra automática aplicável,avaliar pelo proprietário do domínio,avaliar pelo proprietário do domínio,não definida; registrar lacuna,existente,database/postgres/migrations/028_dynamic_forms_governance.sql:85
postgresql,forms,form_versions,rejection_reason,Rejection reason,TEXT,True,,False,False,,não classificado automaticamente,política v1; nenhuma regra automática aplicável,avaliar pelo proprietário do domínio,avaliar pelo proprietário do domínio,não definida; registrar lacuna,existente,database/postgres/migrations/028_dynamic_forms_governance.sql:86
postgresql,forms,form_versions,published_at,Published at,TIMESTAMPTZ,True,,False,False,,não classificado automaticamente,política v1; nenhuma regra automática aplicável,avaliar pelo proprietário do domínio,avaliar pelo proprietário do domínio,não definida; registrar lacuna,existente,database/postgres/migrations/028_dynamic_forms_governance.sql:87
postgresql,forms,form_versions,published_by,Published by,UUID,True,,False,False,identity.users.id,não classificado automaticamente,política v1; nenhuma regra automática aplicável,avaliar pelo proprietário do domínio,avaliar pelo proprietário do domínio,não definida; registrar lacuna,existente,database/postgres/migrations/028_dynamic_forms_governance.sql:88
postgresql,forms,form_versions,retired_at,Retired at,TIMESTAMPTZ,True,,False,False,,não classificado automaticamente,política v1; nenhuma regra automática aplicável,avaliar pelo proprietário do domínio,avaliar pelo proprietário do domínio,não definida; registrar lacuna,existente,database/postgres/migrations/028_dynamic_forms_governance.sql:89
postgresql,forms,form_versions,checksum,Checksum,CHAR(64),True,,False,False,,não classificado automaticamente,política v1; nenhuma regra automática aplicável,avaliar pelo proprietário do domínio,avaliar pelo proprietário do domínio,não definida; registrar lacuna,existente,database/postgres/migrations/028_dynamic_forms_governance.sql:90
postgresql,forms,form_blocks,id,Id,UUID,False,gen_random_uuid(),True,False,,não classificado automaticamente,política v1; nenhuma regra automática aplicável,avaliar pelo proprietário do domínio,avaliar pelo proprietário do domínio,não definida; registrar lacuna,existente,database/postgres/migrations/028_dynamic_forms_governance.sql:103
postgresql,forms,form_blocks,form_version_id,Form version id,UUID,False,,False,False,forms.form_versions.id,não classificado automaticamente,política v1; nenhuma regra automática aplicável,avaliar pelo proprietário do domínio,avaliar pelo proprietário do domínio,não definida; registrar lacuna,existente,database/postgres/migrations/028_dynamic_forms_governance.sql:104
postgresql,forms,form_blocks,block_type,Block type,VARCHAR(30),False,,False,False,,não classificado automaticamente,política v1; nenhuma regra automática aplicável,avaliar pelo proprietário do domínio,avaliar pelo proprietário do domínio,não definida; registrar lacuna,existente,database/postgres/migrations/028_dynamic_forms_governance.sql:105
postgresql,forms,form_blocks,parent_block_id,Parent block id,UUID,True,,False,False,forms.form_blocks.id,não classificado automaticamente,política v1; nenhuma regra automática aplicável,avaliar pelo proprietário do domínio,avaliar pelo proprietário do domínio,não definida; registrar lacuna,existente,database/postgres/migrations/028_dynamic_forms_governance.sql:106
postgresql,forms,form_blocks,display_order,Display order,INTEGER,False,,False,False,,não classificado automaticamente,política v1; nenhuma regra automática aplicável,avaliar pelo proprietário do domínio,avaliar pelo proprietário do domínio,não definida; registrar lacuna,existente,database/postgres/migrations/028_dynamic_forms_governance.sql:107
postgresql,forms,form_blocks,title,Title,VARCHAR(160),False,,False,False,,não classificado automaticamente,política v1; nenhuma regra automática aplicável,avaliar pelo proprietário do domínio,avaliar pelo proprietário do domínio,não definida; registrar lacuna,existente,database/postgres/migrations/028_dynamic_forms_governance.sql:108
postgresql,forms,form_blocks,description,Description,TEXT,True,,False,False,,não classificado automaticamente,política v1; nenhuma regra automática aplicável,avaliar pelo proprietário do domínio,avaliar pelo proprietário do domínio,não definida; registrar lacuna,existente,database/postgres/migrations/028_dynamic_forms_governance.sql:109
postgresql,forms,form_blocks,width,Width,SMALLINT,False,12,False,False,,não classificado automaticamente,política v1; nenhuma regra automática aplicável,avaliar pelo proprietário do domínio,avaliar pelo proprietário do domínio,não definida; registrar lacuna,existente,database/postgres/migrations/028_dynamic_forms_governance.sql:110
postgresql,forms,form_blocks,collapsible,Collapsible,BOOLEAN,False,FALSE,False,False,,não classificado automaticamente,política v1; nenhuma regra automática aplicável,avaliar pelo proprietário do domínio,avaliar pelo proprietário do domínio,não definida; registrar lacuna,existente,database/postgres/migrations/028_dynamic_forms_governance.sql:111
postgresql,forms,form_blocks,visibility_rule_id,Visibility rule id,UUID,True,,False,False,,não classificado automaticamente,política v1; nenhuma regra automática aplicável,avaliar pelo proprietário do domínio,avaliar pelo proprietário do domínio,não definida; registrar lacuna,existente,database/postgres/migrations/028_dynamic_forms_governance.sql:112
postgresql,forms,form_blocks,repeatable,Repeatable,BOOLEAN,False,FALSE,False,False,,não classificado automaticamente,política v1; nenhuma regra automática aplicável,avaliar pelo proprietário do domínio,avaliar pelo proprietário do domínio,não definida; registrar lacuna,existente,database/postgres/migrations/028_dynamic_forms_governance.sql:113
postgresql,forms,form_blocks,allowed_style,Allowed style,VARCHAR(40),False,'default',False,False,,não classificado automaticamente,política v1; nenhuma regra automática aplicável,avaliar pelo proprietário do domínio,avaliar pelo proprietário do domínio,não definida; registrar lacuna,existente,database/postgres/migrations/028_dynamic_forms_governance.sql:114
postgresql,forms,form_blocks,created_at,Created at,TIMESTAMPTZ,False,NOW(),False,False,,não classificado automaticamente,política v1; nenhuma regra automática aplicável,avaliar pelo proprietário do domínio,avaliar pelo proprietário do domínio,não definida; registrar lacuna,existente,database/postgres/migrations/028_dynamic_forms_governance.sql:115
postgresql,forms,form_blocks,created_by,Created by,UUID,True,,False,False,identity.users.id,pseudônimo vinculável,política v1 categoria identidade_relacional; padrões: created_by,controle de acesso e segregação por tenant; criptografia do banco,não expor identificadores internos sem necessidade,acompanha entidade e trilha de auditoria com política de anonimização,existente,database/postgres/migrations/028_dynamic_forms_governance.sql:116
postgresql,forms,form_fields,id,Id,UUID,False,gen_random_uuid(),True,False,,não classificado automaticamente,política v1; nenhuma regra automática aplicável,avaliar pelo proprietário do domínio,avaliar pelo proprietário do domínio,não definida; registrar lacuna,existente,database/postgres/migrations/028_dynamic_forms_governance.sql:121
postgresql,forms,form_fields,form_version_id,Form version id,UUID,False,,False,False,forms.form_versions.id,não classificado automaticamente,política v1; nenhuma regra automática aplicável,avaliar pelo proprietário do domínio,avaliar pelo proprietário do domínio,não definida; registrar lacuna,existente,database/postgres/migrations/028_dynamic_forms_governance.sql:122
postgresql,forms,form_fields,block_id,Block id,UUID,False,,False,False,forms.form_blocks.id,não classificado automaticamente,política v1; nenhuma regra automática aplicável,avaliar pelo proprietário do domínio,avaliar pelo proprietário do domínio,não definida; registrar lacuna,existente,database/postgres/migrations/028_dynamic_forms_governance.sql:123
postgresql,forms,form_fields,field_catalog_id,Field catalog id,UUID,False,,False,False,forms.field_catalog.id,não classificado automaticamente,política v1; nenhuma regra automática aplicável,avaliar pelo proprietário do domínio,avaliar pelo proprietário do domínio,não definida; registrar lacuna,existente,database/postgres/migrations/028_dynamic_forms_governance.sql:124
postgresql,forms,form_fields,field_binding_id,Field binding id,UUID,False,,False,False,forms.field_bindings.id,não classificado automaticamente,política v1; nenhuma regra automática aplicável,avaliar pelo proprietário do domínio,avaliar pelo proprietário do domínio,não definida; registrar lacuna,existente,database/postgres/migrations/028_dynamic_forms_governance.sql:125
postgresql,forms,form_fields,component,Component,VARCHAR(40),False,,False,False,,não classificado automaticamente,política v1; nenhuma regra automática aplicável,avaliar pelo proprietário do domínio,avaliar pelo proprietário do domínio,não definida; registrar lacuna,existente,database/postgres/migrations/028_dynamic_forms_governance.sql:126
postgresql,forms,form_fields,label,Label,VARCHAR(160),False,,False,False,,não classificado automaticamente,política v1; nenhuma regra automática aplicável,avaliar pelo proprietário do domínio,avaliar pelo proprietário do domínio,não definida; registrar lacuna,existente,database/postgres/migrations/028_dynamic_forms_governance.sql:127
postgresql,forms,form_fields,help_text,Help text,TEXT,True,,False,False,,não classificado automaticamente,política v1; nenhuma regra automática aplicável,avaliar pelo proprietário do domínio,avaliar pelo proprietário do domínio,não definida; registrar lacuna,existente,database/postgres/migrations/028_dynamic_forms_governance.sql:128
postgresql,forms,form_fields,placeholder,Placeholder,VARCHAR(240),True,,False,False,,não classificado automaticamente,política v1; nenhuma regra automática aplicável,avaliar pelo proprietário do domínio,avaliar pelo proprietário do domínio,não definida; registrar lacuna,existente,database/postgres/migrations/028_dynamic_forms_governance.sql:129
postgresql,forms,form_fields,required,Required,BOOLEAN,False,FALSE,False,False,,não classificado automaticamente,política v1; nenhuma regra automática aplicável,avaliar pelo proprietário do domínio,avaliar pelo proprietário do domínio,não definida; registrar lacuna,existente,database/postgres/migrations/028_dynamic_forms_governance.sql:130
postgresql,forms,form_fields,read_only,Read only,BOOLEAN,False,FALSE,False,False,,não classificado automaticamente,política v1; nenhuma regra automática aplicável,avaliar pelo proprietário do domínio,avaliar pelo proprietário do domínio,não definida; registrar lacuna,existente,database/postgres/migrations/028_dynamic_forms_governance.sql:131
postgresql,forms,form_fields,hidden,Hidden,BOOLEAN,False,FALSE,False,False,,não classificado automaticamente,política v1; nenhuma regra automática aplicável,avaliar pelo proprietário do domínio,avaliar pelo proprietário do domínio,não definida; registrar lacuna,existente,database/postgres/migrations/028_dynamic_forms_governance.sql:132
postgresql,forms,form_fields,display_order,Display order,INTEGER,False,,False,False,,não classificado automaticamente,política v1; nenhuma regra automática aplicável,avaliar pelo proprietário do domínio,avaliar pelo proprietário do domínio,não definida; registrar lacuna,existente,database/postgres/migrations/028_dynamic_forms_governance.sql:133
postgresql,forms,form_fields,width,Width,SMALLINT,False,12,False,False,,não classificado automaticamente,política v1; nenhuma regra automática aplicável,avaliar pelo proprietário do domínio,avaliar pelo proprietário do domínio,não definida; registrar lacuna,existente,database/postgres/migrations/028_dynamic_forms_governance.sql:134
postgresql,forms,form_fields,mask,Mask,VARCHAR(80),True,,False,False,,não classificado automaticamente,política v1; nenhuma regra automática aplicável,avaliar pelo proprietário do domínio,avaliar pelo proprietário do domínio,não definida; registrar lacuna,existente,database/postgres/migrations/028_dynamic_forms_governance.sql:135
postgresql,forms,form_fields,format,Format,VARCHAR(80),True,,False,False,,não classificado automaticamente,política v1; nenhuma regra automática aplicável,avaliar pelo proprietário do domínio,avaliar pelo proprietário do domínio,não definida; registrar lacuna,existente,database/postgres/migrations/028_dynamic_forms_governance.sql:136
postgresql,forms,form_fields,default_value,Default value,JSONB,True,,False,False,,não classificado automaticamente,política v1; nenhuma regra automática aplicável,avaliar pelo proprietário do domínio,avaliar pelo proprietário do domínio,não definida; registrar lacuna,existente,database/postgres/migrations/028_dynamic_forms_governance.sql:137
postgresql,forms,form_fields,value_source,Value source,VARCHAR(40),False,'user',False,False,,não classificado automaticamente,política v1; nenhuma regra automática aplicável,avaliar pelo proprietário do domínio,avaliar pelo proprietário do domínio,não definida; registrar lacuna,existente,database/postgres/migrations/028_dynamic_forms_governance.sql:138
postgresql,forms,form_fields,unit,Unit,VARCHAR(40),True,,False,False,,não classificado automaticamente,política v1; nenhuma regra automática aplicável,avaliar pelo proprietário do domínio,avaliar pelo proprietário do domínio,não definida; registrar lacuna,existente,database/postgres/migrations/028_dynamic_forms_governance.sql:139
postgresql,forms,form_fields,permissions,Permissions,JSONB,False,'{}'::jsonb,False,False,,não classificado automaticamente,política v1; nenhuma regra automática aplicável,avaliar pelo proprietário do domínio,avaliar pelo proprietário do domínio,não definida; registrar lacuna,existente,database/postgres/migrations/028_dynamic_forms_governance.sql:140
postgresql,forms,form_fields,visibility_rule_id,Visibility rule id,UUID,True,,False,False,,não classificado automaticamente,política v1; nenhuma regra automática aplicável,avaliar pelo proprietário do domínio,avaliar pelo proprietário do domínio,não definida; registrar lacuna,existente,database/postgres/migrations/028_dynamic_forms_governance.sql:141
postgresql,forms,form_fields,validation_ids,Validation ids,JSONB,False,'[]'::jsonb,False,False,,não classificado automaticamente,política v1; nenhuma regra automática aplicável,avaliar pelo proprietário do domínio,avaliar pelo proprietário do domínio,não definida; registrar lacuna,existente,database/postgres/migrations/028_dynamic_forms_governance.sql:142
postgresql,forms,form_fields,audit_policy,Audit policy,JSONB,False,'{}'::jsonb,False,False,,não classificado automaticamente,política v1; nenhuma regra automática aplicável,avaliar pelo proprietário do domínio,avaliar pelo proprietário do domínio,não definida; registrar lacuna,existente,database/postgres/migrations/028_dynamic_forms_governance.sql:143
postgresql,forms,form_fields,created_at,Created at,TIMESTAMPTZ,False,NOW(),False,False,,não classificado automaticamente,política v1; nenhuma regra automática aplicável,avaliar pelo proprietário do domínio,avaliar pelo proprietário do domínio,não definida; registrar lacuna,existente,database/postgres/migrations/028_dynamic_forms_governance.sql:144
postgresql,forms,form_fields,created_by,Created by,UUID,True,,False,False,identity.users.id,pseudônimo vinculável,política v1 categoria identidade_relacional; padrões: created_by,controle de acesso e segregação por tenant; criptografia do banco,não expor identificadores internos sem necessidade,acompanha entidade e trilha de auditoria com política de anonimização,existente,database/postgres/migrations/028_dynamic_forms_governance.sql:145
postgresql,forms,form_calculations,id,Id,UUID,False,gen_random_uuid(),True,False,,não classificado automaticamente,política v1; nenhuma regra automática aplicável,avaliar pelo proprietário do domínio,avaliar pelo proprietário do domínio,não definida; registrar lacuna,existente,database/postgres/migrations/028_dynamic_forms_governance.sql:152
postgresql,forms,form_calculations,form_version_id,Form version id,UUID,False,,False,False,forms.form_versions.id,não classificado automaticamente,política v1; nenhuma regra automática aplicável,avaliar pelo proprietário do domínio,avaliar pelo proprietário do domínio,não definida; registrar lacuna,existente,database/postgres/migrations/028_dynamic_forms_governance.sql:153
postgresql,forms,form_calculations,name,Name,VARCHAR(120),False,,False,False,,não classificado automaticamente,política v1; nenhuma regra automática aplicável,avaliar pelo proprietário do domínio,avaliar pelo proprietário do domínio,não definida; registrar lacuna,existente,database/postgres/migrations/028_dynamic_forms_governance.sql:154
postgresql,forms,form_calculations,result_field_id,Result field id,UUID,False,,False,False,forms.form_fields.id,não classificado automaticamente,política v1; nenhuma regra automática aplicável,avaliar pelo proprietário do domínio,avaliar pelo proprietário do domínio,não definida; registrar lacuna,existente,database/postgres/migrations/028_dynamic_forms_governance.sql:155
postgresql,forms,form_calculations,operand_field_ids,Operand field ids,JSONB,False,,False,False,,não classificado automaticamente,política v1; nenhuma regra automática aplicável,avaliar pelo proprietário do domínio,avaliar pelo proprietário do domínio,não definida; registrar lacuna,existente,database/postgres/migrations/028_dynamic_forms_governance.sql:156
postgresql,forms,form_calculations,operation,Operation,VARCHAR(40),False,,False,False,,não classificado automaticamente,política v1; nenhuma regra automática aplicável,avaliar pelo proprietário do domínio,avaliar pelo proprietário do domínio,não definida; registrar lacuna,existente,database/postgres/migrations/028_dynamic_forms_governance.sql:157
postgresql,forms,form_calculations,safe_expression,Safe expression,JSONB,False,,False,False,,não classificado automaticamente,política v1; nenhuma regra automática aplicável,avaliar pelo proprietário do domínio,avaliar pelo proprietário do domínio,não definida; registrar lacuna,existente,database/postgres/migrations/028_dynamic_forms_governance.sql:158
postgresql,forms,form_calculations,display_order,Display order,INTEGER,False,0,False,False,,não classificado automaticamente,política v1; nenhuma regra automática aplicável,avaliar pelo proprietário do domínio,avaliar pelo proprietário do domínio,não definida; registrar lacuna,existente,database/postgres/migrations/028_dynamic_forms_governance.sql:159
postgresql,forms,form_calculations,precision,Precision,SMALLINT,True,,False,False,,não classificado automaticamente,política v1; nenhuma regra automática aplicável,avaliar pelo proprietário do domínio,avaliar pelo proprietário do domínio,não definida; registrar lacuna,existente,database/postgres/migrations/028_dynamic_forms_governance.sql:160
postgresql,forms,form_calculations,rounding,Rounding,VARCHAR(20),True,,False,False,,não classificado automaticamente,política v1; nenhuma regra automática aplicável,avaliar pelo proprietário do domínio,avaliar pelo proprietário do domínio,não definida; registrar lacuna,existente,database/postgres/migrations/028_dynamic_forms_governance.sql:161
postgresql,forms,form_calculations,trigger_mode,Trigger mode,VARCHAR(30),False,'on_change',False,False,,não classificado automaticamente,política v1; nenhuma regra automática aplicável,avaliar pelo proprietário do domínio,avaliar pelo proprietário do domínio,não definida; registrar lacuna,existente,database/postgres/migrations/028_dynamic_forms_governance.sql:162
postgresql,forms,form_calculations,condition,Condition,JSONB,True,,False,False,,não classificado automaticamente,política v1; nenhuma regra automática aplicável,avaliar pelo proprietário do domínio,avaliar pelo proprietário do domínio,não definida; registrar lacuna,existente,database/postgres/migrations/028_dynamic_forms_governance.sql:163
postgresql,forms,form_calculations,unit,Unit,VARCHAR(40),True,,False,False,,não classificado automaticamente,política v1; nenhuma regra automática aplicável,avaliar pelo proprietário do domínio,avaliar pelo proprietário do domínio,não definida; registrar lacuna,existente,database/postgres/migrations/028_dynamic_forms_governance.sql:164
postgresql,forms,form_calculations,null_handling,Null handling,VARCHAR(30),False,'error',False,False,,não classificado automaticamente,política v1; nenhuma regra automática aplicável,avaliar pelo proprietário do domínio,avaliar pelo proprietário do domínio,não definida; registrar lacuna,existente,database/postgres/migrations/028_dynamic_forms_governance.sql:165
postgresql,forms,form_calculations,division_by_zero_handling,Division by zero handling,VARCHAR(30),False,'error',False,False,,não classificado automaticamente,política v1; nenhuma regra automática aplicável,avaliar pelo proprietário do domínio,avaliar pelo proprietário do domínio,não definida; registrar lacuna,existente,database/postgres/migrations/028_dynamic_forms_governance.sql:166
postgresql,forms,form_calculations,visibility,Visibility,VARCHAR(30),False,'visible',False,False,,não classificado automaticamente,política v1; nenhuma regra automática aplicável,avaliar pelo proprietário do domínio,avaliar pelo proprietário do domínio,não definida; registrar lacuna,existente,database/postgres/migrations/028_dynamic_forms_governance.sql:167
postgresql,forms,form_calculations,validation,Validation,JSONB,False,'{}'::jsonb,False,False,,não classificado automaticamente,política v1; nenhuma regra automática aplicável,avaliar pelo proprietário do domínio,avaliar pelo proprietário do domínio,não definida; registrar lacuna,existente,database/postgres/migrations/028_dynamic_forms_governance.sql:168
postgresql,forms,form_calculations,status,Status,VARCHAR(30),False,'active',False,False,,não classificado automaticamente,política v1; nenhuma regra automática aplicável,avaliar pelo proprietário do domínio,avaliar pelo proprietário do domínio,não definida; registrar lacuna,existente,database/postgres/migrations/028_dynamic_forms_governance.sql:169
postgresql,forms,form_calculations,version,Version,INTEGER,False,1,False,False,,não classificado automaticamente,política v1; nenhuma regra automática aplicável,avaliar pelo proprietário do domínio,avaliar pelo proprietário do domínio,não definida; registrar lacuna,existente,database/postgres/migrations/028_dynamic_forms_governance.sql:170
postgresql,forms,form_calculations,created_at,Created at,TIMESTAMPTZ,False,NOW(),False,False,,não classificado automaticamente,política v1; nenhuma regra automática aplicável,avaliar pelo proprietário do domínio,avaliar pelo proprietário do domínio,não definida; registrar lacuna,existente,database/postgres/migrations/028_dynamic_forms_governance.sql:171
postgresql,forms,form_calculations,created_by,Created by,UUID,True,,False,False,identity.users.id,pseudônimo vinculável,política v1 categoria identidade_relacional; padrões: created_by,controle de acesso e segregação por tenant; criptografia do banco,não expor identificadores internos sem necessidade,acompanha entidade e trilha de auditoria com política de anonimização,existente,database/postgres/migrations/028_dynamic_forms_governance.sql:172
postgresql,forms,form_validations,id,Id,UUID,False,gen_random_uuid(),True,False,,não classificado automaticamente,política v1; nenhuma regra automática aplicável,avaliar pelo proprietário do domínio,avaliar pelo proprietário do domínio,não definida; registrar lacuna,existente,database/postgres/migrations/028_dynamic_forms_governance.sql:179
postgresql,forms,form_validations,form_version_id,Form version id,UUID,False,,False,False,forms.form_versions.id,não classificado automaticamente,política v1; nenhuma regra automática aplicável,avaliar pelo proprietário do domínio,avaliar pelo proprietário do domínio,não definida; registrar lacuna,existente,database/postgres/migrations/028_dynamic_forms_governance.sql:180
postgresql,forms,form_validations,field_id,Field id,UUID,True,,False,False,forms.form_fields.id,não classificado automaticamente,política v1; nenhuma regra automática aplicável,avaliar pelo proprietário do domínio,avaliar pelo proprietário do domínio,não definida; registrar lacuna,existente,database/postgres/migrations/028_dynamic_forms_governance.sql:181
postgresql,forms,form_validations,validation_type,Validation type,VARCHAR(40),False,,False,False,,não classificado automaticamente,política v1; nenhuma regra automática aplicável,avaliar pelo proprietário do domínio,avaliar pelo proprietário do domínio,não definida; registrar lacuna,existente,database/postgres/migrations/028_dynamic_forms_governance.sql:182
postgresql,forms,form_validations,parameters,Parameters,JSONB,False,'{}'::jsonb,False,False,,não classificado automaticamente,política v1; nenhuma regra automática aplicável,avaliar pelo proprietário do domínio,avaliar pelo proprietário do domínio,não definida; registrar lacuna,existente,database/postgres/migrations/028_dynamic_forms_governance.sql:183
postgresql,forms,form_validations,message_pt_br,Message pt br,VARCHAR(300),False,,False,False,,não classificado automaticamente,política v1; nenhuma regra automática aplicável,avaliar pelo proprietário do domínio,avaliar pelo proprietário do domínio,não definida; registrar lacuna,existente,database/postgres/migrations/028_dynamic_forms_governance.sql:184
postgresql,forms,form_validations,severity,Severity,VARCHAR(20),False,'error',False,False,,não classificado automaticamente,política v1; nenhuma regra automática aplicável,avaliar pelo proprietário do domínio,avaliar pelo proprietário do domínio,não definida; registrar lacuna,existente,database/postgres/migrations/028_dynamic_forms_governance.sql:185
postgresql,forms,form_validations,condition,Condition,JSONB,True,,False,False,,não classificado automaticamente,política v1; nenhuma regra automática aplicável,avaliar pelo proprietário do domínio,avaliar pelo proprietário do domínio,não definida; registrar lacuna,existente,database/postgres/migrations/028_dynamic_forms_governance.sql:186
postgresql,forms,form_validations,run_frontend,Run frontend,BOOLEAN,False,TRUE,False,False,,não classificado automaticamente,política v1; nenhuma regra automática aplicável,avaliar pelo proprietário do domínio,avaliar pelo proprietário do domínio,não definida; registrar lacuna,existente,database/postgres/migrations/028_dynamic_forms_governance.sql:187
postgresql,forms,form_validations,run_backend,Run backend,BOOLEAN,False,TRUE,False,False,,não classificado automaticamente,política v1; nenhuma regra automática aplicável,avaliar pelo proprietário do domínio,avaliar pelo proprietário do domínio,não definida; registrar lacuna,existente,database/postgres/migrations/028_dynamic_forms_governance.sql:188
postgresql,forms,form_validations,status,Status,VARCHAR(30),False,'active',False,False,,não classificado automaticamente,política v1; nenhuma regra automática aplicável,avaliar pelo proprietário do domínio,avaliar pelo proprietário do domínio,não definida; registrar lacuna,existente,database/postgres/migrations/028_dynamic_forms_governance.sql:189
postgresql,forms,form_validations,version,Version,INTEGER,False,1,False,False,,não classificado automaticamente,política v1; nenhuma regra automática aplicável,avaliar pelo proprietário do domínio,avaliar pelo proprietário do domínio,não definida; registrar lacuna,existente,database/postgres/migrations/028_dynamic_forms_governance.sql:190
postgresql,forms,form_validations,created_at,Created at,TIMESTAMPTZ,False,NOW(),False,False,,não classificado automaticamente,política v1; nenhuma regra automática aplicável,avaliar pelo proprietário do domínio,avaliar pelo proprietário do domínio,não definida; registrar lacuna,existente,database/postgres/migrations/028_dynamic_forms_governance.sql:191
postgresql,forms,form_validations,created_by,Created by,UUID,True,,False,False,identity.users.id,pseudônimo vinculável,política v1 categoria identidade_relacional; padrões: created_by,controle de acesso e segregação por tenant; criptografia do banco,não expor identificadores internos sem necessidade,acompanha entidade e trilha de auditoria com política de anonimização,existente,database/postgres/migrations/028_dynamic_forms_governance.sql:192
postgresql,forms,form_visibility_rules,id,Id,UUID,False,gen_random_uuid(),True,False,,não classificado automaticamente,política v1; nenhuma regra automática aplicável,avaliar pelo proprietário do domínio,avaliar pelo proprietário do domínio,não definida; registrar lacuna,existente,database/postgres/migrations/028_dynamic_forms_governance.sql:197
postgresql,forms,form_visibility_rules,form_version_id,Form version id,UUID,False,,False,False,forms.form_versions.id,não classificado automaticamente,política v1; nenhuma regra automática aplicável,avaliar pelo proprietário do domínio,avaliar pelo proprietário do domínio,não definida; registrar lacuna,existente,database/postgres/migrations/028_dynamic_forms_governance.sql:198
postgresql,forms,form_visibility_rules,target_type,Target type,VARCHAR(20),False,,False,False,,não classificado automaticamente,política v1; nenhuma regra automática aplicável,avaliar pelo proprietário do domínio,avaliar pelo proprietário do domínio,não definida; registrar lacuna,existente,database/postgres/migrations/028_dynamic_forms_governance.sql:199
postgresql,forms,form_visibility_rules,target_id,Target id,UUID,False,,False,False,,não classificado automaticamente,política v1; nenhuma regra automática aplicável,avaliar pelo proprietário do domínio,avaliar pelo proprietário do domínio,não definida; registrar lacuna,existente,database/postgres/migrations/028_dynamic_forms_governance.sql:200
postgresql,forms,form_visibility_rules,condition,Condition,JSONB,False,,False,False,,não classificado automaticamente,política v1; nenhuma regra automática aplicável,avaliar pelo proprietário do domínio,avaliar pelo proprietário do domínio,não definida; registrar lacuna,existente,database/postgres/migrations/028_dynamic_forms_governance.sql:201
postgresql,forms,form_visibility_rules,operator,Operator,VARCHAR(30),False,,False,False,,não classificado automaticamente,política v1; nenhuma regra automática aplicável,avaliar pelo proprietário do domínio,avaliar pelo proprietário do domínio,não definida; registrar lacuna,existente,database/postgres/migrations/028_dynamic_forms_governance.sql:202
postgresql,forms,form_visibility_rules,comparison_value,Comparison value,JSONB,True,,False,False,,não classificado automaticamente,política v1; nenhuma regra automática aplicável,avaliar pelo proprietário do domínio,avaliar pelo proprietário do domínio,não definida; registrar lacuna,existente,database/postgres/migrations/028_dynamic_forms_governance.sql:203
postgresql,forms,form_visibility_rules,result,Result,VARCHAR(30),False,,False,False,,não classificado automaticamente,política v1; nenhuma regra automática aplicável,avaliar pelo proprietário do domínio,avaliar pelo proprietário do domínio,não definida; registrar lacuna,existente,database/postgres/migrations/028_dynamic_forms_governance.sql:204
postgresql,forms,form_visibility_rules,priority,Priority,INTEGER,False,0,False,False,,não classificado automaticamente,política v1; nenhuma regra automática aplicável,avaliar pelo proprietário do domínio,avaliar pelo proprietário do domínio,não definida; registrar lacuna,existente,database/postgres/migrations/028_dynamic_forms_governance.sql:205
postgresql,forms,form_visibility_rules,combination,Combination,VARCHAR(10),False,'and',False,False,,não classificado automaticamente,política v1; nenhuma regra automática aplicável,avaliar pelo proprietário do domínio,avaliar pelo proprietário do domínio,não definida; registrar lacuna,existente,database/postgres/migrations/028_dynamic_forms_governance.sql:206
postgresql,forms,form_visibility_rules,status,Status,VARCHAR(30),False,'active',False,False,,não classificado automaticamente,política v1; nenhuma regra automática aplicável,avaliar pelo proprietário do domínio,avaliar pelo proprietário do domínio,não definida; registrar lacuna,existente,database/postgres/migrations/028_dynamic_forms_governance.sql:207
postgresql,forms,form_visibility_rules,created_at,Created at,TIMESTAMPTZ,False,NOW(),False,False,,não classificado automaticamente,política v1; nenhuma regra automática aplicável,avaliar pelo proprietário do domínio,avaliar pelo proprietário do domínio,não definida; registrar lacuna,existente,database/postgres/migrations/028_dynamic_forms_governance.sql:208
postgresql,forms,form_visibility_rules,created_by,Created by,UUID,True,,False,False,identity.users.id,pseudônimo vinculável,política v1 categoria identidade_relacional; padrões: created_by,controle de acesso e segregação por tenant; criptografia do banco,não expor identificadores internos sem necessidade,acompanha entidade e trilha de auditoria com política de anonimização,existente,database/postgres/migrations/028_dynamic_forms_governance.sql:209
postgresql,forms,form_permissions,id,Id,UUID,False,gen_random_uuid(),True,False,,não classificado automaticamente,política v1; nenhuma regra automática aplicável,avaliar pelo proprietário do domínio,avaliar pelo proprietário do domínio,não definida; registrar lacuna,existente,database/postgres/migrations/028_dynamic_forms_governance.sql:216
postgresql,forms,form_permissions,form_definition_id,Form definition id,UUID,False,,False,False,forms.form_definitions.id,não classificado automaticamente,política v1; nenhuma regra automática aplicável,avaliar pelo proprietário do domínio,avaliar pelo proprietário do domínio,não definida; registrar lacuna,existente,database/postgres/migrations/028_dynamic_forms_governance.sql:217
postgresql,forms,form_permissions,form_version_id,Form version id,UUID,True,,False,False,forms.form_versions.id,não classificado automaticamente,política v1; nenhuma regra automática aplicável,avaliar pelo proprietário do domínio,avaliar pelo proprietário do domínio,não definida; registrar lacuna,existente,database/postgres/migrations/028_dynamic_forms_governance.sql:218
postgresql,forms,form_permissions,role,Role,VARCHAR(80),False,,False,False,,não classificado automaticamente,política v1; nenhuma regra automática aplicável,avaliar pelo proprietário do domínio,avaliar pelo proprietário do domínio,não definida; registrar lacuna,existente,database/postgres/migrations/028_dynamic_forms_governance.sql:219
postgresql,forms,form_permissions,attribute_condition,Attribute condition,JSONB,False,'{}'::jsonb,False,False,,não classificado automaticamente,política v1; nenhuma regra automática aplicável,avaliar pelo proprietário do domínio,avaliar pelo proprietário do domínio,não definida; registrar lacuna,existente,database/postgres/migrations/028_dynamic_forms_governance.sql:220
postgresql,forms,form_permissions,can_view,Can view,BOOLEAN,False,FALSE,False,False,,não classificado automaticamente,política v1; nenhuma regra automática aplicável,avaliar pelo proprietário do domínio,avaliar pelo proprietário do domínio,não definida; registrar lacuna,existente,database/postgres/migrations/028_dynamic_forms_governance.sql:221
postgresql,forms,form_permissions,can_create,Can create,BOOLEAN,False,FALSE,False,False,,não classificado automaticamente,política v1; nenhuma regra automática aplicável,avaliar pelo proprietário do domínio,avaliar pelo proprietário do domínio,não definida; registrar lacuna,existente,database/postgres/migrations/028_dynamic_forms_governance.sql:222
postgresql,forms,form_permissions,can_edit,Can edit,BOOLEAN,False,FALSE,False,False,,não classificado automaticamente,política v1; nenhuma regra automática aplicável,avaliar pelo proprietário do domínio,avaliar pelo proprietário do domínio,não definida; registrar lacuna,existente,database/postgres/migrations/028_dynamic_forms_governance.sql:223
postgresql,forms,form_permissions,can_approve,Can approve,BOOLEAN,False,FALSE,False,False,,não classificado automaticamente,política v1; nenhuma regra automática aplicável,avaliar pelo proprietário do domínio,avaliar pelo proprietário do domínio,não definida; registrar lacuna,existente,database/postgres/migrations/028_dynamic_forms_governance.sql:224
postgresql,forms,form_permissions,can_publish,Can publish,BOOLEAN,False,FALSE,False,False,,não classificado automaticamente,política v1; nenhuma regra automática aplicável,avaliar pelo proprietário do domínio,avaliar pelo proprietário do domínio,não definida; registrar lacuna,existente,database/postgres/migrations/028_dynamic_forms_governance.sql:225
postgresql,forms,form_permissions,can_export,Can export,BOOLEAN,False,FALSE,False,False,,não classificado automaticamente,política v1; nenhuma regra automática aplicável,avaliar pelo proprietário do domínio,avaliar pelo proprietário do domínio,não definida; registrar lacuna,existente,database/postgres/migrations/028_dynamic_forms_governance.sql:226
postgresql,forms,form_permissions,can_print,Can print,BOOLEAN,False,FALSE,False,False,,não classificado automaticamente,política v1; nenhuma regra automática aplicável,avaliar pelo proprietário do domínio,avaliar pelo proprietário do domínio,não definida; registrar lacuna,existente,database/postgres/migrations/028_dynamic_forms_governance.sql:227
postgresql,forms,form_permissions,can_access_sensitive,Can access sensitive,BOOLEAN,False,FALSE,False,False,,não classificado automaticamente,política v1; nenhuma regra automática aplicável,avaliar pelo proprietário do domínio,avaliar pelo proprietário do domínio,não definida; registrar lacuna,existente,database/postgres/migrations/028_dynamic_forms_governance.sql:228
postgresql,forms,form_permissions,created_at,Created at,TIMESTAMPTZ,False,NOW(),False,False,,não classificado automaticamente,política v1; nenhuma regra automática aplicável,avaliar pelo proprietário do domínio,avaliar pelo proprietário do domínio,não definida; registrar lacuna,existente,database/postgres/migrations/028_dynamic_forms_governance.sql:229
postgresql,forms,form_permissions,created_by,Created by,UUID,True,,False,False,identity.users.id,pseudônimo vinculável,política v1 categoria identidade_relacional; padrões: created_by,controle de acesso e segregação por tenant; criptografia do banco,não expor identificadores internos sem necessidade,acompanha entidade e trilha de auditoria com política de anonimização,existente,database/postgres/migrations/028_dynamic_forms_governance.sql:230
postgresql,forms,form_homologations,id,Id,UUID,False,gen_random_uuid(),True,False,,não classificado automaticamente,política v1; nenhuma regra automática aplicável,avaliar pelo proprietário do domínio,avaliar pelo proprietário do domínio,não definida; registrar lacuna,existente,database/postgres/migrations/028_dynamic_forms_governance.sql:235
postgresql,forms,form_homologations,form_version_id,Form version id,UUID,False,,False,False,forms.form_versions.id,não classificado automaticamente,política v1; nenhuma regra automática aplicável,avaliar pelo proprietário do domínio,avaliar pelo proprietário do domínio,não definida; registrar lacuna,existente,database/postgres/migrations/028_dynamic_forms_governance.sql:236
postgresql,forms,form_homologations,requester_id,Requester id,UUID,False,,False,False,identity.users.id,não classificado automaticamente,política v1; nenhuma regra automática aplicável,avaliar pelo proprietário do domínio,avaliar pelo proprietário do domínio,não definida; registrar lacuna,existente,database/postgres/migrations/028_dynamic_forms_governance.sql:237
postgresql,forms,form_homologations,requested_at,Requested at,TIMESTAMPTZ,False,NOW(),False,False,,não classificado automaticamente,política v1; nenhuma regra automática aplicável,avaliar pelo proprietário do domínio,avaliar pelo proprietário do domínio,não definida; registrar lacuna,existente,database/postgres/migrations/028_dynamic_forms_governance.sql:238
postgresql,forms,form_homologations,checklist,Checklist,JSONB,False,,False,False,,não classificado automaticamente,política v1; nenhuma regra automática aplicável,avaliar pelo proprietário do domínio,avaliar pelo proprietário do domínio,não definida; registrar lacuna,existente,database/postgres/migrations/028_dynamic_forms_governance.sql:239
postgresql,forms,form_homologations,result,Result,VARCHAR(30),True,,False,False,,não classificado automaticamente,política v1; nenhuma regra automática aplicável,avaliar pelo proprietário do domínio,avaliar pelo proprietário do domínio,não definida; registrar lacuna,existente,database/postgres/migrations/028_dynamic_forms_governance.sql:240
postgresql,forms,form_homologations,reviewer_id,Reviewer id,UUID,True,,False,False,identity.users.id,não classificado automaticamente,política v1; nenhuma regra automática aplicável,avaliar pelo proprietário do domínio,avaliar pelo proprietário do domínio,não definida; registrar lacuna,existente,database/postgres/migrations/028_dynamic_forms_governance.sql:241
postgresql,forms,form_homologations,reviewed_at,Reviewed at,TIMESTAMPTZ,True,,False,False,,não classificado automaticamente,política v1; nenhuma regra automática aplicável,avaliar pelo proprietário do domínio,avaliar pelo proprietário do domínio,não definida; registrar lacuna,existente,database/postgres/migrations/028_dynamic_forms_governance.sql:242
postgresql,forms,form_homologations,notes,Notes,TEXT,True,,False,False,,não classificado automaticamente,política v1; nenhuma regra automática aplicável,avaliar pelo proprietário do domínio,avaliar pelo proprietário do domínio,não definida; registrar lacuna,existente,database/postgres/migrations/028_dynamic_forms_governance.sql:243
postgresql,forms,form_homologations,problems,Problems,JSONB,False,'[]'::jsonb,False,False,,não classificado automaticamente,política v1; nenhuma regra automática aplicável,avaliar pelo proprietário do domínio,avaliar pelo proprietário do domínio,não definida; registrar lacuna,existente,database/postgres/migrations/028_dynamic_forms_governance.sql:244
postgresql,forms,form_homologations,corrections,Corrections,JSONB,False,'[]'::jsonb,False,False,,não classificado automaticamente,política v1; nenhuma regra automática aplicável,avaliar pelo proprietário do domínio,avaliar pelo proprietário do domínio,não definida; registrar lacuna,existente,database/postgres/migrations/028_dynamic_forms_governance.sql:245
postgresql,forms,form_homologations,revalidation,Revalidation,JSONB,False,'{}'::jsonb,False,False,,não classificado automaticamente,política v1; nenhuma regra automática aplicável,avaliar pelo proprietário do domínio,avaliar pelo proprietário do domínio,não definida; registrar lacuna,existente,database/postgres/migrations/028_dynamic_forms_governance.sql:246
postgresql,forms,form_homologations,evidence,Evidence,JSONB,False,'{}'::jsonb,False,False,,não classificado automaticamente,política v1; nenhuma regra automática aplicável,avaliar pelo proprietário do domínio,avaliar pelo proprietário do domínio,não definida; registrar lacuna,existente,database/postgres/migrations/028_dynamic_forms_governance.sql:247
postgresql,forms,form_homologations,status,Status,VARCHAR(30),False,'requested',False,False,,não classificado automaticamente,política v1; nenhuma regra automática aplicável,avaliar pelo proprietário do domínio,avaliar pelo proprietário do domínio,não definida; registrar lacuna,existente,database/postgres/migrations/028_dynamic_forms_governance.sql:248
postgresql,forms,form_homologations,created_at,Created at,TIMESTAMPTZ,False,NOW(),False,False,,não classificado automaticamente,política v1; nenhuma regra automática aplicável,avaliar pelo proprietário do domínio,avaliar pelo proprietário do domínio,não definida; registrar lacuna,existente,database/postgres/migrations/028_dynamic_forms_governance.sql:249
postgresql,forms,form_publications,id,Id,UUID,False,gen_random_uuid(),True,False,,não classificado automaticamente,política v1; nenhuma regra automática aplicável,avaliar pelo proprietário do domínio,avaliar pelo proprietário do domínio,não definida; registrar lacuna,existente,database/postgres/migrations/028_dynamic_forms_governance.sql:254
postgresql,forms,form_publications,form_version_id,Form version id,UUID,False,,False,False,forms.form_versions.id,não classificado automaticamente,política v1; nenhuma regra automática aplicável,avaliar pelo proprietário do domínio,avaliar pelo proprietário do domínio,não definida; registrar lacuna,existente,database/postgres/migrations/028_dynamic_forms_governance.sql:255
postgresql,forms,form_publications,environment,Environment,VARCHAR(30),False,,False,False,,não classificado automaticamente,política v1; nenhuma regra automática aplicável,avaliar pelo proprietário do domínio,avaliar pelo proprietário do domínio,não definida; registrar lacuna,existente,database/postgres/migrations/028_dynamic_forms_governance.sql:256
postgresql,forms,form_publications,published_at,Published at,TIMESTAMPTZ,False,NOW(),False,False,,não classificado automaticamente,política v1; nenhuma regra automática aplicável,avaliar pelo proprietário do domínio,avaliar pelo proprietário do domínio,não definida; registrar lacuna,existente,database/postgres/migrations/028_dynamic_forms_governance.sql:257
postgresql,forms,form_publications,published_by,Published by,UUID,False,,False,False,identity.users.id,não classificado automaticamente,política v1; nenhuma regra automática aplicável,avaliar pelo proprietário do domínio,avaliar pelo proprietário do domínio,não definida; registrar lacuna,existente,database/postgres/migrations/028_dynamic_forms_governance.sql:258
postgresql,forms,form_publications,rollout_policy,Rollout policy,JSONB,False,'{}'::jsonb,False,False,,não classificado automaticamente,política v1; nenhuma regra automática aplicável,avaliar pelo proprietário do domínio,avaliar pelo proprietário do domínio,não definida; registrar lacuna,existente,database/postgres/migrations/028_dynamic_forms_governance.sql:259
postgresql,forms,form_publications,rollback_version_id,Rollback version id,UUID,True,,False,False,forms.form_versions.id,não classificado automaticamente,política v1; nenhuma regra automática aplicável,avaliar pelo proprietário do domínio,avaliar pelo proprietário do domínio,não definida; registrar lacuna,existente,database/postgres/migrations/028_dynamic_forms_governance.sql:260
postgresql,forms,form_publications,tenant_scope,Tenant scope,JSONB,False,,False,False,,não classificado automaticamente,política v1; nenhuma regra automática aplicável,avaliar pelo proprietário do domínio,avaliar pelo proprietário do domínio,não definida; registrar lacuna,existente,database/postgres/migrations/028_dynamic_forms_governance.sql:261
postgresql,forms,form_publications,channels,Channels,JSONB,False,"'[""web""]'::jsonb",False,False,,não classificado automaticamente,política v1; nenhuma regra automática aplicável,avaliar pelo proprietário do domínio,avaliar pelo proprietário do domínio,não definida; registrar lacuna,existente,database/postgres/migrations/028_dynamic_forms_governance.sql:262
postgresql,forms,form_publications,checksum,Checksum,CHAR(64),False,,False,False,,não classificado automaticamente,política v1; nenhuma regra automática aplicável,avaliar pelo proprietário do domínio,avaliar pelo proprietário do domínio,não definida; registrar lacuna,existente,database/postgres/migrations/028_dynamic_forms_governance.sql:263
postgresql,forms,form_publications,status,Status,VARCHAR(30),False,'active',False,False,,não classificado automaticamente,política v1; nenhuma regra automática aplicável,avaliar pelo proprietário do domínio,avaliar pelo proprietário do domínio,não definida; registrar lacuna,existente,database/postgres/migrations/028_dynamic_forms_governance.sql:264
postgresql,forms,form_submissions,id,Id,UUID,False,gen_random_uuid(),True,False,,não classificado automaticamente,política v1; nenhuma regra automática aplicável,avaliar pelo proprietário do domínio,avaliar pelo proprietário do domínio,não definida; registrar lacuna,existente,database/postgres/migrations/028_dynamic_forms_governance.sql:269
postgresql,forms,form_submissions,form_definition_id,Form definition id,UUID,False,,False,False,forms.form_definitions.id,não classificado automaticamente,política v1; nenhuma regra automática aplicável,avaliar pelo proprietário do domínio,avaliar pelo proprietário do domínio,não definida; registrar lacuna,existente,database/postgres/migrations/028_dynamic_forms_governance.sql:270
postgresql,forms,form_submissions,form_version_id,Form version id,UUID,False,,False,False,forms.form_versions.id,não classificado automaticamente,política v1; nenhuma regra automática aplicável,avaliar pelo proprietário do domínio,avaliar pelo proprietário do domínio,não definida; registrar lacuna,existente,database/postgres/migrations/028_dynamic_forms_governance.sql:271
postgresql,forms,form_submissions,user_id,User id,UUID,False,,False,False,identity.users.id,pseudônimo vinculável,política v1 categoria identidade_relacional; padrões: user_id,controle de acesso e segregação por tenant; criptografia do banco,não expor identificadores internos sem necessidade,acompanha entidade e trilha de auditoria com política de anonimização,existente,database/postgres/migrations/028_dynamic_forms_governance.sql:272
postgresql,forms,form_submissions,tenant_id,Tenant id,UUID,False,,False,False,,não classificado automaticamente,política v1; nenhuma regra automática aplicável,avaliar pelo proprietário do domínio,avaliar pelo proprietário do domínio,não definida; registrar lacuna,existente,database/postgres/migrations/028_dynamic_forms_governance.sql:273
postgresql,forms,form_submissions,context,Context,JSONB,False,'{}'::jsonb,False,False,,não classificado automaticamente,política v1; nenhuma regra automática aplicável,avaliar pelo proprietário do domínio,avaliar pelo proprietário do domínio,não definida; registrar lacuna,existente,database/postgres/migrations/028_dynamic_forms_governance.sql:274
postgresql,forms,form_submissions,target_entity,Target entity,VARCHAR(120),False,,False,False,,não classificado automaticamente,política v1; nenhuma regra automática aplicável,avaliar pelo proprietário do domínio,avaliar pelo proprietário do domínio,não definida; registrar lacuna,existente,database/postgres/migrations/028_dynamic_forms_governance.sql:275
postgresql,forms,form_submissions,target_entity_id,Target entity id,UUID,True,,False,False,,não classificado automaticamente,política v1; nenhuma regra automática aplicável,avaliar pelo proprietário do domínio,avaliar pelo proprietário do domínio,não definida; registrar lacuna,existente,database/postgres/migrations/028_dynamic_forms_governance.sql:276
postgresql,forms,form_submissions,status,Status,VARCHAR(30),False,'draft',False,False,,não classificado automaticamente,política v1; nenhuma regra automática aplicável,avaliar pelo proprietário do domínio,avaliar pelo proprietário do domínio,não definida; registrar lacuna,existente,database/postgres/migrations/028_dynamic_forms_governance.sql:277
postgresql,forms,form_submissions,started_at,Started at,TIMESTAMPTZ,False,NOW(),False,False,,não classificado automaticamente,política v1; nenhuma regra automática aplicável,avaliar pelo proprietário do domínio,avaliar pelo proprietário do domínio,não definida; registrar lacuna,existente,database/postgres/migrations/028_dynamic_forms_governance.sql:278
postgresql,forms,form_submissions,completed_at,Completed at,TIMESTAMPTZ,True,,False,False,,não classificado automaticamente,política v1; nenhuma regra automática aplicável,avaliar pelo proprietário do domínio,avaliar pelo proprietário do domínio,não definida; registrar lacuna,existente,database/postgres/migrations/028_dynamic_forms_governance.sql:279
postgresql,forms,form_submissions,source,Source,VARCHAR(30),False,,False,False,,não classificado automaticamente,política v1; nenhuma regra automática aplicável,avaliar pelo proprietário do domínio,avaliar pelo proprietário do domínio,não definida; registrar lacuna,existente,database/postgres/migrations/028_dynamic_forms_governance.sql:280
postgresql,forms,form_submissions,correlation_id,Correlation id,UUID,False,,False,False,,não classificado automaticamente,política v1; nenhuma regra automática aplicável,avaliar pelo proprietário do domínio,avaliar pelo proprietário do domínio,não definida; registrar lacuna,existente,database/postgres/migrations/028_dynamic_forms_governance.sql:281
postgresql,forms,form_submissions,idempotency_key,Idempotency key,VARCHAR(160),False,,False,False,,não classificado automaticamente,política v1; nenhuma regra automática aplicável,avaliar pelo proprietário do domínio,avaliar pelo proprietário do domínio,não definida; registrar lacuna,existente,database/postgres/migrations/028_dynamic_forms_governance.sql:282
postgresql,forms,form_submissions,validation_result,Validation result,JSONB,False,'{}'::jsonb,False,False,,não classificado automaticamente,política v1; nenhuma regra automática aplicável,avaliar pelo proprietário do domínio,avaliar pelo proprietário do domínio,não definida; registrar lacuna,existente,database/postgres/migrations/028_dynamic_forms_governance.sql:283
postgresql,forms,form_submissions,audit_event_id,Audit event id,UUID,True,,False,False,audit.domain_events.id,não classificado automaticamente,política v1; nenhuma regra automática aplicável,avaliar pelo proprietário do domínio,avaliar pelo proprietário do domínio,não definida; registrar lacuna,existente,database/postgres/migrations/028_dynamic_forms_governance.sql:284
postgresql,forms,form_submission_values,id,Id,UUID,False,gen_random_uuid(),True,False,,não classificado automaticamente,política v1; nenhuma regra automática aplicável,avaliar pelo proprietário do domínio,avaliar pelo proprietário do domínio,não definida; registrar lacuna,existente,database/postgres/migrations/028_dynamic_forms_governance.sql:290
postgresql,forms,form_submission_values,submission_id,Submission id,UUID,False,,False,False,forms.form_submissions.id,não classificado automaticamente,política v1; nenhuma regra automática aplicável,avaliar pelo proprietário do domínio,avaliar pelo proprietário do domínio,não definida; registrar lacuna,existente,database/postgres/migrations/028_dynamic_forms_governance.sql:291
postgresql,forms,form_submission_values,field_catalog_id,Field catalog id,UUID,False,,False,False,forms.field_catalog.id,não classificado automaticamente,política v1; nenhuma regra automática aplicável,avaliar pelo proprietário do domínio,avaliar pelo proprietário do domínio,não definida; registrar lacuna,existente,database/postgres/migrations/028_dynamic_forms_governance.sql:292
postgresql,forms,form_submission_values,data_type,Data type,VARCHAR(40),False,,False,False,,não classificado automaticamente,política v1; nenhuma regra automática aplicável,avaliar pelo proprietário do domínio,avaliar pelo proprietário do domínio,não definida; registrar lacuna,existente,database/postgres/migrations/028_dynamic_forms_governance.sql:293
postgresql,forms,form_submission_values,normalized_value,Normalized value,JSONB,True,,False,False,,não classificado automaticamente,política v1; nenhuma regra automática aplicável,avaliar pelo proprietário do domínio,avaliar pelo proprietário do domínio,não definida; registrar lacuna,existente,database/postgres/migrations/028_dynamic_forms_governance.sql:294
postgresql,forms,form_submission_values,display_value,Display value,TEXT,True,,False,False,,não classificado automaticamente,política v1; nenhuma regra automática aplicável,avaliar pelo proprietário do domínio,avaliar pelo proprietário do domínio,não definida; registrar lacuna,existente,database/postgres/migrations/028_dynamic_forms_governance.sql:295
postgresql,forms,form_submission_values,unit,Unit,VARCHAR(40),True,,False,False,,não classificado automaticamente,política v1; nenhuma regra automática aplicável,avaliar pelo proprietário do domínio,avaliar pelo proprietário do domínio,não definida; registrar lacuna,existente,database/postgres/migrations/028_dynamic_forms_governance.sql:296
postgresql,forms,form_submission_values,source,Source,VARCHAR(30),False,,False,False,,não classificado automaticamente,política v1; nenhuma regra automática aplicável,avaliar pelo proprietário do domínio,avaliar pelo proprietário do domínio,não definida; registrar lacuna,existente,database/postgres/migrations/028_dynamic_forms_governance.sql:297
postgresql,forms,form_submission_values,validation_result,Validation result,JSONB,False,'{}'::jsonb,False,False,,não classificado automaticamente,política v1; nenhuma regra automática aplicável,avaliar pelo proprietário do domínio,avaliar pelo proprietário do domínio,não definida; registrar lacuna,existente,database/postgres/migrations/028_dynamic_forms_governance.sql:298
postgresql,forms,form_submission_values,sensitivity,Sensitivity,VARCHAR(40),False,'internal',False,False,,não classificado automaticamente,política v1; nenhuma regra automática aplicável,avaliar pelo proprietário do domínio,avaliar pelo proprietário do domínio,não definida; registrar lacuna,existente,database/postgres/migrations/028_dynamic_forms_governance.sql:299
postgresql,forms,form_submission_values,encryption,Encryption,VARCHAR(40),False,'platform_managed',False,False,,não classificado automaticamente,política v1; nenhuma regra automática aplicável,avaliar pelo proprietário do domínio,avaliar pelo proprietário do domínio,não definida; registrar lacuna,existente,database/postgres/migrations/028_dynamic_forms_governance.sql:300
postgresql,forms,form_submission_values,schema_version,Schema version,INTEGER,False,1,False,False,,não classificado automaticamente,política v1; nenhuma regra automática aplicável,avaliar pelo proprietário do domínio,avaliar pelo proprietário do domínio,não definida; registrar lacuna,existente,database/postgres/migrations/028_dynamic_forms_governance.sql:301
postgresql,forms,form_submission_values,created_at,Created at,TIMESTAMPTZ,False,NOW(),False,False,,não classificado automaticamente,política v1; nenhuma regra automática aplicável,avaliar pelo proprietário do domínio,avaliar pelo proprietário do domínio,não definida; registrar lacuna,existente,database/postgres/migrations/028_dynamic_forms_governance.sql:302
postgresql,forms,form_billing_events,id,Id,UUID,False,gen_random_uuid(),True,False,,não classificado automaticamente,política v1; nenhuma regra automática aplicável,avaliar pelo proprietário do domínio,avaliar pelo proprietário do domínio,não definida; registrar lacuna,existente,database/postgres/migrations/028_dynamic_forms_governance.sql:307
postgresql,forms,form_billing_events,tenant_id,Tenant id,UUID,False,,False,False,,não classificado automaticamente,política v1; nenhuma regra automática aplicável,avaliar pelo proprietário do domínio,avaliar pelo proprietário do domínio,não definida; registrar lacuna,existente,database/postgres/migrations/028_dynamic_forms_governance.sql:308
postgresql,forms,form_billing_events,form_definition_id,Form definition id,UUID,True,,False,False,forms.form_definitions.id,não classificado automaticamente,política v1; nenhuma regra automática aplicável,avaliar pelo proprietário do domínio,avaliar pelo proprietário do domínio,não definida; registrar lacuna,existente,database/postgres/migrations/028_dynamic_forms_governance.sql:309
postgresql,forms,form_billing_events,form_version_id,Form version id,UUID,True,,False,False,forms.form_versions.id,não classificado automaticamente,política v1; nenhuma regra automática aplicável,avaliar pelo proprietário do domínio,avaliar pelo proprietário do domínio,não definida; registrar lacuna,existente,database/postgres/migrations/028_dynamic_forms_governance.sql:310
postgresql,forms,form_billing_events,event_type,Event type,VARCHAR(60),False,,False,False,,não classificado automaticamente,política v1; nenhuma regra automática aplicável,avaliar pelo proprietário do domínio,avaliar pelo proprietário do domínio,não definida; registrar lacuna,existente,database/postgres/migrations/028_dynamic_forms_governance.sql:311
postgresql,forms,form_billing_events,occurred_at,Occurred at,TIMESTAMPTZ,False,NOW(),False,False,,não classificado automaticamente,política v1; nenhuma regra automática aplicável,avaliar pelo proprietário do domínio,avaliar pelo proprietário do domínio,não definida; registrar lacuna,existente,database/postgres/migrations/028_dynamic_forms_governance.sql:312
postgresql,forms,form_billing_events,actor_user_id,Actor user id,UUID,True,,False,False,identity.users.id,pseudônimo vinculável,política v1 categoria identidade_relacional; padrões: user_id,controle de acesso e segregação por tenant; criptografia do banco,não expor identificadores internos sem necessidade,acompanha entidade e trilha de auditoria com política de anonimização,existente,database/postgres/migrations/028_dynamic_forms_governance.sql:313
postgresql,forms,form_billing_events,idempotency_key,Idempotency key,VARCHAR(160),False,,False,False,,não classificado automaticamente,política v1; nenhuma regra automática aplicável,avaliar pelo proprietário do domínio,avaliar pelo proprietário do domínio,não definida; registrar lacuna,existente,database/postgres/migrations/028_dynamic_forms_governance.sql:314
postgresql,forms,form_billing_events,billing_reference,Billing reference,JSONB,False,'{}'::jsonb,False,False,,não classificado automaticamente,política v1; nenhuma regra automática aplicável,avaliar pelo proprietário do domínio,avaliar pelo proprietário do domínio,não definida; registrar lacuna,existente,database/postgres/migrations/028_dynamic_forms_governance.sql:315
postgresql,forms,form_billing_events,status,Status,VARCHAR(30),False,'pending',False,False,,não classificado automaticamente,política v1; nenhuma regra automática aplicável,avaliar pelo proprietário do domínio,avaliar pelo proprietário do domínio,não definida; registrar lacuna,existente,database/postgres/migrations/028_dynamic_forms_governance.sql:316
