app,module,entity,surface,title,field,binding,evidence
all-in-one,ai_core,aimemories,form,Ai Memories,name,payload genérico/não comprovado,apps/all-in-one/src/pages/ai_core/AiMemoriesForm.tsx:6
all-in-one,ai_core,aimemories,form,Ai Memories,description,payload genérico/não comprovado,apps/all-in-one/src/pages/ai_core/AiMemoriesForm.tsx:6
all-in-one,ai_core,aimemories,form,Ai Memories,category,payload genérico/não comprovado,apps/all-in-one/src/pages/ai_core/AiMemoriesForm.tsx:6
all-in-one,ai_core,aimemories,list,Ai Memories,name,payload genérico/não comprovado,apps/all-in-one/src/pages/ai_core/AiMemoriesList.tsx:6
all-in-one,ai_core,aimemories,list,Ai Memories,title,payload genérico/não comprovado,apps/all-in-one/src/pages/ai_core/AiMemoriesList.tsx:6
all-in-one,ai_core,aimemories,list,Ai Memories,status,payload genérico/não comprovado,apps/all-in-one/src/pages/ai_core/AiMemoriesList.tsx:6
all-in-one,ai_core,aimemories,list,Ai Memories,created_at,payload genérico/não comprovado,apps/all-in-one/src/pages/ai_core/AiMemoriesList.tsx:6
all-in-one,ai_core,ai_core,list,Ai_core,name,payload genérico/não comprovado,apps/all-in-one/src/pages/ai_core/Ai_coreOverview.tsx:6
all-in-one,ai_core,ai_core,list,Ai_core,title,payload genérico/não comprovado,apps/all-in-one/src/pages/ai_core/Ai_coreOverview.tsx:6
all-in-one,ai_core,ai_core,list,Ai_core,status,payload genérico/não comprovado,apps/all-in-one/src/pages/ai_core/Ai_coreOverview.tsx:6
all-in-one,ai_core,ai_core,list,Ai_core,created_at,payload genérico/não comprovado,apps/all-in-one/src/pages/ai_core/Ai_coreOverview.tsx:6
all-in-one,ai_core,ai_corepermissions,list,Ai_core Permissões,name,payload genérico/não comprovado,apps/all-in-one/src/pages/ai_core/Ai_corePermissions.tsx:6
all-in-one,ai_core,ai_corepermissions,list,Ai_core Permissões,title,payload genérico/não comprovado,apps/all-in-one/src/pages/ai_core/Ai_corePermissions.tsx:6
all-in-one,ai_core,ai_corepermissions,list,Ai_core Permissões,status,payload genérico/não comprovado,apps/all-in-one/src/pages/ai_core/Ai_corePermissions.tsx:6
all-in-one,ai_core,ai_corepermissions,list,Ai_core Permissões,created_at,payload genérico/não comprovado,apps/all-in-one/src/pages/ai_core/Ai_corePermissions.tsx:6
all-in-one,ai_core,modelruns,form,Model Runs,name,payload genérico/não comprovado,apps/all-in-one/src/pages/ai_core/ModelRunsForm.tsx:6
all-in-one,ai_core,modelruns,form,Model Runs,description,payload genérico/não comprovado,apps/all-in-one/src/pages/ai_core/ModelRunsForm.tsx:6
all-in-one,ai_core,modelruns,form,Model Runs,category,payload genérico/não comprovado,apps/all-in-one/src/pages/ai_core/ModelRunsForm.tsx:6
all-in-one,ai_core,modelruns,list,Model Runs,name,payload genérico/não comprovado,apps/all-in-one/src/pages/ai_core/ModelRunsList.tsx:6
all-in-one,ai_core,modelruns,list,Model Runs,title,payload genérico/não comprovado,apps/all-in-one/src/pages/ai_core/ModelRunsList.tsx:6
all-in-one,ai_core,modelruns,list,Model Runs,status,payload genérico/não comprovado,apps/all-in-one/src/pages/ai_core/ModelRunsList.tsx:6
all-in-one,ai_core,modelruns,list,Model Runs,created_at,payload genérico/não comprovado,apps/all-in-one/src/pages/ai_core/ModelRunsList.tsx:6
all-in-one,ai_core,moderationdecisions,form,Moderation Decisions,name,payload genérico/não comprovado,apps/all-in-one/src/pages/ai_core/ModerationDecisionsForm.tsx:6
all-in-one,ai_core,moderationdecisions,form,Moderation Decisions,description,payload genérico/não comprovado,apps/all-in-one/src/pages/ai_core/ModerationDecisionsForm.tsx:6
all-in-one,ai_core,moderationdecisions,form,Moderation Decisions,category,payload genérico/não comprovado,apps/all-in-one/src/pages/ai_core/ModerationDecisionsForm.tsx:6
all-in-one,ai_core,moderationdecisions,list,Moderation Decisions,name,payload genérico/não comprovado,apps/all-in-one/src/pages/ai_core/ModerationDecisionsList.tsx:6
all-in-one,ai_core,moderationdecisions,list,Moderation Decisions,title,payload genérico/não comprovado,apps/all-in-one/src/pages/ai_core/ModerationDecisionsList.tsx:6
all-in-one,ai_core,moderationdecisions,list,Moderation Decisions,status,payload genérico/não comprovado,apps/all-in-one/src/pages/ai_core/ModerationDecisionsList.tsx:6
all-in-one,ai_core,moderationdecisions,list,Moderation Decisions,created_at,payload genérico/não comprovado,apps/all-in-one/src/pages/ai_core/ModerationDecisionsList.tsx:6
all-in-one,api_hub,apiclients,form,Api Clients,name,payload genérico/não comprovado,apps/all-in-one/src/pages/api_hub/ApiClientsForm.tsx:6
all-in-one,api_hub,apiclients,form,Api Clients,description,payload genérico/não comprovado,apps/all-in-one/src/pages/api_hub/ApiClientsForm.tsx:6
all-in-one,api_hub,apiclients,form,Api Clients,category,payload genérico/não comprovado,apps/all-in-one/src/pages/api_hub/ApiClientsForm.tsx:6
all-in-one,api_hub,apiclients,list,Api Clients,name,payload genérico/não comprovado,apps/all-in-one/src/pages/api_hub/ApiClientsList.tsx:6
all-in-one,api_hub,apiclients,list,Api Clients,title,payload genérico/não comprovado,apps/all-in-one/src/pages/api_hub/ApiClientsList.tsx:6
all-in-one,api_hub,apiclients,list,Api Clients,status,payload genérico/não comprovado,apps/all-in-one/src/pages/api_hub/ApiClientsList.tsx:6
all-in-one,api_hub,apiclients,list,Api Clients,created_at,payload genérico/não comprovado,apps/all-in-one/src/pages/api_hub/ApiClientsList.tsx:6
all-in-one,api_hub,apikeys,form,Api Keys,name,payload genérico/não comprovado,apps/all-in-one/src/pages/api_hub/ApiKeysForm.tsx:6
all-in-one,api_hub,apikeys,form,Api Keys,description,payload genérico/não comprovado,apps/all-in-one/src/pages/api_hub/ApiKeysForm.tsx:6
all-in-one,api_hub,apikeys,form,Api Keys,category,payload genérico/não comprovado,apps/all-in-one/src/pages/api_hub/ApiKeysForm.tsx:6
all-in-one,api_hub,apikeys,list,Api Keys,name,payload genérico/não comprovado,apps/all-in-one/src/pages/api_hub/ApiKeysList.tsx:6
all-in-one,api_hub,apikeys,list,Api Keys,title,payload genérico/não comprovado,apps/all-in-one/src/pages/api_hub/ApiKeysList.tsx:6
all-in-one,api_hub,apikeys,list,Api Keys,status,payload genérico/não comprovado,apps/all-in-one/src/pages/api_hub/ApiKeysList.tsx:6
all-in-one,api_hub,apikeys,list,Api Keys,created_at,payload genérico/não comprovado,apps/all-in-one/src/pages/api_hub/ApiKeysList.tsx:6
all-in-one,api_hub,api_hub,list,Api_hub,name,payload genérico/não comprovado,apps/all-in-one/src/pages/api_hub/Api_hubOverview.tsx:6
all-in-one,api_hub,api_hub,list,Api_hub,title,payload genérico/não comprovado,apps/all-in-one/src/pages/api_hub/Api_hubOverview.tsx:6
all-in-one,api_hub,api_hub,list,Api_hub,status,payload genérico/não comprovado,apps/all-in-one/src/pages/api_hub/Api_hubOverview.tsx:6
all-in-one,api_hub,api_hub,list,Api_hub,created_at,payload genérico/não comprovado,apps/all-in-one/src/pages/api_hub/Api_hubOverview.tsx:6
all-in-one,api_hub,api_hubpermissions,list,Api_hub Permissões,name,payload genérico/não comprovado,apps/all-in-one/src/pages/api_hub/Api_hubPermissions.tsx:6
all-in-one,api_hub,api_hubpermissions,list,Api_hub Permissões,title,payload genérico/não comprovado,apps/all-in-one/src/pages/api_hub/Api_hubPermissions.tsx:6
all-in-one,api_hub,api_hubpermissions,list,Api_hub Permissões,status,payload genérico/não comprovado,apps/all-in-one/src/pages/api_hub/Api_hubPermissions.tsx:6
all-in-one,api_hub,api_hubpermissions,list,Api_hub Permissões,created_at,payload genérico/não comprovado,apps/all-in-one/src/pages/api_hub/Api_hubPermissions.tsx:6
all-in-one,api_hub,integrationruns,form,Integration Runs,name,payload genérico/não comprovado,apps/all-in-one/src/pages/api_hub/IntegrationRunsForm.tsx:6
all-in-one,api_hub,integrationruns,form,Integration Runs,description,payload genérico/não comprovado,apps/all-in-one/src/pages/api_hub/IntegrationRunsForm.tsx:6
all-in-one,api_hub,integrationruns,form,Integration Runs,category,payload genérico/não comprovado,apps/all-in-one/src/pages/api_hub/IntegrationRunsForm.tsx:6
all-in-one,api_hub,integrationruns,list,Integration Runs,name,payload genérico/não comprovado,apps/all-in-one/src/pages/api_hub/IntegrationRunsList.tsx:6
all-in-one,api_hub,integrationruns,list,Integration Runs,title,payload genérico/não comprovado,apps/all-in-one/src/pages/api_hub/IntegrationRunsList.tsx:6
all-in-one,api_hub,integrationruns,list,Integration Runs,status,payload genérico/não comprovado,apps/all-in-one/src/pages/api_hub/IntegrationRunsList.tsx:6
all-in-one,api_hub,integrationruns,list,Integration Runs,created_at,payload genérico/não comprovado,apps/all-in-one/src/pages/api_hub/IntegrationRunsList.tsx:6
all-in-one,api_hub,webhooks,form,Webhooks,name,payload genérico/não comprovado,apps/all-in-one/src/pages/api_hub/WebhooksForm.tsx:6
all-in-one,api_hub,webhooks,form,Webhooks,description,payload genérico/não comprovado,apps/all-in-one/src/pages/api_hub/WebhooksForm.tsx:6
all-in-one,api_hub,webhooks,form,Webhooks,category,payload genérico/não comprovado,apps/all-in-one/src/pages/api_hub/WebhooksForm.tsx:6
all-in-one,api_hub,webhooks,list,Webhooks,name,payload genérico/não comprovado,apps/all-in-one/src/pages/api_hub/WebhooksList.tsx:6
all-in-one,api_hub,webhooks,list,Webhooks,title,payload genérico/não comprovado,apps/all-in-one/src/pages/api_hub/WebhooksList.tsx:6
all-in-one,api_hub,webhooks,list,Webhooks,status,campo físico provável,apps/all-in-one/src/pages/api_hub/WebhooksList.tsx:6
all-in-one,api_hub,webhooks,list,Webhooks,created_at,campo físico provável,apps/all-in-one/src/pages/api_hub/WebhooksList.tsx:6
all-in-one,bi,bi,list,Bi,name,payload genérico/não comprovado,apps/all-in-one/src/pages/bi/BiOverview.tsx:6
all-in-one,bi,bi,list,Bi,title,payload genérico/não comprovado,apps/all-in-one/src/pages/bi/BiOverview.tsx:6
all-in-one,bi,bi,list,Bi,status,payload genérico/não comprovado,apps/all-in-one/src/pages/bi/BiOverview.tsx:6
all-in-one,bi,bi,list,Bi,created_at,payload genérico/não comprovado,apps/all-in-one/src/pages/bi/BiOverview.tsx:6
all-in-one,bi,bipermissions,list,Bi Permissões,name,payload genérico/não comprovado,apps/all-in-one/src/pages/bi/BiPermissions.tsx:6
all-in-one,bi,bipermissions,list,Bi Permissões,title,payload genérico/não comprovado,apps/all-in-one/src/pages/bi/BiPermissions.tsx:6
all-in-one,bi,bipermissions,list,Bi Permissões,status,payload genérico/não comprovado,apps/all-in-one/src/pages/bi/BiPermissions.tsx:6
all-in-one,bi,bipermissions,list,Bi Permissões,created_at,payload genérico/não comprovado,apps/all-in-one/src/pages/bi/BiPermissions.tsx:6
all-in-one,bi,dashboards,form,Dashboards,name,campo físico provável,apps/all-in-one/src/pages/bi/DashboardsForm.tsx:6
all-in-one,bi,dashboards,form,Dashboards,description,payload genérico/não comprovado,apps/all-in-one/src/pages/bi/DashboardsForm.tsx:6
all-in-one,bi,dashboards,form,Dashboards,category,payload genérico/não comprovado,apps/all-in-one/src/pages/bi/DashboardsForm.tsx:6
all-in-one,bi,dashboards,list,Dashboards,name,campo físico provável,apps/all-in-one/src/pages/bi/DashboardsList.tsx:6
all-in-one,bi,dashboards,list,Dashboards,title,payload genérico/não comprovado,apps/all-in-one/src/pages/bi/DashboardsList.tsx:6
all-in-one,bi,dashboards,list,Dashboards,status,campo físico provável,apps/all-in-one/src/pages/bi/DashboardsList.tsx:6
all-in-one,bi,dashboards,list,Dashboards,created_at,campo físico provável,apps/all-in-one/src/pages/bi/DashboardsList.tsx:6
all-in-one,bi,datasets,form,Datasets,name,payload genérico/não comprovado,apps/all-in-one/src/pages/bi/DatasetsForm.tsx:6
all-in-one,bi,datasets,form,Datasets,description,payload genérico/não comprovado,apps/all-in-one/src/pages/bi/DatasetsForm.tsx:6
all-in-one,bi,datasets,form,Datasets,category,payload genérico/não comprovado,apps/all-in-one/src/pages/bi/DatasetsForm.tsx:6
all-in-one,bi,datasets,list,Datasets,name,payload genérico/não comprovado,apps/all-in-one/src/pages/bi/DatasetsList.tsx:6
all-in-one,bi,datasets,list,Datasets,title,payload genérico/não comprovado,apps/all-in-one/src/pages/bi/DatasetsList.tsx:6
all-in-one,bi,datasets,list,Datasets,status,payload genérico/não comprovado,apps/all-in-one/src/pages/bi/DatasetsList.tsx:6
all-in-one,bi,datasets,list,Datasets,created_at,payload genérico/não comprovado,apps/all-in-one/src/pages/bi/DatasetsList.tsx:6
all-in-one,bi,exports,form,Exports,name,payload genérico/não comprovado,apps/all-in-one/src/pages/bi/ExportsForm.tsx:6
all-in-one,bi,exports,form,Exports,description,payload genérico/não comprovado,apps/all-in-one/src/pages/bi/ExportsForm.tsx:6
all-in-one,bi,exports,form,Exports,category,payload genérico/não comprovado,apps/all-in-one/src/pages/bi/ExportsForm.tsx:6
all-in-one,bi,exports,list,Exports,name,payload genérico/não comprovado,apps/all-in-one/src/pages/bi/ExportsList.tsx:6
all-in-one,bi,exports,list,Exports,title,payload genérico/não comprovado,apps/all-in-one/src/pages/bi/ExportsList.tsx:6
all-in-one,bi,exports,list,Exports,status,payload genérico/não comprovado,apps/all-in-one/src/pages/bi/ExportsList.tsx:6
all-in-one,bi,exports,list,Exports,created_at,payload genérico/não comprovado,apps/all-in-one/src/pages/bi/ExportsList.tsx:6
all-in-one,bi,indicators,form,Indicators,name,payload genérico/não comprovado,apps/all-in-one/src/pages/bi/IndicatorsForm.tsx:6
all-in-one,bi,indicators,form,Indicators,description,payload genérico/não comprovado,apps/all-in-one/src/pages/bi/IndicatorsForm.tsx:6
all-in-one,bi,indicators,form,Indicators,category,payload genérico/não comprovado,apps/all-in-one/src/pages/bi/IndicatorsForm.tsx:6
all-in-one,bi,indicators,list,Indicators,name,payload genérico/não comprovado,apps/all-in-one/src/pages/bi/IndicatorsList.tsx:6
all-in-one,bi,indicators,list,Indicators,title,payload genérico/não comprovado,apps/all-in-one/src/pages/bi/IndicatorsList.tsx:6
all-in-one,bi,indicators,list,Indicators,status,payload genérico/não comprovado,apps/all-in-one/src/pages/bi/IndicatorsList.tsx:6
all-in-one,bi,indicators,list,Indicators,created_at,payload genérico/não comprovado,apps/all-in-one/src/pages/bi/IndicatorsList.tsx:6
all-in-one,bpm,bpm,list,Bpm,name,payload genérico/não comprovado,apps/all-in-one/src/pages/bpm/BpmOverview.tsx:6
all-in-one,bpm,bpm,list,Bpm,title,payload genérico/não comprovado,apps/all-in-one/src/pages/bpm/BpmOverview.tsx:6
all-in-one,bpm,bpm,list,Bpm,status,payload genérico/não comprovado,apps/all-in-one/src/pages/bpm/BpmOverview.tsx:6
all-in-one,bpm,bpm,list,Bpm,created_at,payload genérico/não comprovado,apps/all-in-one/src/pages/bpm/BpmOverview.tsx:6
all-in-one,bpm,bpmpermissions,list,Bpm Permissões,name,payload genérico/não comprovado,apps/all-in-one/src/pages/bpm/BpmPermissions.tsx:6
all-in-one,bpm,bpmpermissions,list,Bpm Permissões,title,payload genérico/não comprovado,apps/all-in-one/src/pages/bpm/BpmPermissions.tsx:6
all-in-one,bpm,bpmpermissions,list,Bpm Permissões,status,payload genérico/não comprovado,apps/all-in-one/src/pages/bpm/BpmPermissions.tsx:6
all-in-one,bpm,bpmpermissions,list,Bpm Permissões,created_at,payload genérico/não comprovado,apps/all-in-one/src/pages/bpm/BpmPermissions.tsx:6
all-in-one,bpm,processes,form,Processes,name,payload genérico/não comprovado,apps/all-in-one/src/pages/bpm/ProcessesForm.tsx:6
all-in-one,bpm,processes,form,Processes,description,payload genérico/não comprovado,apps/all-in-one/src/pages/bpm/ProcessesForm.tsx:6
all-in-one,bpm,processes,form,Processes,category,payload genérico/não comprovado,apps/all-in-one/src/pages/bpm/ProcessesForm.tsx:6
all-in-one,bpm,processes,list,Processes,name,payload genérico/não comprovado,apps/all-in-one/src/pages/bpm/ProcessesList.tsx:6
all-in-one,bpm,processes,list,Processes,title,payload genérico/não comprovado,apps/all-in-one/src/pages/bpm/ProcessesList.tsx:6
all-in-one,bpm,processes,list,Processes,status,payload genérico/não comprovado,apps/all-in-one/src/pages/bpm/ProcessesList.tsx:6
all-in-one,bpm,processes,list,Processes,created_at,payload genérico/não comprovado,apps/all-in-one/src/pages/bpm/ProcessesList.tsx:6
all-in-one,bpm,slapolicies,form,Sla Policies,name,payload genérico/não comprovado,apps/all-in-one/src/pages/bpm/SlaPoliciesForm.tsx:6
all-in-one,bpm,slapolicies,form,Sla Policies,description,payload genérico/não comprovado,apps/all-in-one/src/pages/bpm/SlaPoliciesForm.tsx:6
all-in-one,bpm,slapolicies,form,Sla Policies,category,payload genérico/não comprovado,apps/all-in-one/src/pages/bpm/SlaPoliciesForm.tsx:6
all-in-one,bpm,slapolicies,list,Sla Policies,name,payload genérico/não comprovado,apps/all-in-one/src/pages/bpm/SlaPoliciesList.tsx:6
all-in-one,bpm,slapolicies,list,Sla Policies,title,payload genérico/não comprovado,apps/all-in-one/src/pages/bpm/SlaPoliciesList.tsx:6
all-in-one,bpm,slapolicies,list,Sla Policies,status,payload genérico/não comprovado,apps/all-in-one/src/pages/bpm/SlaPoliciesList.tsx:6
all-in-one,bpm,slapolicies,list,Sla Policies,created_at,payload genérico/não comprovado,apps/all-in-one/src/pages/bpm/SlaPoliciesList.tsx:6
all-in-one,bpm,tasks,form,Tasks,name,payload genérico/não comprovado,apps/all-in-one/src/pages/bpm/TasksForm.tsx:6
all-in-one,bpm,tasks,form,Tasks,description,payload genérico/não comprovado,apps/all-in-one/src/pages/bpm/TasksForm.tsx:6
all-in-one,bpm,tasks,form,Tasks,category,payload genérico/não comprovado,apps/all-in-one/src/pages/bpm/TasksForm.tsx:6
all-in-one,bpm,tasks,list,Tasks,name,payload genérico/não comprovado,apps/all-in-one/src/pages/bpm/TasksList.tsx:6
all-in-one,bpm,tasks,list,Tasks,title,payload genérico/não comprovado,apps/all-in-one/src/pages/bpm/TasksList.tsx:6
all-in-one,bpm,tasks,list,Tasks,status,payload genérico/não comprovado,apps/all-in-one/src/pages/bpm/TasksList.tsx:6
all-in-one,bpm,tasks,list,Tasks,created_at,payload genérico/não comprovado,apps/all-in-one/src/pages/bpm/TasksList.tsx:6
all-in-one,bpm,workflowinstances,form,Workflow Instances,name,payload genérico/não comprovado,apps/all-in-one/src/pages/bpm/WorkflowInstancesForm.tsx:6
all-in-one,bpm,workflowinstances,form,Workflow Instances,description,payload genérico/não comprovado,apps/all-in-one/src/pages/bpm/WorkflowInstancesForm.tsx:6
all-in-one,bpm,workflowinstances,form,Workflow Instances,category,payload genérico/não comprovado,apps/all-in-one/src/pages/bpm/WorkflowInstancesForm.tsx:6
all-in-one,bpm,workflowinstances,list,Workflow Instances,name,payload genérico/não comprovado,apps/all-in-one/src/pages/bpm/WorkflowInstancesList.tsx:6
all-in-one,bpm,workflowinstances,list,Workflow Instances,title,payload genérico/não comprovado,apps/all-in-one/src/pages/bpm/WorkflowInstancesList.tsx:6
all-in-one,bpm,workflowinstances,list,Workflow Instances,status,payload genérico/não comprovado,apps/all-in-one/src/pages/bpm/WorkflowInstancesList.tsx:6
all-in-one,bpm,workflowinstances,list,Workflow Instances,created_at,payload genérico/não comprovado,apps/all-in-one/src/pages/bpm/WorkflowInstancesList.tsx:6
all-in-one,business,branches,form,Branches,name,payload genérico/não comprovado,apps/all-in-one/src/pages/business/BranchesForm.tsx:6
all-in-one,business,branches,form,Branches,description,payload genérico/não comprovado,apps/all-in-one/src/pages/business/BranchesForm.tsx:6
all-in-one,business,branches,form,Branches,category,payload genérico/não comprovado,apps/all-in-one/src/pages/business/BranchesForm.tsx:6
all-in-one,business,branches,list,Branches,name,payload genérico/não comprovado,apps/all-in-one/src/pages/business/BranchesList.tsx:6
all-in-one,business,branches,list,Branches,title,payload genérico/não comprovado,apps/all-in-one/src/pages/business/BranchesList.tsx:6
all-in-one,business,branches,list,Branches,status,payload genérico/não comprovado,apps/all-in-one/src/pages/business/BranchesList.tsx:6
all-in-one,business,branches,list,Branches,created_at,payload genérico/não comprovado,apps/all-in-one/src/pages/business/BranchesList.tsx:6
all-in-one,business,business,list,Business,name,payload genérico/não comprovado,apps/all-in-one/src/pages/business/BusinessOverview.tsx:6
all-in-one,business,business,list,Business,title,payload genérico/não comprovado,apps/all-in-one/src/pages/business/BusinessOverview.tsx:6
all-in-one,business,business,list,Business,status,payload genérico/não comprovado,apps/all-in-one/src/pages/business/BusinessOverview.tsx:6
all-in-one,business,business,list,Business,created_at,payload genérico/não comprovado,apps/all-in-one/src/pages/business/BusinessOverview.tsx:6
all-in-one,business,businesspermissions,list,Business Permissões,name,payload genérico/não comprovado,apps/all-in-one/src/pages/business/BusinessPermissions.tsx:6
all-in-one,business,businesspermissions,list,Business Permissões,title,payload genérico/não comprovado,apps/all-in-one/src/pages/business/BusinessPermissions.tsx:6
all-in-one,business,businesspermissions,list,Business Permissões,status,payload genérico/não comprovado,apps/all-in-one/src/pages/business/BusinessPermissions.tsx:6
all-in-one,business,businesspermissions,list,Business Permissões,created_at,payload genérico/não comprovado,apps/all-in-one/src/pages/business/BusinessPermissions.tsx:6
all-in-one,business,catalogoffers,form,Catalog Offers,name,payload genérico/não comprovado,apps/all-in-one/src/pages/business/CatalogOffersForm.tsx:6
all-in-one,business,catalogoffers,form,Catalog Offers,description,payload genérico/não comprovado,apps/all-in-one/src/pages/business/CatalogOffersForm.tsx:6
all-in-one,business,catalogoffers,form,Catalog Offers,category,payload genérico/não comprovado,apps/all-in-one/src/pages/business/CatalogOffersForm.tsx:6
all-in-one,business,catalogoffers,list,Catalog Offers,name,payload genérico/não comprovado,apps/all-in-one/src/pages/business/CatalogOffersList.tsx:6
all-in-one,business,catalogoffers,list,Catalog Offers,title,payload genérico/não comprovado,apps/all-in-one/src/pages/business/CatalogOffersList.tsx:6
all-in-one,business,catalogoffers,list,Catalog Offers,status,payload genérico/não comprovado,apps/all-in-one/src/pages/business/CatalogOffersList.tsx:6
all-in-one,business,catalogoffers,list,Catalog Offers,created_at,payload genérico/não comprovado,apps/all-in-one/src/pages/business/CatalogOffersList.tsx:6
all-in-one,business,companies,form,Companies,name,payload genérico/não comprovado,apps/all-in-one/src/pages/business/CompaniesForm.tsx:6
all-in-one,business,companies,form,Companies,description,payload genérico/não comprovado,apps/all-in-one/src/pages/business/CompaniesForm.tsx:6
all-in-one,business,companies,form,Companies,category,payload genérico/não comprovado,apps/all-in-one/src/pages/business/CompaniesForm.tsx:6
all-in-one,business,companies,list,Companies,name,payload genérico/não comprovado,apps/all-in-one/src/pages/business/CompaniesList.tsx:6
all-in-one,business,companies,list,Companies,title,payload genérico/não comprovado,apps/all-in-one/src/pages/business/CompaniesList.tsx:6
all-in-one,business,companies,list,Companies,status,campo físico provável,apps/all-in-one/src/pages/business/CompaniesList.tsx:6
all-in-one,business,companies,list,Companies,created_at,campo físico provável,apps/all-in-one/src/pages/business/CompaniesList.tsx:6
all-in-one,business,companydocuments,form,Company Documents,name,payload genérico/não comprovado,apps/all-in-one/src/pages/business/CompanyDocumentsForm.tsx:6
all-in-one,business,companydocuments,form,Company Documents,description,payload genérico/não comprovado,apps/all-in-one/src/pages/business/CompanyDocumentsForm.tsx:6
all-in-one,business,companydocuments,form,Company Documents,category,payload genérico/não comprovado,apps/all-in-one/src/pages/business/CompanyDocumentsForm.tsx:6
all-in-one,business,companydocuments,list,Company Documents,name,payload genérico/não comprovado,apps/all-in-one/src/pages/business/CompanyDocumentsList.tsx:6
all-in-one,business,companydocuments,list,Company Documents,title,payload genérico/não comprovado,apps/all-in-one/src/pages/business/CompanyDocumentsList.tsx:6
all-in-one,business,companydocuments,list,Company Documents,status,payload genérico/não comprovado,apps/all-in-one/src/pages/business/CompanyDocumentsList.tsx:6
all-in-one,business,companydocuments,list,Company Documents,created_at,payload genérico/não comprovado,apps/all-in-one/src/pages/business/CompanyDocumentsList.tsx:6
all-in-one,business,usercompanymemberships,form,User Company Memberships,name,payload genérico/não comprovado,apps/all-in-one/src/pages/business/UserCompanyMembershipsForm.tsx:6
all-in-one,business,usercompanymemberships,form,User Company Memberships,description,payload genérico/não comprovado,apps/all-in-one/src/pages/business/UserCompanyMembershipsForm.tsx:6
all-in-one,business,usercompanymemberships,form,User Company Memberships,category,payload genérico/não comprovado,apps/all-in-one/src/pages/business/UserCompanyMembershipsForm.tsx:6
all-in-one,business,usercompanymemberships,list,User Company Memberships,name,payload genérico/não comprovado,apps/all-in-one/src/pages/business/UserCompanyMembershipsList.tsx:6
all-in-one,business,usercompanymemberships,list,User Company Memberships,title,payload genérico/não comprovado,apps/all-in-one/src/pages/business/UserCompanyMembershipsList.tsx:6
all-in-one,business,usercompanymemberships,list,User Company Memberships,status,payload genérico/não comprovado,apps/all-in-one/src/pages/business/UserCompanyMembershipsList.tsx:6
all-in-one,business,usercompanymemberships,list,User Company Memberships,created_at,payload genérico/não comprovado,apps/all-in-one/src/pages/business/UserCompanyMembershipsList.tsx:6
all-in-one,crm,activities,form,Activities,name,payload genérico/não comprovado,apps/all-in-one/src/pages/crm/ActivitiesForm.tsx:6
all-in-one,crm,activities,form,Activities,description,payload genérico/não comprovado,apps/all-in-one/src/pages/crm/ActivitiesForm.tsx:6
all-in-one,crm,activities,form,Activities,category,payload genérico/não comprovado,apps/all-in-one/src/pages/crm/ActivitiesForm.tsx:6
all-in-one,crm,activities,list,Activities,name,payload genérico/não comprovado,apps/all-in-one/src/pages/crm/ActivitiesList.tsx:6
all-in-one,crm,activities,list,Activities,title,payload genérico/não comprovado,apps/all-in-one/src/pages/crm/ActivitiesList.tsx:6
all-in-one,crm,activities,list,Activities,status,payload genérico/não comprovado,apps/all-in-one/src/pages/crm/ActivitiesList.tsx:6
all-in-one,crm,activities,list,Activities,created_at,payload genérico/não comprovado,apps/all-in-one/src/pages/crm/ActivitiesList.tsx:6
all-in-one,crm,campaigns,form,Campaigns,name,payload genérico/não comprovado,apps/all-in-one/src/pages/crm/CampaignsForm.tsx:6
all-in-one,crm,campaigns,form,Campaigns,description,payload genérico/não comprovado,apps/all-in-one/src/pages/crm/CampaignsForm.tsx:6
all-in-one,crm,campaigns,form,Campaigns,category,payload genérico/não comprovado,apps/all-in-one/src/pages/crm/CampaignsForm.tsx:6
all-in-one,crm,campaigns,list,Campaigns,name,payload genérico/não comprovado,apps/all-in-one/src/pages/crm/CampaignsList.tsx:6
all-in-one,crm,campaigns,list,Campaigns,title,payload genérico/não comprovado,apps/all-in-one/src/pages/crm/CampaignsList.tsx:6
all-in-one,crm,campaigns,list,Campaigns,status,payload genérico/não comprovado,apps/all-in-one/src/pages/crm/CampaignsList.tsx:6
all-in-one,crm,campaigns,list,Campaigns,created_at,payload genérico/não comprovado,apps/all-in-one/src/pages/crm/CampaignsList.tsx:6
all-in-one,crm,crm,list,Crm,name,payload genérico/não comprovado,apps/all-in-one/src/pages/crm/CrmOverview.tsx:6
all-in-one,crm,crm,list,Crm,title,payload genérico/não comprovado,apps/all-in-one/src/pages/crm/CrmOverview.tsx:6
all-in-one,crm,crm,list,Crm,status,payload genérico/não comprovado,apps/all-in-one/src/pages/crm/CrmOverview.tsx:6
all-in-one,crm,crm,list,Crm,created_at,payload genérico/não comprovado,apps/all-in-one/src/pages/crm/CrmOverview.tsx:6
all-in-one,crm,crmpermissions,list,Crm Permissões,name,payload genérico/não comprovado,apps/all-in-one/src/pages/crm/CrmPermissions.tsx:6
all-in-one,crm,crmpermissions,list,Crm Permissões,title,payload genérico/não comprovado,apps/all-in-one/src/pages/crm/CrmPermissions.tsx:6
all-in-one,crm,crmpermissions,list,Crm Permissões,status,payload genérico/não comprovado,apps/all-in-one/src/pages/crm/CrmPermissions.tsx:6
all-in-one,crm,crmpermissions,list,Crm Permissões,created_at,payload genérico/não comprovado,apps/all-in-one/src/pages/crm/CrmPermissions.tsx:6
all-in-one,crm,leads,form,Leads,name,payload genérico/não comprovado,apps/all-in-one/src/pages/crm/LeadsForm.tsx:6
all-in-one,crm,leads,form,Leads,description,payload genérico/não comprovado,apps/all-in-one/src/pages/crm/LeadsForm.tsx:6
all-in-one,crm,leads,form,Leads,category,payload genérico/não comprovado,apps/all-in-one/src/pages/crm/LeadsForm.tsx:6
all-in-one,crm,leads,list,Leads,name,payload genérico/não comprovado,apps/all-in-one/src/pages/crm/LeadsList.tsx:6
all-in-one,crm,leads,list,Leads,title,payload genérico/não comprovado,apps/all-in-one/src/pages/crm/LeadsList.tsx:6
all-in-one,crm,leads,list,Leads,status,payload genérico/não comprovado,apps/all-in-one/src/pages/crm/LeadsList.tsx:6
all-in-one,crm,leads,list,Leads,created_at,payload genérico/não comprovado,apps/all-in-one/src/pages/crm/LeadsList.tsx:6
all-in-one,crm,opportunities,form,Opportunities,name,payload genérico/não comprovado,apps/all-in-one/src/pages/crm/OpportunitiesForm.tsx:6
all-in-one,crm,opportunities,form,Opportunities,description,payload genérico/não comprovado,apps/all-in-one/src/pages/crm/OpportunitiesForm.tsx:6
all-in-one,crm,opportunities,form,Opportunities,category,payload genérico/não comprovado,apps/all-in-one/src/pages/crm/OpportunitiesForm.tsx:6
all-in-one,crm,opportunities,list,Opportunities,name,payload genérico/não comprovado,apps/all-in-one/src/pages/crm/OpportunitiesList.tsx:6
all-in-one,crm,opportunities,list,Opportunities,title,campo físico provável,apps/all-in-one/src/pages/crm/OpportunitiesList.tsx:6
all-in-one,crm,opportunities,list,Opportunities,status,campo físico provável,apps/all-in-one/src/pages/crm/OpportunitiesList.tsx:6
all-in-one,crm,opportunities,list,Opportunities,created_at,campo físico provável,apps/all-in-one/src/pages/crm/OpportunitiesList.tsx:6
all-in-one,delivery,assignments,form,Assignments,name,payload genérico/não comprovado,apps/all-in-one/src/pages/delivery/AssignmentsForm.tsx:6
all-in-one,delivery,assignments,form,Assignments,description,payload genérico/não comprovado,apps/all-in-one/src/pages/delivery/AssignmentsForm.tsx:6
all-in-one,delivery,assignments,form,Assignments,category,payload genérico/não comprovado,apps/all-in-one/src/pages/delivery/AssignmentsForm.tsx:6
all-in-one,delivery,assignments,list,Assignments,name,payload genérico/não comprovado,apps/all-in-one/src/pages/delivery/AssignmentsList.tsx:6
all-in-one,delivery,assignments,list,Assignments,title,payload genérico/não comprovado,apps/all-in-one/src/pages/delivery/AssignmentsList.tsx:6
all-in-one,delivery,assignments,list,Assignments,status,payload genérico/não comprovado,apps/all-in-one/src/pages/delivery/AssignmentsList.tsx:6
all-in-one,delivery,assignments,list,Assignments,created_at,payload genérico/não comprovado,apps/all-in-one/src/pages/delivery/AssignmentsList.tsx:6
all-in-one,delivery,delivery,list,Delivery,name,payload genérico/não comprovado,apps/all-in-one/src/pages/delivery/DeliveryOverview.tsx:6
all-in-one,delivery,delivery,list,Delivery,title,payload genérico/não comprovado,apps/all-in-one/src/pages/delivery/DeliveryOverview.tsx:6
all-in-one,delivery,delivery,list,Delivery,status,payload genérico/não comprovado,apps/all-in-one/src/pages/delivery/DeliveryOverview.tsx:6
all-in-one,delivery,delivery,list,Delivery,created_at,payload genérico/não comprovado,apps/all-in-one/src/pages/delivery/DeliveryOverview.tsx:6
all-in-one,delivery,deliverypermissions,list,Delivery Permissões,name,payload genérico/não comprovado,apps/all-in-one/src/pages/delivery/DeliveryPermissions.tsx:6
all-in-one,delivery,deliverypermissions,list,Delivery Permissões,title,payload genérico/não comprovado,apps/all-in-one/src/pages/delivery/DeliveryPermissions.tsx:6
all-in-one,delivery,deliverypermissions,list,Delivery Permissões,status,payload genérico/não comprovado,apps/all-in-one/src/pages/delivery/DeliveryPermissions.tsx:6
all-in-one,delivery,deliverypermissions,list,Delivery Permissões,created_at,payload genérico/não comprovado,apps/all-in-one/src/pages/delivery/DeliveryPermissions.tsx:6
all-in-one,delivery,deliveryrequests,form,Delivery Requests,name,payload genérico/não comprovado,apps/all-in-one/src/pages/delivery/DeliveryRequestsForm.tsx:6
all-in-one,delivery,deliveryrequests,form,Delivery Requests,description,payload genérico/não comprovado,apps/all-in-one/src/pages/delivery/DeliveryRequestsForm.tsx:6
all-in-one,delivery,deliveryrequests,form,Delivery Requests,category,payload genérico/não comprovado,apps/all-in-one/src/pages/delivery/DeliveryRequestsForm.tsx:6
all-in-one,delivery,deliveryrequests,list,Delivery Requests,name,payload genérico/não comprovado,apps/all-in-one/src/pages/delivery/DeliveryRequestsList.tsx:6
all-in-one,delivery,deliveryrequests,list,Delivery Requests,title,payload genérico/não comprovado,apps/all-in-one/src/pages/delivery/DeliveryRequestsList.tsx:6
all-in-one,delivery,deliveryrequests,list,Delivery Requests,status,payload genérico/não comprovado,apps/all-in-one/src/pages/delivery/DeliveryRequestsList.tsx:6
all-in-one,delivery,deliveryrequests,list,Delivery Requests,created_at,payload genérico/não comprovado,apps/all-in-one/src/pages/delivery/DeliveryRequestsList.tsx:6
all-in-one,delivery,insuranceoptions,form,Insurance Options,name,payload genérico/não comprovado,apps/all-in-one/src/pages/delivery/InsuranceOptionsForm.tsx:6
all-in-one,delivery,insuranceoptions,form,Insurance Options,description,payload genérico/não comprovado,apps/all-in-one/src/pages/delivery/InsuranceOptionsForm.tsx:6
all-in-one,delivery,insuranceoptions,form,Insurance Options,category,payload genérico/não comprovado,apps/all-in-one/src/pages/delivery/InsuranceOptionsForm.tsx:6
all-in-one,delivery,insuranceoptions,list,Insurance Options,name,payload genérico/não comprovado,apps/all-in-one/src/pages/delivery/InsuranceOptionsList.tsx:6
all-in-one,delivery,insuranceoptions,list,Insurance Options,title,payload genérico/não comprovado,apps/all-in-one/src/pages/delivery/InsuranceOptionsList.tsx:6
all-in-one,delivery,insuranceoptions,list,Insurance Options,status,payload genérico/não comprovado,apps/all-in-one/src/pages/delivery/InsuranceOptionsList.tsx:6
all-in-one,delivery,insuranceoptions,list,Insurance Options,created_at,payload genérico/não comprovado,apps/all-in-one/src/pages/delivery/InsuranceOptionsList.tsx:6
all-in-one,delivery,proofs,form,Proofs,name,payload genérico/não comprovado,apps/all-in-one/src/pages/delivery/ProofsForm.tsx:6
all-in-one,delivery,proofs,form,Proofs,description,payload genérico/não comprovado,apps/all-in-one/src/pages/delivery/ProofsForm.tsx:6
all-in-one,delivery,proofs,form,Proofs,category,payload genérico/não comprovado,apps/all-in-one/src/pages/delivery/ProofsForm.tsx:6
all-in-one,delivery,proofs,list,Proofs,name,payload genérico/não comprovado,apps/all-in-one/src/pages/delivery/ProofsList.tsx:6
all-in-one,delivery,proofs,list,Proofs,title,payload genérico/não comprovado,apps/all-in-one/src/pages/delivery/ProofsList.tsx:6
all-in-one,delivery,proofs,list,Proofs,status,payload genérico/não comprovado,apps/all-in-one/src/pages/delivery/ProofsList.tsx:6
all-in-one,delivery,proofs,list,Proofs,created_at,payload genérico/não comprovado,apps/all-in-one/src/pages/delivery/ProofsList.tsx:6
all-in-one,delivery,quotes,form,Quotes,name,payload genérico/não comprovado,apps/all-in-one/src/pages/delivery/QuotesForm.tsx:6
all-in-one,delivery,quotes,form,Quotes,description,payload genérico/não comprovado,apps/all-in-one/src/pages/delivery/QuotesForm.tsx:6
all-in-one,delivery,quotes,form,Quotes,category,payload genérico/não comprovado,apps/all-in-one/src/pages/delivery/QuotesForm.tsx:6
all-in-one,delivery,quotes,list,Quotes,name,payload genérico/não comprovado,apps/all-in-one/src/pages/delivery/QuotesList.tsx:6
all-in-one,delivery,quotes,list,Quotes,title,payload genérico/não comprovado,apps/all-in-one/src/pages/delivery/QuotesList.tsx:6
all-in-one,delivery,quotes,list,Quotes,status,payload genérico/não comprovado,apps/all-in-one/src/pages/delivery/QuotesList.tsx:6
all-in-one,delivery,quotes,list,Quotes,created_at,payload genérico/não comprovado,apps/all-in-one/src/pages/delivery/QuotesList.tsx:6
all-in-one,document,document,list,Document,name,payload genérico/não comprovado,apps/all-in-one/src/pages/document/DocumentOverview.tsx:6
all-in-one,document,document,list,Document,title,payload genérico/não comprovado,apps/all-in-one/src/pages/document/DocumentOverview.tsx:6
all-in-one,document,document,list,Document,status,payload genérico/não comprovado,apps/all-in-one/src/pages/document/DocumentOverview.tsx:6
all-in-one,document,document,list,Document,created_at,payload genérico/não comprovado,apps/all-in-one/src/pages/document/DocumentOverview.tsx:6
all-in-one,document,documentpermissions,list,Document Permissões,name,payload genérico/não comprovado,apps/all-in-one/src/pages/document/DocumentPermissions.tsx:6
all-in-one,document,documentpermissions,list,Document Permissões,title,payload genérico/não comprovado,apps/all-in-one/src/pages/document/DocumentPermissions.tsx:6
all-in-one,document,documentpermissions,list,Document Permissões,status,payload genérico/não comprovado,apps/all-in-one/src/pages/document/DocumentPermissions.tsx:6
all-in-one,document,documentpermissions,list,Document Permissões,created_at,payload genérico/não comprovado,apps/all-in-one/src/pages/document/DocumentPermissions.tsx:6
all-in-one,document,documents,form,Documents,name,payload genérico/não comprovado,apps/all-in-one/src/pages/document/DocumentsForm.tsx:6
all-in-one,document,documents,form,Documents,description,payload genérico/não comprovado,apps/all-in-one/src/pages/document/DocumentsForm.tsx:6
all-in-one,document,documents,form,Documents,category,payload genérico/não comprovado,apps/all-in-one/src/pages/document/DocumentsForm.tsx:6
all-in-one,document,documents,list,Documents,name,payload genérico/não comprovado,apps/all-in-one/src/pages/document/DocumentsList.tsx:6
all-in-one,document,documents,list,Documents,title,payload genérico/não comprovado,apps/all-in-one/src/pages/document/DocumentsList.tsx:6
all-in-one,document,documents,list,Documents,status,campo físico provável,apps/all-in-one/src/pages/document/DocumentsList.tsx:6
all-in-one,document,documents,list,Documents,created_at,campo físico provável,apps/all-in-one/src/pages/document/DocumentsList.tsx:6
all-in-one,document,folders,form,Folders,name,payload genérico/não comprovado,apps/all-in-one/src/pages/document/FoldersForm.tsx:6
all-in-one,document,folders,form,Folders,description,payload genérico/não comprovado,apps/all-in-one/src/pages/document/FoldersForm.tsx:6
all-in-one,document,folders,form,Folders,category,payload genérico/não comprovado,apps/all-in-one/src/pages/document/FoldersForm.tsx:6
all-in-one,document,folders,list,Folders,name,payload genérico/não comprovado,apps/all-in-one/src/pages/document/FoldersList.tsx:6
all-in-one,document,folders,list,Folders,title,payload genérico/não comprovado,apps/all-in-one/src/pages/document/FoldersList.tsx:6
all-in-one,document,folders,list,Folders,status,payload genérico/não comprovado,apps/all-in-one/src/pages/document/FoldersList.tsx:6
all-in-one,document,folders,list,Folders,created_at,payload genérico/não comprovado,apps/all-in-one/src/pages/document/FoldersList.tsx:6
all-in-one,document,retentionpolicies,form,Retention Policies,name,payload genérico/não comprovado,apps/all-in-one/src/pages/document/RetentionPoliciesForm.tsx:6
all-in-one,document,retentionpolicies,form,Retention Policies,description,payload genérico/não comprovado,apps/all-in-one/src/pages/document/RetentionPoliciesForm.tsx:6
all-in-one,document,retentionpolicies,form,Retention Policies,category,payload genérico/não comprovado,apps/all-in-one/src/pages/document/RetentionPoliciesForm.tsx:6
all-in-one,document,retentionpolicies,list,Retention Policies,name,payload genérico/não comprovado,apps/all-in-one/src/pages/document/RetentionPoliciesList.tsx:6
all-in-one,document,retentionpolicies,list,Retention Policies,title,payload genérico/não comprovado,apps/all-in-one/src/pages/document/RetentionPoliciesList.tsx:6
all-in-one,document,retentionpolicies,list,Retention Policies,status,payload genérico/não comprovado,apps/all-in-one/src/pages/document/RetentionPoliciesList.tsx:6
all-in-one,document,retentionpolicies,list,Retention Policies,created_at,payload genérico/não comprovado,apps/all-in-one/src/pages/document/RetentionPoliciesList.tsx:6
all-in-one,document,versions,form,Versions,name,payload genérico/não comprovado,apps/all-in-one/src/pages/document/VersionsForm.tsx:6
all-in-one,document,versions,form,Versions,description,payload genérico/não comprovado,apps/all-in-one/src/pages/document/VersionsForm.tsx:6
all-in-one,document,versions,form,Versions,category,payload genérico/não comprovado,apps/all-in-one/src/pages/document/VersionsForm.tsx:6
all-in-one,document,versions,list,Versions,name,payload genérico/não comprovado,apps/all-in-one/src/pages/document/VersionsList.tsx:6
all-in-one,document,versions,list,Versions,title,payload genérico/não comprovado,apps/all-in-one/src/pages/document/VersionsList.tsx:6
all-in-one,document,versions,list,Versions,status,payload genérico/não comprovado,apps/all-in-one/src/pages/document/VersionsList.tsx:6
all-in-one,document,versions,list,Versions,created_at,payload genérico/não comprovado,apps/all-in-one/src/pages/document/VersionsList.tsx:6
all-in-one,erp,accounts,form,Accounts,name,payload genérico/não comprovado,apps/all-in-one/src/pages/erp/AccountsForm.tsx:6
all-in-one,erp,accounts,form,Accounts,description,payload genérico/não comprovado,apps/all-in-one/src/pages/erp/AccountsForm.tsx:6
all-in-one,erp,accounts,form,Accounts,category,payload genérico/não comprovado,apps/all-in-one/src/pages/erp/AccountsForm.tsx:6
all-in-one,erp,accounts,list,Accounts,name,payload genérico/não comprovado,apps/all-in-one/src/pages/erp/AccountsList.tsx:6
all-in-one,erp,accounts,list,Accounts,title,payload genérico/não comprovado,apps/all-in-one/src/pages/erp/AccountsList.tsx:6
all-in-one,erp,accounts,list,Accounts,status,payload genérico/não comprovado,apps/all-in-one/src/pages/erp/AccountsList.tsx:6
all-in-one,erp,accounts,list,Accounts,created_at,payload genérico/não comprovado,apps/all-in-one/src/pages/erp/AccountsList.tsx:6
all-in-one,erp,costcenters,form,Cost Centers,name,payload genérico/não comprovado,apps/all-in-one/src/pages/erp/CostCentersForm.tsx:6
all-in-one,erp,costcenters,form,Cost Centers,description,payload genérico/não comprovado,apps/all-in-one/src/pages/erp/CostCentersForm.tsx:6
all-in-one,erp,costcenters,form,Cost Centers,category,payload genérico/não comprovado,apps/all-in-one/src/pages/erp/CostCentersForm.tsx:6
all-in-one,erp,costcenters,list,Cost Centers,name,payload genérico/não comprovado,apps/all-in-one/src/pages/erp/CostCentersList.tsx:6
all-in-one,erp,costcenters,list,Cost Centers,title,payload genérico/não comprovado,apps/all-in-one/src/pages/erp/CostCentersList.tsx:6
all-in-one,erp,costcenters,list,Cost Centers,status,payload genérico/não comprovado,apps/all-in-one/src/pages/erp/CostCentersList.tsx:6
all-in-one,erp,costcenters,list,Cost Centers,created_at,payload genérico/não comprovado,apps/all-in-one/src/pages/erp/CostCentersList.tsx:6
all-in-one,erp,erp,list,Erp,name,payload genérico/não comprovado,apps/all-in-one/src/pages/erp/ErpOverview.tsx:6
all-in-one,erp,erp,list,Erp,title,payload genérico/não comprovado,apps/all-in-one/src/pages/erp/ErpOverview.tsx:6
all-in-one,erp,erp,list,Erp,status,payload genérico/não comprovado,apps/all-in-one/src/pages/erp/ErpOverview.tsx:6
all-in-one,erp,erp,list,Erp,created_at,payload genérico/não comprovado,apps/all-in-one/src/pages/erp/ErpOverview.tsx:6
all-in-one,erp,erppermissions,list,Erp Permissões,name,payload genérico/não comprovado,apps/all-in-one/src/pages/erp/ErpPermissions.tsx:6
all-in-one,erp,erppermissions,list,Erp Permissões,title,payload genérico/não comprovado,apps/all-in-one/src/pages/erp/ErpPermissions.tsx:6
all-in-one,erp,erppermissions,list,Erp Permissões,status,payload genérico/não comprovado,apps/all-in-one/src/pages/erp/ErpPermissions.tsx:6
all-in-one,erp,erppermissions,list,Erp Permissões,created_at,payload genérico/não comprovado,apps/all-in-one/src/pages/erp/ErpPermissions.tsx:6
all-in-one,erp,fiscaldocuments,form,Fiscal Documents,name,payload genérico/não comprovado,apps/all-in-one/src/pages/erp/FiscalDocumentsForm.tsx:6
all-in-one,erp,fiscaldocuments,form,Fiscal Documents,description,payload genérico/não comprovado,apps/all-in-one/src/pages/erp/FiscalDocumentsForm.tsx:6
all-in-one,erp,fiscaldocuments,form,Fiscal Documents,category,payload genérico/não comprovado,apps/all-in-one/src/pages/erp/FiscalDocumentsForm.tsx:6
all-in-one,erp,fiscaldocuments,list,Fiscal Documents,name,payload genérico/não comprovado,apps/all-in-one/src/pages/erp/FiscalDocumentsList.tsx:6
all-in-one,erp,fiscaldocuments,list,Fiscal Documents,title,payload genérico/não comprovado,apps/all-in-one/src/pages/erp/FiscalDocumentsList.tsx:6
all-in-one,erp,fiscaldocuments,list,Fiscal Documents,status,payload genérico/não comprovado,apps/all-in-one/src/pages/erp/FiscalDocumentsList.tsx:6
all-in-one,erp,fiscaldocuments,list,Fiscal Documents,created_at,payload genérico/não comprovado,apps/all-in-one/src/pages/erp/FiscalDocumentsList.tsx:6
all-in-one,erp,payables,form,Payables,name,payload genérico/não comprovado,apps/all-in-one/src/pages/erp/PayablesForm.tsx:6
all-in-one,erp,payables,form,Payables,description,payload genérico/não comprovado,apps/all-in-one/src/pages/erp/PayablesForm.tsx:6
all-in-one,erp,payables,form,Payables,category,payload genérico/não comprovado,apps/all-in-one/src/pages/erp/PayablesForm.tsx:6
all-in-one,erp,payables,list,Payables,name,payload genérico/não comprovado,apps/all-in-one/src/pages/erp/PayablesList.tsx:6
all-in-one,erp,payables,list,Payables,title,payload genérico/não comprovado,apps/all-in-one/src/pages/erp/PayablesList.tsx:6
all-in-one,erp,payables,list,Payables,status,payload genérico/não comprovado,apps/all-in-one/src/pages/erp/PayablesList.tsx:6
all-in-one,erp,payables,list,Payables,created_at,payload genérico/não comprovado,apps/all-in-one/src/pages/erp/PayablesList.tsx:6
all-in-one,erp,receivables,form,Receivables,name,payload genérico/não comprovado,apps/all-in-one/src/pages/erp/ReceivablesForm.tsx:6
all-in-one,erp,receivables,form,Receivables,description,payload genérico/não comprovado,apps/all-in-one/src/pages/erp/ReceivablesForm.tsx:6
all-in-one,erp,receivables,form,Receivables,category,payload genérico/não comprovado,apps/all-in-one/src/pages/erp/ReceivablesForm.tsx:6
all-in-one,erp,receivables,list,Receivables,name,payload genérico/não comprovado,apps/all-in-one/src/pages/erp/ReceivablesList.tsx:6
all-in-one,erp,receivables,list,Receivables,title,payload genérico/não comprovado,apps/all-in-one/src/pages/erp/ReceivablesList.tsx:6
all-in-one,erp,receivables,list,Receivables,status,payload genérico/não comprovado,apps/all-in-one/src/pages/erp/ReceivablesList.tsx:6
all-in-one,erp,receivables,list,Receivables,created_at,payload genérico/não comprovado,apps/all-in-one/src/pages/erp/ReceivablesList.tsx:6
all-in-one,finance,escrows,form,Escrows,name,payload genérico/não comprovado,apps/all-in-one/src/pages/finance/EscrowsForm.tsx:6
all-in-one,finance,escrows,form,Escrows,description,payload genérico/não comprovado,apps/all-in-one/src/pages/finance/EscrowsForm.tsx:6
all-in-one,finance,escrows,form,Escrows,category,payload genérico/não comprovado,apps/all-in-one/src/pages/finance/EscrowsForm.tsx:6
all-in-one,finance,escrows,list,Escrows,name,payload genérico/não comprovado,apps/all-in-one/src/pages/finance/EscrowsList.tsx:6
all-in-one,finance,escrows,list,Escrows,title,payload genérico/não comprovado,apps/all-in-one/src/pages/finance/EscrowsList.tsx:6
all-in-one,finance,escrows,list,Escrows,status,campo físico provável,apps/all-in-one/src/pages/finance/EscrowsList.tsx:6
all-in-one,finance,escrows,list,Escrows,created_at,campo físico provável,apps/all-in-one/src/pages/finance/EscrowsList.tsx:6
all-in-one,finance,finance,list,Finance,name,payload genérico/não comprovado,apps/all-in-one/src/pages/finance/FinanceOverview.tsx:6
all-in-one,finance,finance,list,Finance,title,payload genérico/não comprovado,apps/all-in-one/src/pages/finance/FinanceOverview.tsx:6
all-in-one,finance,finance,list,Finance,status,payload genérico/não comprovado,apps/all-in-one/src/pages/finance/FinanceOverview.tsx:6
all-in-one,finance,finance,list,Finance,created_at,payload genérico/não comprovado,apps/all-in-one/src/pages/finance/FinanceOverview.tsx:6
all-in-one,finance,financepermissions,list,Finance Permissões,name,payload genérico/não comprovado,apps/all-in-one/src/pages/finance/FinancePermissions.tsx:6
all-in-one,finance,financepermissions,list,Finance Permissões,title,payload genérico/não comprovado,apps/all-in-one/src/pages/finance/FinancePermissions.tsx:6
all-in-one,finance,financepermissions,list,Finance Permissões,status,payload genérico/não comprovado,apps/all-in-one/src/pages/finance/FinancePermissions.tsx:6
all-in-one,finance,financepermissions,list,Finance Permissões,created_at,payload genérico/não comprovado,apps/all-in-one/src/pages/finance/FinancePermissions.tsx:6
all-in-one,finance,invoices,form,Invoices,name,payload genérico/não comprovado,apps/all-in-one/src/pages/finance/InvoicesForm.tsx:6
all-in-one,finance,invoices,form,Invoices,description,payload genérico/não comprovado,apps/all-in-one/src/pages/finance/InvoicesForm.tsx:6
all-in-one,finance,invoices,form,Invoices,category,payload genérico/não comprovado,apps/all-in-one/src/pages/finance/InvoicesForm.tsx:6
all-in-one,finance,invoices,list,Invoices,name,payload genérico/não comprovado,apps/all-in-one/src/pages/finance/InvoicesList.tsx:6
all-in-one,finance,invoices,list,Invoices,title,payload genérico/não comprovado,apps/all-in-one/src/pages/finance/InvoicesList.tsx:6
all-in-one,finance,invoices,list,Invoices,status,payload genérico/não comprovado,apps/all-in-one/src/pages/finance/InvoicesList.tsx:6
all-in-one,finance,invoices,list,Invoices,created_at,payload genérico/não comprovado,apps/all-in-one/src/pages/finance/InvoicesList.tsx:6
all-in-one,finance,ledgerentries,form,Ledger Entries,name,payload genérico/não comprovado,apps/all-in-one/src/pages/finance/LedgerEntriesForm.tsx:6
all-in-one,finance,ledgerentries,form,Ledger Entries,description,payload genérico/não comprovado,apps/all-in-one/src/pages/finance/LedgerEntriesForm.tsx:6
all-in-one,finance,ledgerentries,form,Ledger Entries,category,payload genérico/não comprovado,apps/all-in-one/src/pages/finance/LedgerEntriesForm.tsx:6
all-in-one,finance,ledgerentries,list,Ledger Entries,name,payload genérico/não comprovado,apps/all-in-one/src/pages/finance/LedgerEntriesList.tsx:6
all-in-one,finance,ledgerentries,list,Ledger Entries,title,payload genérico/não comprovado,apps/all-in-one/src/pages/finance/LedgerEntriesList.tsx:6
all-in-one,finance,ledgerentries,list,Ledger Entries,status,payload genérico/não comprovado,apps/all-in-one/src/pages/finance/LedgerEntriesList.tsx:6
all-in-one,finance,ledgerentries,list,Ledger Entries,created_at,payload genérico/não comprovado,apps/all-in-one/src/pages/finance/LedgerEntriesList.tsx:6
all-in-one,finance,splits,form,Splits,name,payload genérico/não comprovado,apps/all-in-one/src/pages/finance/SplitsForm.tsx:6
all-in-one,finance,splits,form,Splits,description,payload genérico/não comprovado,apps/all-in-one/src/pages/finance/SplitsForm.tsx:6
all-in-one,finance,splits,form,Splits,category,payload genérico/não comprovado,apps/all-in-one/src/pages/finance/SplitsForm.tsx:6
all-in-one,finance,splits,list,Splits,name,payload genérico/não comprovado,apps/all-in-one/src/pages/finance/SplitsList.tsx:6
all-in-one,finance,splits,list,Splits,title,payload genérico/não comprovado,apps/all-in-one/src/pages/finance/SplitsList.tsx:6
all-in-one,finance,splits,list,Splits,status,payload genérico/não comprovado,apps/all-in-one/src/pages/finance/SplitsList.tsx:6
all-in-one,finance,splits,list,Splits,created_at,payload genérico/não comprovado,apps/all-in-one/src/pages/finance/SplitsList.tsx:6
all-in-one,finance,walletledger,form,Wallet Ledger,name,payload genérico/não comprovado,apps/all-in-one/src/pages/finance/WalletLedger.tsx:6
all-in-one,finance,walletledger,form,Wallet Ledger,description,payload genérico/não comprovado,apps/all-in-one/src/pages/finance/WalletLedger.tsx:6
all-in-one,finance,walletledger,form,Wallet Ledger,category,payload genérico/não comprovado,apps/all-in-one/src/pages/finance/WalletLedger.tsx:6
all-in-one,finance,wallets,form,Wallets,name,payload genérico/não comprovado,apps/all-in-one/src/pages/finance/WalletsForm.tsx:6
all-in-one,finance,wallets,form,Wallets,description,payload genérico/não comprovado,apps/all-in-one/src/pages/finance/WalletsForm.tsx:6
all-in-one,finance,wallets,form,Wallets,category,payload genérico/não comprovado,apps/all-in-one/src/pages/finance/WalletsForm.tsx:6
all-in-one,finance,wallets,list,Wallets,name,payload genérico/não comprovado,apps/all-in-one/src/pages/finance/WalletsList.tsx:6
all-in-one,finance,wallets,list,Wallets,title,payload genérico/não comprovado,apps/all-in-one/src/pages/finance/WalletsList.tsx:6
all-in-one,finance,wallets,list,Wallets,status,campo físico provável,apps/all-in-one/src/pages/finance/WalletsList.tsx:6
all-in-one,finance,wallets,list,Wallets,created_at,campo físico provável,apps/all-in-one/src/pages/finance/WalletsList.tsx:6
all-in-one,health,appointments,form,Appointments,name,payload genérico/não comprovado,apps/all-in-one/src/pages/health/AppointmentsForm.tsx:6
all-in-one,health,appointments,form,Appointments,description,payload genérico/não comprovado,apps/all-in-one/src/pages/health/AppointmentsForm.tsx:6
all-in-one,health,appointments,form,Appointments,category,payload genérico/não comprovado,apps/all-in-one/src/pages/health/AppointmentsForm.tsx:6
all-in-one,health,appointments,list,Appointments,name,payload genérico/não comprovado,apps/all-in-one/src/pages/health/AppointmentsList.tsx:6
all-in-one,health,appointments,list,Appointments,title,payload genérico/não comprovado,apps/all-in-one/src/pages/health/AppointmentsList.tsx:6
all-in-one,health,appointments,list,Appointments,status,campo físico provável,apps/all-in-one/src/pages/health/AppointmentsList.tsx:6
all-in-one,health,appointments,list,Appointments,created_at,campo físico provável,apps/all-in-one/src/pages/health/AppointmentsList.tsx:6
all-in-one,health,beds,form,Beds,name,payload genérico/não comprovado,apps/all-in-one/src/pages/health/BedsForm.tsx:6
all-in-one,health,beds,form,Beds,description,payload genérico/não comprovado,apps/all-in-one/src/pages/health/BedsForm.tsx:6
all-in-one,health,beds,form,Beds,category,payload genérico/não comprovado,apps/all-in-one/src/pages/health/BedsForm.tsx:6
all-in-one,health,beds,list,Beds,name,payload genérico/não comprovado,apps/all-in-one/src/pages/health/BedsList.tsx:6
all-in-one,health,beds,list,Beds,title,payload genérico/não comprovado,apps/all-in-one/src/pages/health/BedsList.tsx:6
all-in-one,health,beds,list,Beds,status,payload genérico/não comprovado,apps/all-in-one/src/pages/health/BedsList.tsx:6
all-in-one,health,beds,list,Beds,created_at,payload genérico/não comprovado,apps/all-in-one/src/pages/health/BedsList.tsx:6
all-in-one,health,health,list,Health,name,payload genérico/não comprovado,apps/all-in-one/src/pages/health/HealthOverview.tsx:6
all-in-one,health,health,list,Health,title,payload genérico/não comprovado,apps/all-in-one/src/pages/health/HealthOverview.tsx:6
all-in-one,health,health,list,Health,status,payload genérico/não comprovado,apps/all-in-one/src/pages/health/HealthOverview.tsx:6
all-in-one,health,health,list,Health,created_at,payload genérico/não comprovado,apps/all-in-one/src/pages/health/HealthOverview.tsx:6
all-in-one,health,healthpermissions,list,Health Permissões,name,payload genérico/não comprovado,apps/all-in-one/src/pages/health/HealthPermissions.tsx:6
all-in-one,health,healthpermissions,list,Health Permissões,title,payload genérico/não comprovado,apps/all-in-one/src/pages/health/HealthPermissions.tsx:6
all-in-one,health,healthpermissions,list,Health Permissões,status,payload genérico/não comprovado,apps/all-in-one/src/pages/health/HealthPermissions.tsx:6
all-in-one,health,healthpermissions,list,Health Permissões,created_at,payload genérico/não comprovado,apps/all-in-one/src/pages/health/HealthPermissions.tsx:6
all-in-one,health,medicalrecords,form,Medical Records,name,payload genérico/não comprovado,apps/all-in-one/src/pages/health/MedicalRecordsForm.tsx:6
all-in-one,health,medicalrecords,form,Medical Records,description,payload genérico/não comprovado,apps/all-in-one/src/pages/health/MedicalRecordsForm.tsx:6
all-in-one,health,medicalrecords,form,Medical Records,category,payload genérico/não comprovado,apps/all-in-one/src/pages/health/MedicalRecordsForm.tsx:6
all-in-one,health,medicalrecords,list,Medical Records,name,payload genérico/não comprovado,apps/all-in-one/src/pages/health/MedicalRecordsList.tsx:6
all-in-one,health,medicalrecords,list,Medical Records,title,payload genérico/não comprovado,apps/all-in-one/src/pages/health/MedicalRecordsList.tsx:6
all-in-one,health,medicalrecords,list,Medical Records,status,payload genérico/não comprovado,apps/all-in-one/src/pages/health/MedicalRecordsList.tsx:6
all-in-one,health,medicalrecords,list,Medical Records,created_at,payload genérico/não comprovado,apps/all-in-one/src/pages/health/MedicalRecordsList.tsx:6
all-in-one,health,patients,form,Patients,name,payload genérico/não comprovado,apps/all-in-one/src/pages/health/PatientsForm.tsx:6
all-in-one,health,patients,form,Patients,description,payload genérico/não comprovado,apps/all-in-one/src/pages/health/PatientsForm.tsx:6
all-in-one,health,patients,form,Patients,category,payload genérico/não comprovado,apps/all-in-one/src/pages/health/PatientsForm.tsx:6
all-in-one,health,patients,list,Patients,name,payload genérico/não comprovado,apps/all-in-one/src/pages/health/PatientsList.tsx:6
all-in-one,health,patients,list,Patients,title,payload genérico/não comprovado,apps/all-in-one/src/pages/health/PatientsList.tsx:6
all-in-one,health,patients,list,Patients,status,campo físico provável,apps/all-in-one/src/pages/health/PatientsList.tsx:6
all-in-one,health,patients,list,Patients,created_at,campo físico provável,apps/all-in-one/src/pages/health/PatientsList.tsx:6
all-in-one,health,prescriptions,form,Prescriptions,name,payload genérico/não comprovado,apps/all-in-one/src/pages/health/PrescriptionsForm.tsx:6
all-in-one,health,prescriptions,form,Prescriptions,description,payload genérico/não comprovado,apps/all-in-one/src/pages/health/PrescriptionsForm.tsx:6
all-in-one,health,prescriptions,form,Prescriptions,category,payload genérico/não comprovado,apps/all-in-one/src/pages/health/PrescriptionsForm.tsx:6
all-in-one,health,prescriptions,list,Prescriptions,name,payload genérico/não comprovado,apps/all-in-one/src/pages/health/PrescriptionsList.tsx:6
all-in-one,health,prescriptions,list,Prescriptions,title,payload genérico/não comprovado,apps/all-in-one/src/pages/health/PrescriptionsList.tsx:6
all-in-one,health,prescriptions,list,Prescriptions,status,payload genérico/não comprovado,apps/all-in-one/src/pages/health/PrescriptionsList.tsx:6
all-in-one,health,prescriptions,list,Prescriptions,created_at,payload genérico/não comprovado,apps/all-in-one/src/pages/health/PrescriptionsList.tsx:6
all-in-one,hr,candidates,form,Candidates,name,payload genérico/não comprovado,apps/all-in-one/src/pages/hr/CandidatesForm.tsx:6
all-in-one,hr,candidates,form,Candidates,description,payload genérico/não comprovado,apps/all-in-one/src/pages/hr/CandidatesForm.tsx:6
all-in-one,hr,candidates,form,Candidates,category,payload genérico/não comprovado,apps/all-in-one/src/pages/hr/CandidatesForm.tsx:6
all-in-one,hr,candidates,list,Candidates,name,payload genérico/não comprovado,apps/all-in-one/src/pages/hr/CandidatesList.tsx:6
all-in-one,hr,candidates,list,Candidates,title,payload genérico/não comprovado,apps/all-in-one/src/pages/hr/CandidatesList.tsx:6
all-in-one,hr,candidates,list,Candidates,status,payload genérico/não comprovado,apps/all-in-one/src/pages/hr/CandidatesList.tsx:6
all-in-one,hr,candidates,list,Candidates,created_at,payload genérico/não comprovado,apps/all-in-one/src/pages/hr/CandidatesList.tsx:6
all-in-one,hr,courses,form,Courses,name,payload genérico/não comprovado,apps/all-in-one/src/pages/hr/CoursesForm.tsx:6
all-in-one,hr,courses,form,Courses,description,payload genérico/não comprovado,apps/all-in-one/src/pages/hr/CoursesForm.tsx:6
all-in-one,hr,courses,form,Courses,category,payload genérico/não comprovado,apps/all-in-one/src/pages/hr/CoursesForm.tsx:6
all-in-one,hr,courses,list,Courses,name,payload genérico/não comprovado,apps/all-in-one/src/pages/hr/CoursesList.tsx:6
all-in-one,hr,courses,list,Courses,title,payload genérico/não comprovado,apps/all-in-one/src/pages/hr/CoursesList.tsx:6
all-in-one,hr,courses,list,Courses,status,payload genérico/não comprovado,apps/all-in-one/src/pages/hr/CoursesList.tsx:6
all-in-one,hr,courses,list,Courses,created_at,payload genérico/não comprovado,apps/all-in-one/src/pages/hr/CoursesList.tsx:6
all-in-one,hr,employees,form,Employees,name,payload genérico/não comprovado,apps/all-in-one/src/pages/hr/EmployeesForm.tsx:6
all-in-one,hr,employees,form,Employees,description,payload genérico/não comprovado,apps/all-in-one/src/pages/hr/EmployeesForm.tsx:6
all-in-one,hr,employees,form,Employees,category,payload genérico/não comprovado,apps/all-in-one/src/pages/hr/EmployeesForm.tsx:6
all-in-one,hr,employees,list,Employees,name,payload genérico/não comprovado,apps/all-in-one/src/pages/hr/EmployeesList.tsx:6
all-in-one,hr,employees,list,Employees,title,payload genérico/não comprovado,apps/all-in-one/src/pages/hr/EmployeesList.tsx:6
all-in-one,hr,employees,list,Employees,status,campo físico provável,apps/all-in-one/src/pages/hr/EmployeesList.tsx:6
all-in-one,hr,employees,list,Employees,created_at,campo físico provável,apps/all-in-one/src/pages/hr/EmployeesList.tsx:6
all-in-one,hr,hr,list,Hr,name,payload genérico/não comprovado,apps/all-in-one/src/pages/hr/HrOverview.tsx:6
all-in-one,hr,hr,list,Hr,title,payload genérico/não comprovado,apps/all-in-one/src/pages/hr/HrOverview.tsx:6
all-in-one,hr,hr,list,Hr,status,payload genérico/não comprovado,apps/all-in-one/src/pages/hr/HrOverview.tsx:6
all-in-one,hr,hr,list,Hr,created_at,payload genérico/não comprovado,apps/all-in-one/src/pages/hr/HrOverview.tsx:6
all-in-one,hr,hrpermissions,list,Hr Permissões,name,payload genérico/não comprovado,apps/all-in-one/src/pages/hr/HrPermissions.tsx:6
all-in-one,hr,hrpermissions,list,Hr Permissões,title,payload genérico/não comprovado,apps/all-in-one/src/pages/hr/HrPermissions.tsx:6
all-in-one,hr,hrpermissions,list,Hr Permissões,status,payload genérico/não comprovado,apps/all-in-one/src/pages/hr/HrPermissions.tsx:6
all-in-one,hr,hrpermissions,list,Hr Permissões,created_at,payload genérico/não comprovado,apps/all-in-one/src/pages/hr/HrPermissions.tsx:6
all-in-one,hr,occupationalrecords,form,Occupational Records,name,payload genérico/não comprovado,apps/all-in-one/src/pages/hr/OccupationalRecordsForm.tsx:6
all-in-one,hr,occupationalrecords,form,Occupational Records,description,payload genérico/não comprovado,apps/all-in-one/src/pages/hr/OccupationalRecordsForm.tsx:6
all-in-one,hr,occupationalrecords,form,Occupational Records,category,payload genérico/não comprovado,apps/all-in-one/src/pages/hr/OccupationalRecordsForm.tsx:6
all-in-one,hr,occupationalrecords,list,Occupational Records,name,payload genérico/não comprovado,apps/all-in-one/src/pages/hr/OccupationalRecordsList.tsx:6
all-in-one,hr,occupationalrecords,list,Occupational Records,title,payload genérico/não comprovado,apps/all-in-one/src/pages/hr/OccupationalRecordsList.tsx:6
all-in-one,hr,occupationalrecords,list,Occupational Records,status,payload genérico/não comprovado,apps/all-in-one/src/pages/hr/OccupationalRecordsList.tsx:6
all-in-one,hr,occupationalrecords,list,Occupational Records,created_at,payload genérico/não comprovado,apps/all-in-one/src/pages/hr/OccupationalRecordsList.tsx:6
all-in-one,hr,payrollruns,form,Payroll Runs,name,payload genérico/não comprovado,apps/all-in-one/src/pages/hr/PayrollRunsForm.tsx:6
all-in-one,hr,payrollruns,form,Payroll Runs,description,payload genérico/não comprovado,apps/all-in-one/src/pages/hr/PayrollRunsForm.tsx:6
all-in-one,hr,payrollruns,form,Payroll Runs,category,payload genérico/não comprovado,apps/all-in-one/src/pages/hr/PayrollRunsForm.tsx:6
all-in-one,hr,payrollruns,list,Payroll Runs,name,payload genérico/não comprovado,apps/all-in-one/src/pages/hr/PayrollRunsList.tsx:6
all-in-one,hr,payrollruns,list,Payroll Runs,title,payload genérico/não comprovado,apps/all-in-one/src/pages/hr/PayrollRunsList.tsx:6
all-in-one,hr,payrollruns,list,Payroll Runs,status,payload genérico/não comprovado,apps/all-in-one/src/pages/hr/PayrollRunsList.tsx:6
all-in-one,hr,payrollruns,list,Payroll Runs,created_at,payload genérico/não comprovado,apps/all-in-one/src/pages/hr/PayrollRunsList.tsx:6
all-in-one,identity,authgateway,form,Auth Gateway,name,payload genérico/não comprovado,apps/all-in-one/src/pages/identity/AuthGateway.tsx:6
all-in-one,identity,authgateway,form,Auth Gateway,description,payload genérico/não comprovado,apps/all-in-one/src/pages/identity/AuthGateway.tsx:6
all-in-one,identity,authgateway,form,Auth Gateway,category,payload genérico/não comprovado,apps/all-in-one/src/pages/identity/AuthGateway.tsx:6
all-in-one,identity,biometrics,form,Biometrics,name,payload genérico/não comprovado,apps/all-in-one/src/pages/identity/BiometricsForm.tsx:6
all-in-one,identity,biometrics,form,Biometrics,description,payload genérico/não comprovado,apps/all-in-one/src/pages/identity/BiometricsForm.tsx:6
all-in-one,identity,biometrics,form,Biometrics,category,payload genérico/não comprovado,apps/all-in-one/src/pages/identity/BiometricsForm.tsx:6
all-in-one,identity,biometrics,list,Biometrics,name,payload genérico/não comprovado,apps/all-in-one/src/pages/identity/BiometricsList.tsx:6
all-in-one,identity,biometrics,list,Biometrics,title,payload genérico/não comprovado,apps/all-in-one/src/pages/identity/BiometricsList.tsx:6
all-in-one,identity,biometrics,list,Biometrics,status,campo físico provável,apps/all-in-one/src/pages/identity/BiometricsList.tsx:6
all-in-one,identity,biometrics,list,Biometrics,created_at,campo físico provável,apps/all-in-one/src/pages/identity/BiometricsList.tsx:6
all-in-one,identity,consentlgpd,form,Consent Lgpd,name,payload genérico/não comprovado,apps/all-in-one/src/pages/identity/ConsentLgpd.tsx:6
all-in-one,identity,consentlgpd,form,Consent Lgpd,description,payload genérico/não comprovado,apps/all-in-one/src/pages/identity/ConsentLgpd.tsx:6
all-in-one,identity,consentlgpd,form,Consent Lgpd,category,payload genérico/não comprovado,apps/all-in-one/src/pages/identity/ConsentLgpd.tsx:6
all-in-one,identity,consentrecords,form,Consent Records,name,payload genérico/não comprovado,apps/all-in-one/src/pages/identity/ConsentRecordsForm.tsx:6
all-in-one,identity,consentrecords,form,Consent Records,description,payload genérico/não comprovado,apps/all-in-one/src/pages/identity/ConsentRecordsForm.tsx:6
all-in-one,identity,consentrecords,form,Consent Records,category,payload genérico/não comprovado,apps/all-in-one/src/pages/identity/ConsentRecordsForm.tsx:6
all-in-one,identity,consentrecords,list,Consent Records,name,payload genérico/não comprovado,apps/all-in-one/src/pages/identity/ConsentRecordsList.tsx:6
all-in-one,identity,consentrecords,list,Consent Records,title,payload genérico/não comprovado,apps/all-in-one/src/pages/identity/ConsentRecordsList.tsx:6
all-in-one,identity,consentrecords,list,Consent Records,status,payload genérico/não comprovado,apps/all-in-one/src/pages/identity/ConsentRecordsList.tsx:6
all-in-one,identity,consentrecords,list,Consent Records,created_at,payload genérico/não comprovado,apps/all-in-one/src/pages/identity/ConsentRecordsList.tsx:6
all-in-one,identity,documents,form,Documents,name,payload genérico/não comprovado,apps/all-in-one/src/pages/identity/DocumentsForm.tsx:6
all-in-one,identity,documents,form,Documents,description,payload genérico/não comprovado,apps/all-in-one/src/pages/identity/DocumentsForm.tsx:6
all-in-one,identity,documents,form,Documents,category,payload genérico/não comprovado,apps/all-in-one/src/pages/identity/DocumentsForm.tsx:6
all-in-one,identity,documents,list,Documents,name,payload genérico/não comprovado,apps/all-in-one/src/pages/identity/DocumentsList.tsx:6
all-in-one,identity,documents,list,Documents,title,payload genérico/não comprovado,apps/all-in-one/src/pages/identity/DocumentsList.tsx:6
all-in-one,identity,documents,list,Documents,status,campo físico provável,apps/all-in-one/src/pages/identity/DocumentsList.tsx:6
all-in-one,identity,documents,list,Documents,created_at,campo físico provável,apps/all-in-one/src/pages/identity/DocumentsList.tsx:6
all-in-one,identity,identity,list,Identity,name,payload genérico/não comprovado,apps/all-in-one/src/pages/identity/IdentityOverview.tsx:6
all-in-one,identity,identity,list,Identity,title,payload genérico/não comprovado,apps/all-in-one/src/pages/identity/IdentityOverview.tsx:6
all-in-one,identity,identity,list,Identity,status,payload genérico/não comprovado,apps/all-in-one/src/pages/identity/IdentityOverview.tsx:6
all-in-one,identity,identity,list,Identity,created_at,payload genérico/não comprovado,apps/all-in-one/src/pages/identity/IdentityOverview.tsx:6
all-in-one,identity,identitypermissions,list,Identity Permissões,name,payload genérico/não comprovado,apps/all-in-one/src/pages/identity/IdentityPermissions.tsx:6
all-in-one,identity,identitypermissions,list,Identity Permissões,title,payload genérico/não comprovado,apps/all-in-one/src/pages/identity/IdentityPermissions.tsx:6
all-in-one,identity,identitypermissions,list,Identity Permissões,status,payload genérico/não comprovado,apps/all-in-one/src/pages/identity/IdentityPermissions.tsx:6
all-in-one,identity,identitypermissions,list,Identity Permissões,created_at,payload genérico/não comprovado,apps/all-in-one/src/pages/identity/IdentityPermissions.tsx:6
all-in-one,identity,identityverifications,form,Identity Verifications,name,payload genérico/não comprovado,apps/all-in-one/src/pages/identity/IdentityVerificationsForm.tsx:6
all-in-one,identity,identityverifications,form,Identity Verifications,description,payload genérico/não comprovado,apps/all-in-one/src/pages/identity/IdentityVerificationsForm.tsx:6
all-in-one,identity,identityverifications,form,Identity Verifications,category,payload genérico/não comprovado,apps/all-in-one/src/pages/identity/IdentityVerificationsForm.tsx:6
all-in-one,identity,identityverifications,list,Identity Verifications,name,payload genérico/não comprovado,apps/all-in-one/src/pages/identity/IdentityVerificationsList.tsx:6
all-in-one,identity,identityverifications,list,Identity Verifications,title,payload genérico/não comprovado,apps/all-in-one/src/pages/identity/IdentityVerificationsList.tsx:6
all-in-one,identity,identityverifications,list,Identity Verifications,status,payload genérico/não comprovado,apps/all-in-one/src/pages/identity/IdentityVerificationsList.tsx:6
all-in-one,identity,identityverifications,list,Identity Verifications,created_at,payload genérico/não comprovado,apps/all-in-one/src/pages/identity/IdentityVerificationsList.tsx:6
all-in-one,identity,kybbusiness,form,Kyb Business,name,payload genérico/não comprovado,apps/all-in-one/src/pages/identity/KybBusiness.tsx:6
all-in-one,identity,kybbusiness,form,Kyb Business,description,payload genérico/não comprovado,apps/all-in-one/src/pages/identity/KybBusiness.tsx:6
all-in-one,identity,kybbusiness,form,Kyb Business,category,payload genérico/não comprovado,apps/all-in-one/src/pages/identity/KybBusiness.tsx:6
all-in-one,identity,kycverification,form,Kyc Verification,name,payload genérico/não comprovado,apps/all-in-one/src/pages/identity/KycVerification.tsx:6
all-in-one,identity,kycverification,form,Kyc Verification,description,payload genérico/não comprovado,apps/all-in-one/src/pages/identity/KycVerification.tsx:6
all-in-one,identity,kycverification,form,Kyc Verification,category,payload genérico/não comprovado,apps/all-in-one/src/pages/identity/KycVerification.tsx:6
all-in-one,identity,mfamanager,form,Mfa Manager,name,payload genérico/não comprovado,apps/all-in-one/src/pages/identity/MfaManager.tsx:6
all-in-one,identity,mfamanager,form,Mfa Manager,description,payload genérico/não comprovado,apps/all-in-one/src/pages/identity/MfaManager.tsx:6
all-in-one,identity,mfamanager,form,Mfa Manager,category,payload genérico/não comprovado,apps/all-in-one/src/pages/identity/MfaManager.tsx:6
all-in-one,identity,sessioncontrol,form,Session Control,name,payload genérico/não comprovado,apps/all-in-one/src/pages/identity/SessionControl.tsx:6
all-in-one,identity,sessioncontrol,form,Session Control,description,payload genérico/não comprovado,apps/all-in-one/src/pages/identity/SessionControl.tsx:6
all-in-one,identity,sessioncontrol,form,Session Control,category,payload genérico/não comprovado,apps/all-in-one/src/pages/identity/SessionControl.tsx:6
all-in-one,identity,sessions,form,Sessions,name,payload genérico/não comprovado,apps/all-in-one/src/pages/identity/SessionsForm.tsx:6
all-in-one,identity,sessions,form,Sessions,description,payload genérico/não comprovado,apps/all-in-one/src/pages/identity/SessionsForm.tsx:6
all-in-one,identity,sessions,form,Sessions,category,payload genérico/não comprovado,apps/all-in-one/src/pages/identity/SessionsForm.tsx:6
all-in-one,identity,sessions,list,Sessions,name,payload genérico/não comprovado,apps/all-in-one/src/pages/identity/SessionsList.tsx:6
all-in-one,identity,sessions,list,Sessions,title,payload genérico/não comprovado,apps/all-in-one/src/pages/identity/SessionsList.tsx:6
all-in-one,identity,sessions,list,Sessions,status,campo físico provável,apps/all-in-one/src/pages/identity/SessionsList.tsx:6
all-in-one,identity,sessions,list,Sessions,created_at,campo físico provável,apps/all-in-one/src/pages/identity/SessionsList.tsx:6
all-in-one,identity,users,form,Users,name,payload genérico/não comprovado,apps/all-in-one/src/pages/identity/UsersForm.tsx:6
all-in-one,identity,users,form,Users,description,payload genérico/não comprovado,apps/all-in-one/src/pages/identity/UsersForm.tsx:6
all-in-one,identity,users,form,Users,category,payload genérico/não comprovado,apps/all-in-one/src/pages/identity/UsersForm.tsx:6
all-in-one,identity,users,list,Users,name,payload genérico/não comprovado,apps/all-in-one/src/pages/identity/UsersList.tsx:6
all-in-one,identity,users,list,Users,title,payload genérico/não comprovado,apps/all-in-one/src/pages/identity/UsersList.tsx:6
all-in-one,identity,users,list,Users,status,campo físico provável,apps/all-in-one/src/pages/identity/UsersList.tsx:6
all-in-one,identity,users,list,Users,created_at,campo físico provável,apps/all-in-one/src/pages/identity/UsersList.tsx:6
all-in-one,jobs,applications,form,Applications,name,payload genérico/não comprovado,apps/all-in-one/src/pages/jobs/ApplicationsForm.tsx:6
all-in-one,jobs,applications,form,Applications,description,payload genérico/não comprovado,apps/all-in-one/src/pages/jobs/ApplicationsForm.tsx:6
all-in-one,jobs,applications,form,Applications,category,payload genérico/não comprovado,apps/all-in-one/src/pages/jobs/ApplicationsForm.tsx:6
all-in-one,jobs,applications,list,Applications,name,payload genérico/não comprovado,apps/all-in-one/src/pages/jobs/ApplicationsList.tsx:6
all-in-one,jobs,applications,list,Applications,title,payload genérico/não comprovado,apps/all-in-one/src/pages/jobs/ApplicationsList.tsx:6
all-in-one,jobs,applications,list,Applications,status,campo físico provável,apps/all-in-one/src/pages/jobs/ApplicationsList.tsx:6
all-in-one,jobs,applications,list,Applications,created_at,campo físico provável,apps/all-in-one/src/pages/jobs/ApplicationsList.tsx:6
all-in-one,jobs,candidateresume,form,Candidate Resume,name,payload genérico/não comprovado,apps/all-in-one/src/pages/jobs/CandidateResume.tsx:6
all-in-one,jobs,candidateresume,form,Candidate Resume,description,payload genérico/não comprovado,apps/all-in-one/src/pages/jobs/CandidateResume.tsx:6
all-in-one,jobs,candidateresume,form,Candidate Resume,category,payload genérico/não comprovado,apps/all-in-one/src/pages/jobs/CandidateResume.tsx:6
all-in-one,jobs,ctpsimport,form,Ctps Import,name,payload genérico/não comprovado,apps/all-in-one/src/pages/jobs/CtpsImport.tsx:6
all-in-one,jobs,ctpsimport,form,Ctps Import,description,payload genérico/não comprovado,apps/all-in-one/src/pages/jobs/CtpsImport.tsx:6
all-in-one,jobs,ctpsimport,form,Ctps Import,category,payload genérico/não comprovado,apps/all-in-one/src/pages/jobs/CtpsImport.tsx:6
all-in-one,jobs,employmentrecords,form,Employment Records,name,payload genérico/não comprovado,apps/all-in-one/src/pages/jobs/EmploymentRecordsForm.tsx:6
all-in-one,jobs,employmentrecords,form,Employment Records,description,payload genérico/não comprovado,apps/all-in-one/src/pages/jobs/EmploymentRecordsForm.tsx:6
all-in-one,jobs,employmentrecords,form,Employment Records,category,payload genérico/não comprovado,apps/all-in-one/src/pages/jobs/EmploymentRecordsForm.tsx:6
all-in-one,jobs,employmentrecords,list,Employment Records,name,payload genérico/não comprovado,apps/all-in-one/src/pages/jobs/EmploymentRecordsList.tsx:6
all-in-one,jobs,employmentrecords,list,Employment Records,title,payload genérico/não comprovado,apps/all-in-one/src/pages/jobs/EmploymentRecordsList.tsx:6
all-in-one,jobs,employmentrecords,list,Employment Records,status,payload genérico/não comprovado,apps/all-in-one/src/pages/jobs/EmploymentRecordsList.tsx:6
all-in-one,jobs,employmentrecords,list,Employment Records,created_at,payload genérico/não comprovado,apps/all-in-one/src/pages/jobs/EmploymentRecordsList.tsx:6
all-in-one,jobs,jobpostings,form,Job Postings,name,payload genérico/não comprovado,apps/all-in-one/src/pages/jobs/JobPostingsForm.tsx:6
all-in-one,jobs,jobpostings,form,Job Postings,description,payload genérico/não comprovado,apps/all-in-one/src/pages/jobs/JobPostingsForm.tsx:6
all-in-one,jobs,jobpostings,form,Job Postings,category,payload genérico/não comprovado,apps/all-in-one/src/pages/jobs/JobPostingsForm.tsx:6
all-in-one,jobs,jobpostings,list,Job Postings,name,payload genérico/não comprovado,apps/all-in-one/src/pages/jobs/JobPostingsList.tsx:6
all-in-one,jobs,jobpostings,list,Job Postings,title,payload genérico/não comprovado,apps/all-in-one/src/pages/jobs/JobPostingsList.tsx:6
all-in-one,jobs,jobpostings,list,Job Postings,status,payload genérico/não comprovado,apps/all-in-one/src/pages/jobs/JobPostingsList.tsx:6
all-in-one,jobs,jobpostings,list,Job Postings,created_at,payload genérico/não comprovado,apps/all-in-one/src/pages/jobs/JobPostingsList.tsx:6
all-in-one,jobs,jobs,list,Jobs,name,payload genérico/não comprovado,apps/all-in-one/src/pages/jobs/JobsOverview.tsx:6
all-in-one,jobs,jobs,list,Jobs,title,payload genérico/não comprovado,apps/all-in-one/src/pages/jobs/JobsOverview.tsx:6
all-in-one,jobs,jobs,list,Jobs,status,payload genérico/não comprovado,apps/all-in-one/src/pages/jobs/JobsOverview.tsx:6
all-in-one,jobs,jobs,list,Jobs,created_at,payload genérico/não comprovado,apps/all-in-one/src/pages/jobs/JobsOverview.tsx:6
all-in-one,jobs,jobspermissions,list,Jobs Permissões,name,payload genérico/não comprovado,apps/all-in-one/src/pages/jobs/JobsPermissions.tsx:6
all-in-one,jobs,jobspermissions,list,Jobs Permissões,title,payload genérico/não comprovado,apps/all-in-one/src/pages/jobs/JobsPermissions.tsx:6
all-in-one,jobs,jobspermissions,list,Jobs Permissões,status,payload genérico/não comprovado,apps/all-in-one/src/pages/jobs/JobsPermissions.tsx:6
all-in-one,jobs,jobspermissions,list,Jobs Permissões,created_at,payload genérico/não comprovado,apps/all-in-one/src/pages/jobs/JobsPermissions.tsx:6
all-in-one,jobs,recruiterresumereview,form,Recruiter Resume Review,name,payload genérico/não comprovado,apps/all-in-one/src/pages/jobs/RecruiterResumeReview.tsx:6
all-in-one,jobs,recruiterresumereview,form,Recruiter Resume Review,description,payload genérico/não comprovado,apps/all-in-one/src/pages/jobs/RecruiterResumeReview.tsx:6
all-in-one,jobs,recruiterresumereview,form,Recruiter Resume Review,category,payload genérico/não comprovado,apps/all-in-one/src/pages/jobs/RecruiterResumeReview.tsx:6
all-in-one,jobs,resumeaccesslogs,form,Resume Access Logs,name,payload genérico/não comprovado,apps/all-in-one/src/pages/jobs/ResumeAccessLogsForm.tsx:6
all-in-one,jobs,resumeaccesslogs,form,Resume Access Logs,description,payload genérico/não comprovado,apps/all-in-one/src/pages/jobs/ResumeAccessLogsForm.tsx:6
all-in-one,jobs,resumeaccesslogs,form,Resume Access Logs,category,payload genérico/não comprovado,apps/all-in-one/src/pages/jobs/ResumeAccessLogsForm.tsx:6
all-in-one,jobs,resumeaccesslogs,list,Resume Access Logs,name,payload genérico/não comprovado,apps/all-in-one/src/pages/jobs/ResumeAccessLogsList.tsx:6
all-in-one,jobs,resumeaccesslogs,list,Resume Access Logs,title,payload genérico/não comprovado,apps/all-in-one/src/pages/jobs/ResumeAccessLogsList.tsx:6
all-in-one,jobs,resumeaccesslogs,list,Resume Access Logs,status,payload genérico/não comprovado,apps/all-in-one/src/pages/jobs/ResumeAccessLogsList.tsx:6
all-in-one,jobs,resumeaccesslogs,list,Resume Access Logs,created_at,payload genérico/não comprovado,apps/all-in-one/src/pages/jobs/ResumeAccessLogsList.tsx:6
all-in-one,jobs,resumedocuments,form,Resume Documents,name,payload genérico/não comprovado,apps/all-in-one/src/pages/jobs/ResumeDocumentsForm.tsx:6
all-in-one,jobs,resumedocuments,form,Resume Documents,description,payload genérico/não comprovado,apps/all-in-one/src/pages/jobs/ResumeDocumentsForm.tsx:6
all-in-one,jobs,resumedocuments,form,Resume Documents,category,payload genérico/não comprovado,apps/all-in-one/src/pages/jobs/ResumeDocumentsForm.tsx:6
all-in-one,jobs,resumedocuments,list,Resume Documents,name,payload genérico/não comprovado,apps/all-in-one/src/pages/jobs/ResumeDocumentsList.tsx:6
all-in-one,jobs,resumedocuments,list,Resume Documents,title,payload genérico/não comprovado,apps/all-in-one/src/pages/jobs/ResumeDocumentsList.tsx:6
all-in-one,jobs,resumedocuments,list,Resume Documents,status,payload genérico/não comprovado,apps/all-in-one/src/pages/jobs/ResumeDocumentsList.tsx:6
all-in-one,jobs,resumedocuments,list,Resume Documents,created_at,payload genérico/não comprovado,apps/all-in-one/src/pages/jobs/ResumeDocumentsList.tsx:6
all-in-one,jobs,resumes,form,Resumes,name,payload genérico/não comprovado,apps/all-in-one/src/pages/jobs/ResumesForm.tsx:6
all-in-one,jobs,resumes,form,Resumes,description,payload genérico/não comprovado,apps/all-in-one/src/pages/jobs/ResumesForm.tsx:6
all-in-one,jobs,resumes,form,Resumes,category,payload genérico/não comprovado,apps/all-in-one/src/pages/jobs/ResumesForm.tsx:6
all-in-one,jobs,resumes,list,Resumes,name,payload genérico/não comprovado,apps/all-in-one/src/pages/jobs/ResumesList.tsx:6
all-in-one,jobs,resumes,list,Resumes,title,payload genérico/não comprovado,apps/all-in-one/src/pages/jobs/ResumesList.tsx:6
all-in-one,jobs,resumes,list,Resumes,status,campo físico provável,apps/all-in-one/src/pages/jobs/ResumesList.tsx:6
all-in-one,jobs,resumes,list,Resumes,created_at,campo físico provável,apps/all-in-one/src/pages/jobs/ResumesList.tsx:6
all-in-one,jobs,vacancysearch,form,Vacancy Search,name,payload genérico/não comprovado,apps/all-in-one/src/pages/jobs/VacancySearch.tsx:6
all-in-one,jobs,vacancysearch,form,Vacancy Search,description,payload genérico/não comprovado,apps/all-in-one/src/pages/jobs/VacancySearch.tsx:6
all-in-one,jobs,vacancysearch,form,Vacancy Search,category,payload genérico/não comprovado,apps/all-in-one/src/pages/jobs/VacancySearch.tsx:6
all-in-one,legal,cases,form,Cases,name,payload genérico/não comprovado,apps/all-in-one/src/pages/legal/CasesForm.tsx:6
all-in-one,legal,cases,form,Cases,description,payload genérico/não comprovado,apps/all-in-one/src/pages/legal/CasesForm.tsx:6
all-in-one,legal,cases,form,Cases,category,payload genérico/não comprovado,apps/all-in-one/src/pages/legal/CasesForm.tsx:6
all-in-one,legal,cases,list,Cases,name,payload genérico/não comprovado,apps/all-in-one/src/pages/legal/CasesList.tsx:6
all-in-one,legal,cases,list,Cases,title,payload genérico/não comprovado,apps/all-in-one/src/pages/legal/CasesList.tsx:6
all-in-one,legal,cases,list,Cases,status,campo físico provável,apps/all-in-one/src/pages/legal/CasesList.tsx:6
all-in-one,legal,cases,list,Cases,created_at,campo físico provável,apps/all-in-one/src/pages/legal/CasesList.tsx:6
all-in-one,legal,deadlines,form,Deadlines,name,payload genérico/não comprovado,apps/all-in-one/src/pages/legal/DeadlinesForm.tsx:6
all-in-one,legal,deadlines,form,Deadlines,description,payload genérico/não comprovado,apps/all-in-one/src/pages/legal/DeadlinesForm.tsx:6
all-in-one,legal,deadlines,form,Deadlines,category,payload genérico/não comprovado,apps/all-in-one/src/pages/legal/DeadlinesForm.tsx:6
all-in-one,legal,deadlines,list,Deadlines,name,payload genérico/não comprovado,apps/all-in-one/src/pages/legal/DeadlinesList.tsx:6
all-in-one,legal,deadlines,list,Deadlines,title,payload genérico/não comprovado,apps/all-in-one/src/pages/legal/DeadlinesList.tsx:6
all-in-one,legal,deadlines,list,Deadlines,status,payload genérico/não comprovado,apps/all-in-one/src/pages/legal/DeadlinesList.tsx:6
all-in-one,legal,deadlines,list,Deadlines,created_at,payload genérico/não comprovado,apps/all-in-one/src/pages/legal/DeadlinesList.tsx:6
all-in-one,legal,hearings,form,Hearings,name,payload genérico/não comprovado,apps/all-in-one/src/pages/legal/HearingsForm.tsx:6
all-in-one,legal,hearings,form,Hearings,description,payload genérico/não comprovado,apps/all-in-one/src/pages/legal/HearingsForm.tsx:6
all-in-one,legal,hearings,form,Hearings,category,payload genérico/não comprovado,apps/all-in-one/src/pages/legal/HearingsForm.tsx:6
all-in-one,legal,hearings,list,Hearings,name,payload genérico/não comprovado,apps/all-in-one/src/pages/legal/HearingsList.tsx:6
all-in-one,legal,hearings,list,Hearings,title,payload genérico/não comprovado,apps/all-in-one/src/pages/legal/HearingsList.tsx:6
all-in-one,legal,hearings,list,Hearings,status,payload genérico/não comprovado,apps/all-in-one/src/pages/legal/HearingsList.tsx:6
all-in-one,legal,hearings,list,Hearings,created_at,payload genérico/não comprovado,apps/all-in-one/src/pages/legal/HearingsList.tsx:6
all-in-one,legal,legalcontracts,form,Legal Contracts,name,payload genérico/não comprovado,apps/all-in-one/src/pages/legal/LegalContractsForm.tsx:6
all-in-one,legal,legalcontracts,form,Legal Contracts,description,payload genérico/não comprovado,apps/all-in-one/src/pages/legal/LegalContractsForm.tsx:6
all-in-one,legal,legalcontracts,form,Legal Contracts,category,payload genérico/não comprovado,apps/all-in-one/src/pages/legal/LegalContractsForm.tsx:6
all-in-one,legal,legalcontracts,list,Legal Contracts,name,payload genérico/não comprovado,apps/all-in-one/src/pages/legal/LegalContractsList.tsx:6
all-in-one,legal,legalcontracts,list,Legal Contracts,title,payload genérico/não comprovado,apps/all-in-one/src/pages/legal/LegalContractsList.tsx:6
all-in-one,legal,legalcontracts,list,Legal Contracts,status,payload genérico/não comprovado,apps/all-in-one/src/pages/legal/LegalContractsList.tsx:6
all-in-one,legal,legalcontracts,list,Legal Contracts,created_at,payload genérico/não comprovado,apps/all-in-one/src/pages/legal/LegalContractsList.tsx:6
all-in-one,legal,legal,list,Legal,name,payload genérico/não comprovado,apps/all-in-one/src/pages/legal/LegalOverview.tsx:6
all-in-one,legal,legal,list,Legal,title,payload genérico/não comprovado,apps/all-in-one/src/pages/legal/LegalOverview.tsx:6
all-in-one,legal,legal,list,Legal,status,payload genérico/não comprovado,apps/all-in-one/src/pages/legal/LegalOverview.tsx:6
all-in-one,legal,legal,list,Legal,created_at,payload genérico/não comprovado,apps/all-in-one/src/pages/legal/LegalOverview.tsx:6
all-in-one,legal,legalpermissions,list,Legal Permissões,name,payload genérico/não comprovado,apps/all-in-one/src/pages/legal/LegalPermissions.tsx:6
all-in-one,legal,legalpermissions,list,Legal Permissões,title,payload genérico/não comprovado,apps/all-in-one/src/pages/legal/LegalPermissions.tsx:6
all-in-one,legal,legalpermissions,list,Legal Permissões,status,payload genérico/não comprovado,apps/all-in-one/src/pages/legal/LegalPermissions.tsx:6
all-in-one,legal,legalpermissions,list,Legal Permissões,created_at,payload genérico/não comprovado,apps/all-in-one/src/pages/legal/LegalPermissions.tsx:6
all-in-one,marketplace,carts,form,Carts,name,payload genérico/não comprovado,apps/all-in-one/src/pages/marketplace/CartsForm.tsx:6
all-in-one,marketplace,carts,form,Carts,description,payload genérico/não comprovado,apps/all-in-one/src/pages/marketplace/CartsForm.tsx:6
all-in-one,marketplace,carts,form,Carts,category,payload genérico/não comprovado,apps/all-in-one/src/pages/marketplace/CartsForm.tsx:6
all-in-one,marketplace,carts,list,Carts,name,payload genérico/não comprovado,apps/all-in-one/src/pages/marketplace/CartsList.tsx:6
all-in-one,marketplace,carts,list,Carts,title,payload genérico/não comprovado,apps/all-in-one/src/pages/marketplace/CartsList.tsx:6
all-in-one,marketplace,carts,list,Carts,status,payload genérico/não comprovado,apps/all-in-one/src/pages/marketplace/CartsList.tsx:6
all-in-one,marketplace,carts,list,Carts,created_at,payload genérico/não comprovado,apps/all-in-one/src/pages/marketplace/CartsList.tsx:6
all-in-one,marketplace,disputes,form,Disputes,name,payload genérico/não comprovado,apps/all-in-one/src/pages/marketplace/DisputesForm.tsx:6
all-in-one,marketplace,disputes,form,Disputes,description,payload genérico/não comprovado,apps/all-in-one/src/pages/marketplace/DisputesForm.tsx:6
all-in-one,marketplace,disputes,form,Disputes,category,payload genérico/não comprovado,apps/all-in-one/src/pages/marketplace/DisputesForm.tsx:6
all-in-one,marketplace,disputes,list,Disputes,name,payload genérico/não comprovado,apps/all-in-one/src/pages/marketplace/DisputesList.tsx:6
all-in-one,marketplace,disputes,list,Disputes,title,payload genérico/não comprovado,apps/all-in-one/src/pages/marketplace/DisputesList.tsx:6
all-in-one,marketplace,disputes,list,Disputes,status,campo físico provável,apps/all-in-one/src/pages/marketplace/DisputesList.tsx:6
all-in-one,marketplace,disputes,list,Disputes,created_at,campo físico provável,apps/all-in-one/src/pages/marketplace/DisputesList.tsx:6
all-in-one,marketplace,marketplace,list,Marketplace,name,payload genérico/não comprovado,apps/all-in-one/src/pages/marketplace/MarketplaceOverview.tsx:6
all-in-one,marketplace,marketplace,list,Marketplace,title,payload genérico/não comprovado,apps/all-in-one/src/pages/marketplace/MarketplaceOverview.tsx:6
all-in-one,marketplace,marketplace,list,Marketplace,status,payload genérico/não comprovado,apps/all-in-one/src/pages/marketplace/MarketplaceOverview.tsx:6
all-in-one,marketplace,marketplace,list,Marketplace,created_at,payload genérico/não comprovado,apps/all-in-one/src/pages/marketplace/MarketplaceOverview.tsx:6
all-in-one,marketplace,marketplacepermissions,list,Marketplace Permissões,name,payload genérico/não comprovado,apps/all-in-one/src/pages/marketplace/MarketplacePermissions.tsx:6
all-in-one,marketplace,marketplacepermissions,list,Marketplace Permissões,title,payload genérico/não comprovado,apps/all-in-one/src/pages/marketplace/MarketplacePermissions.tsx:6
all-in-one,marketplace,marketplacepermissions,list,Marketplace Permissões,status,payload genérico/não comprovado,apps/all-in-one/src/pages/marketplace/MarketplacePermissions.tsx:6
all-in-one,marketplace,marketplacepermissions,list,Marketplace Permissões,created_at,payload genérico/não comprovado,apps/all-in-one/src/pages/marketplace/MarketplacePermissions.tsx:6
all-in-one,marketplace,orders,form,Orders,name,payload genérico/não comprovado,apps/all-in-one/src/pages/marketplace/OrdersForm.tsx:6
all-in-one,marketplace,orders,form,Orders,description,payload genérico/não comprovado,apps/all-in-one/src/pages/marketplace/OrdersForm.tsx:6
all-in-one,marketplace,orders,form,Orders,category,payload genérico/não comprovado,apps/all-in-one/src/pages/marketplace/OrdersForm.tsx:6
all-in-one,marketplace,orders,list,Orders,name,payload genérico/não comprovado,apps/all-in-one/src/pages/marketplace/OrdersList.tsx:6
all-in-one,marketplace,orders,list,Orders,title,payload genérico/não comprovado,apps/all-in-one/src/pages/marketplace/OrdersList.tsx:6
all-in-one,marketplace,orders,list,Orders,status,campo físico provável,apps/all-in-one/src/pages/marketplace/OrdersList.tsx:6
all-in-one,marketplace,orders,list,Orders,created_at,campo físico provável,apps/all-in-one/src/pages/marketplace/OrdersList.tsx:6
all-in-one,marketplace,pepitagrants,form,Pepita Grants,name,payload genérico/não comprovado,apps/all-in-one/src/pages/marketplace/PepitaGrantsForm.tsx:6
all-in-one,marketplace,pepitagrants,form,Pepita Grants,description,payload genérico/não comprovado,apps/all-in-one/src/pages/marketplace/PepitaGrantsForm.tsx:6
all-in-one,marketplace,pepitagrants,form,Pepita Grants,category,payload genérico/não comprovado,apps/all-in-one/src/pages/marketplace/PepitaGrantsForm.tsx:6
all-in-one,marketplace,pepitagrants,list,Pepita Grants,name,payload genérico/não comprovado,apps/all-in-one/src/pages/marketplace/PepitaGrantsList.tsx:6
all-in-one,marketplace,pepitagrants,list,Pepita Grants,title,payload genérico/não comprovado,apps/all-in-one/src/pages/marketplace/PepitaGrantsList.tsx:6
all-in-one,marketplace,pepitagrants,list,Pepita Grants,status,payload genérico/não comprovado,apps/all-in-one/src/pages/marketplace/PepitaGrantsList.tsx:6
all-in-one,marketplace,pepitagrants,list,Pepita Grants,created_at,payload genérico/não comprovado,apps/all-in-one/src/pages/marketplace/PepitaGrantsList.tsx:6
all-in-one,marketplace,products,form,Products,name,campo físico provável,apps/all-in-one/src/pages/marketplace/ProductsForm.tsx:6
all-in-one,marketplace,products,form,Products,description,payload genérico/não comprovado,apps/all-in-one/src/pages/marketplace/ProductsForm.tsx:6
all-in-one,marketplace,products,form,Products,category,payload genérico/não comprovado,apps/all-in-one/src/pages/marketplace/ProductsForm.tsx:6
all-in-one,marketplace,products,list,Products,name,campo físico provável,apps/all-in-one/src/pages/marketplace/ProductsList.tsx:6
all-in-one,marketplace,products,list,Products,title,payload genérico/não comprovado,apps/all-in-one/src/pages/marketplace/ProductsList.tsx:6
all-in-one,marketplace,products,list,Products,status,campo físico provável,apps/all-in-one/src/pages/marketplace/ProductsList.tsx:6
all-in-one,marketplace,products,list,Products,created_at,campo físico provável,apps/all-in-one/src/pages/marketplace/ProductsList.tsx:6
all-in-one,marketplace,reviews,form,Reviews,name,payload genérico/não comprovado,apps/all-in-one/src/pages/marketplace/ReviewsForm.tsx:6
all-in-one,marketplace,reviews,form,Reviews,description,payload genérico/não comprovado,apps/all-in-one/src/pages/marketplace/ReviewsForm.tsx:6
all-in-one,marketplace,reviews,form,Reviews,category,payload genérico/não comprovado,apps/all-in-one/src/pages/marketplace/ReviewsForm.tsx:6
all-in-one,marketplace,reviews,list,Reviews,name,payload genérico/não comprovado,apps/all-in-one/src/pages/marketplace/ReviewsList.tsx:6
all-in-one,marketplace,reviews,list,Reviews,title,payload genérico/não comprovado,apps/all-in-one/src/pages/marketplace/ReviewsList.tsx:6
all-in-one,marketplace,reviews,list,Reviews,status,campo físico provável,apps/all-in-one/src/pages/marketplace/ReviewsList.tsx:6
all-in-one,marketplace,reviews,list,Reviews,created_at,campo físico provável,apps/all-in-one/src/pages/marketplace/ReviewsList.tsx:6
all-in-one,marketplace,stores,form,Stores,name,campo físico provável,apps/all-in-one/src/pages/marketplace/StoresForm.tsx:6
all-in-one,marketplace,stores,form,Stores,description,payload genérico/não comprovado,apps/all-in-one/src/pages/marketplace/StoresForm.tsx:6
all-in-one,marketplace,stores,form,Stores,category,payload genérico/não comprovado,apps/all-in-one/src/pages/marketplace/StoresForm.tsx:6
all-in-one,marketplace,stores,list,Stores,name,campo físico provável,apps/all-in-one/src/pages/marketplace/StoresList.tsx:6
all-in-one,marketplace,stores,list,Stores,title,payload genérico/não comprovado,apps/all-in-one/src/pages/marketplace/StoresList.tsx:6
all-in-one,marketplace,stores,list,Stores,status,campo físico provável,apps/all-in-one/src/pages/marketplace/StoresList.tsx:6
all-in-one,marketplace,stores,list,Stores,created_at,campo físico provável,apps/all-in-one/src/pages/marketplace/StoresList.tsx:6
all-in-one,mobility,farerules,form,Fare Rules,name,payload genérico/não comprovado,apps/all-in-one/src/pages/mobility/FareRulesForm.tsx:6
all-in-one,mobility,farerules,form,Fare Rules,description,payload genérico/não comprovado,apps/all-in-one/src/pages/mobility/FareRulesForm.tsx:6
all-in-one,mobility,farerules,form,Fare Rules,category,payload genérico/não comprovado,apps/all-in-one/src/pages/mobility/FareRulesForm.tsx:6
all-in-one,mobility,farerules,list,Fare Rules,name,payload genérico/não comprovado,apps/all-in-one/src/pages/mobility/FareRulesList.tsx:6
all-in-one,mobility,farerules,list,Fare Rules,title,payload genérico/não comprovado,apps/all-in-one/src/pages/mobility/FareRulesList.tsx:6
all-in-one,mobility,farerules,list,Fare Rules,status,payload genérico/não comprovado,apps/all-in-one/src/pages/mobility/FareRulesList.tsx:6
all-in-one,mobility,farerules,list,Fare Rules,created_at,payload genérico/não comprovado,apps/all-in-one/src/pages/mobility/FareRulesList.tsx:6
all-in-one,mobility,mobility,list,Mobility,name,payload genérico/não comprovado,apps/all-in-one/src/pages/mobility/MobilityOverview.tsx:6
all-in-one,mobility,mobility,list,Mobility,title,payload genérico/não comprovado,apps/all-in-one/src/pages/mobility/MobilityOverview.tsx:6
all-in-one,mobility,mobility,list,Mobility,status,payload genérico/não comprovado,apps/all-in-one/src/pages/mobility/MobilityOverview.tsx:6
all-in-one,mobility,mobility,list,Mobility,created_at,payload genérico/não comprovado,apps/all-in-one/src/pages/mobility/MobilityOverview.tsx:6
all-in-one,mobility,mobilitypermissions,list,Mobility Permissões,name,payload genérico/não comprovado,apps/all-in-one/src/pages/mobility/MobilityPermissions.tsx:6
all-in-one,mobility,mobilitypermissions,list,Mobility Permissões,title,payload genérico/não comprovado,apps/all-in-one/src/pages/mobility/MobilityPermissions.tsx:6
all-in-one,mobility,mobilitypermissions,list,Mobility Permissões,status,payload genérico/não comprovado,apps/all-in-one/src/pages/mobility/MobilityPermissions.tsx:6
all-in-one,mobility,mobilitypermissions,list,Mobility Permissões,created_at,payload genérico/não comprovado,apps/all-in-one/src/pages/mobility/MobilityPermissions.tsx:6
all-in-one,mobility,rides,form,Rides,name,payload genérico/não comprovado,apps/all-in-one/src/pages/mobility/RidesForm.tsx:6
all-in-one,mobility,rides,form,Rides,description,payload genérico/não comprovado,apps/all-in-one/src/pages/mobility/RidesForm.tsx:6
all-in-one,mobility,rides,form,Rides,category,payload genérico/não comprovado,apps/all-in-one/src/pages/mobility/RidesForm.tsx:6
all-in-one,mobility,rides,list,Rides,name,payload genérico/não comprovado,apps/all-in-one/src/pages/mobility/RidesList.tsx:6
all-in-one,mobility,rides,list,Rides,title,payload genérico/não comprovado,apps/all-in-one/src/pages/mobility/RidesList.tsx:6
all-in-one,mobility,rides,list,Rides,status,campo físico provável,apps/all-in-one/src/pages/mobility/RidesList.tsx:6
all-in-one,mobility,rides,list,Rides,created_at,campo físico provável,apps/all-in-one/src/pages/mobility/RidesList.tsx:6
all-in-one,mobility,routes,form,Routes,name,payload genérico/não comprovado,apps/all-in-one/src/pages/mobility/RoutesForm.tsx:6
all-in-one,mobility,routes,form,Routes,description,payload genérico/não comprovado,apps/all-in-one/src/pages/mobility/RoutesForm.tsx:6
all-in-one,mobility,routes,form,Routes,category,payload genérico/não comprovado,apps/all-in-one/src/pages/mobility/RoutesForm.tsx:6
all-in-one,mobility,routes,list,Routes,name,payload genérico/não comprovado,apps/all-in-one/src/pages/mobility/RoutesList.tsx:6
all-in-one,mobility,routes,list,Routes,title,payload genérico/não comprovado,apps/all-in-one/src/pages/mobility/RoutesList.tsx:6
all-in-one,mobility,routes,list,Routes,status,payload genérico/não comprovado,apps/all-in-one/src/pages/mobility/RoutesList.tsx:6
all-in-one,mobility,routes,list,Routes,created_at,payload genérico/não comprovado,apps/all-in-one/src/pages/mobility/RoutesList.tsx:6
all-in-one,mobility,stops,form,Stops,name,payload genérico/não comprovado,apps/all-in-one/src/pages/mobility/StopsForm.tsx:6
all-in-one,mobility,stops,form,Stops,description,payload genérico/não comprovado,apps/all-in-one/src/pages/mobility/StopsForm.tsx:6
all-in-one,mobility,stops,form,Stops,category,payload genérico/não comprovado,apps/all-in-one/src/pages/mobility/StopsForm.tsx:6
all-in-one,mobility,stops,list,Stops,name,payload genérico/não comprovado,apps/all-in-one/src/pages/mobility/StopsList.tsx:6
all-in-one,mobility,stops,list,Stops,title,payload genérico/não comprovado,apps/all-in-one/src/pages/mobility/StopsList.tsx:6
all-in-one,mobility,stops,list,Stops,status,payload genérico/não comprovado,apps/all-in-one/src/pages/mobility/StopsList.tsx:6
all-in-one,mobility,stops,list,Stops,created_at,payload genérico/não comprovado,apps/all-in-one/src/pages/mobility/StopsList.tsx:6
all-in-one,mobility,tickets,form,Tickets,name,payload genérico/não comprovado,apps/all-in-one/src/pages/mobility/TicketsForm.tsx:6
all-in-one,mobility,tickets,form,Tickets,description,payload genérico/não comprovado,apps/all-in-one/src/pages/mobility/TicketsForm.tsx:6
all-in-one,mobility,tickets,form,Tickets,category,payload genérico/não comprovado,apps/all-in-one/src/pages/mobility/TicketsForm.tsx:6
all-in-one,mobility,tickets,list,Tickets,name,payload genérico/não comprovado,apps/all-in-one/src/pages/mobility/TicketsList.tsx:6
all-in-one,mobility,tickets,list,Tickets,title,payload genérico/não comprovado,apps/all-in-one/src/pages/mobility/TicketsList.tsx:6
all-in-one,mobility,tickets,list,Tickets,status,campo físico provável,apps/all-in-one/src/pages/mobility/TicketsList.tsx:6
all-in-one,mobility,tickets,list,Tickets,created_at,campo físico provável,apps/all-in-one/src/pages/mobility/TicketsList.tsx:6
all-in-one,permissions,accesspolicies,form,Access Policies,name,payload genérico/não comprovado,apps/all-in-one/src/pages/permissions/AccessPoliciesForm.tsx:6
all-in-one,permissions,accesspolicies,form,Access Policies,description,payload genérico/não comprovado,apps/all-in-one/src/pages/permissions/AccessPoliciesForm.tsx:6
all-in-one,permissions,accesspolicies,form,Access Policies,category,payload genérico/não comprovado,apps/all-in-one/src/pages/permissions/AccessPoliciesForm.tsx:6
all-in-one,permissions,accesspolicies,list,Access Policies,name,payload genérico/não comprovado,apps/all-in-one/src/pages/permissions/AccessPoliciesList.tsx:6
all-in-one,permissions,accesspolicies,list,Access Policies,title,payload genérico/não comprovado,apps/all-in-one/src/pages/permissions/AccessPoliciesList.tsx:6
all-in-one,permissions,accesspolicies,list,Access Policies,status,payload genérico/não comprovado,apps/all-in-one/src/pages/permissions/AccessPoliciesList.tsx:6
all-in-one,permissions,accesspolicies,list,Access Policies,created_at,payload genérico/não comprovado,apps/all-in-one/src/pages/permissions/AccessPoliciesList.tsx:6
all-in-one,permissions,approvallimits,form,Approval Limits,name,payload genérico/não comprovado,apps/all-in-one/src/pages/permissions/ApprovalLimitsForm.tsx:6
all-in-one,permissions,approvallimits,form,Approval Limits,description,payload genérico/não comprovado,apps/all-in-one/src/pages/permissions/ApprovalLimitsForm.tsx:6
all-in-one,permissions,approvallimits,form,Approval Limits,category,payload genérico/não comprovado,apps/all-in-one/src/pages/permissions/ApprovalLimitsForm.tsx:6
all-in-one,permissions,approvallimits,list,Approval Limits,name,payload genérico/não comprovado,apps/all-in-one/src/pages/permissions/ApprovalLimitsList.tsx:6
all-in-one,permissions,approvallimits,list,Approval Limits,title,payload genérico/não comprovado,apps/all-in-one/src/pages/permissions/ApprovalLimitsList.tsx:6
all-in-one,permissions,approvallimits,list,Approval Limits,status,payload genérico/não comprovado,apps/all-in-one/src/pages/permissions/ApprovalLimitsList.tsx:6
all-in-one,permissions,approvallimits,list,Approval Limits,created_at,payload genérico/não comprovado,apps/all-in-one/src/pages/permissions/ApprovalLimitsList.tsx:6
all-in-one,permissions,permissions,list,Permissões,name,payload genérico/não comprovado,apps/all-in-one/src/pages/permissions/PermissionsForm.tsx:6
all-in-one,permissions,permissions,list,Permissões,title,payload genérico/não comprovado,apps/all-in-one/src/pages/permissions/PermissionsForm.tsx:6
all-in-one,permissions,permissions,list,Permissões,status,campo físico provável,apps/all-in-one/src/pages/permissions/PermissionsForm.tsx:6
all-in-one,permissions,permissions,list,Permissões,created_at,campo físico provável,apps/all-in-one/src/pages/permissions/PermissionsForm.tsx:6
all-in-one,permissions,permissions,list,Permissões,name,payload genérico/não comprovado,apps/all-in-one/src/pages/permissions/PermissionsList.tsx:6
all-in-one,permissions,permissions,list,Permissões,title,payload genérico/não comprovado,apps/all-in-one/src/pages/permissions/PermissionsList.tsx:6
all-in-one,permissions,permissions,list,Permissões,status,campo físico provável,apps/all-in-one/src/pages/permissions/PermissionsList.tsx:6
all-in-one,permissions,permissions,list,Permissões,created_at,campo físico provável,apps/all-in-one/src/pages/permissions/PermissionsList.tsx:6
all-in-one,permissions,permissions,list,Permissões,name,payload genérico/não comprovado,apps/all-in-one/src/pages/permissions/PermissionsOverview.tsx:6
all-in-one,permissions,permissions,list,Permissões,title,payload genérico/não comprovado,apps/all-in-one/src/pages/permissions/PermissionsOverview.tsx:6
all-in-one,permissions,permissions,list,Permissões,status,campo físico provável,apps/all-in-one/src/pages/permissions/PermissionsOverview.tsx:6
all-in-one,permissions,permissions,list,Permissões,created_at,campo físico provável,apps/all-in-one/src/pages/permissions/PermissionsOverview.tsx:6
all-in-one,permissions,permissionspermissions,list,Permissões Permissões,name,payload genérico/não comprovado,apps/all-in-one/src/pages/permissions/PermissionsPermissions.tsx:6
all-in-one,permissions,permissionspermissions,list,Permissões Permissões,title,payload genérico/não comprovado,apps/all-in-one/src/pages/permissions/PermissionsPermissions.tsx:6
all-in-one,permissions,permissionspermissions,list,Permissões Permissões,status,payload genérico/não comprovado,apps/all-in-one/src/pages/permissions/PermissionsPermissions.tsx:6
all-in-one,permissions,permissionspermissions,list,Permissões Permissões,created_at,payload genérico/não comprovado,apps/all-in-one/src/pages/permissions/PermissionsPermissions.tsx:6
all-in-one,permissions,roles,form,Roles,name,campo físico provável,apps/all-in-one/src/pages/permissions/RolesForm.tsx:6
all-in-one,permissions,roles,form,Roles,description,payload genérico/não comprovado,apps/all-in-one/src/pages/permissions/RolesForm.tsx:6
all-in-one,permissions,roles,form,Roles,category,payload genérico/não comprovado,apps/all-in-one/src/pages/permissions/RolesForm.tsx:6
all-in-one,permissions,roles,list,Roles,name,campo físico provável,apps/all-in-one/src/pages/permissions/RolesList.tsx:6
all-in-one,permissions,roles,list,Roles,title,payload genérico/não comprovado,apps/all-in-one/src/pages/permissions/RolesList.tsx:6
all-in-one,permissions,roles,list,Roles,status,campo físico provável,apps/all-in-one/src/pages/permissions/RolesList.tsx:6
all-in-one,permissions,roles,list,Roles,created_at,campo físico provável,apps/all-in-one/src/pages/permissions/RolesList.tsx:6
all-in-one,permissions,userroles,form,User Roles,name,payload genérico/não comprovado,apps/all-in-one/src/pages/permissions/UserRolesForm.tsx:6
all-in-one,permissions,userroles,form,User Roles,description,payload genérico/não comprovado,apps/all-in-one/src/pages/permissions/UserRolesForm.tsx:6
all-in-one,permissions,userroles,form,User Roles,category,payload genérico/não comprovado,apps/all-in-one/src/pages/permissions/UserRolesForm.tsx:6
all-in-one,permissions,userroles,list,User Roles,name,payload genérico/não comprovado,apps/all-in-one/src/pages/permissions/UserRolesList.tsx:6
all-in-one,permissions,userroles,list,User Roles,title,payload genérico/não comprovado,apps/all-in-one/src/pages/permissions/UserRolesList.tsx:6
all-in-one,permissions,userroles,list,User Roles,status,payload genérico/não comprovado,apps/all-in-one/src/pages/permissions/UserRolesList.tsx:6
all-in-one,permissions,userroles,list,User Roles,created_at,payload genérico/não comprovado,apps/all-in-one/src/pages/permissions/UserRolesList.tsx:6
all-in-one,property,assemblies,form,Assemblies,name,payload genérico/não comprovado,apps/all-in-one/src/pages/property/AssembliesForm.tsx:6
all-in-one,property,assemblies,form,Assemblies,description,payload genérico/não comprovado,apps/all-in-one/src/pages/property/AssembliesForm.tsx:6
all-in-one,property,assemblies,form,Assemblies,category,payload genérico/não comprovado,apps/all-in-one/src/pages/property/AssembliesForm.tsx:6
all-in-one,property,assemblies,list,Assemblies,name,payload genérico/não comprovado,apps/all-in-one/src/pages/property/AssembliesList.tsx:6
all-in-one,property,assemblies,list,Assemblies,title,payload genérico/não comprovado,apps/all-in-one/src/pages/property/AssembliesList.tsx:6
all-in-one,property,assemblies,list,Assemblies,status,payload genérico/não comprovado,apps/all-in-one/src/pages/property/AssembliesList.tsx:6
all-in-one,property,assemblies,list,Assemblies,created_at,payload genérico/não comprovado,apps/all-in-one/src/pages/property/AssembliesList.tsx:6
all-in-one,property,leases,form,Leases,name,payload genérico/não comprovado,apps/all-in-one/src/pages/property/LeasesForm.tsx:6
all-in-one,property,leases,form,Leases,description,payload genérico/não comprovado,apps/all-in-one/src/pages/property/LeasesForm.tsx:6
all-in-one,property,leases,form,Leases,category,payload genérico/não comprovado,apps/all-in-one/src/pages/property/LeasesForm.tsx:6
all-in-one,property,leases,list,Leases,name,payload genérico/não comprovado,apps/all-in-one/src/pages/property/LeasesList.tsx:6
all-in-one,property,leases,list,Leases,title,payload genérico/não comprovado,apps/all-in-one/src/pages/property/LeasesList.tsx:6
all-in-one,property,leases,list,Leases,status,payload genérico/não comprovado,apps/all-in-one/src/pages/property/LeasesList.tsx:6
all-in-one,property,leases,list,Leases,created_at,payload genérico/não comprovado,apps/all-in-one/src/pages/property/LeasesList.tsx:6
all-in-one,property,maintenanceorders,form,Maintenance Orders,name,payload genérico/não comprovado,apps/all-in-one/src/pages/property/MaintenanceOrdersForm.tsx:6
all-in-one,property,maintenanceorders,form,Maintenance Orders,description,payload genérico/não comprovado,apps/all-in-one/src/pages/property/MaintenanceOrdersForm.tsx:6
all-in-one,property,maintenanceorders,form,Maintenance Orders,category,payload genérico/não comprovado,apps/all-in-one/src/pages/property/MaintenanceOrdersForm.tsx:6
all-in-one,property,maintenanceorders,list,Maintenance Orders,name,payload genérico/não comprovado,apps/all-in-one/src/pages/property/MaintenanceOrdersList.tsx:6
all-in-one,property,maintenanceorders,list,Maintenance Orders,title,payload genérico/não comprovado,apps/all-in-one/src/pages/property/MaintenanceOrdersList.tsx:6
all-in-one,property,maintenanceorders,list,Maintenance Orders,status,payload genérico/não comprovado,apps/all-in-one/src/pages/property/MaintenanceOrdersList.tsx:6
all-in-one,property,maintenanceorders,list,Maintenance Orders,created_at,payload genérico/não comprovado,apps/all-in-one/src/pages/property/MaintenanceOrdersList.tsx:6
all-in-one,property,properties,form,Properties,name,payload genérico/não comprovado,apps/all-in-one/src/pages/property/PropertiesForm.tsx:6
all-in-one,property,properties,form,Properties,description,payload genérico/não comprovado,apps/all-in-one/src/pages/property/PropertiesForm.tsx:6
all-in-one,property,properties,form,Properties,category,payload genérico/não comprovado,apps/all-in-one/src/pages/property/PropertiesForm.tsx:6
all-in-one,property,properties,list,Properties,name,payload genérico/não comprovado,apps/all-in-one/src/pages/property/PropertiesList.tsx:6
all-in-one,property,properties,list,Properties,title,payload genérico/não comprovado,apps/all-in-one/src/pages/property/PropertiesList.tsx:6
all-in-one,property,properties,list,Properties,status,campo físico provável,apps/all-in-one/src/pages/property/PropertiesList.tsx:6
all-in-one,property,properties,list,Properties,created_at,campo físico provável,apps/all-in-one/src/pages/property/PropertiesList.tsx:6
all-in-one,property,property,list,Property,name,payload genérico/não comprovado,apps/all-in-one/src/pages/property/PropertyOverview.tsx:6
all-in-one,property,property,list,Property,title,payload genérico/não comprovado,apps/all-in-one/src/pages/property/PropertyOverview.tsx:6
all-in-one,property,property,list,Property,status,payload genérico/não comprovado,apps/all-in-one/src/pages/property/PropertyOverview.tsx:6
all-in-one,property,property,list,Property,created_at,payload genérico/não comprovado,apps/all-in-one/src/pages/property/PropertyOverview.tsx:6
all-in-one,property,propertypermissions,list,Property Permissões,name,payload genérico/não comprovado,apps/all-in-one/src/pages/property/PropertyPermissions.tsx:6
all-in-one,property,propertypermissions,list,Property Permissões,title,payload genérico/não comprovado,apps/all-in-one/src/pages/property/PropertyPermissions.tsx:6
all-in-one,property,propertypermissions,list,Property Permissões,status,payload genérico/não comprovado,apps/all-in-one/src/pages/property/PropertyPermissions.tsx:6
all-in-one,property,propertypermissions,list,Property Permissões,created_at,payload genérico/não comprovado,apps/all-in-one/src/pages/property/PropertyPermissions.tsx:6
all-in-one,property,units,form,Units,name,payload genérico/não comprovado,apps/all-in-one/src/pages/property/UnitsForm.tsx:6
all-in-one,property,units,form,Units,description,payload genérico/não comprovado,apps/all-in-one/src/pages/property/UnitsForm.tsx:6
all-in-one,property,units,form,Units,category,payload genérico/não comprovado,apps/all-in-one/src/pages/property/UnitsForm.tsx:6
all-in-one,property,units,list,Units,name,payload genérico/não comprovado,apps/all-in-one/src/pages/property/UnitsList.tsx:6
all-in-one,property,units,list,Units,title,payload genérico/não comprovado,apps/all-in-one/src/pages/property/UnitsList.tsx:6
all-in-one,property,units,list,Units,status,payload genérico/não comprovado,apps/all-in-one/src/pages/property/UnitsList.tsx:6
all-in-one,property,units,list,Units,created_at,payload genérico/não comprovado,apps/all-in-one/src/pages/property/UnitsList.tsx:6
all-in-one,riders,riderdocuments,form,Rider Documents,name,payload genérico/não comprovado,apps/all-in-one/src/pages/riders/RiderDocumentsForm.tsx:6
all-in-one,riders,riderdocuments,form,Rider Documents,description,payload genérico/não comprovado,apps/all-in-one/src/pages/riders/RiderDocumentsForm.tsx:6
all-in-one,riders,riderdocuments,form,Rider Documents,category,payload genérico/não comprovado,apps/all-in-one/src/pages/riders/RiderDocumentsForm.tsx:6
all-in-one,riders,riderdocuments,list,Rider Documents,name,payload genérico/não comprovado,apps/all-in-one/src/pages/riders/RiderDocumentsList.tsx:6
all-in-one,riders,riderdocuments,list,Rider Documents,title,payload genérico/não comprovado,apps/all-in-one/src/pages/riders/RiderDocumentsList.tsx:6
all-in-one,riders,riderdocuments,list,Rider Documents,status,payload genérico/não comprovado,apps/all-in-one/src/pages/riders/RiderDocumentsList.tsx:6
all-in-one,riders,riderdocuments,list,Rider Documents,created_at,payload genérico/não comprovado,apps/all-in-one/src/pages/riders/RiderDocumentsList.tsx:6
all-in-one,riders,riderprofiles,form,Rider Profiles,name,payload genérico/não comprovado,apps/all-in-one/src/pages/riders/RiderProfilesForm.tsx:6
all-in-one,riders,riderprofiles,form,Rider Profiles,description,payload genérico/não comprovado,apps/all-in-one/src/pages/riders/RiderProfilesForm.tsx:6
all-in-one,riders,riderprofiles,form,Rider Profiles,category,payload genérico/não comprovado,apps/all-in-one/src/pages/riders/RiderProfilesForm.tsx:6
all-in-one,riders,riderprofiles,list,Rider Profiles,name,payload genérico/não comprovado,apps/all-in-one/src/pages/riders/RiderProfilesList.tsx:6
all-in-one,riders,riderprofiles,list,Rider Profiles,title,payload genérico/não comprovado,apps/all-in-one/src/pages/riders/RiderProfilesList.tsx:6
all-in-one,riders,riderprofiles,list,Rider Profiles,status,payload genérico/não comprovado,apps/all-in-one/src/pages/riders/RiderProfilesList.tsx:6
all-in-one,riders,riderprofiles,list,Rider Profiles,created_at,payload genérico/não comprovado,apps/all-in-one/src/pages/riders/RiderProfilesList.tsx:6
all-in-one,riders,riderreviews,form,Rider Reviews,name,payload genérico/não comprovado,apps/all-in-one/src/pages/riders/RiderReviewsForm.tsx:6
all-in-one,riders,riderreviews,form,Rider Reviews,description,payload genérico/não comprovado,apps/all-in-one/src/pages/riders/RiderReviewsForm.tsx:6
all-in-one,riders,riderreviews,form,Rider Reviews,category,payload genérico/não comprovado,apps/all-in-one/src/pages/riders/RiderReviewsForm.tsx:6
all-in-one,riders,riderreviews,list,Rider Reviews,name,payload genérico/não comprovado,apps/all-in-one/src/pages/riders/RiderReviewsList.tsx:6
all-in-one,riders,riderreviews,list,Rider Reviews,title,payload genérico/não comprovado,apps/all-in-one/src/pages/riders/RiderReviewsList.tsx:6
all-in-one,riders,riderreviews,list,Rider Reviews,status,payload genérico/não comprovado,apps/all-in-one/src/pages/riders/RiderReviewsList.tsx:6
all-in-one,riders,riderreviews,list,Rider Reviews,created_at,payload genérico/não comprovado,apps/all-in-one/src/pages/riders/RiderReviewsList.tsx:6
all-in-one,riders,riders,list,Riders,name,payload genérico/não comprovado,apps/all-in-one/src/pages/riders/RidersOverview.tsx:6
all-in-one,riders,riders,list,Riders,title,payload genérico/não comprovado,apps/all-in-one/src/pages/riders/RidersOverview.tsx:6
all-in-one,riders,riders,list,Riders,status,payload genérico/não comprovado,apps/all-in-one/src/pages/riders/RidersOverview.tsx:6
all-in-one,riders,riders,list,Riders,created_at,payload genérico/não comprovado,apps/all-in-one/src/pages/riders/RidersOverview.tsx:6
all-in-one,riders,riderspermissions,list,Riders Permissões,name,payload genérico/não comprovado,apps/all-in-one/src/pages/riders/RidersPermissions.tsx:6
all-in-one,riders,riderspermissions,list,Riders Permissões,title,payload genérico/não comprovado,apps/all-in-one/src/pages/riders/RidersPermissions.tsx:6
all-in-one,riders,riderspermissions,list,Riders Permissões,status,payload genérico/não comprovado,apps/all-in-one/src/pages/riders/RidersPermissions.tsx:6
all-in-one,riders,riderspermissions,list,Riders Permissões,created_at,payload genérico/não comprovado,apps/all-in-one/src/pages/riders/RidersPermissions.tsx:6
all-in-one,riders,vehicles,form,Vehicles,name,payload genérico/não comprovado,apps/all-in-one/src/pages/riders/VehiclesForm.tsx:6
all-in-one,riders,vehicles,form,Vehicles,description,payload genérico/não comprovado,apps/all-in-one/src/pages/riders/VehiclesForm.tsx:6
all-in-one,riders,vehicles,form,Vehicles,category,payload genérico/não comprovado,apps/all-in-one/src/pages/riders/VehiclesForm.tsx:6
all-in-one,riders,vehicles,list,Vehicles,name,payload genérico/não comprovado,apps/all-in-one/src/pages/riders/VehiclesList.tsx:6
all-in-one,riders,vehicles,list,Vehicles,title,payload genérico/não comprovado,apps/all-in-one/src/pages/riders/VehiclesList.tsx:6
all-in-one,riders,vehicles,list,Vehicles,status,payload genérico/não comprovado,apps/all-in-one/src/pages/riders/VehiclesList.tsx:6
all-in-one,riders,vehicles,list,Vehicles,created_at,payload genérico/não comprovado,apps/all-in-one/src/pages/riders/VehiclesList.tsx:6
all-in-one,services,evidence,form,Evidence,name,payload genérico/não comprovado,apps/all-in-one/src/pages/services/EvidenceForm.tsx:6
all-in-one,services,evidence,form,Evidence,description,payload genérico/não comprovado,apps/all-in-one/src/pages/services/EvidenceForm.tsx:6
all-in-one,services,evidence,form,Evidence,category,payload genérico/não comprovado,apps/all-in-one/src/pages/services/EvidenceForm.tsx:6
all-in-one,services,evidence,list,Evidence,name,payload genérico/não comprovado,apps/all-in-one/src/pages/services/EvidenceList.tsx:6
all-in-one,services,evidence,list,Evidence,title,payload genérico/não comprovado,apps/all-in-one/src/pages/services/EvidenceList.tsx:6
all-in-one,services,evidence,list,Evidence,status,payload genérico/não comprovado,apps/all-in-one/src/pages/services/EvidenceList.tsx:6
all-in-one,services,evidence,list,Evidence,created_at,payload genérico/não comprovado,apps/all-in-one/src/pages/services/EvidenceList.tsx:6
all-in-one,services,providers,form,Providers,name,payload genérico/não comprovado,apps/all-in-one/src/pages/services/ProvidersForm.tsx:6
all-in-one,services,providers,form,Providers,description,payload genérico/não comprovado,apps/all-in-one/src/pages/services/ProvidersForm.tsx:6
all-in-one,services,providers,form,Providers,category,campo físico provável,apps/all-in-one/src/pages/services/ProvidersForm.tsx:6
all-in-one,services,providers,list,Providers,name,payload genérico/não comprovado,apps/all-in-one/src/pages/services/ProvidersList.tsx:6
all-in-one,services,providers,list,Providers,title,payload genérico/não comprovado,apps/all-in-one/src/pages/services/ProvidersList.tsx:6
all-in-one,services,providers,list,Providers,status,campo físico provável,apps/all-in-one/src/pages/services/ProvidersList.tsx:6
all-in-one,services,providers,list,Providers,created_at,campo físico provável,apps/all-in-one/src/pages/services/ProvidersList.tsx:6
all-in-one,services,quotes,form,Quotes,name,payload genérico/não comprovado,apps/all-in-one/src/pages/services/QuotesForm.tsx:6
all-in-one,services,quotes,form,Quotes,description,payload genérico/não comprovado,apps/all-in-one/src/pages/services/QuotesForm.tsx:6
all-in-one,services,quotes,form,Quotes,category,payload genérico/não comprovado,apps/all-in-one/src/pages/services/QuotesForm.tsx:6
all-in-one,services,quotes,list,Quotes,name,payload genérico/não comprovado,apps/all-in-one/src/pages/services/QuotesList.tsx:6
all-in-one,services,quotes,list,Quotes,title,payload genérico/não comprovado,apps/all-in-one/src/pages/services/QuotesList.tsx:6
all-in-one,services,quotes,list,Quotes,status,payload genérico/não comprovado,apps/all-in-one/src/pages/services/QuotesList.tsx:6
all-in-one,services,quotes,list,Quotes,created_at,payload genérico/não comprovado,apps/all-in-one/src/pages/services/QuotesList.tsx:6
all-in-one,services,servicecontracts,form,Service Contracts,name,payload genérico/não comprovado,apps/all-in-one/src/pages/services/ServiceContractsForm.tsx:6
all-in-one,services,servicecontracts,form,Service Contracts,description,payload genérico/não comprovado,apps/all-in-one/src/pages/services/ServiceContractsForm.tsx:6
all-in-one,services,servicecontracts,form,Service Contracts,category,payload genérico/não comprovado,apps/all-in-one/src/pages/services/ServiceContractsForm.tsx:6
all-in-one,services,servicecontracts,list,Service Contracts,name,payload genérico/não comprovado,apps/all-in-one/src/pages/services/ServiceContractsList.tsx:6
all-in-one,services,servicecontracts,list,Service Contracts,title,payload genérico/não comprovado,apps/all-in-one/src/pages/services/ServiceContractsList.tsx:6
all-in-one,services,servicecontracts,list,Service Contracts,status,payload genérico/não comprovado,apps/all-in-one/src/pages/services/ServiceContractsList.tsx:6
all-in-one,services,servicecontracts,list,Service Contracts,created_at,payload genérico/não comprovado,apps/all-in-one/src/pages/services/ServiceContractsList.tsx:6
all-in-one,services,services,list,Services,name,payload genérico/não comprovado,apps/all-in-one/src/pages/services/ServicesOverview.tsx:6
all-in-one,services,services,list,Services,title,payload genérico/não comprovado,apps/all-in-one/src/pages/services/ServicesOverview.tsx:6
all-in-one,services,services,list,Services,status,payload genérico/não comprovado,apps/all-in-one/src/pages/services/ServicesOverview.tsx:6
all-in-one,services,services,list,Services,created_at,payload genérico/não comprovado,apps/all-in-one/src/pages/services/ServicesOverview.tsx:6
all-in-one,services,servicespermissions,list,Services Permissões,name,payload genérico/não comprovado,apps/all-in-one/src/pages/services/ServicesPermissions.tsx:6
all-in-one,services,servicespermissions,list,Services Permissões,title,payload genérico/não comprovado,apps/all-in-one/src/pages/services/ServicesPermissions.tsx:6
all-in-one,services,servicespermissions,list,Services Permissões,status,payload genérico/não comprovado,apps/all-in-one/src/pages/services/ServicesPermissions.tsx:6
all-in-one,services,servicespermissions,list,Services Permissões,created_at,payload genérico/não comprovado,apps/all-in-one/src/pages/services/ServicesPermissions.tsx:6
all-in-one,services,visits,form,Visits,name,payload genérico/não comprovado,apps/all-in-one/src/pages/services/VisitsForm.tsx:6
all-in-one,services,visits,form,Visits,description,payload genérico/não comprovado,apps/all-in-one/src/pages/services/VisitsForm.tsx:6
all-in-one,services,visits,form,Visits,category,payload genérico/não comprovado,apps/all-in-one/src/pages/services/VisitsForm.tsx:6
all-in-one,services,visits,list,Visits,name,payload genérico/não comprovado,apps/all-in-one/src/pages/services/VisitsList.tsx:6
all-in-one,services,visits,list,Visits,title,payload genérico/não comprovado,apps/all-in-one/src/pages/services/VisitsList.tsx:6
all-in-one,services,visits,list,Visits,status,payload genérico/não comprovado,apps/all-in-one/src/pages/services/VisitsList.tsx:6
all-in-one,services,visits,list,Visits,created_at,payload genérico/não comprovado,apps/all-in-one/src/pages/services/VisitsList.tsx:6
all-in-one,stock,catalogproducts,form,Catalog Products,name,payload genérico/não comprovado,apps/all-in-one/src/pages/stock/CatalogProductsForm.tsx:6
all-in-one,stock,catalogproducts,form,Catalog Products,description,payload genérico/não comprovado,apps/all-in-one/src/pages/stock/CatalogProductsForm.tsx:6
all-in-one,stock,catalogproducts,form,Catalog Products,category,payload genérico/não comprovado,apps/all-in-one/src/pages/stock/CatalogProductsForm.tsx:6
all-in-one,stock,catalogproducts,list,Catalog Products,name,payload genérico/não comprovado,apps/all-in-one/src/pages/stock/CatalogProductsList.tsx:6
all-in-one,stock,catalogproducts,list,Catalog Products,title,payload genérico/não comprovado,apps/all-in-one/src/pages/stock/CatalogProductsList.tsx:6
all-in-one,stock,catalogproducts,list,Catalog Products,status,payload genérico/não comprovado,apps/all-in-one/src/pages/stock/CatalogProductsList.tsx:6
all-in-one,stock,catalogproducts,list,Catalog Products,created_at,payload genérico/não comprovado,apps/all-in-one/src/pages/stock/CatalogProductsList.tsx:6
all-in-one,stock,discountquotes,form,Discount Quotes,name,payload genérico/não comprovado,apps/all-in-one/src/pages/stock/DiscountQuotesForm.tsx:6
all-in-one,stock,discountquotes,form,Discount Quotes,description,payload genérico/não comprovado,apps/all-in-one/src/pages/stock/DiscountQuotesForm.tsx:6
all-in-one,stock,discountquotes,form,Discount Quotes,category,payload genérico/não comprovado,apps/all-in-one/src/pages/stock/DiscountQuotesForm.tsx:6
all-in-one,stock,discountquotes,list,Discount Quotes,name,payload genérico/não comprovado,apps/all-in-one/src/pages/stock/DiscountQuotesList.tsx:6
all-in-one,stock,discountquotes,list,Discount Quotes,title,payload genérico/não comprovado,apps/all-in-one/src/pages/stock/DiscountQuotesList.tsx:6
all-in-one,stock,discountquotes,list,Discount Quotes,status,payload genérico/não comprovado,apps/all-in-one/src/pages/stock/DiscountQuotesList.tsx:6
all-in-one,stock,discountquotes,list,Discount Quotes,created_at,payload genérico/não comprovado,apps/all-in-one/src/pages/stock/DiscountQuotesList.tsx:6
all-in-one,stock,pricerules,form,Price Rules,name,payload genérico/não comprovado,apps/all-in-one/src/pages/stock/PriceRulesForm.tsx:6
all-in-one,stock,pricerules,form,Price Rules,description,payload genérico/não comprovado,apps/all-in-one/src/pages/stock/PriceRulesForm.tsx:6
all-in-one,stock,pricerules,form,Price Rules,category,payload genérico/não comprovado,apps/all-in-one/src/pages/stock/PriceRulesForm.tsx:6
all-in-one,stock,pricerules,list,Price Rules,name,payload genérico/não comprovado,apps/all-in-one/src/pages/stock/PriceRulesList.tsx:6
all-in-one,stock,pricerules,list,Price Rules,title,payload genérico/não comprovado,apps/all-in-one/src/pages/stock/PriceRulesList.tsx:6
all-in-one,stock,pricerules,list,Price Rules,status,payload genérico/não comprovado,apps/all-in-one/src/pages/stock/PriceRulesList.tsx:6
all-in-one,stock,pricerules,list,Price Rules,created_at,payload genérico/não comprovado,apps/all-in-one/src/pages/stock/PriceRulesList.tsx:6
all-in-one,stock,stock,list,Stock,name,payload genérico/não comprovado,apps/all-in-one/src/pages/stock/StockOverview.tsx:6
all-in-one,stock,stock,list,Stock,title,payload genérico/não comprovado,apps/all-in-one/src/pages/stock/StockOverview.tsx:6
all-in-one,stock,stock,list,Stock,status,payload genérico/não comprovado,apps/all-in-one/src/pages/stock/StockOverview.tsx:6
all-in-one,stock,stock,list,Stock,created_at,payload genérico/não comprovado,apps/all-in-one/src/pages/stock/StockOverview.tsx:6
all-in-one,stock,stockpermissions,list,Stock Permissões,name,payload genérico/não comprovado,apps/all-in-one/src/pages/stock/StockPermissions.tsx:6
all-in-one,stock,stockpermissions,list,Stock Permissões,title,payload genérico/não comprovado,apps/all-in-one/src/pages/stock/StockPermissions.tsx:6
all-in-one,stock,stockpermissions,list,Stock Permissões,status,payload genérico/não comprovado,apps/all-in-one/src/pages/stock/StockPermissions.tsx:6
all-in-one,stock,stockpermissions,list,Stock Permissões,created_at,payload genérico/não comprovado,apps/all-in-one/src/pages/stock/StockPermissions.tsx:6
all-in-one,stock,supplierorders,form,Supplier Orders,name,payload genérico/não comprovado,apps/all-in-one/src/pages/stock/SupplierOrdersForm.tsx:6
all-in-one,stock,supplierorders,form,Supplier Orders,description,payload genérico/não comprovado,apps/all-in-one/src/pages/stock/SupplierOrdersForm.tsx:6
all-in-one,stock,supplierorders,form,Supplier Orders,category,payload genérico/não comprovado,apps/all-in-one/src/pages/stock/SupplierOrdersForm.tsx:6
all-in-one,stock,supplierorders,list,Supplier Orders,name,payload genérico/não comprovado,apps/all-in-one/src/pages/stock/SupplierOrdersList.tsx:6
all-in-one,stock,supplierorders,list,Supplier Orders,title,payload genérico/não comprovado,apps/all-in-one/src/pages/stock/SupplierOrdersList.tsx:6
all-in-one,stock,supplierorders,list,Supplier Orders,status,payload genérico/não comprovado,apps/all-in-one/src/pages/stock/SupplierOrdersList.tsx:6
all-in-one,stock,supplierorders,list,Supplier Orders,created_at,payload genérico/não comprovado,apps/all-in-one/src/pages/stock/SupplierOrdersList.tsx:6
all-in-one,stock,suppliers,form,Suppliers,name,payload genérico/não comprovado,apps/all-in-one/src/pages/stock/SuppliersForm.tsx:6
all-in-one,stock,suppliers,form,Suppliers,description,payload genérico/não comprovado,apps/all-in-one/src/pages/stock/SuppliersForm.tsx:6
all-in-one,stock,suppliers,form,Suppliers,category,payload genérico/não comprovado,apps/all-in-one/src/pages/stock/SuppliersForm.tsx:6
all-in-one,stock,suppliers,list,Suppliers,name,payload genérico/não comprovado,apps/all-in-one/src/pages/stock/SuppliersList.tsx:6
all-in-one,stock,suppliers,list,Suppliers,title,payload genérico/não comprovado,apps/all-in-one/src/pages/stock/SuppliersList.tsx:6
all-in-one,stock,suppliers,list,Suppliers,status,campo físico provável,apps/all-in-one/src/pages/stock/SuppliersList.tsx:6
all-in-one,stock,suppliers,list,Suppliers,created_at,campo físico provável,apps/all-in-one/src/pages/stock/SuppliersList.tsx:6
all-in-one,tms,carriers,form,Carriers,name,payload genérico/não comprovado,apps/all-in-one/src/pages/tms/CarriersForm.tsx:6
all-in-one,tms,carriers,form,Carriers,description,payload genérico/não comprovado,apps/all-in-one/src/pages/tms/CarriersForm.tsx:6
all-in-one,tms,carriers,form,Carriers,category,payload genérico/não comprovado,apps/all-in-one/src/pages/tms/CarriersForm.tsx:6
all-in-one,tms,carriers,list,Carriers,name,payload genérico/não comprovado,apps/all-in-one/src/pages/tms/CarriersList.tsx:6
all-in-one,tms,carriers,list,Carriers,title,payload genérico/não comprovado,apps/all-in-one/src/pages/tms/CarriersList.tsx:6
all-in-one,tms,carriers,list,Carriers,status,payload genérico/não comprovado,apps/all-in-one/src/pages/tms/CarriersList.tsx:6
all-in-one,tms,carriers,list,Carriers,created_at,payload genérico/não comprovado,apps/all-in-one/src/pages/tms/CarriersList.tsx:6
all-in-one,tms,freightaudits,form,Freight Audits,name,payload genérico/não comprovado,apps/all-in-one/src/pages/tms/FreightAuditsForm.tsx:6
all-in-one,tms,freightaudits,form,Freight Audits,description,payload genérico/não comprovado,apps/all-in-one/src/pages/tms/FreightAuditsForm.tsx:6
all-in-one,tms,freightaudits,form,Freight Audits,category,payload genérico/não comprovado,apps/all-in-one/src/pages/tms/FreightAuditsForm.tsx:6
all-in-one,tms,freightaudits,list,Freight Audits,name,payload genérico/não comprovado,apps/all-in-one/src/pages/tms/FreightAuditsList.tsx:6
all-in-one,tms,freightaudits,list,Freight Audits,title,payload genérico/não comprovado,apps/all-in-one/src/pages/tms/FreightAuditsList.tsx:6
all-in-one,tms,freightaudits,list,Freight Audits,status,payload genérico/não comprovado,apps/all-in-one/src/pages/tms/FreightAuditsList.tsx:6
all-in-one,tms,freightaudits,list,Freight Audits,created_at,payload genérico/não comprovado,apps/all-in-one/src/pages/tms/FreightAuditsList.tsx:6
all-in-one,tms,freights,form,Freights,name,payload genérico/não comprovado,apps/all-in-one/src/pages/tms/FreightsForm.tsx:6
all-in-one,tms,freights,form,Freights,description,payload genérico/não comprovado,apps/all-in-one/src/pages/tms/FreightsForm.tsx:6
all-in-one,tms,freights,form,Freights,category,payload genérico/não comprovado,apps/all-in-one/src/pages/tms/FreightsForm.tsx:6
all-in-one,tms,freights,list,Freights,name,payload genérico/não comprovado,apps/all-in-one/src/pages/tms/FreightsList.tsx:6
all-in-one,tms,freights,list,Freights,title,payload genérico/não comprovado,apps/all-in-one/src/pages/tms/FreightsList.tsx:6
all-in-one,tms,freights,list,Freights,status,campo físico provável,apps/all-in-one/src/pages/tms/FreightsList.tsx:6
all-in-one,tms,freights,list,Freights,created_at,campo físico provável,apps/all-in-one/src/pages/tms/FreightsList.tsx:6
all-in-one,tms,proofsofdelivery,form,Proofs Of Delivery,name,payload genérico/não comprovado,apps/all-in-one/src/pages/tms/ProofsOfDeliveryForm.tsx:6
all-in-one,tms,proofsofdelivery,form,Proofs Of Delivery,description,payload genérico/não comprovado,apps/all-in-one/src/pages/tms/ProofsOfDeliveryForm.tsx:6
all-in-one,tms,proofsofdelivery,form,Proofs Of Delivery,category,payload genérico/não comprovado,apps/all-in-one/src/pages/tms/ProofsOfDeliveryForm.tsx:6
all-in-one,tms,proofsofdelivery,list,Proofs Of Delivery,name,payload genérico/não comprovado,apps/all-in-one/src/pages/tms/ProofsOfDeliveryList.tsx:6
all-in-one,tms,proofsofdelivery,list,Proofs Of Delivery,title,payload genérico/não comprovado,apps/all-in-one/src/pages/tms/ProofsOfDeliveryList.tsx:6
all-in-one,tms,proofsofdelivery,list,Proofs Of Delivery,status,payload genérico/não comprovado,apps/all-in-one/src/pages/tms/ProofsOfDeliveryList.tsx:6
all-in-one,tms,proofsofdelivery,list,Proofs Of Delivery,created_at,payload genérico/não comprovado,apps/all-in-one/src/pages/tms/ProofsOfDeliveryList.tsx:6
all-in-one,tms,routes,form,Routes,name,payload genérico/não comprovado,apps/all-in-one/src/pages/tms/RoutesForm.tsx:6
all-in-one,tms,routes,form,Routes,description,payload genérico/não comprovado,apps/all-in-one/src/pages/tms/RoutesForm.tsx:6
all-in-one,tms,routes,form,Routes,category,payload genérico/não comprovado,apps/all-in-one/src/pages/tms/RoutesForm.tsx:6
all-in-one,tms,routes,list,Routes,name,payload genérico/não comprovado,apps/all-in-one/src/pages/tms/RoutesList.tsx:6
all-in-one,tms,routes,list,Routes,title,payload genérico/não comprovado,apps/all-in-one/src/pages/tms/RoutesList.tsx:6
all-in-one,tms,routes,list,Routes,status,payload genérico/não comprovado,apps/all-in-one/src/pages/tms/RoutesList.tsx:6
all-in-one,tms,routes,list,Routes,created_at,payload genérico/não comprovado,apps/all-in-one/src/pages/tms/RoutesList.tsx:6
all-in-one,tms,tms,list,Tms,name,payload genérico/não comprovado,apps/all-in-one/src/pages/tms/TmsOverview.tsx:6
all-in-one,tms,tms,list,Tms,title,payload genérico/não comprovado,apps/all-in-one/src/pages/tms/TmsOverview.tsx:6
all-in-one,tms,tms,list,Tms,status,payload genérico/não comprovado,apps/all-in-one/src/pages/tms/TmsOverview.tsx:6
all-in-one,tms,tms,list,Tms,created_at,payload genérico/não comprovado,apps/all-in-one/src/pages/tms/TmsOverview.tsx:6
all-in-one,tms,tmspermissions,list,Tms Permissões,name,payload genérico/não comprovado,apps/all-in-one/src/pages/tms/TmsPermissions.tsx:6
all-in-one,tms,tmspermissions,list,Tms Permissões,title,payload genérico/não comprovado,apps/all-in-one/src/pages/tms/TmsPermissions.tsx:6
all-in-one,tms,tmspermissions,list,Tms Permissões,status,payload genérico/não comprovado,apps/all-in-one/src/pages/tms/TmsPermissions.tsx:6
all-in-one,tms,tmspermissions,list,Tms Permissões,created_at,payload genérico/não comprovado,apps/all-in-one/src/pages/tms/TmsPermissions.tsx:6
all-in-one,vision,devices,form,Devices,name,payload genérico/não comprovado,apps/all-in-one/src/pages/vision/DevicesForm.tsx:6
all-in-one,vision,devices,form,Devices,description,payload genérico/não comprovado,apps/all-in-one/src/pages/vision/DevicesForm.tsx:6
all-in-one,vision,devices,form,Devices,category,payload genérico/não comprovado,apps/all-in-one/src/pages/vision/DevicesForm.tsx:6
all-in-one,vision,devices,list,Devices,name,payload genérico/não comprovado,apps/all-in-one/src/pages/vision/DevicesList.tsx:6
all-in-one,vision,devices,list,Devices,title,payload genérico/não comprovado,apps/all-in-one/src/pages/vision/DevicesList.tsx:6
all-in-one,vision,devices,list,Devices,status,campo físico provável,apps/all-in-one/src/pages/vision/DevicesList.tsx:6
all-in-one,vision,devices,list,Devices,created_at,campo físico provável,apps/all-in-one/src/pages/vision/DevicesList.tsx:6
all-in-one,vision,motionalerts,form,Motion Alerts,name,payload genérico/não comprovado,apps/all-in-one/src/pages/vision/MotionAlertsForm.tsx:6
all-in-one,vision,motionalerts,form,Motion Alerts,description,payload genérico/não comprovado,apps/all-in-one/src/pages/vision/MotionAlertsForm.tsx:6
all-in-one,vision,motionalerts,form,Motion Alerts,category,payload genérico/não comprovado,apps/all-in-one/src/pages/vision/MotionAlertsForm.tsx:6
all-in-one,vision,motionalerts,list,Motion Alerts,name,payload genérico/não comprovado,apps/all-in-one/src/pages/vision/MotionAlertsList.tsx:6
all-in-one,vision,motionalerts,list,Motion Alerts,title,payload genérico/não comprovado,apps/all-in-one/src/pages/vision/MotionAlertsList.tsx:6
all-in-one,vision,motionalerts,list,Motion Alerts,status,payload genérico/não comprovado,apps/all-in-one/src/pages/vision/MotionAlertsList.tsx:6
all-in-one,vision,motionalerts,list,Motion Alerts,created_at,payload genérico/não comprovado,apps/all-in-one/src/pages/vision/MotionAlertsList.tsx:6
all-in-one,vision,recordings,form,Recordings,name,payload genérico/não comprovado,apps/all-in-one/src/pages/vision/RecordingsForm.tsx:6
all-in-one,vision,recordings,form,Recordings,description,payload genérico/não comprovado,apps/all-in-one/src/pages/vision/RecordingsForm.tsx:6
all-in-one,vision,recordings,form,Recordings,category,payload genérico/não comprovado,apps/all-in-one/src/pages/vision/RecordingsForm.tsx:6
all-in-one,vision,recordings,list,Recordings,name,payload genérico/não comprovado,apps/all-in-one/src/pages/vision/RecordingsList.tsx:6
all-in-one,vision,recordings,list,Recordings,title,payload genérico/não comprovado,apps/all-in-one/src/pages/vision/RecordingsList.tsx:6
all-in-one,vision,recordings,list,Recordings,status,payload genérico/não comprovado,apps/all-in-one/src/pages/vision/RecordingsList.tsx:6
all-in-one,vision,recordings,list,Recordings,created_at,payload genérico/não comprovado,apps/all-in-one/src/pages/vision/RecordingsList.tsx:6
all-in-one,vision,streams,form,Streams,name,payload genérico/não comprovado,apps/all-in-one/src/pages/vision/StreamsForm.tsx:6
all-in-one,vision,streams,form,Streams,description,payload genérico/não comprovado,apps/all-in-one/src/pages/vision/StreamsForm.tsx:6
all-in-one,vision,streams,form,Streams,category,payload genérico/não comprovado,apps/all-in-one/src/pages/vision/StreamsForm.tsx:6
all-in-one,vision,streams,list,Streams,name,payload genérico/não comprovado,apps/all-in-one/src/pages/vision/StreamsList.tsx:6
all-in-one,vision,streams,list,Streams,title,payload genérico/não comprovado,apps/all-in-one/src/pages/vision/StreamsList.tsx:6
all-in-one,vision,streams,list,Streams,status,payload genérico/não comprovado,apps/all-in-one/src/pages/vision/StreamsList.tsx:6
all-in-one,vision,streams,list,Streams,created_at,payload genérico/não comprovado,apps/all-in-one/src/pages/vision/StreamsList.tsx:6
all-in-one,vision,vision,list,Vision,name,payload genérico/não comprovado,apps/all-in-one/src/pages/vision/VisionOverview.tsx:6
all-in-one,vision,vision,list,Vision,title,payload genérico/não comprovado,apps/all-in-one/src/pages/vision/VisionOverview.tsx:6
all-in-one,vision,vision,list,Vision,status,payload genérico/não comprovado,apps/all-in-one/src/pages/vision/VisionOverview.tsx:6
all-in-one,vision,vision,list,Vision,created_at,payload genérico/não comprovado,apps/all-in-one/src/pages/vision/VisionOverview.tsx:6
all-in-one,vision,visionpermissions,list,Vision Permissões,name,payload genérico/não comprovado,apps/all-in-one/src/pages/vision/VisionPermissions.tsx:6
all-in-one,vision,visionpermissions,list,Vision Permissões,title,payload genérico/não comprovado,apps/all-in-one/src/pages/vision/VisionPermissions.tsx:6
all-in-one,vision,visionpermissions,list,Vision Permissões,status,payload genérico/não comprovado,apps/all-in-one/src/pages/vision/VisionPermissions.tsx:6
all-in-one,vision,visionpermissions,list,Vision Permissões,created_at,payload genérico/não comprovado,apps/all-in-one/src/pages/vision/VisionPermissions.tsx:6
all-in-one,wms,bins,form,Bins,name,payload genérico/não comprovado,apps/all-in-one/src/pages/wms/BinsForm.tsx:6
all-in-one,wms,bins,form,Bins,description,payload genérico/não comprovado,apps/all-in-one/src/pages/wms/BinsForm.tsx:6
all-in-one,wms,bins,form,Bins,category,payload genérico/não comprovado,apps/all-in-one/src/pages/wms/BinsForm.tsx:6
all-in-one,wms,bins,list,Bins,name,payload genérico/não comprovado,apps/all-in-one/src/pages/wms/BinsList.tsx:6
all-in-one,wms,bins,list,Bins,title,payload genérico/não comprovado,apps/all-in-one/src/pages/wms/BinsList.tsx:6
all-in-one,wms,bins,list,Bins,status,payload genérico/não comprovado,apps/all-in-one/src/pages/wms/BinsList.tsx:6
all-in-one,wms,bins,list,Bins,created_at,payload genérico/não comprovado,apps/all-in-one/src/pages/wms/BinsList.tsx:6
all-in-one,wms,inventory,form,Inventory,name,payload genérico/não comprovado,apps/all-in-one/src/pages/wms/InventoryForm.tsx:6
all-in-one,wms,inventory,form,Inventory,description,payload genérico/não comprovado,apps/all-in-one/src/pages/wms/InventoryForm.tsx:6
all-in-one,wms,inventory,form,Inventory,category,payload genérico/não comprovado,apps/all-in-one/src/pages/wms/InventoryForm.tsx:6
all-in-one,wms,inventory,list,Inventory,name,payload genérico/não comprovado,apps/all-in-one/src/pages/wms/InventoryList.tsx:6
all-in-one,wms,inventory,list,Inventory,title,payload genérico/não comprovado,apps/all-in-one/src/pages/wms/InventoryList.tsx:6
all-in-one,wms,inventory,list,Inventory,status,campo físico provável,apps/all-in-one/src/pages/wms/InventoryList.tsx:6
all-in-one,wms,inventory,list,Inventory,created_at,campo físico provável,apps/all-in-one/src/pages/wms/InventoryList.tsx:6
all-in-one,wms,pickingwaves,form,Picking Waves,name,payload genérico/não comprovado,apps/all-in-one/src/pages/wms/PickingWavesForm.tsx:6
all-in-one,wms,pickingwaves,form,Picking Waves,description,payload genérico/não comprovado,apps/all-in-one/src/pages/wms/PickingWavesForm.tsx:6
all-in-one,wms,pickingwaves,form,Picking Waves,category,payload genérico/não comprovado,apps/all-in-one/src/pages/wms/PickingWavesForm.tsx:6
all-in-one,wms,pickingwaves,list,Picking Waves,name,payload genérico/não comprovado,apps/all-in-one/src/pages/wms/PickingWavesList.tsx:6
all-in-one,wms,pickingwaves,list,Picking Waves,title,payload genérico/não comprovado,apps/all-in-one/src/pages/wms/PickingWavesList.tsx:6
all-in-one,wms,pickingwaves,list,Picking Waves,status,payload genérico/não comprovado,apps/all-in-one/src/pages/wms/PickingWavesList.tsx:6
all-in-one,wms,pickingwaves,list,Picking Waves,created_at,payload genérico/não comprovado,apps/all-in-one/src/pages/wms/PickingWavesList.tsx:6
all-in-one,wms,shipments,form,Shipments,name,payload genérico/não comprovado,apps/all-in-one/src/pages/wms/ShipmentsForm.tsx:6
all-in-one,wms,shipments,form,Shipments,description,payload genérico/não comprovado,apps/all-in-one/src/pages/wms/ShipmentsForm.tsx:6
all-in-one,wms,shipments,form,Shipments,category,payload genérico/não comprovado,apps/all-in-one/src/pages/wms/ShipmentsForm.tsx:6
all-in-one,wms,shipments,list,Shipments,name,payload genérico/não comprovado,apps/all-in-one/src/pages/wms/ShipmentsList.tsx:6
all-in-one,wms,shipments,list,Shipments,title,payload genérico/não comprovado,apps/all-in-one/src/pages/wms/ShipmentsList.tsx:6
all-in-one,wms,shipments,list,Shipments,status,payload genérico/não comprovado,apps/all-in-one/src/pages/wms/ShipmentsList.tsx:6
all-in-one,wms,shipments,list,Shipments,created_at,payload genérico/não comprovado,apps/all-in-one/src/pages/wms/ShipmentsList.tsx:6
all-in-one,wms,warehouses,form,Warehouses,name,campo físico provável,apps/all-in-one/src/pages/wms/WarehousesForm.tsx:6
all-in-one,wms,warehouses,form,Warehouses,description,payload genérico/não comprovado,apps/all-in-one/src/pages/wms/WarehousesForm.tsx:6
all-in-one,wms,warehouses,form,Warehouses,category,payload genérico/não comprovado,apps/all-in-one/src/pages/wms/WarehousesForm.tsx:6
all-in-one,wms,warehouses,list,Warehouses,name,campo físico provável,apps/all-in-one/src/pages/wms/WarehousesList.tsx:6
all-in-one,wms,warehouses,list,Warehouses,title,payload genérico/não comprovado,apps/all-in-one/src/pages/wms/WarehousesList.tsx:6
all-in-one,wms,warehouses,list,Warehouses,status,campo físico provável,apps/all-in-one/src/pages/wms/WarehousesList.tsx:6
all-in-one,wms,warehouses,list,Warehouses,created_at,campo físico provável,apps/all-in-one/src/pages/wms/WarehousesList.tsx:6
all-in-one,wms,wms,list,Wms,name,payload genérico/não comprovado,apps/all-in-one/src/pages/wms/WmsOverview.tsx:6
all-in-one,wms,wms,list,Wms,title,payload genérico/não comprovado,apps/all-in-one/src/pages/wms/WmsOverview.tsx:6
all-in-one,wms,wms,list,Wms,status,payload genérico/não comprovado,apps/all-in-one/src/pages/wms/WmsOverview.tsx:6
all-in-one,wms,wms,list,Wms,created_at,payload genérico/não comprovado,apps/all-in-one/src/pages/wms/WmsOverview.tsx:6
all-in-one,wms,wmspermissions,list,Wms Permissões,name,payload genérico/não comprovado,apps/all-in-one/src/pages/wms/WmsPermissions.tsx:6
all-in-one,wms,wmspermissions,list,Wms Permissões,title,payload genérico/não comprovado,apps/all-in-one/src/pages/wms/WmsPermissions.tsx:6
all-in-one,wms,wmspermissions,list,Wms Permissões,status,payload genérico/não comprovado,apps/all-in-one/src/pages/wms/WmsPermissions.tsx:6
all-in-one,wms,wmspermissions,list,Wms Permissões,created_at,payload genérico/não comprovado,apps/all-in-one/src/pages/wms/WmsPermissions.tsx:6
