module,entity,operation,method,endpoint,authentication,role_enforcement,ownership_enforcement,tenant_enforcement,mfa_enforcement,sensitive_resource,audit_enforcement,idempotency,enforcement_status,test_evidence,evidence
identity,users,create,POST,/resources/users,actor_from_headers obrigatório,papel sensível somente para leitura de terceiro sensível; demais CRUDs usam owner/operator,owner_or_operator,não genérico; regras especiais por domínio quando implementadas,permissions em recursos configurados; não genérico nos demais CRUDs,True,store.create gera audit/event,X-Idempotency-Key somente transacionais,parcial_estatico,tests/test_permissions_enforcement_matrix.py:238,modules/shared/runtime.py:520
identity,users,list,GET,/resources/users,actor_from_headers obrigatório,papel sensível somente para leitura de terceiro sensível; demais CRUDs usam owner/operator,lista do actor; user_id de terceiro exige APPROVER_ROLES,não genérico; regras especiais por domínio quando implementadas,permissions em recursos configurados; não genérico nos demais CRUDs,True,leitura não auditada genericamente,não aplicável,parcial_estatico,,modules/shared/runtime.py:530
identity,users,read,GET,/resources/users/{resource_id},actor_from_headers obrigatório,papel sensível somente para leitura de terceiro sensível; demais CRUDs usam owner/operator,owner_or_operator antes da exposição,não genérico; regras especiais por domínio quando implementadas,permissions em recursos configurados; não genérico nos demais CRUDs,True,leitura não auditada genericamente,não aplicável,parcial_estatico,tests/test_permissions_enforcement_matrix.py:252,modules/shared/runtime.py:543
identity,users,update,PATCH,/resources/users/{resource_id},actor_from_headers obrigatório,papel sensível somente para leitura de terceiro sensível; demais CRUDs usam owner/operator,owner_or_operator,não genérico; regras especiais por domínio quando implementadas,permissions em recursos configurados; não genérico nos demais CRUDs,True,store.update gera audit,não exigida genericamente,parcial_estatico,,modules/shared/runtime.py:565
identity,users,delete,DELETE,/resources/users/{resource_id},actor_from_headers obrigatório,papel sensível somente para leitura de terceiro sensível; demais CRUDs usam owner/operator,owner_or_operator; sensíveis/imutáveis bloqueados,não genérico; regras especiais por domínio quando implementadas,permissions em recursos configurados; não genérico nos demais CRUDs,True,soft_delete gera audit,não aplicável,parcial_estatico,,modules/shared/runtime.py:586
identity,documents,create,POST,/resources/documents,actor_from_headers obrigatório,papel sensível somente para leitura de terceiro sensível; demais CRUDs usam owner/operator,owner_or_operator,não genérico; regras especiais por domínio quando implementadas,permissions em recursos configurados; não genérico nos demais CRUDs,True,store.create gera audit/event,X-Idempotency-Key somente transacionais,parcial_estatico,tests/test_document_domain.py:39,modules/shared/runtime.py:520
identity,documents,list,GET,/resources/documents,actor_from_headers obrigatório,papel sensível somente para leitura de terceiro sensível; demais CRUDs usam owner/operator,lista do actor; user_id de terceiro exige APPROVER_ROLES,não genérico; regras especiais por domínio quando implementadas,permissions em recursos configurados; não genérico nos demais CRUDs,True,leitura não auditada genericamente,não aplicável,parcial_estatico,,modules/shared/runtime.py:530
identity,documents,read,GET,/resources/documents/{resource_id},actor_from_headers obrigatório,papel sensível somente para leitura de terceiro sensível; demais CRUDs usam owner/operator,owner_or_operator antes da exposição,não genérico; regras especiais por domínio quando implementadas,permissions em recursos configurados; não genérico nos demais CRUDs,True,leitura não auditada genericamente,não aplicável,parcial_estatico,,modules/shared/runtime.py:543
identity,documents,update,PATCH,/resources/documents/{resource_id},actor_from_headers obrigatório,papel sensível somente para leitura de terceiro sensível; demais CRUDs usam owner/operator,owner_or_operator,não genérico; regras especiais por domínio quando implementadas,permissions em recursos configurados; não genérico nos demais CRUDs,True,store.update gera audit,não exigida genericamente,parcial_estatico,,modules/shared/runtime.py:565
identity,documents,delete,DELETE,/resources/documents/{resource_id},actor_from_headers obrigatório,papel sensível somente para leitura de terceiro sensível; demais CRUDs usam owner/operator,owner_or_operator; sensíveis/imutáveis bloqueados,não genérico; regras especiais por domínio quando implementadas,permissions em recursos configurados; não genérico nos demais CRUDs,True,soft_delete gera audit,não aplicável,parcial_estatico,,modules/shared/runtime.py:586
identity,biometrics,create,POST,/resources/biometrics,actor_from_headers obrigatório,papel sensível somente para leitura de terceiro sensível; demais CRUDs usam owner/operator,owner_or_operator,não genérico; regras especiais por domínio quando implementadas,permissions em recursos configurados; não genérico nos demais CRUDs,True,store.create gera audit/event,X-Idempotency-Key somente transacionais,parcial_estatico,,modules/shared/runtime.py:520
identity,biometrics,list,GET,/resources/biometrics,actor_from_headers obrigatório,papel sensível somente para leitura de terceiro sensível; demais CRUDs usam owner/operator,lista do actor; user_id de terceiro exige APPROVER_ROLES,não genérico; regras especiais por domínio quando implementadas,permissions em recursos configurados; não genérico nos demais CRUDs,True,leitura não auditada genericamente,não aplicável,parcial_estatico,,modules/shared/runtime.py:530
identity,biometrics,read,GET,/resources/biometrics/{resource_id},actor_from_headers obrigatório,papel sensível somente para leitura de terceiro sensível; demais CRUDs usam owner/operator,owner_or_operator antes da exposição,não genérico; regras especiais por domínio quando implementadas,permissions em recursos configurados; não genérico nos demais CRUDs,True,leitura não auditada genericamente,não aplicável,parcial_estatico,,modules/shared/runtime.py:543
identity,biometrics,update,PATCH,/resources/biometrics/{resource_id},actor_from_headers obrigatório,papel sensível somente para leitura de terceiro sensível; demais CRUDs usam owner/operator,owner_or_operator,não genérico; regras especiais por domínio quando implementadas,permissions em recursos configurados; não genérico nos demais CRUDs,True,store.update gera audit,não exigida genericamente,parcial_estatico,,modules/shared/runtime.py:565
identity,biometrics,delete,DELETE,/resources/biometrics/{resource_id},actor_from_headers obrigatório,papel sensível somente para leitura de terceiro sensível; demais CRUDs usam owner/operator,owner_or_operator; sensíveis/imutáveis bloqueados,não genérico; regras especiais por domínio quando implementadas,permissions em recursos configurados; não genérico nos demais CRUDs,True,soft_delete gera audit,não aplicável,parcial_estatico,,modules/shared/runtime.py:586
identity,sessions,create,POST,/resources/sessions,actor_from_headers obrigatório,papel sensível somente para leitura de terceiro sensível; demais CRUDs usam owner/operator,owner_or_operator,não genérico; regras especiais por domínio quando implementadas,permissions em recursos configurados; não genérico nos demais CRUDs,True,store.create gera audit/event,X-Idempotency-Key somente transacionais,parcial_estatico,,modules/shared/runtime.py:520
identity,sessions,list,GET,/resources/sessions,actor_from_headers obrigatório,papel sensível somente para leitura de terceiro sensível; demais CRUDs usam owner/operator,lista do actor; user_id de terceiro exige APPROVER_ROLES,não genérico; regras especiais por domínio quando implementadas,permissions em recursos configurados; não genérico nos demais CRUDs,True,leitura não auditada genericamente,não aplicável,parcial_estatico,tests/test_identity_session_security.py:52,modules/shared/runtime.py:530
identity,sessions,read,GET,/resources/sessions/{resource_id},actor_from_headers obrigatório,papel sensível somente para leitura de terceiro sensível; demais CRUDs usam owner/operator,owner_or_operator antes da exposição,não genérico; regras especiais por domínio quando implementadas,permissions em recursos configurados; não genérico nos demais CRUDs,True,leitura não auditada genericamente,não aplicável,parcial_estatico,,modules/shared/runtime.py:543
identity,sessions,update,PATCH,/resources/sessions/{resource_id},actor_from_headers obrigatório,papel sensível somente para leitura de terceiro sensível; demais CRUDs usam owner/operator,owner_or_operator,não genérico; regras especiais por domínio quando implementadas,permissions em recursos configurados; não genérico nos demais CRUDs,True,store.update gera audit,não exigida genericamente,parcial_estatico,,modules/shared/runtime.py:565
identity,sessions,delete,DELETE,/resources/sessions/{resource_id},actor_from_headers obrigatório,papel sensível somente para leitura de terceiro sensível; demais CRUDs usam owner/operator,owner_or_operator; sensíveis/imutáveis bloqueados,não genérico; regras especiais por domínio quando implementadas,permissions em recursos configurados; não genérico nos demais CRUDs,True,soft_delete gera audit,não aplicável,parcial_estatico,,modules/shared/runtime.py:586
identity,identity_verifications,create,POST,/resources/identity_verifications,actor_from_headers obrigatório,papel sensível somente para leitura de terceiro sensível; demais CRUDs usam owner/operator,owner_or_operator,não genérico; regras especiais por domínio quando implementadas,permissions em recursos configurados; não genérico nos demais CRUDs,True,store.create gera audit/event,X-Idempotency-Key somente transacionais,parcial_estatico,,modules/shared/runtime.py:520
identity,identity_verifications,list,GET,/resources/identity_verifications,actor_from_headers obrigatório,papel sensível somente para leitura de terceiro sensível; demais CRUDs usam owner/operator,lista do actor; user_id de terceiro exige APPROVER_ROLES,não genérico; regras especiais por domínio quando implementadas,permissions em recursos configurados; não genérico nos demais CRUDs,True,leitura não auditada genericamente,não aplicável,parcial_estatico,tests/test_identity_session_security.py:135,modules/shared/runtime.py:530
identity,identity_verifications,read,GET,/resources/identity_verifications/{resource_id},actor_from_headers obrigatório,papel sensível somente para leitura de terceiro sensível; demais CRUDs usam owner/operator,owner_or_operator antes da exposição,não genérico; regras especiais por domínio quando implementadas,permissions em recursos configurados; não genérico nos demais CRUDs,True,leitura não auditada genericamente,não aplicável,parcial_estatico,,modules/shared/runtime.py:543
identity,identity_verifications,update,PATCH,/resources/identity_verifications/{resource_id},actor_from_headers obrigatório,papel sensível somente para leitura de terceiro sensível; demais CRUDs usam owner/operator,owner_or_operator,não genérico; regras especiais por domínio quando implementadas,permissions em recursos configurados; não genérico nos demais CRUDs,True,store.update gera audit,não exigida genericamente,parcial_estatico,,modules/shared/runtime.py:565
identity,identity_verifications,delete,DELETE,/resources/identity_verifications/{resource_id},actor_from_headers obrigatório,papel sensível somente para leitura de terceiro sensível; demais CRUDs usam owner/operator,owner_or_operator; sensíveis/imutáveis bloqueados,não genérico; regras especiais por domínio quando implementadas,permissions em recursos configurados; não genérico nos demais CRUDs,True,soft_delete gera audit,não aplicável,parcial_estatico,,modules/shared/runtime.py:586
identity,consent_records,create,POST,/resources/consent_records,actor_from_headers obrigatório,papel sensível somente para leitura de terceiro sensível; demais CRUDs usam owner/operator,owner_or_operator,não genérico; regras especiais por domínio quando implementadas,permissions em recursos configurados; não genérico nos demais CRUDs,True,store.create gera audit/event,X-Idempotency-Key somente transacionais,parcial_estatico,,modules/shared/runtime.py:520
identity,consent_records,list,GET,/resources/consent_records,actor_from_headers obrigatório,papel sensível somente para leitura de terceiro sensível; demais CRUDs usam owner/operator,lista do actor; user_id de terceiro exige APPROVER_ROLES,não genérico; regras especiais por domínio quando implementadas,permissions em recursos configurados; não genérico nos demais CRUDs,True,leitura não auditada genericamente,não aplicável,parcial_estatico,,modules/shared/runtime.py:530
identity,consent_records,read,GET,/resources/consent_records/{resource_id},actor_from_headers obrigatório,papel sensível somente para leitura de terceiro sensível; demais CRUDs usam owner/operator,owner_or_operator antes da exposição,não genérico; regras especiais por domínio quando implementadas,permissions em recursos configurados; não genérico nos demais CRUDs,True,leitura não auditada genericamente,não aplicável,parcial_estatico,,modules/shared/runtime.py:543
identity,consent_records,update,PATCH,/resources/consent_records/{resource_id},actor_from_headers obrigatório,papel sensível somente para leitura de terceiro sensível; demais CRUDs usam owner/operator,owner_or_operator,não genérico; regras especiais por domínio quando implementadas,permissions em recursos configurados; não genérico nos demais CRUDs,True,store.update gera audit,não exigida genericamente,parcial_estatico,,modules/shared/runtime.py:565
identity,consent_records,delete,DELETE,/resources/consent_records/{resource_id},actor_from_headers obrigatório,papel sensível somente para leitura de terceiro sensível; demais CRUDs usam owner/operator,owner_or_operator; sensíveis/imutáveis bloqueados,não genérico; regras especiais por domínio quando implementadas,permissions em recursos configurados; não genérico nos demais CRUDs,True,soft_delete gera audit,não aplicável,parcial_estatico,,modules/shared/runtime.py:586
business,companies,create,POST,/resources/companies,actor_from_headers obrigatório,papel sensível somente para leitura de terceiro sensível; demais CRUDs usam owner/operator,owner_or_operator,não genérico; regras especiais por domínio quando implementadas,permissions em recursos configurados; não genérico nos demais CRUDs,True,store.create gera audit/event,X-Idempotency-Key somente transacionais,parcial_estatico,tests/test_business_jobs_journey.py:35,modules/shared/runtime.py:520
business,companies,list,GET,/resources/companies,actor_from_headers obrigatório,papel sensível somente para leitura de terceiro sensível; demais CRUDs usam owner/operator,lista do actor; user_id de terceiro exige APPROVER_ROLES,não genérico; regras especiais por domínio quando implementadas,permissions em recursos configurados; não genérico nos demais CRUDs,True,leitura não auditada genericamente,não aplicável,parcial_estatico,,modules/shared/runtime.py:530
business,companies,read,GET,/resources/companies/{resource_id},actor_from_headers obrigatório,papel sensível somente para leitura de terceiro sensível; demais CRUDs usam owner/operator,owner_or_operator antes da exposição,não genérico; regras especiais por domínio quando implementadas,permissions em recursos configurados; não genérico nos demais CRUDs,True,leitura não auditada genericamente,não aplicável,parcial_estatico,,modules/shared/runtime.py:543
business,companies,update,PATCH,/resources/companies/{resource_id},actor_from_headers obrigatório,papel sensível somente para leitura de terceiro sensível; demais CRUDs usam owner/operator,owner_or_operator,não genérico; regras especiais por domínio quando implementadas,permissions em recursos configurados; não genérico nos demais CRUDs,True,store.update gera audit,não exigida genericamente,parcial_estatico,,modules/shared/runtime.py:565
business,companies,delete,DELETE,/resources/companies/{resource_id},actor_from_headers obrigatório,papel sensível somente para leitura de terceiro sensível; demais CRUDs usam owner/operator,owner_or_operator; sensíveis/imutáveis bloqueados,não genérico; regras especiais por domínio quando implementadas,permissions em recursos configurados; não genérico nos demais CRUDs,True,soft_delete gera audit,não aplicável,parcial_estatico,,modules/shared/runtime.py:586
business,branches,create,POST,/resources/branches,actor_from_headers obrigatório,papel sensível somente para leitura de terceiro sensível; demais CRUDs usam owner/operator,owner_or_operator,não genérico; regras especiais por domínio quando implementadas,permissions em recursos configurados; não genérico nos demais CRUDs,False,store.create gera audit/event,X-Idempotency-Key somente transacionais,parcial_estatico,tests/test_permissions_enforcement_matrix.py:208;tests/test_valley_ecosystem.py:37,modules/shared/runtime.py:520
business,branches,list,GET,/resources/branches,actor_from_headers obrigatório,papel sensível somente para leitura de terceiro sensível; demais CRUDs usam owner/operator,lista do actor; user_id de terceiro exige APPROVER_ROLES,não genérico; regras especiais por domínio quando implementadas,permissions em recursos configurados; não genérico nos demais CRUDs,False,leitura não auditada genericamente,não aplicável,parcial_estatico,,modules/shared/runtime.py:530
business,branches,read,GET,/resources/branches/{resource_id},actor_from_headers obrigatório,papel sensível somente para leitura de terceiro sensível; demais CRUDs usam owner/operator,owner_or_operator antes da exposição,não genérico; regras especiais por domínio quando implementadas,permissions em recursos configurados; não genérico nos demais CRUDs,False,leitura não auditada genericamente,não aplicável,parcial_estatico,tests/test_permissions_enforcement_matrix.py:220,modules/shared/runtime.py:543
business,branches,update,PATCH,/resources/branches/{resource_id},actor_from_headers obrigatório,papel sensível somente para leitura de terceiro sensível; demais CRUDs usam owner/operator,owner_or_operator,não genérico; regras especiais por domínio quando implementadas,permissions em recursos configurados; não genérico nos demais CRUDs,False,store.update gera audit,não exigida genericamente,parcial_estatico,,modules/shared/runtime.py:565
business,branches,delete,DELETE,/resources/branches/{resource_id},actor_from_headers obrigatório,papel sensível somente para leitura de terceiro sensível; demais CRUDs usam owner/operator,owner_or_operator; sensíveis/imutáveis bloqueados,não genérico; regras especiais por domínio quando implementadas,permissions em recursos configurados; não genérico nos demais CRUDs,False,soft_delete gera audit,não aplicável,parcial_estatico,,modules/shared/runtime.py:586
business,company_documents,create,POST,/resources/company_documents,actor_from_headers obrigatório,papel sensível somente para leitura de terceiro sensível; demais CRUDs usam owner/operator,owner_or_operator,não genérico; regras especiais por domínio quando implementadas,permissions em recursos configurados; não genérico nos demais CRUDs,False,store.create gera audit/event,X-Idempotency-Key somente transacionais,parcial_estatico,,modules/shared/runtime.py:520
business,company_documents,list,GET,/resources/company_documents,actor_from_headers obrigatório,papel sensível somente para leitura de terceiro sensível; demais CRUDs usam owner/operator,lista do actor; user_id de terceiro exige APPROVER_ROLES,não genérico; regras especiais por domínio quando implementadas,permissions em recursos configurados; não genérico nos demais CRUDs,False,leitura não auditada genericamente,não aplicável,parcial_estatico,,modules/shared/runtime.py:530
business,company_documents,read,GET,/resources/company_documents/{resource_id},actor_from_headers obrigatório,papel sensível somente para leitura de terceiro sensível; demais CRUDs usam owner/operator,owner_or_operator antes da exposição,não genérico; regras especiais por domínio quando implementadas,permissions em recursos configurados; não genérico nos demais CRUDs,False,leitura não auditada genericamente,não aplicável,parcial_estatico,,modules/shared/runtime.py:543
business,company_documents,update,PATCH,/resources/company_documents/{resource_id},actor_from_headers obrigatório,papel sensível somente para leitura de terceiro sensível; demais CRUDs usam owner/operator,owner_or_operator,não genérico; regras especiais por domínio quando implementadas,permissions em recursos configurados; não genérico nos demais CRUDs,False,store.update gera audit,não exigida genericamente,parcial_estatico,,modules/shared/runtime.py:565
business,company_documents,delete,DELETE,/resources/company_documents/{resource_id},actor_from_headers obrigatório,papel sensível somente para leitura de terceiro sensível; demais CRUDs usam owner/operator,owner_or_operator; sensíveis/imutáveis bloqueados,não genérico; regras especiais por domínio quando implementadas,permissions em recursos configurados; não genérico nos demais CRUDs,False,soft_delete gera audit,não aplicável,parcial_estatico,,modules/shared/runtime.py:586
business,user_company_memberships,create,POST,/resources/user_company_memberships,actor_from_headers obrigatório,papel sensível somente para leitura de terceiro sensível; demais CRUDs usam owner/operator,owner_or_operator,não genérico; regras especiais por domínio quando implementadas,permissions em recursos configurados; não genérico nos demais CRUDs,True,store.create gera audit/event,X-Idempotency-Key somente transacionais,parcial_estatico,,modules/shared/runtime.py:520
business,user_company_memberships,list,GET,/resources/user_company_memberships,actor_from_headers obrigatório,papel sensível somente para leitura de terceiro sensível; demais CRUDs usam owner/operator,lista do actor; user_id de terceiro exige APPROVER_ROLES,não genérico; regras especiais por domínio quando implementadas,permissions em recursos configurados; não genérico nos demais CRUDs,True,leitura não auditada genericamente,não aplicável,parcial_estatico,,modules/shared/runtime.py:530
business,user_company_memberships,read,GET,/resources/user_company_memberships/{resource_id},actor_from_headers obrigatório,papel sensível somente para leitura de terceiro sensível; demais CRUDs usam owner/operator,owner_or_operator antes da exposição,não genérico; regras especiais por domínio quando implementadas,permissions em recursos configurados; não genérico nos demais CRUDs,True,leitura não auditada genericamente,não aplicável,parcial_estatico,,modules/shared/runtime.py:543
business,user_company_memberships,update,PATCH,/resources/user_company_memberships/{resource_id},actor_from_headers obrigatório,papel sensível somente para leitura de terceiro sensível; demais CRUDs usam owner/operator,owner_or_operator,não genérico; regras especiais por domínio quando implementadas,permissions em recursos configurados; não genérico nos demais CRUDs,True,store.update gera audit,não exigida genericamente,parcial_estatico,,modules/shared/runtime.py:565
business,user_company_memberships,delete,DELETE,/resources/user_company_memberships/{resource_id},actor_from_headers obrigatório,papel sensível somente para leitura de terceiro sensível; demais CRUDs usam owner/operator,owner_or_operator; sensíveis/imutáveis bloqueados,não genérico; regras especiais por domínio quando implementadas,permissions em recursos configurados; não genérico nos demais CRUDs,True,soft_delete gera audit,não aplicável,parcial_estatico,,modules/shared/runtime.py:586
business,catalog_offers,create,POST,/resources/catalog_offers,actor_from_headers obrigatório,papel sensível somente para leitura de terceiro sensível; demais CRUDs usam owner/operator,owner_or_operator,não genérico; regras especiais por domínio quando implementadas,permissions em recursos configurados; não genérico nos demais CRUDs,False,store.create gera audit/event,X-Idempotency-Key somente transacionais,parcial_estatico,tests/e2e/test_valley_catalog_journey.py:37;tests/test_valley_catalog.py:328,modules/shared/runtime.py:520
business,catalog_offers,list,GET,/resources/catalog_offers,actor_from_headers obrigatório,papel sensível somente para leitura de terceiro sensível; demais CRUDs usam owner/operator,lista do actor; user_id de terceiro exige APPROVER_ROLES,não genérico; regras especiais por domínio quando implementadas,permissions em recursos configurados; não genérico nos demais CRUDs,False,leitura não auditada genericamente,não aplicável,parcial_estatico,,modules/shared/runtime.py:530
business,catalog_offers,read,GET,/resources/catalog_offers/{resource_id},actor_from_headers obrigatório,papel sensível somente para leitura de terceiro sensível; demais CRUDs usam owner/operator,owner_or_operator antes da exposição,não genérico; regras especiais por domínio quando implementadas,permissions em recursos configurados; não genérico nos demais CRUDs,False,leitura não auditada genericamente,não aplicável,parcial_estatico,,modules/shared/runtime.py:543
business,catalog_offers,update,PATCH,/resources/catalog_offers/{resource_id},actor_from_headers obrigatório,papel sensível somente para leitura de terceiro sensível; demais CRUDs usam owner/operator,owner_or_operator,não genérico; regras especiais por domínio quando implementadas,permissions em recursos configurados; não genérico nos demais CRUDs,False,store.update gera audit,não exigida genericamente,parcial_estatico,,modules/shared/runtime.py:565
business,catalog_offers,delete,DELETE,/resources/catalog_offers/{resource_id},actor_from_headers obrigatório,papel sensível somente para leitura de terceiro sensível; demais CRUDs usam owner/operator,owner_or_operator; sensíveis/imutáveis bloqueados,não genérico; regras especiais por domínio quando implementadas,permissions em recursos configurados; não genérico nos demais CRUDs,False,soft_delete gera audit,não aplicável,parcial_estatico,,modules/shared/runtime.py:586
permissions,roles,create,POST,/resources/roles,actor_from_headers obrigatório,SENSITIVE_ROLES para leitura; PERMISSIONS_WRITE_ROLES para escrita,owner_or_operator,não genérico; regras especiais por domínio quando implementadas,permissions em recursos configurados; não genérico nos demais CRUDs,False,store.create gera audit/event,X-Idempotency-Key somente transacionais,parcial_estatico,tests/test_permissions_enforcement_matrix.py:126,modules/shared/runtime.py:520
permissions,roles,list,GET,/resources/roles,actor_from_headers obrigatório,SENSITIVE_ROLES para leitura; PERMISSIONS_WRITE_ROLES para escrita,lista do actor; user_id de terceiro exige APPROVER_ROLES,não genérico; regras especiais por domínio quando implementadas,permissions em recursos configurados; não genérico nos demais CRUDs,False,leitura não auditada genericamente,não aplicável,parcial_estatico,tests/test_permissions_enforcement_matrix.py:131,modules/shared/runtime.py:530
permissions,roles,read,GET,/resources/roles/{resource_id},actor_from_headers obrigatório,SENSITIVE_ROLES para leitura; PERMISSIONS_WRITE_ROLES para escrita,owner_or_operator antes da exposição,não genérico; regras especiais por domínio quando implementadas,permissions em recursos configurados; não genérico nos demais CRUDs,False,leitura não auditada genericamente,não aplicável,parcial_estatico,,modules/shared/runtime.py:543
permissions,roles,update,PATCH,/resources/roles/{resource_id},actor_from_headers obrigatório,SENSITIVE_ROLES para leitura; PERMISSIONS_WRITE_ROLES para escrita,owner_or_operator,não genérico; regras especiais por domínio quando implementadas,permissions em recursos configurados; não genérico nos demais CRUDs,False,store.update gera audit,não exigida genericamente,parcial_estatico,,modules/shared/runtime.py:565
permissions,roles,delete,DELETE,/resources/roles/{resource_id},actor_from_headers obrigatório,SENSITIVE_ROLES para leitura; PERMISSIONS_WRITE_ROLES para escrita,owner_or_operator; sensíveis/imutáveis bloqueados,não genérico; regras especiais por domínio quando implementadas,permissions em recursos configurados; não genérico nos demais CRUDs,False,soft_delete gera audit,não aplicável,parcial_estatico,,modules/shared/runtime.py:586
permissions,permissions,create,POST,/resources/permissions,actor_from_headers obrigatório,SENSITIVE_ROLES para leitura; PERMISSIONS_WRITE_ROLES para escrita,owner_or_operator,não genérico; regras especiais por domínio quando implementadas,permissions em recursos configurados; não genérico nos demais CRUDs,False,store.create gera audit/event,X-Idempotency-Key somente transacionais,parcial_estatico,,modules/shared/runtime.py:520
permissions,permissions,list,GET,/resources/permissions,actor_from_headers obrigatório,SENSITIVE_ROLES para leitura; PERMISSIONS_WRITE_ROLES para escrita,lista do actor; user_id de terceiro exige APPROVER_ROLES,não genérico; regras especiais por domínio quando implementadas,permissions em recursos configurados; não genérico nos demais CRUDs,False,leitura não auditada genericamente,não aplicável,parcial_estatico,,modules/shared/runtime.py:530
permissions,permissions,read,GET,/resources/permissions/{resource_id},actor_from_headers obrigatório,SENSITIVE_ROLES para leitura; PERMISSIONS_WRITE_ROLES para escrita,owner_or_operator antes da exposição,não genérico; regras especiais por domínio quando implementadas,permissions em recursos configurados; não genérico nos demais CRUDs,False,leitura não auditada genericamente,não aplicável,parcial_estatico,,modules/shared/runtime.py:543
permissions,permissions,update,PATCH,/resources/permissions/{resource_id},actor_from_headers obrigatório,SENSITIVE_ROLES para leitura; PERMISSIONS_WRITE_ROLES para escrita,owner_or_operator,não genérico; regras especiais por domínio quando implementadas,permissions em recursos configurados; não genérico nos demais CRUDs,False,store.update gera audit,não exigida genericamente,parcial_estatico,,modules/shared/runtime.py:565
permissions,permissions,delete,DELETE,/resources/permissions/{resource_id},actor_from_headers obrigatório,SENSITIVE_ROLES para leitura; PERMISSIONS_WRITE_ROLES para escrita,owner_or_operator; sensíveis/imutáveis bloqueados,não genérico; regras especiais por domínio quando implementadas,permissions em recursos configurados; não genérico nos demais CRUDs,False,soft_delete gera audit,não aplicável,parcial_estatico,,modules/shared/runtime.py:586
permissions,user_roles,create,POST,/resources/user_roles,actor_from_headers obrigatório,SENSITIVE_ROLES para leitura; PERMISSIONS_WRITE_ROLES para escrita,owner_or_operator,não genérico; regras especiais por domínio quando implementadas,permissions em recursos configurados; não genérico nos demais CRUDs,False,store.create gera audit/event,X-Idempotency-Key somente transacionais,parcial_estatico,,modules/shared/runtime.py:520
permissions,user_roles,list,GET,/resources/user_roles,actor_from_headers obrigatório,SENSITIVE_ROLES para leitura; PERMISSIONS_WRITE_ROLES para escrita,lista do actor; user_id de terceiro exige APPROVER_ROLES,não genérico; regras especiais por domínio quando implementadas,permissions em recursos configurados; não genérico nos demais CRUDs,False,leitura não auditada genericamente,não aplicável,parcial_estatico,,modules/shared/runtime.py:530
permissions,user_roles,read,GET,/resources/user_roles/{resource_id},actor_from_headers obrigatório,SENSITIVE_ROLES para leitura; PERMISSIONS_WRITE_ROLES para escrita,owner_or_operator antes da exposição,não genérico; regras especiais por domínio quando implementadas,permissions em recursos configurados; não genérico nos demais CRUDs,False,leitura não auditada genericamente,não aplicável,parcial_estatico,,modules/shared/runtime.py:543
permissions,user_roles,update,PATCH,/resources/user_roles/{resource_id},actor_from_headers obrigatório,SENSITIVE_ROLES para leitura; PERMISSIONS_WRITE_ROLES para escrita,owner_or_operator,não genérico; regras especiais por domínio quando implementadas,permissions em recursos configurados; não genérico nos demais CRUDs,False,store.update gera audit,não exigida genericamente,parcial_estatico,,modules/shared/runtime.py:565
permissions,user_roles,delete,DELETE,/resources/user_roles/{resource_id},actor_from_headers obrigatório,SENSITIVE_ROLES para leitura; PERMISSIONS_WRITE_ROLES para escrita,owner_or_operator; sensíveis/imutáveis bloqueados,não genérico; regras especiais por domínio quando implementadas,permissions em recursos configurados; não genérico nos demais CRUDs,False,soft_delete gera audit,não aplicável,parcial_estatico,,modules/shared/runtime.py:586
permissions,access_policies,create,POST,/resources/access_policies,actor_from_headers obrigatório,SENSITIVE_ROLES para leitura; PERMISSIONS_WRITE_ROLES para escrita,owner_or_operator,não genérico; regras especiais por domínio quando implementadas,permissions em recursos configurados; não genérico nos demais CRUDs,False,store.create gera audit/event,X-Idempotency-Key somente transacionais,parcial_estatico,,modules/shared/runtime.py:520
permissions,access_policies,list,GET,/resources/access_policies,actor_from_headers obrigatório,SENSITIVE_ROLES para leitura; PERMISSIONS_WRITE_ROLES para escrita,lista do actor; user_id de terceiro exige APPROVER_ROLES,não genérico; regras especiais por domínio quando implementadas,permissions em recursos configurados; não genérico nos demais CRUDs,False,leitura não auditada genericamente,não aplicável,parcial_estatico,,modules/shared/runtime.py:530
permissions,access_policies,read,GET,/resources/access_policies/{resource_id},actor_from_headers obrigatório,SENSITIVE_ROLES para leitura; PERMISSIONS_WRITE_ROLES para escrita,owner_or_operator antes da exposição,não genérico; regras especiais por domínio quando implementadas,permissions em recursos configurados; não genérico nos demais CRUDs,False,leitura não auditada genericamente,não aplicável,parcial_estatico,,modules/shared/runtime.py:543
permissions,access_policies,update,PATCH,/resources/access_policies/{resource_id},actor_from_headers obrigatório,SENSITIVE_ROLES para leitura; PERMISSIONS_WRITE_ROLES para escrita,owner_or_operator,não genérico; regras especiais por domínio quando implementadas,permissions em recursos configurados; não genérico nos demais CRUDs,False,store.update gera audit,não exigida genericamente,parcial_estatico,,modules/shared/runtime.py:565
permissions,access_policies,delete,DELETE,/resources/access_policies/{resource_id},actor_from_headers obrigatório,SENSITIVE_ROLES para leitura; PERMISSIONS_WRITE_ROLES para escrita,owner_or_operator; sensíveis/imutáveis bloqueados,não genérico; regras especiais por domínio quando implementadas,permissions em recursos configurados; não genérico nos demais CRUDs,False,soft_delete gera audit,não aplicável,parcial_estatico,,modules/shared/runtime.py:586
permissions,approval_limits,create,POST,/resources/approval_limits,actor_from_headers obrigatório,SENSITIVE_ROLES para leitura; PERMISSIONS_WRITE_ROLES para escrita,owner_or_operator,não genérico; regras especiais por domínio quando implementadas,permissions em recursos configurados; não genérico nos demais CRUDs,False,store.create gera audit/event,X-Idempotency-Key somente transacionais,parcial_estatico,tests/test_permissions_enforcement_matrix.py:163,modules/shared/runtime.py:520
permissions,approval_limits,list,GET,/resources/approval_limits,actor_from_headers obrigatório,SENSITIVE_ROLES para leitura; PERMISSIONS_WRITE_ROLES para escrita,lista do actor; user_id de terceiro exige APPROVER_ROLES,não genérico; regras especiais por domínio quando implementadas,permissions em recursos configurados; não genérico nos demais CRUDs,False,leitura não auditada genericamente,não aplicável,parcial_estatico,,modules/shared/runtime.py:530
permissions,approval_limits,read,GET,/resources/approval_limits/{resource_id},actor_from_headers obrigatório,SENSITIVE_ROLES para leitura; PERMISSIONS_WRITE_ROLES para escrita,owner_or_operator antes da exposição,não genérico; regras especiais por domínio quando implementadas,permissions em recursos configurados; não genérico nos demais CRUDs,False,leitura não auditada genericamente,não aplicável,parcial_estatico,,modules/shared/runtime.py:543
permissions,approval_limits,update,PATCH,/resources/approval_limits/{resource_id},actor_from_headers obrigatório,SENSITIVE_ROLES para leitura; PERMISSIONS_WRITE_ROLES para escrita,owner_or_operator,não genérico; regras especiais por domínio quando implementadas,permissions em recursos configurados; não genérico nos demais CRUDs,False,store.update gera audit,não exigida genericamente,parcial_estatico,,modules/shared/runtime.py:565
permissions,approval_limits,delete,DELETE,/resources/approval_limits/{resource_id},actor_from_headers obrigatório,SENSITIVE_ROLES para leitura; PERMISSIONS_WRITE_ROLES para escrita,owner_or_operator; sensíveis/imutáveis bloqueados,não genérico; regras especiais por domínio quando implementadas,permissions em recursos configurados; não genérico nos demais CRUDs,False,soft_delete gera audit,não aplicável,parcial_estatico,,modules/shared/runtime.py:586
finance,wallets,create,POST,/resources/wallets,actor_from_headers obrigatório,papel sensível somente para leitura de terceiro sensível; demais CRUDs usam owner/operator,owner_or_operator,não genérico; regras especiais por domínio quando implementadas,permissions em recursos configurados; não genérico nos demais CRUDs,True,store.create gera audit/event,X-Idempotency-Key somente transacionais,parcial_estatico,tests/test_permissions_enforcement_matrix.py:183;tests/test_user_marketplace_journey.py:33,modules/shared/runtime.py:520
finance,wallets,list,GET,/resources/wallets,actor_from_headers obrigatório,papel sensível somente para leitura de terceiro sensível; demais CRUDs usam owner/operator,lista do actor; user_id de terceiro exige APPROVER_ROLES,não genérico; regras especiais por domínio quando implementadas,permissions em recursos configurados; não genérico nos demais CRUDs,True,leitura não auditada genericamente,não aplicável,parcial_estatico,,modules/shared/runtime.py:530
finance,wallets,read,GET,/resources/wallets/{resource_id},actor_from_headers obrigatório,papel sensível somente para leitura de terceiro sensível; demais CRUDs usam owner/operator,owner_or_operator antes da exposição,não genérico; regras especiais por domínio quando implementadas,permissions em recursos configurados; não genérico nos demais CRUDs,True,leitura não auditada genericamente,não aplicável,parcial_estatico,tests/test_permissions_enforcement_matrix.py:190,modules/shared/runtime.py:543
finance,wallets,update,PATCH,/resources/wallets/{resource_id},actor_from_headers obrigatório,papel sensível somente para leitura de terceiro sensível; demais CRUDs usam owner/operator,owner_or_operator,não genérico; regras especiais por domínio quando implementadas,permissions em recursos configurados; não genérico nos demais CRUDs,True,store.update gera audit,não exigida genericamente,parcial_estatico,,modules/shared/runtime.py:565
finance,wallets,delete,DELETE,/resources/wallets/{resource_id},actor_from_headers obrigatório,papel sensível somente para leitura de terceiro sensível; demais CRUDs usam owner/operator,owner_or_operator; sensíveis/imutáveis bloqueados,não genérico; regras especiais por domínio quando implementadas,permissions em recursos configurados; não genérico nos demais CRUDs,True,soft_delete gera audit,não aplicável,parcial_estatico,,modules/shared/runtime.py:586
finance,ledger_entries,create,POST,/resources/ledger_entries,actor_from_headers obrigatório,papel sensível somente para leitura de terceiro sensível; demais CRUDs usam owner/operator,owner_or_operator,não genérico; regras especiais por domínio quando implementadas,permissions em recursos configurados; não genérico nos demais CRUDs,True,store.create gera audit/event,X-Idempotency-Key somente transacionais,parcial_estatico,,modules/shared/runtime.py:520
finance,ledger_entries,list,GET,/resources/ledger_entries,actor_from_headers obrigatório,papel sensível somente para leitura de terceiro sensível; demais CRUDs usam owner/operator,lista do actor; user_id de terceiro exige APPROVER_ROLES,não genérico; regras especiais por domínio quando implementadas,permissions em recursos configurados; não genérico nos demais CRUDs,True,leitura não auditada genericamente,não aplicável,parcial_estatico,,modules/shared/runtime.py:530
finance,ledger_entries,read,GET,/resources/ledger_entries/{resource_id},actor_from_headers obrigatório,papel sensível somente para leitura de terceiro sensível; demais CRUDs usam owner/operator,owner_or_operator antes da exposição,não genérico; regras especiais por domínio quando implementadas,permissions em recursos configurados; não genérico nos demais CRUDs,True,leitura não auditada genericamente,não aplicável,parcial_estatico,,modules/shared/runtime.py:543
finance,ledger_entries,update,PATCH,/resources/ledger_entries/{resource_id},actor_from_headers obrigatório,papel sensível somente para leitura de terceiro sensível; demais CRUDs usam owner/operator,owner_or_operator,não genérico; regras especiais por domínio quando implementadas,permissions em recursos configurados; não genérico nos demais CRUDs,True,store.update gera audit,não exigida genericamente,parcial_estatico,,modules/shared/runtime.py:565
finance,ledger_entries,delete,DELETE,/resources/ledger_entries/{resource_id},actor_from_headers obrigatório,papel sensível somente para leitura de terceiro sensível; demais CRUDs usam owner/operator,owner_or_operator; sensíveis/imutáveis bloqueados,não genérico; regras especiais por domínio quando implementadas,permissions em recursos configurados; não genérico nos demais CRUDs,True,soft_delete gera audit,não aplicável,parcial_estatico,,modules/shared/runtime.py:586
finance,escrows,create,POST,/resources/escrows,actor_from_headers obrigatório,papel sensível somente para leitura de terceiro sensível; demais CRUDs usam owner/operator,owner_or_operator,não genérico; regras especiais por domínio quando implementadas,permissions em recursos configurados; não genérico nos demais CRUDs,True,store.create gera audit/event,X-Idempotency-Key somente transacionais,parcial_estatico,tests/test_user_marketplace_journey.py:49,modules/shared/runtime.py:520
finance,escrows,list,GET,/resources/escrows,actor_from_headers obrigatório,papel sensível somente para leitura de terceiro sensível; demais CRUDs usam owner/operator,lista do actor; user_id de terceiro exige APPROVER_ROLES,não genérico; regras especiais por domínio quando implementadas,permissions em recursos configurados; não genérico nos demais CRUDs,True,leitura não auditada genericamente,não aplicável,parcial_estatico,,modules/shared/runtime.py:530
finance,escrows,read,GET,/resources/escrows/{resource_id},actor_from_headers obrigatório,papel sensível somente para leitura de terceiro sensível; demais CRUDs usam owner/operator,owner_or_operator antes da exposição,não genérico; regras especiais por domínio quando implementadas,permissions em recursos configurados; não genérico nos demais CRUDs,True,leitura não auditada genericamente,não aplicável,parcial_estatico,,modules/shared/runtime.py:543
finance,escrows,update,PATCH,/resources/escrows/{resource_id},actor_from_headers obrigatório,papel sensível somente para leitura de terceiro sensível; demais CRUDs usam owner/operator,owner_or_operator,não genérico; regras especiais por domínio quando implementadas,permissions em recursos configurados; não genérico nos demais CRUDs,True,store.update gera audit,não exigida genericamente,parcial_estatico,,modules/shared/runtime.py:565
finance,escrows,delete,DELETE,/resources/escrows/{resource_id},actor_from_headers obrigatório,papel sensível somente para leitura de terceiro sensível; demais CRUDs usam owner/operator,owner_or_operator; sensíveis/imutáveis bloqueados,não genérico; regras especiais por domínio quando implementadas,permissions em recursos configurados; não genérico nos demais CRUDs,True,soft_delete gera audit,não aplicável,parcial_estatico,,modules/shared/runtime.py:586
finance,splits,create,POST,/resources/splits,actor_from_headers obrigatório,papel sensível somente para leitura de terceiro sensível; demais CRUDs usam owner/operator,owner_or_operator,não genérico; regras especiais por domínio quando implementadas,permissions em recursos configurados; não genérico nos demais CRUDs,True,store.create gera audit/event,X-Idempotency-Key somente transacionais,parcial_estatico,,modules/shared/runtime.py:520
finance,splits,list,GET,/resources/splits,actor_from_headers obrigatório,papel sensível somente para leitura de terceiro sensível; demais CRUDs usam owner/operator,lista do actor; user_id de terceiro exige APPROVER_ROLES,não genérico; regras especiais por domínio quando implementadas,permissions em recursos configurados; não genérico nos demais CRUDs,True,leitura não auditada genericamente,não aplicável,parcial_estatico,,modules/shared/runtime.py:530
finance,splits,read,GET,/resources/splits/{resource_id},actor_from_headers obrigatório,papel sensível somente para leitura de terceiro sensível; demais CRUDs usam owner/operator,owner_or_operator antes da exposição,não genérico; regras especiais por domínio quando implementadas,permissions em recursos configurados; não genérico nos demais CRUDs,True,leitura não auditada genericamente,não aplicável,parcial_estatico,,modules/shared/runtime.py:543
finance,splits,update,PATCH,/resources/splits/{resource_id},actor_from_headers obrigatório,papel sensível somente para leitura de terceiro sensível; demais CRUDs usam owner/operator,owner_or_operator,não genérico; regras especiais por domínio quando implementadas,permissions em recursos configurados; não genérico nos demais CRUDs,True,store.update gera audit,não exigida genericamente,parcial_estatico,,modules/shared/runtime.py:565
finance,splits,delete,DELETE,/resources/splits/{resource_id},actor_from_headers obrigatório,papel sensível somente para leitura de terceiro sensível; demais CRUDs usam owner/operator,owner_or_operator; sensíveis/imutáveis bloqueados,não genérico; regras especiais por domínio quando implementadas,permissions em recursos configurados; não genérico nos demais CRUDs,True,soft_delete gera audit,não aplicável,parcial_estatico,,modules/shared/runtime.py:586
finance,invoices,create,POST,/resources/invoices,actor_from_headers obrigatório,papel sensível somente para leitura de terceiro sensível; demais CRUDs usam owner/operator,owner_or_operator,não genérico; regras especiais por domínio quando implementadas,permissions em recursos configurados; não genérico nos demais CRUDs,True,store.create gera audit/event,X-Idempotency-Key somente transacionais,parcial_estatico,,modules/shared/runtime.py:520
finance,invoices,list,GET,/resources/invoices,actor_from_headers obrigatório,papel sensível somente para leitura de terceiro sensível; demais CRUDs usam owner/operator,lista do actor; user_id de terceiro exige APPROVER_ROLES,não genérico; regras especiais por domínio quando implementadas,permissions em recursos configurados; não genérico nos demais CRUDs,True,leitura não auditada genericamente,não aplicável,parcial_estatico,,modules/shared/runtime.py:530
finance,invoices,read,GET,/resources/invoices/{resource_id},actor_from_headers obrigatório,papel sensível somente para leitura de terceiro sensível; demais CRUDs usam owner/operator,owner_or_operator antes da exposição,não genérico; regras especiais por domínio quando implementadas,permissions em recursos configurados; não genérico nos demais CRUDs,True,leitura não auditada genericamente,não aplicável,parcial_estatico,,modules/shared/runtime.py:543
finance,invoices,update,PATCH,/resources/invoices/{resource_id},actor_from_headers obrigatório,papel sensível somente para leitura de terceiro sensível; demais CRUDs usam owner/operator,owner_or_operator,não genérico; regras especiais por domínio quando implementadas,permissions em recursos configurados; não genérico nos demais CRUDs,True,store.update gera audit,não exigida genericamente,parcial_estatico,,modules/shared/runtime.py:565
finance,invoices,delete,DELETE,/resources/invoices/{resource_id},actor_from_headers obrigatório,papel sensível somente para leitura de terceiro sensível; demais CRUDs usam owner/operator,owner_or_operator; sensíveis/imutáveis bloqueados,não genérico; regras especiais por domínio quando implementadas,permissions em recursos configurados; não genérico nos demais CRUDs,True,soft_delete gera audit,não aplicável,parcial_estatico,,modules/shared/runtime.py:586
finance,valley_gold_ledger_entries,create,POST,/resources/valley_gold_ledger_entries,actor_from_headers obrigatório,papel sensível somente para leitura de terceiro sensível; demais CRUDs usam owner/operator,owner_or_operator,não genérico; regras especiais por domínio quando implementadas,permissions em recursos configurados; não genérico nos demais CRUDs,True,store.create gera audit/event,X-Idempotency-Key somente transacionais,parcial_estatico,tests/test_valley_gold_ledger.py:35,modules/shared/runtime.py:520
finance,valley_gold_ledger_entries,list,GET,/resources/valley_gold_ledger_entries,actor_from_headers obrigatório,papel sensível somente para leitura de terceiro sensível; demais CRUDs usam owner/operator,lista do actor; user_id de terceiro exige APPROVER_ROLES,não genérico; regras especiais por domínio quando implementadas,permissions em recursos configurados; não genérico nos demais CRUDs,True,leitura não auditada genericamente,não aplicável,parcial_estatico,,modules/shared/runtime.py:530
finance,valley_gold_ledger_entries,read,GET,/resources/valley_gold_ledger_entries/{resource_id},actor_from_headers obrigatório,papel sensível somente para leitura de terceiro sensível; demais CRUDs usam owner/operator,owner_or_operator antes da exposição,não genérico; regras especiais por domínio quando implementadas,permissions em recursos configurados; não genérico nos demais CRUDs,True,leitura não auditada genericamente,não aplicável,parcial_estatico,,modules/shared/runtime.py:543
finance,valley_gold_ledger_entries,update,PATCH,/resources/valley_gold_ledger_entries/{resource_id},actor_from_headers obrigatório,papel sensível somente para leitura de terceiro sensível; demais CRUDs usam owner/operator,owner_or_operator,não genérico; regras especiais por domínio quando implementadas,permissions em recursos configurados; não genérico nos demais CRUDs,True,store.update gera audit,não exigida genericamente,parcial_estatico,tests/test_valley_gold_ledger.py:102,modules/shared/runtime.py:565
finance,valley_gold_ledger_entries,delete,DELETE,/resources/valley_gold_ledger_entries/{resource_id},actor_from_headers obrigatório,papel sensível somente para leitura de terceiro sensível; demais CRUDs usam owner/operator,owner_or_operator; sensíveis/imutáveis bloqueados,não genérico; regras especiais por domínio quando implementadas,permissions em recursos configurados; não genérico nos demais CRUDs,True,soft_delete gera audit,não aplicável,parcial_estatico,tests/test_valley_gold_ledger.py:109,modules/shared/runtime.py:586
marketplace,stores,create,POST,/resources/stores,actor_from_headers obrigatório,papel sensível somente para leitura de terceiro sensível; demais CRUDs usam owner/operator,owner_or_operator,não genérico; regras especiais por domínio quando implementadas,permissions em recursos configurados; não genérico nos demais CRUDs,False,store.create gera audit/event,X-Idempotency-Key somente transacionais,parcial_estatico,tests/test_valley_ecosystem.py:303,modules/shared/runtime.py:520
marketplace,stores,list,GET,/resources/stores,actor_from_headers obrigatório,papel sensível somente para leitura de terceiro sensível; demais CRUDs usam owner/operator,lista do actor; user_id de terceiro exige APPROVER_ROLES,não genérico; regras especiais por domínio quando implementadas,permissions em recursos configurados; não genérico nos demais CRUDs,False,leitura não auditada genericamente,não aplicável,parcial_estatico,,modules/shared/runtime.py:530
marketplace,stores,read,GET,/resources/stores/{resource_id},actor_from_headers obrigatório,papel sensível somente para leitura de terceiro sensível; demais CRUDs usam owner/operator,owner_or_operator antes da exposição,não genérico; regras especiais por domínio quando implementadas,permissions em recursos configurados; não genérico nos demais CRUDs,False,leitura não auditada genericamente,não aplicável,parcial_estatico,,modules/shared/runtime.py:543
marketplace,stores,update,PATCH,/resources/stores/{resource_id},actor_from_headers obrigatório,papel sensível somente para leitura de terceiro sensível; demais CRUDs usam owner/operator,owner_or_operator,não genérico; regras especiais por domínio quando implementadas,permissions em recursos configurados; não genérico nos demais CRUDs,False,store.update gera audit,não exigida genericamente,parcial_estatico,,modules/shared/runtime.py:565
marketplace,stores,delete,DELETE,/resources/stores/{resource_id},actor_from_headers obrigatório,papel sensível somente para leitura de terceiro sensível; demais CRUDs usam owner/operator,owner_or_operator; sensíveis/imutáveis bloqueados,não genérico; regras especiais por domínio quando implementadas,permissions em recursos configurados; não genérico nos demais CRUDs,False,soft_delete gera audit,não aplicável,parcial_estatico,,modules/shared/runtime.py:586
marketplace,products,create,POST,/resources/products,actor_from_headers obrigatório,papel sensível somente para leitura de terceiro sensível; demais CRUDs usam owner/operator,owner_or_operator,não genérico; regras especiais por domínio quando implementadas,permissions em recursos configurados; não genérico nos demais CRUDs,False,store.create gera audit/event,X-Idempotency-Key somente transacionais,parcial_estatico,tests/test_valley_catalog.py:49;tests/test_valley_ecosystem.py:58,modules/shared/runtime.py:520
marketplace,products,list,GET,/resources/products,actor_from_headers obrigatório,papel sensível somente para leitura de terceiro sensível; demais CRUDs usam owner/operator,lista do actor; user_id de terceiro exige APPROVER_ROLES,não genérico; regras especiais por domínio quando implementadas,permissions em recursos configurados; não genérico nos demais CRUDs,False,leitura não auditada genericamente,não aplicável,parcial_estatico,,modules/shared/runtime.py:530
marketplace,products,read,GET,/resources/products/{resource_id},actor_from_headers obrigatório,papel sensível somente para leitura de terceiro sensível; demais CRUDs usam owner/operator,owner_or_operator antes da exposição,não genérico; regras especiais por domínio quando implementadas,permissions em recursos configurados; não genérico nos demais CRUDs,False,leitura não auditada genericamente,não aplicável,parcial_estatico,,modules/shared/runtime.py:543
marketplace,products,update,PATCH,/resources/products/{resource_id},actor_from_headers obrigatório,papel sensível somente para leitura de terceiro sensível; demais CRUDs usam owner/operator,owner_or_operator,não genérico; regras especiais por domínio quando implementadas,permissions em recursos configurados; não genérico nos demais CRUDs,False,store.update gera audit,não exigida genericamente,parcial_estatico,,modules/shared/runtime.py:565
marketplace,products,delete,DELETE,/resources/products/{resource_id},actor_from_headers obrigatório,papel sensível somente para leitura de terceiro sensível; demais CRUDs usam owner/operator,owner_or_operator; sensíveis/imutáveis bloqueados,não genérico; regras especiais por domínio quando implementadas,permissions em recursos configurados; não genérico nos demais CRUDs,False,soft_delete gera audit,não aplicável,parcial_estatico,,modules/shared/runtime.py:586
marketplace,carts,create,POST,/resources/carts,actor_from_headers obrigatório,papel sensível somente para leitura de terceiro sensível; demais CRUDs usam owner/operator,owner_or_operator,não genérico; regras especiais por domínio quando implementadas,permissions em recursos configurados; não genérico nos demais CRUDs,False,store.create gera audit/event,X-Idempotency-Key somente transacionais,parcial_estatico,,modules/shared/runtime.py:520
marketplace,carts,list,GET,/resources/carts,actor_from_headers obrigatório,papel sensível somente para leitura de terceiro sensível; demais CRUDs usam owner/operator,lista do actor; user_id de terceiro exige APPROVER_ROLES,não genérico; regras especiais por domínio quando implementadas,permissions em recursos configurados; não genérico nos demais CRUDs,False,leitura não auditada genericamente,não aplicável,parcial_estatico,,modules/shared/runtime.py:530
marketplace,carts,read,GET,/resources/carts/{resource_id},actor_from_headers obrigatório,papel sensível somente para leitura de terceiro sensível; demais CRUDs usam owner/operator,owner_or_operator antes da exposição,não genérico; regras especiais por domínio quando implementadas,permissions em recursos configurados; não genérico nos demais CRUDs,False,leitura não auditada genericamente,não aplicável,parcial_estatico,,modules/shared/runtime.py:543
marketplace,carts,update,PATCH,/resources/carts/{resource_id},actor_from_headers obrigatório,papel sensível somente para leitura de terceiro sensível; demais CRUDs usam owner/operator,owner_or_operator,não genérico; regras especiais por domínio quando implementadas,permissions em recursos configurados; não genérico nos demais CRUDs,False,store.update gera audit,não exigida genericamente,parcial_estatico,,modules/shared/runtime.py:565
marketplace,carts,delete,DELETE,/resources/carts/{resource_id},actor_from_headers obrigatório,papel sensível somente para leitura de terceiro sensível; demais CRUDs usam owner/operator,owner_or_operator; sensíveis/imutáveis bloqueados,não genérico; regras especiais por domínio quando implementadas,permissions em recursos configurados; não genérico nos demais CRUDs,False,soft_delete gera audit,não aplicável,parcial_estatico,,modules/shared/runtime.py:586
marketplace,orders,create,POST,/resources/orders,actor_from_headers obrigatório,papel sensível somente para leitura de terceiro sensível; demais CRUDs usam owner/operator,owner_or_operator,não genérico; regras especiais por domínio quando implementadas,permissions em recursos configurados; não genérico nos demais CRUDs,False,store.create gera audit/event,X-Idempotency-Key somente transacionais,parcial_estatico,tests/test_correlation_id.py:19;tests/test_marketplace_support_metrics.py:23;tests/test_user_marketplace_journey.py:67,modules/shared/runtime.py:520
marketplace,orders,list,GET,/resources/orders,actor_from_headers obrigatório,papel sensível somente para leitura de terceiro sensível; demais CRUDs usam owner/operator,lista do actor; user_id de terceiro exige APPROVER_ROLES,não genérico; regras especiais por domínio quando implementadas,permissions em recursos configurados; não genérico nos demais CRUDs,False,leitura não auditada genericamente,não aplicável,parcial_estatico,,modules/shared/runtime.py:530
marketplace,orders,read,GET,/resources/orders/{resource_id},actor_from_headers obrigatório,papel sensível somente para leitura de terceiro sensível; demais CRUDs usam owner/operator,owner_or_operator antes da exposição,não genérico; regras especiais por domínio quando implementadas,permissions em recursos configurados; não genérico nos demais CRUDs,False,leitura não auditada genericamente,não aplicável,parcial_estatico,,modules/shared/runtime.py:543
marketplace,orders,update,PATCH,/resources/orders/{resource_id},actor_from_headers obrigatório,papel sensível somente para leitura de terceiro sensível; demais CRUDs usam owner/operator,owner_or_operator,não genérico; regras especiais por domínio quando implementadas,permissions em recursos configurados; não genérico nos demais CRUDs,False,store.update gera audit,não exigida genericamente,parcial_estatico,,modules/shared/runtime.py:565
marketplace,orders,delete,DELETE,/resources/orders/{resource_id},actor_from_headers obrigatório,papel sensível somente para leitura de terceiro sensível; demais CRUDs usam owner/operator,owner_or_operator; sensíveis/imutáveis bloqueados,não genérico; regras especiais por domínio quando implementadas,permissions em recursos configurados; não genérico nos demais CRUDs,False,soft_delete gera audit,não aplicável,parcial_estatico,,modules/shared/runtime.py:586
marketplace,reviews,create,POST,/resources/reviews,actor_from_headers obrigatório,papel sensível somente para leitura de terceiro sensível; demais CRUDs usam owner/operator,owner_or_operator,não genérico; regras especiais por domínio quando implementadas,permissions em recursos configurados; não genérico nos demais CRUDs,False,store.create gera audit/event,X-Idempotency-Key somente transacionais,parcial_estatico,tests/test_marketplace_support_metrics.py:58;tests/test_valley_reviews.py:25,modules/shared/runtime.py:520
marketplace,reviews,list,GET,/resources/reviews,actor_from_headers obrigatório,papel sensível somente para leitura de terceiro sensível; demais CRUDs usam owner/operator,lista do actor; user_id de terceiro exige APPROVER_ROLES,não genérico; regras especiais por domínio quando implementadas,permissions em recursos configurados; não genérico nos demais CRUDs,False,leitura não auditada genericamente,não aplicável,parcial_estatico,,modules/shared/runtime.py:530
marketplace,reviews,read,GET,/resources/reviews/{resource_id},actor_from_headers obrigatório,papel sensível somente para leitura de terceiro sensível; demais CRUDs usam owner/operator,owner_or_operator antes da exposição,não genérico; regras especiais por domínio quando implementadas,permissions em recursos configurados; não genérico nos demais CRUDs,False,leitura não auditada genericamente,não aplicável,parcial_estatico,,modules/shared/runtime.py:543
marketplace,reviews,update,PATCH,/resources/reviews/{resource_id},actor_from_headers obrigatório,papel sensível somente para leitura de terceiro sensível; demais CRUDs usam owner/operator,owner_or_operator,não genérico; regras especiais por domínio quando implementadas,permissions em recursos configurados; não genérico nos demais CRUDs,False,store.update gera audit,não exigida genericamente,parcial_estatico,tests/test_valley_reviews.py:45,modules/shared/runtime.py:565
marketplace,reviews,delete,DELETE,/resources/reviews/{resource_id},actor_from_headers obrigatório,papel sensível somente para leitura de terceiro sensível; demais CRUDs usam owner/operator,owner_or_operator; sensíveis/imutáveis bloqueados,não genérico; regras especiais por domínio quando implementadas,permissions em recursos configurados; não genérico nos demais CRUDs,False,soft_delete gera audit,não aplicável,parcial_estatico,,modules/shared/runtime.py:586
marketplace,disputes,create,POST,/resources/disputes,actor_from_headers obrigatório,papel sensível somente para leitura de terceiro sensível; demais CRUDs usam owner/operator,owner_or_operator,não genérico; regras especiais por domínio quando implementadas,permissions em recursos configurados; não genérico nos demais CRUDs,False,store.create gera audit/event,X-Idempotency-Key somente transacionais,parcial_estatico,,modules/shared/runtime.py:520
marketplace,disputes,list,GET,/resources/disputes,actor_from_headers obrigatório,papel sensível somente para leitura de terceiro sensível; demais CRUDs usam owner/operator,lista do actor; user_id de terceiro exige APPROVER_ROLES,não genérico; regras especiais por domínio quando implementadas,permissions em recursos configurados; não genérico nos demais CRUDs,False,leitura não auditada genericamente,não aplicável,parcial_estatico,,modules/shared/runtime.py:530
marketplace,disputes,read,GET,/resources/disputes/{resource_id},actor_from_headers obrigatório,papel sensível somente para leitura de terceiro sensível; demais CRUDs usam owner/operator,owner_or_operator antes da exposição,não genérico; regras especiais por domínio quando implementadas,permissions em recursos configurados; não genérico nos demais CRUDs,False,leitura não auditada genericamente,não aplicável,parcial_estatico,,modules/shared/runtime.py:543
marketplace,disputes,update,PATCH,/resources/disputes/{resource_id},actor_from_headers obrigatório,papel sensível somente para leitura de terceiro sensível; demais CRUDs usam owner/operator,owner_or_operator,não genérico; regras especiais por domínio quando implementadas,permissions em recursos configurados; não genérico nos demais CRUDs,False,store.update gera audit,não exigida genericamente,parcial_estatico,,modules/shared/runtime.py:565
marketplace,disputes,delete,DELETE,/resources/disputes/{resource_id},actor_from_headers obrigatório,papel sensível somente para leitura de terceiro sensível; demais CRUDs usam owner/operator,owner_or_operator; sensíveis/imutáveis bloqueados,não genérico; regras especiais por domínio quando implementadas,permissions em recursos configurados; não genérico nos demais CRUDs,False,soft_delete gera audit,não aplicável,parcial_estatico,,modules/shared/runtime.py:586
marketplace,pepita_grants,create,POST,/resources/pepita_grants,actor_from_headers obrigatório,papel sensível somente para leitura de terceiro sensível; demais CRUDs usam owner/operator,owner_or_operator,não genérico; regras especiais por domínio quando implementadas,permissions em recursos configurados; não genérico nos demais CRUDs,False,store.create gera audit/event,X-Idempotency-Key somente transacionais,parcial_estatico,,modules/shared/runtime.py:520
marketplace,pepita_grants,list,GET,/resources/pepita_grants,actor_from_headers obrigatório,papel sensível somente para leitura de terceiro sensível; demais CRUDs usam owner/operator,lista do actor; user_id de terceiro exige APPROVER_ROLES,não genérico; regras especiais por domínio quando implementadas,permissions em recursos configurados; não genérico nos demais CRUDs,False,leitura não auditada genericamente,não aplicável,parcial_estatico,,modules/shared/runtime.py:530
marketplace,pepita_grants,read,GET,/resources/pepita_grants/{resource_id},actor_from_headers obrigatório,papel sensível somente para leitura de terceiro sensível; demais CRUDs usam owner/operator,owner_or_operator antes da exposição,não genérico; regras especiais por domínio quando implementadas,permissions em recursos configurados; não genérico nos demais CRUDs,False,leitura não auditada genericamente,não aplicável,parcial_estatico,,modules/shared/runtime.py:543
marketplace,pepita_grants,update,PATCH,/resources/pepita_grants/{resource_id},actor_from_headers obrigatório,papel sensível somente para leitura de terceiro sensível; demais CRUDs usam owner/operator,owner_or_operator,não genérico; regras especiais por domínio quando implementadas,permissions em recursos configurados; não genérico nos demais CRUDs,False,store.update gera audit,não exigida genericamente,parcial_estatico,,modules/shared/runtime.py:565
marketplace,pepita_grants,delete,DELETE,/resources/pepita_grants/{resource_id},actor_from_headers obrigatório,papel sensível somente para leitura de terceiro sensível; demais CRUDs usam owner/operator,owner_or_operator; sensíveis/imutáveis bloqueados,não genérico; regras especiais por domínio quando implementadas,permissions em recursos configurados; não genérico nos demais CRUDs,False,soft_delete gera audit,não aplicável,parcial_estatico,,modules/shared/runtime.py:586
stock,suppliers,create,POST,/resources/suppliers,actor_from_headers obrigatório,papel sensível somente para leitura de terceiro sensível; demais CRUDs usam owner/operator,owner_or_operator,não genérico; regras especiais por domínio quando implementadas,permissions em recursos configurados; não genérico nos demais CRUDs,False,store.create gera audit/event,X-Idempotency-Key somente transacionais,parcial_estatico,,modules/shared/runtime.py:520
stock,suppliers,list,GET,/resources/suppliers,actor_from_headers obrigatório,papel sensível somente para leitura de terceiro sensível; demais CRUDs usam owner/operator,lista do actor; user_id de terceiro exige APPROVER_ROLES,não genérico; regras especiais por domínio quando implementadas,permissions em recursos configurados; não genérico nos demais CRUDs,False,leitura não auditada genericamente,não aplicável,parcial_estatico,,modules/shared/runtime.py:530
stock,suppliers,read,GET,/resources/suppliers/{resource_id},actor_from_headers obrigatório,papel sensível somente para leitura de terceiro sensível; demais CRUDs usam owner/operator,owner_or_operator antes da exposição,não genérico; regras especiais por domínio quando implementadas,permissions em recursos configurados; não genérico nos demais CRUDs,False,leitura não auditada genericamente,não aplicável,parcial_estatico,,modules/shared/runtime.py:543
stock,suppliers,update,PATCH,/resources/suppliers/{resource_id},actor_from_headers obrigatório,papel sensível somente para leitura de terceiro sensível; demais CRUDs usam owner/operator,owner_or_operator,não genérico; regras especiais por domínio quando implementadas,permissions em recursos configurados; não genérico nos demais CRUDs,False,store.update gera audit,não exigida genericamente,parcial_estatico,,modules/shared/runtime.py:565
stock,suppliers,delete,DELETE,/resources/suppliers/{resource_id},actor_from_headers obrigatório,papel sensível somente para leitura de terceiro sensível; demais CRUDs usam owner/operator,owner_or_operator; sensíveis/imutáveis bloqueados,não genérico; regras especiais por domínio quando implementadas,permissions em recursos configurados; não genérico nos demais CRUDs,False,soft_delete gera audit,não aplicável,parcial_estatico,,modules/shared/runtime.py:586
stock,catalog_products,create,POST,/resources/catalog_products,actor_from_headers obrigatório,papel sensível somente para leitura de terceiro sensível; demais CRUDs usam owner/operator,owner_or_operator,não genérico; regras especiais por domínio quando implementadas,permissions em recursos configurados; não genérico nos demais CRUDs,False,store.create gera audit/event,X-Idempotency-Key somente transacionais,parcial_estatico,tests/test_valley_ecosystem.py:100,modules/shared/runtime.py:520
stock,catalog_products,list,GET,/resources/catalog_products,actor_from_headers obrigatório,papel sensível somente para leitura de terceiro sensível; demais CRUDs usam owner/operator,lista do actor; user_id de terceiro exige APPROVER_ROLES,não genérico; regras especiais por domínio quando implementadas,permissions em recursos configurados; não genérico nos demais CRUDs,False,leitura não auditada genericamente,não aplicável,parcial_estatico,,modules/shared/runtime.py:530
stock,catalog_products,read,GET,/resources/catalog_products/{resource_id},actor_from_headers obrigatório,papel sensível somente para leitura de terceiro sensível; demais CRUDs usam owner/operator,owner_or_operator antes da exposição,não genérico; regras especiais por domínio quando implementadas,permissions em recursos configurados; não genérico nos demais CRUDs,False,leitura não auditada genericamente,não aplicável,parcial_estatico,,modules/shared/runtime.py:543
stock,catalog_products,update,PATCH,/resources/catalog_products/{resource_id},actor_from_headers obrigatório,papel sensível somente para leitura de terceiro sensível; demais CRUDs usam owner/operator,owner_or_operator,não genérico; regras especiais por domínio quando implementadas,permissions em recursos configurados; não genérico nos demais CRUDs,False,store.update gera audit,não exigida genericamente,parcial_estatico,,modules/shared/runtime.py:565
stock,catalog_products,delete,DELETE,/resources/catalog_products/{resource_id},actor_from_headers obrigatório,papel sensível somente para leitura de terceiro sensível; demais CRUDs usam owner/operator,owner_or_operator; sensíveis/imutáveis bloqueados,não genérico; regras especiais por domínio quando implementadas,permissions em recursos configurados; não genérico nos demais CRUDs,False,soft_delete gera audit,não aplicável,parcial_estatico,,modules/shared/runtime.py:586
stock,price_rules,create,POST,/resources/price_rules,actor_from_headers obrigatório,papel sensível somente para leitura de terceiro sensível; demais CRUDs usam owner/operator,owner_or_operator,não genérico; regras especiais por domínio quando implementadas,permissions em recursos configurados; não genérico nos demais CRUDs,False,store.create gera audit/event,X-Idempotency-Key somente transacionais,parcial_estatico,,modules/shared/runtime.py:520
stock,price_rules,list,GET,/resources/price_rules,actor_from_headers obrigatório,papel sensível somente para leitura de terceiro sensível; demais CRUDs usam owner/operator,lista do actor; user_id de terceiro exige APPROVER_ROLES,não genérico; regras especiais por domínio quando implementadas,permissions em recursos configurados; não genérico nos demais CRUDs,False,leitura não auditada genericamente,não aplicável,parcial_estatico,,modules/shared/runtime.py:530
stock,price_rules,read,GET,/resources/price_rules/{resource_id},actor_from_headers obrigatório,papel sensível somente para leitura de terceiro sensível; demais CRUDs usam owner/operator,owner_or_operator antes da exposição,não genérico; regras especiais por domínio quando implementadas,permissions em recursos configurados; não genérico nos demais CRUDs,False,leitura não auditada genericamente,não aplicável,parcial_estatico,,modules/shared/runtime.py:543
stock,price_rules,update,PATCH,/resources/price_rules/{resource_id},actor_from_headers obrigatório,papel sensível somente para leitura de terceiro sensível; demais CRUDs usam owner/operator,owner_or_operator,não genérico; regras especiais por domínio quando implementadas,permissions em recursos configurados; não genérico nos demais CRUDs,False,store.update gera audit,não exigida genericamente,parcial_estatico,,modules/shared/runtime.py:565
stock,price_rules,delete,DELETE,/resources/price_rules/{resource_id},actor_from_headers obrigatório,papel sensível somente para leitura de terceiro sensível; demais CRUDs usam owner/operator,owner_or_operator; sensíveis/imutáveis bloqueados,não genérico; regras especiais por domínio quando implementadas,permissions em recursos configurados; não genérico nos demais CRUDs,False,soft_delete gera audit,não aplicável,parcial_estatico,,modules/shared/runtime.py:586
stock,supplier_orders,create,POST,/resources/supplier_orders,actor_from_headers obrigatório,papel sensível somente para leitura de terceiro sensível; demais CRUDs usam owner/operator,owner_or_operator,não genérico; regras especiais por domínio quando implementadas,permissions em recursos configurados; não genérico nos demais CRUDs,False,store.create gera audit/event,X-Idempotency-Key somente transacionais,parcial_estatico,tests/test_valley_ecosystem.py:160,modules/shared/runtime.py:520
stock,supplier_orders,list,GET,/resources/supplier_orders,actor_from_headers obrigatório,papel sensível somente para leitura de terceiro sensível; demais CRUDs usam owner/operator,lista do actor; user_id de terceiro exige APPROVER_ROLES,não genérico; regras especiais por domínio quando implementadas,permissions em recursos configurados; não genérico nos demais CRUDs,False,leitura não auditada genericamente,não aplicável,parcial_estatico,,modules/shared/runtime.py:530
stock,supplier_orders,read,GET,/resources/supplier_orders/{resource_id},actor_from_headers obrigatório,papel sensível somente para leitura de terceiro sensível; demais CRUDs usam owner/operator,owner_or_operator antes da exposição,não genérico; regras especiais por domínio quando implementadas,permissions em recursos configurados; não genérico nos demais CRUDs,False,leitura não auditada genericamente,não aplicável,parcial_estatico,,modules/shared/runtime.py:543
stock,supplier_orders,update,PATCH,/resources/supplier_orders/{resource_id},actor_from_headers obrigatório,papel sensível somente para leitura de terceiro sensível; demais CRUDs usam owner/operator,owner_or_operator,não genérico; regras especiais por domínio quando implementadas,permissions em recursos configurados; não genérico nos demais CRUDs,False,store.update gera audit,não exigida genericamente,parcial_estatico,,modules/shared/runtime.py:565
stock,supplier_orders,delete,DELETE,/resources/supplier_orders/{resource_id},actor_from_headers obrigatório,papel sensível somente para leitura de terceiro sensível; demais CRUDs usam owner/operator,owner_or_operator; sensíveis/imutáveis bloqueados,não genérico; regras especiais por domínio quando implementadas,permissions em recursos configurados; não genérico nos demais CRUDs,False,soft_delete gera audit,não aplicável,parcial_estatico,,modules/shared/runtime.py:586
stock,discount_quotes,create,POST,/resources/discount_quotes,actor_from_headers obrigatório,papel sensível somente para leitura de terceiro sensível; demais CRUDs usam owner/operator,owner_or_operator,não genérico; regras especiais por domínio quando implementadas,permissions em recursos configurados; não genérico nos demais CRUDs,False,store.create gera audit/event,X-Idempotency-Key somente transacionais,parcial_estatico,,modules/shared/runtime.py:520
stock,discount_quotes,list,GET,/resources/discount_quotes,actor_from_headers obrigatório,papel sensível somente para leitura de terceiro sensível; demais CRUDs usam owner/operator,lista do actor; user_id de terceiro exige APPROVER_ROLES,não genérico; regras especiais por domínio quando implementadas,permissions em recursos configurados; não genérico nos demais CRUDs,False,leitura não auditada genericamente,não aplicável,parcial_estatico,,modules/shared/runtime.py:530
stock,discount_quotes,read,GET,/resources/discount_quotes/{resource_id},actor_from_headers obrigatório,papel sensível somente para leitura de terceiro sensível; demais CRUDs usam owner/operator,owner_or_operator antes da exposição,não genérico; regras especiais por domínio quando implementadas,permissions em recursos configurados; não genérico nos demais CRUDs,False,leitura não auditada genericamente,não aplicável,parcial_estatico,,modules/shared/runtime.py:543
stock,discount_quotes,update,PATCH,/resources/discount_quotes/{resource_id},actor_from_headers obrigatório,papel sensível somente para leitura de terceiro sensível; demais CRUDs usam owner/operator,owner_or_operator,não genérico; regras especiais por domínio quando implementadas,permissions em recursos configurados; não genérico nos demais CRUDs,False,store.update gera audit,não exigida genericamente,parcial_estatico,,modules/shared/runtime.py:565
stock,discount_quotes,delete,DELETE,/resources/discount_quotes/{resource_id},actor_from_headers obrigatório,papel sensível somente para leitura de terceiro sensível; demais CRUDs usam owner/operator,owner_or_operator; sensíveis/imutáveis bloqueados,não genérico; regras especiais por domínio quando implementadas,permissions em recursos configurados; não genérico nos demais CRUDs,False,soft_delete gera audit,não aplicável,parcial_estatico,,modules/shared/runtime.py:586
delivery,delivery_requests,create,POST,/resources/delivery_requests,actor_from_headers obrigatório,papel sensível somente para leitura de terceiro sensível; demais CRUDs usam owner/operator,owner_or_operator,não genérico; regras especiais por domínio quando implementadas,permissions em recursos configurados; não genérico nos demais CRUDs,False,store.create gera audit/event,X-Idempotency-Key somente transacionais,parcial_estatico,tests/test_correlation_id.py:67;tests/test_operational_journeys.py:39,modules/shared/runtime.py:520
delivery,delivery_requests,list,GET,/resources/delivery_requests,actor_from_headers obrigatório,papel sensível somente para leitura de terceiro sensível; demais CRUDs usam owner/operator,lista do actor; user_id de terceiro exige APPROVER_ROLES,não genérico; regras especiais por domínio quando implementadas,permissions em recursos configurados; não genérico nos demais CRUDs,False,leitura não auditada genericamente,não aplicável,parcial_estatico,,modules/shared/runtime.py:530
delivery,delivery_requests,read,GET,/resources/delivery_requests/{resource_id},actor_from_headers obrigatório,papel sensível somente para leitura de terceiro sensível; demais CRUDs usam owner/operator,owner_or_operator antes da exposição,não genérico; regras especiais por domínio quando implementadas,permissions em recursos configurados; não genérico nos demais CRUDs,False,leitura não auditada genericamente,não aplicável,parcial_estatico,,modules/shared/runtime.py:543
delivery,delivery_requests,update,PATCH,/resources/delivery_requests/{resource_id},actor_from_headers obrigatório,papel sensível somente para leitura de terceiro sensível; demais CRUDs usam owner/operator,owner_or_operator,não genérico; regras especiais por domínio quando implementadas,permissions em recursos configurados; não genérico nos demais CRUDs,False,store.update gera audit,não exigida genericamente,parcial_estatico,,modules/shared/runtime.py:565
delivery,delivery_requests,delete,DELETE,/resources/delivery_requests/{resource_id},actor_from_headers obrigatório,papel sensível somente para leitura de terceiro sensível; demais CRUDs usam owner/operator,owner_or_operator; sensíveis/imutáveis bloqueados,não genérico; regras especiais por domínio quando implementadas,permissions em recursos configurados; não genérico nos demais CRUDs,False,soft_delete gera audit,não aplicável,parcial_estatico,,modules/shared/runtime.py:586
delivery,quotes,create,POST,/resources/quotes,actor_from_headers obrigatório,papel sensível somente para leitura de terceiro sensível; demais CRUDs usam owner/operator,owner_or_operator,não genérico; regras especiais por domínio quando implementadas,permissions em recursos configurados; não genérico nos demais CRUDs,False,store.create gera audit/event,X-Idempotency-Key somente transacionais,parcial_estatico,,modules/shared/runtime.py:520
delivery,quotes,list,GET,/resources/quotes,actor_from_headers obrigatório,papel sensível somente para leitura de terceiro sensível; demais CRUDs usam owner/operator,lista do actor; user_id de terceiro exige APPROVER_ROLES,não genérico; regras especiais por domínio quando implementadas,permissions em recursos configurados; não genérico nos demais CRUDs,False,leitura não auditada genericamente,não aplicável,parcial_estatico,,modules/shared/runtime.py:530
delivery,quotes,read,GET,/resources/quotes/{resource_id},actor_from_headers obrigatório,papel sensível somente para leitura de terceiro sensível; demais CRUDs usam owner/operator,owner_or_operator antes da exposição,não genérico; regras especiais por domínio quando implementadas,permissions em recursos configurados; não genérico nos demais CRUDs,False,leitura não auditada genericamente,não aplicável,parcial_estatico,,modules/shared/runtime.py:543
delivery,quotes,update,PATCH,/resources/quotes/{resource_id},actor_from_headers obrigatório,papel sensível somente para leitura de terceiro sensível; demais CRUDs usam owner/operator,owner_or_operator,não genérico; regras especiais por domínio quando implementadas,permissions em recursos configurados; não genérico nos demais CRUDs,False,store.update gera audit,não exigida genericamente,parcial_estatico,,modules/shared/runtime.py:565
delivery,quotes,delete,DELETE,/resources/quotes/{resource_id},actor_from_headers obrigatório,papel sensível somente para leitura de terceiro sensível; demais CRUDs usam owner/operator,owner_or_operator; sensíveis/imutáveis bloqueados,não genérico; regras especiais por domínio quando implementadas,permissions em recursos configurados; não genérico nos demais CRUDs,False,soft_delete gera audit,não aplicável,parcial_estatico,,modules/shared/runtime.py:586
delivery,assignments,create,POST,/resources/assignments,actor_from_headers obrigatório,papel sensível somente para leitura de terceiro sensível; demais CRUDs usam owner/operator,owner_or_operator,não genérico; regras especiais por domínio quando implementadas,permissions em recursos configurados; não genérico nos demais CRUDs,False,store.create gera audit/event,X-Idempotency-Key somente transacionais,parcial_estatico,,modules/shared/runtime.py:520
delivery,assignments,list,GET,/resources/assignments,actor_from_headers obrigatório,papel sensível somente para leitura de terceiro sensível; demais CRUDs usam owner/operator,lista do actor; user_id de terceiro exige APPROVER_ROLES,não genérico; regras especiais por domínio quando implementadas,permissions em recursos configurados; não genérico nos demais CRUDs,False,leitura não auditada genericamente,não aplicável,parcial_estatico,,modules/shared/runtime.py:530
delivery,assignments,read,GET,/resources/assignments/{resource_id},actor_from_headers obrigatório,papel sensível somente para leitura de terceiro sensível; demais CRUDs usam owner/operator,owner_or_operator antes da exposição,não genérico; regras especiais por domínio quando implementadas,permissions em recursos configurados; não genérico nos demais CRUDs,False,leitura não auditada genericamente,não aplicável,parcial_estatico,,modules/shared/runtime.py:543
delivery,assignments,update,PATCH,/resources/assignments/{resource_id},actor_from_headers obrigatório,papel sensível somente para leitura de terceiro sensível; demais CRUDs usam owner/operator,owner_or_operator,não genérico; regras especiais por domínio quando implementadas,permissions em recursos configurados; não genérico nos demais CRUDs,False,store.update gera audit,não exigida genericamente,parcial_estatico,,modules/shared/runtime.py:565
delivery,assignments,delete,DELETE,/resources/assignments/{resource_id},actor_from_headers obrigatório,papel sensível somente para leitura de terceiro sensível; demais CRUDs usam owner/operator,owner_or_operator; sensíveis/imutáveis bloqueados,não genérico; regras especiais por domínio quando implementadas,permissions em recursos configurados; não genérico nos demais CRUDs,False,soft_delete gera audit,não aplicável,parcial_estatico,,modules/shared/runtime.py:586
delivery,proofs,create,POST,/resources/proofs,actor_from_headers obrigatório,papel sensível somente para leitura de terceiro sensível; demais CRUDs usam owner/operator,owner_or_operator,não genérico; regras especiais por domínio quando implementadas,permissions em recursos configurados; não genérico nos demais CRUDs,True,store.create gera audit/event,X-Idempotency-Key somente transacionais,parcial_estatico,tests/test_operational_journeys.py:82,modules/shared/runtime.py:520
delivery,proofs,list,GET,/resources/proofs,actor_from_headers obrigatório,papel sensível somente para leitura de terceiro sensível; demais CRUDs usam owner/operator,lista do actor; user_id de terceiro exige APPROVER_ROLES,não genérico; regras especiais por domínio quando implementadas,permissions em recursos configurados; não genérico nos demais CRUDs,True,leitura não auditada genericamente,não aplicável,parcial_estatico,,modules/shared/runtime.py:530
delivery,proofs,read,GET,/resources/proofs/{resource_id},actor_from_headers obrigatório,papel sensível somente para leitura de terceiro sensível; demais CRUDs usam owner/operator,owner_or_operator antes da exposição,não genérico; regras especiais por domínio quando implementadas,permissions em recursos configurados; não genérico nos demais CRUDs,True,leitura não auditada genericamente,não aplicável,parcial_estatico,,modules/shared/runtime.py:543
delivery,proofs,update,PATCH,/resources/proofs/{resource_id},actor_from_headers obrigatório,papel sensível somente para leitura de terceiro sensível; demais CRUDs usam owner/operator,owner_or_operator,não genérico; regras especiais por domínio quando implementadas,permissions em recursos configurados; não genérico nos demais CRUDs,True,store.update gera audit,não exigida genericamente,parcial_estatico,,modules/shared/runtime.py:565
delivery,proofs,delete,DELETE,/resources/proofs/{resource_id},actor_from_headers obrigatório,papel sensível somente para leitura de terceiro sensível; demais CRUDs usam owner/operator,owner_or_operator; sensíveis/imutáveis bloqueados,não genérico; regras especiais por domínio quando implementadas,permissions em recursos configurados; não genérico nos demais CRUDs,True,soft_delete gera audit,não aplicável,parcial_estatico,tests/test_operational_journeys.py:101,modules/shared/runtime.py:586
delivery,insurance_options,create,POST,/resources/insurance_options,actor_from_headers obrigatório,papel sensível somente para leitura de terceiro sensível; demais CRUDs usam owner/operator,owner_or_operator,não genérico; regras especiais por domínio quando implementadas,permissions em recursos configurados; não genérico nos demais CRUDs,False,store.create gera audit/event,X-Idempotency-Key somente transacionais,parcial_estatico,,modules/shared/runtime.py:520
delivery,insurance_options,list,GET,/resources/insurance_options,actor_from_headers obrigatório,papel sensível somente para leitura de terceiro sensível; demais CRUDs usam owner/operator,lista do actor; user_id de terceiro exige APPROVER_ROLES,não genérico; regras especiais por domínio quando implementadas,permissions em recursos configurados; não genérico nos demais CRUDs,False,leitura não auditada genericamente,não aplicável,parcial_estatico,,modules/shared/runtime.py:530
delivery,insurance_options,read,GET,/resources/insurance_options/{resource_id},actor_from_headers obrigatório,papel sensível somente para leitura de terceiro sensível; demais CRUDs usam owner/operator,owner_or_operator antes da exposição,não genérico; regras especiais por domínio quando implementadas,permissions em recursos configurados; não genérico nos demais CRUDs,False,leitura não auditada genericamente,não aplicável,parcial_estatico,,modules/shared/runtime.py:543
delivery,insurance_options,update,PATCH,/resources/insurance_options/{resource_id},actor_from_headers obrigatório,papel sensível somente para leitura de terceiro sensível; demais CRUDs usam owner/operator,owner_or_operator,não genérico; regras especiais por domínio quando implementadas,permissions em recursos configurados; não genérico nos demais CRUDs,False,store.update gera audit,não exigida genericamente,parcial_estatico,,modules/shared/runtime.py:565
delivery,insurance_options,delete,DELETE,/resources/insurance_options/{resource_id},actor_from_headers obrigatório,papel sensível somente para leitura de terceiro sensível; demais CRUDs usam owner/operator,owner_or_operator; sensíveis/imutáveis bloqueados,não genérico; regras especiais por domínio quando implementadas,permissions em recursos configurados; não genérico nos demais CRUDs,False,soft_delete gera audit,não aplicável,parcial_estatico,,modules/shared/runtime.py:586
riders,rider_profiles,create,POST,/resources/rider_profiles,actor_from_headers obrigatório,papel sensível somente para leitura de terceiro sensível; demais CRUDs usam owner/operator,owner_or_operator,não genérico; regras especiais por domínio quando implementadas,permissions em recursos configurados; não genérico nos demais CRUDs,True,store.create gera audit/event,X-Idempotency-Key somente transacionais,parcial_estatico,tests/test_operational_journeys.py:119,modules/shared/runtime.py:520
riders,rider_profiles,list,GET,/resources/rider_profiles,actor_from_headers obrigatório,papel sensível somente para leitura de terceiro sensível; demais CRUDs usam owner/operator,lista do actor; user_id de terceiro exige APPROVER_ROLES,não genérico; regras especiais por domínio quando implementadas,permissions em recursos configurados; não genérico nos demais CRUDs,True,leitura não auditada genericamente,não aplicável,parcial_estatico,,modules/shared/runtime.py:530
riders,rider_profiles,read,GET,/resources/rider_profiles/{resource_id},actor_from_headers obrigatório,papel sensível somente para leitura de terceiro sensível; demais CRUDs usam owner/operator,owner_or_operator antes da exposição,não genérico; regras especiais por domínio quando implementadas,permissions em recursos configurados; não genérico nos demais CRUDs,True,leitura não auditada genericamente,não aplicável,parcial_estatico,,modules/shared/runtime.py:543
riders,rider_profiles,update,PATCH,/resources/rider_profiles/{resource_id},actor_from_headers obrigatório,papel sensível somente para leitura de terceiro sensível; demais CRUDs usam owner/operator,owner_or_operator,não genérico; regras especiais por domínio quando implementadas,permissions em recursos configurados; não genérico nos demais CRUDs,True,store.update gera audit,não exigida genericamente,parcial_estatico,,modules/shared/runtime.py:565
riders,rider_profiles,delete,DELETE,/resources/rider_profiles/{resource_id},actor_from_headers obrigatório,papel sensível somente para leitura de terceiro sensível; demais CRUDs usam owner/operator,owner_or_operator; sensíveis/imutáveis bloqueados,não genérico; regras especiais por domínio quando implementadas,permissions em recursos configurados; não genérico nos demais CRUDs,True,soft_delete gera audit,não aplicável,parcial_estatico,,modules/shared/runtime.py:586
riders,rider_documents,create,POST,/resources/rider_documents,actor_from_headers obrigatório,papel sensível somente para leitura de terceiro sensível; demais CRUDs usam owner/operator,owner_or_operator,não genérico; regras especiais por domínio quando implementadas,permissions em recursos configurados; não genérico nos demais CRUDs,False,store.create gera audit/event,X-Idempotency-Key somente transacionais,parcial_estatico,,modules/shared/runtime.py:520
riders,rider_documents,list,GET,/resources/rider_documents,actor_from_headers obrigatório,papel sensível somente para leitura de terceiro sensível; demais CRUDs usam owner/operator,lista do actor; user_id de terceiro exige APPROVER_ROLES,não genérico; regras especiais por domínio quando implementadas,permissions em recursos configurados; não genérico nos demais CRUDs,False,leitura não auditada genericamente,não aplicável,parcial_estatico,,modules/shared/runtime.py:530
riders,rider_documents,read,GET,/resources/rider_documents/{resource_id},actor_from_headers obrigatório,papel sensível somente para leitura de terceiro sensível; demais CRUDs usam owner/operator,owner_or_operator antes da exposição,não genérico; regras especiais por domínio quando implementadas,permissions em recursos configurados; não genérico nos demais CRUDs,False,leitura não auditada genericamente,não aplicável,parcial_estatico,,modules/shared/runtime.py:543
riders,rider_documents,update,PATCH,/resources/rider_documents/{resource_id},actor_from_headers obrigatório,papel sensível somente para leitura de terceiro sensível; demais CRUDs usam owner/operator,owner_or_operator,não genérico; regras especiais por domínio quando implementadas,permissions em recursos configurados; não genérico nos demais CRUDs,False,store.update gera audit,não exigida genericamente,parcial_estatico,,modules/shared/runtime.py:565
riders,rider_documents,delete,DELETE,/resources/rider_documents/{resource_id},actor_from_headers obrigatório,papel sensível somente para leitura de terceiro sensível; demais CRUDs usam owner/operator,owner_or_operator; sensíveis/imutáveis bloqueados,não genérico; regras especiais por domínio quando implementadas,permissions em recursos configurados; não genérico nos demais CRUDs,False,soft_delete gera audit,não aplicável,parcial_estatico,,modules/shared/runtime.py:586
riders,vehicles,create,POST,/resources/vehicles,actor_from_headers obrigatório,papel sensível somente para leitura de terceiro sensível; demais CRUDs usam owner/operator,owner_or_operator,não genérico; regras especiais por domínio quando implementadas,permissions em recursos configurados; não genérico nos demais CRUDs,False,store.create gera audit/event,X-Idempotency-Key somente transacionais,parcial_estatico,tests/test_operational_journeys.py:159,modules/shared/runtime.py:520
riders,vehicles,list,GET,/resources/vehicles,actor_from_headers obrigatório,papel sensível somente para leitura de terceiro sensível; demais CRUDs usam owner/operator,lista do actor; user_id de terceiro exige APPROVER_ROLES,não genérico; regras especiais por domínio quando implementadas,permissions em recursos configurados; não genérico nos demais CRUDs,False,leitura não auditada genericamente,não aplicável,parcial_estatico,,modules/shared/runtime.py:530
riders,vehicles,read,GET,/resources/vehicles/{resource_id},actor_from_headers obrigatório,papel sensível somente para leitura de terceiro sensível; demais CRUDs usam owner/operator,owner_or_operator antes da exposição,não genérico; regras especiais por domínio quando implementadas,permissions em recursos configurados; não genérico nos demais CRUDs,False,leitura não auditada genericamente,não aplicável,parcial_estatico,,modules/shared/runtime.py:543
riders,vehicles,update,PATCH,/resources/vehicles/{resource_id},actor_from_headers obrigatório,papel sensível somente para leitura de terceiro sensível; demais CRUDs usam owner/operator,owner_or_operator,não genérico; regras especiais por domínio quando implementadas,permissions em recursos configurados; não genérico nos demais CRUDs,False,store.update gera audit,não exigida genericamente,parcial_estatico,,modules/shared/runtime.py:565
riders,vehicles,delete,DELETE,/resources/vehicles/{resource_id},actor_from_headers obrigatório,papel sensível somente para leitura de terceiro sensível; demais CRUDs usam owner/operator,owner_or_operator; sensíveis/imutáveis bloqueados,não genérico; regras especiais por domínio quando implementadas,permissions em recursos configurados; não genérico nos demais CRUDs,False,soft_delete gera audit,não aplicável,parcial_estatico,,modules/shared/runtime.py:586
riders,rider_reviews,create,POST,/resources/rider_reviews,actor_from_headers obrigatório,papel sensível somente para leitura de terceiro sensível; demais CRUDs usam owner/operator,owner_or_operator,não genérico; regras especiais por domínio quando implementadas,permissions em recursos configurados; não genérico nos demais CRUDs,False,store.create gera audit/event,X-Idempotency-Key somente transacionais,parcial_estatico,,modules/shared/runtime.py:520
riders,rider_reviews,list,GET,/resources/rider_reviews,actor_from_headers obrigatório,papel sensível somente para leitura de terceiro sensível; demais CRUDs usam owner/operator,lista do actor; user_id de terceiro exige APPROVER_ROLES,não genérico; regras especiais por domínio quando implementadas,permissions em recursos configurados; não genérico nos demais CRUDs,False,leitura não auditada genericamente,não aplicável,parcial_estatico,,modules/shared/runtime.py:530
riders,rider_reviews,read,GET,/resources/rider_reviews/{resource_id},actor_from_headers obrigatório,papel sensível somente para leitura de terceiro sensível; demais CRUDs usam owner/operator,owner_or_operator antes da exposição,não genérico; regras especiais por domínio quando implementadas,permissions em recursos configurados; não genérico nos demais CRUDs,False,leitura não auditada genericamente,não aplicável,parcial_estatico,,modules/shared/runtime.py:543
riders,rider_reviews,update,PATCH,/resources/rider_reviews/{resource_id},actor_from_headers obrigatório,papel sensível somente para leitura de terceiro sensível; demais CRUDs usam owner/operator,owner_or_operator,não genérico; regras especiais por domínio quando implementadas,permissions em recursos configurados; não genérico nos demais CRUDs,False,store.update gera audit,não exigida genericamente,parcial_estatico,,modules/shared/runtime.py:565
riders,rider_reviews,delete,DELETE,/resources/rider_reviews/{resource_id},actor_from_headers obrigatório,papel sensível somente para leitura de terceiro sensível; demais CRUDs usam owner/operator,owner_or_operator; sensíveis/imutáveis bloqueados,não genérico; regras especiais por domínio quando implementadas,permissions em recursos configurados; não genérico nos demais CRUDs,False,soft_delete gera audit,não aplicável,parcial_estatico,,modules/shared/runtime.py:586
services,providers,create,POST,/resources/providers,actor_from_headers obrigatório,papel sensível somente para leitura de terceiro sensível; demais CRUDs usam owner/operator,owner_or_operator,não genérico; regras especiais por domínio quando implementadas,permissions em recursos configurados; não genérico nos demais CRUDs,False,store.create gera audit/event,X-Idempotency-Key somente transacionais,parcial_estatico,tests/test_correlation_id.py:49;tests/test_operational_journeys.py:187;tests/test_valley_catalog.py:210,modules/shared/runtime.py:520
services,providers,list,GET,/resources/providers,actor_from_headers obrigatório,papel sensível somente para leitura de terceiro sensível; demais CRUDs usam owner/operator,lista do actor; user_id de terceiro exige APPROVER_ROLES,não genérico; regras especiais por domínio quando implementadas,permissions em recursos configurados; não genérico nos demais CRUDs,False,leitura não auditada genericamente,não aplicável,parcial_estatico,,modules/shared/runtime.py:530
services,providers,read,GET,/resources/providers/{resource_id},actor_from_headers obrigatório,papel sensível somente para leitura de terceiro sensível; demais CRUDs usam owner/operator,owner_or_operator antes da exposição,não genérico; regras especiais por domínio quando implementadas,permissions em recursos configurados; não genérico nos demais CRUDs,False,leitura não auditada genericamente,não aplicável,parcial_estatico,,modules/shared/runtime.py:543
services,providers,update,PATCH,/resources/providers/{resource_id},actor_from_headers obrigatório,papel sensível somente para leitura de terceiro sensível; demais CRUDs usam owner/operator,owner_or_operator,não genérico; regras especiais por domínio quando implementadas,permissions em recursos configurados; não genérico nos demais CRUDs,False,store.update gera audit,não exigida genericamente,parcial_estatico,,modules/shared/runtime.py:565
services,providers,delete,DELETE,/resources/providers/{resource_id},actor_from_headers obrigatório,papel sensível somente para leitura de terceiro sensível; demais CRUDs usam owner/operator,owner_or_operator; sensíveis/imutáveis bloqueados,não genérico; regras especiais por domínio quando implementadas,permissions em recursos configurados; não genérico nos demais CRUDs,False,soft_delete gera audit,não aplicável,parcial_estatico,,modules/shared/runtime.py:586
services,visits,create,POST,/resources/visits,actor_from_headers obrigatório,papel sensível somente para leitura de terceiro sensível; demais CRUDs usam owner/operator,owner_or_operator,não genérico; regras especiais por domínio quando implementadas,permissions em recursos configurados; não genérico nos demais CRUDs,False,store.create gera audit/event,X-Idempotency-Key somente transacionais,parcial_estatico,,modules/shared/runtime.py:520
services,visits,list,GET,/resources/visits,actor_from_headers obrigatório,papel sensível somente para leitura de terceiro sensível; demais CRUDs usam owner/operator,lista do actor; user_id de terceiro exige APPROVER_ROLES,não genérico; regras especiais por domínio quando implementadas,permissions em recursos configurados; não genérico nos demais CRUDs,False,leitura não auditada genericamente,não aplicável,parcial_estatico,,modules/shared/runtime.py:530
services,visits,read,GET,/resources/visits/{resource_id},actor_from_headers obrigatório,papel sensível somente para leitura de terceiro sensível; demais CRUDs usam owner/operator,owner_or_operator antes da exposição,não genérico; regras especiais por domínio quando implementadas,permissions em recursos configurados; não genérico nos demais CRUDs,False,leitura não auditada genericamente,não aplicável,parcial_estatico,,modules/shared/runtime.py:543
services,visits,update,PATCH,/resources/visits/{resource_id},actor_from_headers obrigatório,papel sensível somente para leitura de terceiro sensível; demais CRUDs usam owner/operator,owner_or_operator,não genérico; regras especiais por domínio quando implementadas,permissions em recursos configurados; não genérico nos demais CRUDs,False,store.update gera audit,não exigida genericamente,parcial_estatico,,modules/shared/runtime.py:565
services,visits,delete,DELETE,/resources/visits/{resource_id},actor_from_headers obrigatório,papel sensível somente para leitura de terceiro sensível; demais CRUDs usam owner/operator,owner_or_operator; sensíveis/imutáveis bloqueados,não genérico; regras especiais por domínio quando implementadas,permissions em recursos configurados; não genérico nos demais CRUDs,False,soft_delete gera audit,não aplicável,parcial_estatico,,modules/shared/runtime.py:586
services,quotes,create,POST,/resources/quotes,actor_from_headers obrigatório,papel sensível somente para leitura de terceiro sensível; demais CRUDs usam owner/operator,owner_or_operator,não genérico; regras especiais por domínio quando implementadas,permissions em recursos configurados; não genérico nos demais CRUDs,False,store.create gera audit/event,X-Idempotency-Key somente transacionais,parcial_estatico,,modules/shared/runtime.py:520
services,quotes,list,GET,/resources/quotes,actor_from_headers obrigatório,papel sensível somente para leitura de terceiro sensível; demais CRUDs usam owner/operator,lista do actor; user_id de terceiro exige APPROVER_ROLES,não genérico; regras especiais por domínio quando implementadas,permissions em recursos configurados; não genérico nos demais CRUDs,False,leitura não auditada genericamente,não aplicável,parcial_estatico,,modules/shared/runtime.py:530
services,quotes,read,GET,/resources/quotes/{resource_id},actor_from_headers obrigatório,papel sensível somente para leitura de terceiro sensível; demais CRUDs usam owner/operator,owner_or_operator antes da exposição,não genérico; regras especiais por domínio quando implementadas,permissions em recursos configurados; não genérico nos demais CRUDs,False,leitura não auditada genericamente,não aplicável,parcial_estatico,,modules/shared/runtime.py:543
services,quotes,update,PATCH,/resources/quotes/{resource_id},actor_from_headers obrigatório,papel sensível somente para leitura de terceiro sensível; demais CRUDs usam owner/operator,owner_or_operator,não genérico; regras especiais por domínio quando implementadas,permissions em recursos configurados; não genérico nos demais CRUDs,False,store.update gera audit,não exigida genericamente,parcial_estatico,,modules/shared/runtime.py:565
services,quotes,delete,DELETE,/resources/quotes/{resource_id},actor_from_headers obrigatório,papel sensível somente para leitura de terceiro sensível; demais CRUDs usam owner/operator,owner_or_operator; sensíveis/imutáveis bloqueados,não genérico; regras especiais por domínio quando implementadas,permissions em recursos configurados; não genérico nos demais CRUDs,False,soft_delete gera audit,não aplicável,parcial_estatico,,modules/shared/runtime.py:586
services,service_contracts,create,POST,/resources/service_contracts,actor_from_headers obrigatório,papel sensível somente para leitura de terceiro sensível; demais CRUDs usam owner/operator,owner_or_operator,não genérico; regras especiais por domínio quando implementadas,permissions em recursos configurados; não genérico nos demais CRUDs,False,store.create gera audit/event,X-Idempotency-Key somente transacionais,parcial_estatico,tests/test_operational_journeys.py:203,modules/shared/runtime.py:520
services,service_contracts,list,GET,/resources/service_contracts,actor_from_headers obrigatório,papel sensível somente para leitura de terceiro sensível; demais CRUDs usam owner/operator,lista do actor; user_id de terceiro exige APPROVER_ROLES,não genérico; regras especiais por domínio quando implementadas,permissions em recursos configurados; não genérico nos demais CRUDs,False,leitura não auditada genericamente,não aplicável,parcial_estatico,,modules/shared/runtime.py:530
services,service_contracts,read,GET,/resources/service_contracts/{resource_id},actor_from_headers obrigatório,papel sensível somente para leitura de terceiro sensível; demais CRUDs usam owner/operator,owner_or_operator antes da exposição,não genérico; regras especiais por domínio quando implementadas,permissions em recursos configurados; não genérico nos demais CRUDs,False,leitura não auditada genericamente,não aplicável,parcial_estatico,,modules/shared/runtime.py:543
services,service_contracts,update,PATCH,/resources/service_contracts/{resource_id},actor_from_headers obrigatório,papel sensível somente para leitura de terceiro sensível; demais CRUDs usam owner/operator,owner_or_operator,não genérico; regras especiais por domínio quando implementadas,permissions em recursos configurados; não genérico nos demais CRUDs,False,store.update gera audit,não exigida genericamente,parcial_estatico,,modules/shared/runtime.py:565
services,service_contracts,delete,DELETE,/resources/service_contracts/{resource_id},actor_from_headers obrigatório,papel sensível somente para leitura de terceiro sensível; demais CRUDs usam owner/operator,owner_or_operator; sensíveis/imutáveis bloqueados,não genérico; regras especiais por domínio quando implementadas,permissions em recursos configurados; não genérico nos demais CRUDs,False,soft_delete gera audit,não aplicável,parcial_estatico,,modules/shared/runtime.py:586
services,evidence,create,POST,/resources/evidence,actor_from_headers obrigatório,papel sensível somente para leitura de terceiro sensível; demais CRUDs usam owner/operator,owner_or_operator,não genérico; regras especiais por domínio quando implementadas,permissions em recursos configurados; não genérico nos demais CRUDs,False,store.create gera audit/event,X-Idempotency-Key somente transacionais,parcial_estatico,,modules/shared/runtime.py:520
services,evidence,list,GET,/resources/evidence,actor_from_headers obrigatório,papel sensível somente para leitura de terceiro sensível; demais CRUDs usam owner/operator,lista do actor; user_id de terceiro exige APPROVER_ROLES,não genérico; regras especiais por domínio quando implementadas,permissions em recursos configurados; não genérico nos demais CRUDs,False,leitura não auditada genericamente,não aplicável,parcial_estatico,,modules/shared/runtime.py:530
services,evidence,read,GET,/resources/evidence/{resource_id},actor_from_headers obrigatório,papel sensível somente para leitura de terceiro sensível; demais CRUDs usam owner/operator,owner_or_operator antes da exposição,não genérico; regras especiais por domínio quando implementadas,permissions em recursos configurados; não genérico nos demais CRUDs,False,leitura não auditada genericamente,não aplicável,parcial_estatico,,modules/shared/runtime.py:543
services,evidence,update,PATCH,/resources/evidence/{resource_id},actor_from_headers obrigatório,papel sensível somente para leitura de terceiro sensível; demais CRUDs usam owner/operator,owner_or_operator,não genérico; regras especiais por domínio quando implementadas,permissions em recursos configurados; não genérico nos demais CRUDs,False,store.update gera audit,não exigida genericamente,parcial_estatico,,modules/shared/runtime.py:565
services,evidence,delete,DELETE,/resources/evidence/{resource_id},actor_from_headers obrigatório,papel sensível somente para leitura de terceiro sensível; demais CRUDs usam owner/operator,owner_or_operator; sensíveis/imutáveis bloqueados,não genérico; regras especiais por domínio quando implementadas,permissions em recursos configurados; não genérico nos demais CRUDs,False,soft_delete gera audit,não aplicável,parcial_estatico,,modules/shared/runtime.py:586
mobility,rides,create,POST,/resources/rides,actor_from_headers obrigatório,papel sensível somente para leitura de terceiro sensível; demais CRUDs usam owner/operator,owner_or_operator,não genérico; regras especiais por domínio quando implementadas,permissions em recursos configurados; não genérico nos demais CRUDs,False,store.create gera audit/event,X-Idempotency-Key somente transacionais,parcial_estatico,tests/test_operational_journeys.py:290,modules/shared/runtime.py:520
mobility,rides,list,GET,/resources/rides,actor_from_headers obrigatório,papel sensível somente para leitura de terceiro sensível; demais CRUDs usam owner/operator,lista do actor; user_id de terceiro exige APPROVER_ROLES,não genérico; regras especiais por domínio quando implementadas,permissions em recursos configurados; não genérico nos demais CRUDs,False,leitura não auditada genericamente,não aplicável,parcial_estatico,,modules/shared/runtime.py:530
mobility,rides,read,GET,/resources/rides/{resource_id},actor_from_headers obrigatório,papel sensível somente para leitura de terceiro sensível; demais CRUDs usam owner/operator,owner_or_operator antes da exposição,não genérico; regras especiais por domínio quando implementadas,permissions em recursos configurados; não genérico nos demais CRUDs,False,leitura não auditada genericamente,não aplicável,parcial_estatico,,modules/shared/runtime.py:543
mobility,rides,update,PATCH,/resources/rides/{resource_id},actor_from_headers obrigatório,papel sensível somente para leitura de terceiro sensível; demais CRUDs usam owner/operator,owner_or_operator,não genérico; regras especiais por domínio quando implementadas,permissions em recursos configurados; não genérico nos demais CRUDs,False,store.update gera audit,não exigida genericamente,parcial_estatico,,modules/shared/runtime.py:565
mobility,rides,delete,DELETE,/resources/rides/{resource_id},actor_from_headers obrigatório,papel sensível somente para leitura de terceiro sensível; demais CRUDs usam owner/operator,owner_or_operator; sensíveis/imutáveis bloqueados,não genérico; regras especiais por domínio quando implementadas,permissions em recursos configurados; não genérico nos demais CRUDs,False,soft_delete gera audit,não aplicável,parcial_estatico,,modules/shared/runtime.py:586
mobility,routes,create,POST,/resources/routes,actor_from_headers obrigatório,papel sensível somente para leitura de terceiro sensível; demais CRUDs usam owner/operator,owner_or_operator,não genérico; regras especiais por domínio quando implementadas,permissions em recursos configurados; não genérico nos demais CRUDs,True,store.create gera audit/event,X-Idempotency-Key somente transacionais,parcial_estatico,tests/test_operational_journeys.py:273;tests/test_tms_domain.py:40,modules/shared/runtime.py:520
mobility,routes,list,GET,/resources/routes,actor_from_headers obrigatório,papel sensível somente para leitura de terceiro sensível; demais CRUDs usam owner/operator,lista do actor; user_id de terceiro exige APPROVER_ROLES,não genérico; regras especiais por domínio quando implementadas,permissions em recursos configurados; não genérico nos demais CRUDs,True,leitura não auditada genericamente,não aplicável,parcial_estatico,,modules/shared/runtime.py:530
mobility,routes,read,GET,/resources/routes/{resource_id},actor_from_headers obrigatório,papel sensível somente para leitura de terceiro sensível; demais CRUDs usam owner/operator,owner_or_operator antes da exposição,não genérico; regras especiais por domínio quando implementadas,permissions em recursos configurados; não genérico nos demais CRUDs,True,leitura não auditada genericamente,não aplicável,parcial_estatico,,modules/shared/runtime.py:543
mobility,routes,update,PATCH,/resources/routes/{resource_id},actor_from_headers obrigatório,papel sensível somente para leitura de terceiro sensível; demais CRUDs usam owner/operator,owner_or_operator,não genérico; regras especiais por domínio quando implementadas,permissions em recursos configurados; não genérico nos demais CRUDs,True,store.update gera audit,não exigida genericamente,parcial_estatico,,modules/shared/runtime.py:565
mobility,routes,delete,DELETE,/resources/routes/{resource_id},actor_from_headers obrigatório,papel sensível somente para leitura de terceiro sensível; demais CRUDs usam owner/operator,owner_or_operator; sensíveis/imutáveis bloqueados,não genérico; regras especiais por domínio quando implementadas,permissions em recursos configurados; não genérico nos demais CRUDs,True,soft_delete gera audit,não aplicável,parcial_estatico,,modules/shared/runtime.py:586
mobility,stops,create,POST,/resources/stops,actor_from_headers obrigatório,papel sensível somente para leitura de terceiro sensível; demais CRUDs usam owner/operator,owner_or_operator,não genérico; regras especiais por domínio quando implementadas,permissions em recursos configurados; não genérico nos demais CRUDs,False,store.create gera audit/event,X-Idempotency-Key somente transacionais,parcial_estatico,,modules/shared/runtime.py:520
mobility,stops,list,GET,/resources/stops,actor_from_headers obrigatório,papel sensível somente para leitura de terceiro sensível; demais CRUDs usam owner/operator,lista do actor; user_id de terceiro exige APPROVER_ROLES,não genérico; regras especiais por domínio quando implementadas,permissions em recursos configurados; não genérico nos demais CRUDs,False,leitura não auditada genericamente,não aplicável,parcial_estatico,,modules/shared/runtime.py:530
mobility,stops,read,GET,/resources/stops/{resource_id},actor_from_headers obrigatório,papel sensível somente para leitura de terceiro sensível; demais CRUDs usam owner/operator,owner_or_operator antes da exposição,não genérico; regras especiais por domínio quando implementadas,permissions em recursos configurados; não genérico nos demais CRUDs,False,leitura não auditada genericamente,não aplicável,parcial_estatico,,modules/shared/runtime.py:543
mobility,stops,update,PATCH,/resources/stops/{resource_id},actor_from_headers obrigatório,papel sensível somente para leitura de terceiro sensível; demais CRUDs usam owner/operator,owner_or_operator,não genérico; regras especiais por domínio quando implementadas,permissions em recursos configurados; não genérico nos demais CRUDs,False,store.update gera audit,não exigida genericamente,parcial_estatico,,modules/shared/runtime.py:565
mobility,stops,delete,DELETE,/resources/stops/{resource_id},actor_from_headers obrigatório,papel sensível somente para leitura de terceiro sensível; demais CRUDs usam owner/operator,owner_or_operator; sensíveis/imutáveis bloqueados,não genérico; regras especiais por domínio quando implementadas,permissions em recursos configurados; não genérico nos demais CRUDs,False,soft_delete gera audit,não aplicável,parcial_estatico,,modules/shared/runtime.py:586
mobility,tickets,create,POST,/resources/tickets,actor_from_headers obrigatório,papel sensível somente para leitura de terceiro sensível; demais CRUDs usam owner/operator,owner_or_operator,não genérico; regras especiais por domínio quando implementadas,permissions em recursos configurados; não genérico nos demais CRUDs,True,store.create gera audit/event,X-Idempotency-Key somente transacionais,parcial_estatico,tests/test_operational_journeys.py:327,modules/shared/runtime.py:520
mobility,tickets,list,GET,/resources/tickets,actor_from_headers obrigatório,papel sensível somente para leitura de terceiro sensível; demais CRUDs usam owner/operator,lista do actor; user_id de terceiro exige APPROVER_ROLES,não genérico; regras especiais por domínio quando implementadas,permissions em recursos configurados; não genérico nos demais CRUDs,True,leitura não auditada genericamente,não aplicável,parcial_estatico,,modules/shared/runtime.py:530
mobility,tickets,read,GET,/resources/tickets/{resource_id},actor_from_headers obrigatório,papel sensível somente para leitura de terceiro sensível; demais CRUDs usam owner/operator,owner_or_operator antes da exposição,não genérico; regras especiais por domínio quando implementadas,permissions em recursos configurados; não genérico nos demais CRUDs,True,leitura não auditada genericamente,não aplicável,parcial_estatico,,modules/shared/runtime.py:543
mobility,tickets,update,PATCH,/resources/tickets/{resource_id},actor_from_headers obrigatório,papel sensível somente para leitura de terceiro sensível; demais CRUDs usam owner/operator,owner_or_operator,não genérico; regras especiais por domínio quando implementadas,permissions em recursos configurados; não genérico nos demais CRUDs,True,store.update gera audit,não exigida genericamente,parcial_estatico,,modules/shared/runtime.py:565
mobility,tickets,delete,DELETE,/resources/tickets/{resource_id},actor_from_headers obrigatório,papel sensível somente para leitura de terceiro sensível; demais CRUDs usam owner/operator,owner_or_operator; sensíveis/imutáveis bloqueados,não genérico; regras especiais por domínio quando implementadas,permissions em recursos configurados; não genérico nos demais CRUDs,True,soft_delete gera audit,não aplicável,parcial_estatico,,modules/shared/runtime.py:586
mobility,fare_rules,create,POST,/resources/fare_rules,actor_from_headers obrigatório,papel sensível somente para leitura de terceiro sensível; demais CRUDs usam owner/operator,owner_or_operator,não genérico; regras especiais por domínio quando implementadas,permissions em recursos configurados; não genérico nos demais CRUDs,False,store.create gera audit/event,X-Idempotency-Key somente transacionais,parcial_estatico,tests/test_operational_journeys.py:256,modules/shared/runtime.py:520
mobility,fare_rules,list,GET,/resources/fare_rules,actor_from_headers obrigatório,papel sensível somente para leitura de terceiro sensível; demais CRUDs usam owner/operator,lista do actor; user_id de terceiro exige APPROVER_ROLES,não genérico; regras especiais por domínio quando implementadas,permissions em recursos configurados; não genérico nos demais CRUDs,False,leitura não auditada genericamente,não aplicável,parcial_estatico,,modules/shared/runtime.py:530
mobility,fare_rules,read,GET,/resources/fare_rules/{resource_id},actor_from_headers obrigatório,papel sensível somente para leitura de terceiro sensível; demais CRUDs usam owner/operator,owner_or_operator antes da exposição,não genérico; regras especiais por domínio quando implementadas,permissions em recursos configurados; não genérico nos demais CRUDs,False,leitura não auditada genericamente,não aplicável,parcial_estatico,,modules/shared/runtime.py:543
mobility,fare_rules,update,PATCH,/resources/fare_rules/{resource_id},actor_from_headers obrigatório,papel sensível somente para leitura de terceiro sensível; demais CRUDs usam owner/operator,owner_or_operator,não genérico; regras especiais por domínio quando implementadas,permissions em recursos configurados; não genérico nos demais CRUDs,False,store.update gera audit,não exigida genericamente,parcial_estatico,,modules/shared/runtime.py:565
mobility,fare_rules,delete,DELETE,/resources/fare_rules/{resource_id},actor_from_headers obrigatório,papel sensível somente para leitura de terceiro sensível; demais CRUDs usam owner/operator,owner_or_operator; sensíveis/imutáveis bloqueados,não genérico; regras especiais por domínio quando implementadas,permissions em recursos configurados; não genérico nos demais CRUDs,False,soft_delete gera audit,não aplicável,parcial_estatico,,modules/shared/runtime.py:586
jobs,resumes,create,POST,/resources/resumes,actor_from_headers obrigatório,papel sensível somente para leitura de terceiro sensível; demais CRUDs usam owner/operator,owner_or_operator,não genérico; regras especiais por domínio quando implementadas,permissions em recursos configurados; não genérico nos demais CRUDs,True,store.create gera audit/event,X-Idempotency-Key somente transacionais,parcial_estatico,tests/test_business_jobs_journey.py:89;tests/test_identity_jobs_domain.py:99;tests/test_jobs_postgres_integration.py:81,modules/shared/runtime.py:520
jobs,resumes,list,GET,/resources/resumes,actor_from_headers obrigatório,papel sensível somente para leitura de terceiro sensível; demais CRUDs usam owner/operator,lista do actor; user_id de terceiro exige APPROVER_ROLES,não genérico; regras especiais por domínio quando implementadas,permissions em recursos configurados; não genérico nos demais CRUDs,True,leitura não auditada genericamente,não aplicável,parcial_estatico,,modules/shared/runtime.py:530
jobs,resumes,read,GET,/resources/resumes/{resource_id},actor_from_headers obrigatório,papel sensível somente para leitura de terceiro sensível; demais CRUDs usam owner/operator,owner_or_operator antes da exposição,não genérico; regras especiais por domínio quando implementadas,permissions em recursos configurados; não genérico nos demais CRUDs,True,leitura não auditada genericamente,não aplicável,parcial_estatico,,modules/shared/runtime.py:543
jobs,resumes,update,PATCH,/resources/resumes/{resource_id},actor_from_headers obrigatório,papel sensível somente para leitura de terceiro sensível; demais CRUDs usam owner/operator,owner_or_operator,não genérico; regras especiais por domínio quando implementadas,permissions em recursos configurados; não genérico nos demais CRUDs,True,store.update gera audit,não exigida genericamente,parcial_estatico,,modules/shared/runtime.py:565
jobs,resumes,delete,DELETE,/resources/resumes/{resource_id},actor_from_headers obrigatório,papel sensível somente para leitura de terceiro sensível; demais CRUDs usam owner/operator,owner_or_operator; sensíveis/imutáveis bloqueados,não genérico; regras especiais por domínio quando implementadas,permissions em recursos configurados; não genérico nos demais CRUDs,True,soft_delete gera audit,não aplicável,parcial_estatico,,modules/shared/runtime.py:586
jobs,employment_records,create,POST,/resources/employment_records,actor_from_headers obrigatório,papel sensível somente para leitura de terceiro sensível; demais CRUDs usam owner/operator,owner_or_operator,não genérico; regras especiais por domínio quando implementadas,permissions em recursos configurados; não genérico nos demais CRUDs,True,store.create gera audit/event,X-Idempotency-Key somente transacionais,parcial_estatico,tests/test_identity_jobs_domain.py:110,modules/shared/runtime.py:520
jobs,employment_records,list,GET,/resources/employment_records,actor_from_headers obrigatório,papel sensível somente para leitura de terceiro sensível; demais CRUDs usam owner/operator,lista do actor; user_id de terceiro exige APPROVER_ROLES,não genérico; regras especiais por domínio quando implementadas,permissions em recursos configurados; não genérico nos demais CRUDs,True,leitura não auditada genericamente,não aplicável,parcial_estatico,,modules/shared/runtime.py:530
jobs,employment_records,read,GET,/resources/employment_records/{resource_id},actor_from_headers obrigatório,papel sensível somente para leitura de terceiro sensível; demais CRUDs usam owner/operator,owner_or_operator antes da exposição,não genérico; regras especiais por domínio quando implementadas,permissions em recursos configurados; não genérico nos demais CRUDs,True,leitura não auditada genericamente,não aplicável,parcial_estatico,,modules/shared/runtime.py:543
jobs,employment_records,update,PATCH,/resources/employment_records/{resource_id},actor_from_headers obrigatório,papel sensível somente para leitura de terceiro sensível; demais CRUDs usam owner/operator,owner_or_operator,não genérico; regras especiais por domínio quando implementadas,permissions em recursos configurados; não genérico nos demais CRUDs,True,store.update gera audit,não exigida genericamente,parcial_estatico,,modules/shared/runtime.py:565
jobs,employment_records,delete,DELETE,/resources/employment_records/{resource_id},actor_from_headers obrigatório,papel sensível somente para leitura de terceiro sensível; demais CRUDs usam owner/operator,owner_or_operator; sensíveis/imutáveis bloqueados,não genérico; regras especiais por domínio quando implementadas,permissions em recursos configurados; não genérico nos demais CRUDs,True,soft_delete gera audit,não aplicável,parcial_estatico,,modules/shared/runtime.py:586
jobs,resume_documents,create,POST,/resources/resume_documents,actor_from_headers obrigatório,papel sensível somente para leitura de terceiro sensível; demais CRUDs usam owner/operator,owner_or_operator,não genérico; regras especiais por domínio quando implementadas,permissions em recursos configurados; não genérico nos demais CRUDs,True,store.create gera audit/event,X-Idempotency-Key somente transacionais,parcial_estatico,,modules/shared/runtime.py:520
jobs,resume_documents,list,GET,/resources/resume_documents,actor_from_headers obrigatório,papel sensível somente para leitura de terceiro sensível; demais CRUDs usam owner/operator,lista do actor; user_id de terceiro exige APPROVER_ROLES,não genérico; regras especiais por domínio quando implementadas,permissions em recursos configurados; não genérico nos demais CRUDs,True,leitura não auditada genericamente,não aplicável,parcial_estatico,,modules/shared/runtime.py:530
jobs,resume_documents,read,GET,/resources/resume_documents/{resource_id},actor_from_headers obrigatório,papel sensível somente para leitura de terceiro sensível; demais CRUDs usam owner/operator,owner_or_operator antes da exposição,não genérico; regras especiais por domínio quando implementadas,permissions em recursos configurados; não genérico nos demais CRUDs,True,leitura não auditada genericamente,não aplicável,parcial_estatico,,modules/shared/runtime.py:543
jobs,resume_documents,update,PATCH,/resources/resume_documents/{resource_id},actor_from_headers obrigatório,papel sensível somente para leitura de terceiro sensível; demais CRUDs usam owner/operator,owner_or_operator,não genérico; regras especiais por domínio quando implementadas,permissions em recursos configurados; não genérico nos demais CRUDs,True,store.update gera audit,não exigida genericamente,parcial_estatico,,modules/shared/runtime.py:565
jobs,resume_documents,delete,DELETE,/resources/resume_documents/{resource_id},actor_from_headers obrigatório,papel sensível somente para leitura de terceiro sensível; demais CRUDs usam owner/operator,owner_or_operator; sensíveis/imutáveis bloqueados,não genérico; regras especiais por domínio quando implementadas,permissions em recursos configurados; não genérico nos demais CRUDs,True,soft_delete gera audit,não aplicável,parcial_estatico,,modules/shared/runtime.py:586
jobs,job_postings,create,POST,/resources/job_postings,actor_from_headers obrigatório,papel sensível somente para leitura de terceiro sensível; demais CRUDs usam owner/operator,owner_or_operator,não genérico; regras especiais por domínio quando implementadas,permissions em recursos configurados; não genérico nos demais CRUDs,False,store.create gera audit/event,X-Idempotency-Key somente transacionais,parcial_estatico,tests/test_business_jobs_journey.py:60;tests/test_identity_jobs_domain.py:169;tests/test_jobs_postgres_integration.py:103,modules/shared/runtime.py:520
jobs,job_postings,list,GET,/resources/job_postings,actor_from_headers obrigatório,papel sensível somente para leitura de terceiro sensível; demais CRUDs usam owner/operator,lista do actor; user_id de terceiro exige APPROVER_ROLES,não genérico; regras especiais por domínio quando implementadas,permissions em recursos configurados; não genérico nos demais CRUDs,False,leitura não auditada genericamente,não aplicável,parcial_estatico,,modules/shared/runtime.py:530
jobs,job_postings,read,GET,/resources/job_postings/{resource_id},actor_from_headers obrigatório,papel sensível somente para leitura de terceiro sensível; demais CRUDs usam owner/operator,owner_or_operator antes da exposição,não genérico; regras especiais por domínio quando implementadas,permissions em recursos configurados; não genérico nos demais CRUDs,False,leitura não auditada genericamente,não aplicável,parcial_estatico,,modules/shared/runtime.py:543
jobs,job_postings,update,PATCH,/resources/job_postings/{resource_id},actor_from_headers obrigatório,papel sensível somente para leitura de terceiro sensível; demais CRUDs usam owner/operator,owner_or_operator,não genérico; regras especiais por domínio quando implementadas,permissions em recursos configurados; não genérico nos demais CRUDs,False,store.update gera audit,não exigida genericamente,parcial_estatico,,modules/shared/runtime.py:565
jobs,job_postings,delete,DELETE,/resources/job_postings/{resource_id},actor_from_headers obrigatório,papel sensível somente para leitura de terceiro sensível; demais CRUDs usam owner/operator,owner_or_operator; sensíveis/imutáveis bloqueados,não genérico; regras especiais por domínio quando implementadas,permissions em recursos configurados; não genérico nos demais CRUDs,False,soft_delete gera audit,não aplicável,parcial_estatico,,modules/shared/runtime.py:586
jobs,applications,create,POST,/resources/applications,actor_from_headers obrigatório,papel sensível somente para leitura de terceiro sensível; demais CRUDs usam owner/operator,owner_or_operator,não genérico; regras especiais por domínio quando implementadas,permissions em recursos configurados; não genérico nos demais CRUDs,True,store.create gera audit/event,X-Idempotency-Key somente transacionais,parcial_estatico,tests/test_business_jobs_journey.py:100;tests/test_identity_jobs_domain.py:204,modules/shared/runtime.py:520
jobs,applications,list,GET,/resources/applications,actor_from_headers obrigatório,papel sensível somente para leitura de terceiro sensível; demais CRUDs usam owner/operator,lista do actor; user_id de terceiro exige APPROVER_ROLES,não genérico; regras especiais por domínio quando implementadas,permissions em recursos configurados; não genérico nos demais CRUDs,True,leitura não auditada genericamente,não aplicável,parcial_estatico,,modules/shared/runtime.py:530
jobs,applications,read,GET,/resources/applications/{resource_id},actor_from_headers obrigatório,papel sensível somente para leitura de terceiro sensível; demais CRUDs usam owner/operator,owner_or_operator antes da exposição,não genérico; regras especiais por domínio quando implementadas,permissions em recursos configurados; não genérico nos demais CRUDs,True,leitura não auditada genericamente,não aplicável,parcial_estatico,,modules/shared/runtime.py:543
jobs,applications,update,PATCH,/resources/applications/{resource_id},actor_from_headers obrigatório,papel sensível somente para leitura de terceiro sensível; demais CRUDs usam owner/operator,owner_or_operator,não genérico; regras especiais por domínio quando implementadas,permissions em recursos configurados; não genérico nos demais CRUDs,True,store.update gera audit,não exigida genericamente,parcial_estatico,,modules/shared/runtime.py:565
jobs,applications,delete,DELETE,/resources/applications/{resource_id},actor_from_headers obrigatório,papel sensível somente para leitura de terceiro sensível; demais CRUDs usam owner/operator,owner_or_operator; sensíveis/imutáveis bloqueados,não genérico; regras especiais por domínio quando implementadas,permissions em recursos configurados; não genérico nos demais CRUDs,True,soft_delete gera audit,não aplicável,parcial_estatico,,modules/shared/runtime.py:586
jobs,resume_access_logs,create,POST,/resources/resume_access_logs,actor_from_headers obrigatório,papel sensível somente para leitura de terceiro sensível; demais CRUDs usam owner/operator,owner_or_operator,não genérico; regras especiais por domínio quando implementadas,permissions em recursos configurados; não genérico nos demais CRUDs,True,store.create gera audit/event,X-Idempotency-Key somente transacionais,parcial_estatico,,modules/shared/runtime.py:520
jobs,resume_access_logs,list,GET,/resources/resume_access_logs,actor_from_headers obrigatório,papel sensível somente para leitura de terceiro sensível; demais CRUDs usam owner/operator,lista do actor; user_id de terceiro exige APPROVER_ROLES,não genérico; regras especiais por domínio quando implementadas,permissions em recursos configurados; não genérico nos demais CRUDs,True,leitura não auditada genericamente,não aplicável,parcial_estatico,,modules/shared/runtime.py:530
jobs,resume_access_logs,read,GET,/resources/resume_access_logs/{resource_id},actor_from_headers obrigatório,papel sensível somente para leitura de terceiro sensível; demais CRUDs usam owner/operator,owner_or_operator antes da exposição,não genérico; regras especiais por domínio quando implementadas,permissions em recursos configurados; não genérico nos demais CRUDs,True,leitura não auditada genericamente,não aplicável,parcial_estatico,,modules/shared/runtime.py:543
jobs,resume_access_logs,update,PATCH,/resources/resume_access_logs/{resource_id},actor_from_headers obrigatório,papel sensível somente para leitura de terceiro sensível; demais CRUDs usam owner/operator,owner_or_operator,não genérico; regras especiais por domínio quando implementadas,permissions em recursos configurados; não genérico nos demais CRUDs,True,store.update gera audit,não exigida genericamente,parcial_estatico,,modules/shared/runtime.py:565
jobs,resume_access_logs,delete,DELETE,/resources/resume_access_logs/{resource_id},actor_from_headers obrigatório,papel sensível somente para leitura de terceiro sensível; demais CRUDs usam owner/operator,owner_or_operator; sensíveis/imutáveis bloqueados,não genérico; regras especiais por domínio quando implementadas,permissions em recursos configurados; não genérico nos demais CRUDs,True,soft_delete gera audit,não aplicável,parcial_estatico,,modules/shared/runtime.py:586
erp,accounts,create,POST,/resources/accounts,actor_from_headers obrigatório,papel sensível somente para leitura de terceiro sensível; demais CRUDs usam owner/operator,owner_or_operator,não genérico; regras especiais por domínio quando implementadas,permissions em recursos configurados; não genérico nos demais CRUDs,True,store.create gera audit/event,X-Idempotency-Key somente transacionais,parcial_estatico,tests/test_erp_domain.py:26,modules/shared/runtime.py:520
erp,accounts,list,GET,/resources/accounts,actor_from_headers obrigatório,papel sensível somente para leitura de terceiro sensível; demais CRUDs usam owner/operator,lista do actor; user_id de terceiro exige APPROVER_ROLES,não genérico; regras especiais por domínio quando implementadas,permissions em recursos configurados; não genérico nos demais CRUDs,True,leitura não auditada genericamente,não aplicável,parcial_estatico,,modules/shared/runtime.py:530
erp,accounts,read,GET,/resources/accounts/{resource_id},actor_from_headers obrigatório,papel sensível somente para leitura de terceiro sensível; demais CRUDs usam owner/operator,owner_or_operator antes da exposição,não genérico; regras especiais por domínio quando implementadas,permissions em recursos configurados; não genérico nos demais CRUDs,True,leitura não auditada genericamente,não aplicável,parcial_estatico,,modules/shared/runtime.py:543
erp,accounts,update,PATCH,/resources/accounts/{resource_id},actor_from_headers obrigatório,papel sensível somente para leitura de terceiro sensível; demais CRUDs usam owner/operator,owner_or_operator,não genérico; regras especiais por domínio quando implementadas,permissions em recursos configurados; não genérico nos demais CRUDs,True,store.update gera audit,não exigida genericamente,parcial_estatico,,modules/shared/runtime.py:565
erp,accounts,delete,DELETE,/resources/accounts/{resource_id},actor_from_headers obrigatório,papel sensível somente para leitura de terceiro sensível; demais CRUDs usam owner/operator,owner_or_operator; sensíveis/imutáveis bloqueados,não genérico; regras especiais por domínio quando implementadas,permissions em recursos configurados; não genérico nos demais CRUDs,True,soft_delete gera audit,não aplicável,parcial_estatico,,modules/shared/runtime.py:586
erp,payables,create,POST,/resources/payables,actor_from_headers obrigatório,papel sensível somente para leitura de terceiro sensível; demais CRUDs usam owner/operator,owner_or_operator,não genérico; regras especiais por domínio quando implementadas,permissions em recursos configurados; não genérico nos demais CRUDs,True,store.create gera audit/event,X-Idempotency-Key somente transacionais,parcial_estatico,tests/test_erp_domain.py:54,modules/shared/runtime.py:520
erp,payables,list,GET,/resources/payables,actor_from_headers obrigatório,papel sensível somente para leitura de terceiro sensível; demais CRUDs usam owner/operator,lista do actor; user_id de terceiro exige APPROVER_ROLES,não genérico; regras especiais por domínio quando implementadas,permissions em recursos configurados; não genérico nos demais CRUDs,True,leitura não auditada genericamente,não aplicável,parcial_estatico,,modules/shared/runtime.py:530
erp,payables,read,GET,/resources/payables/{resource_id},actor_from_headers obrigatório,papel sensível somente para leitura de terceiro sensível; demais CRUDs usam owner/operator,owner_or_operator antes da exposição,não genérico; regras especiais por domínio quando implementadas,permissions em recursos configurados; não genérico nos demais CRUDs,True,leitura não auditada genericamente,não aplicável,parcial_estatico,,modules/shared/runtime.py:543
erp,payables,update,PATCH,/resources/payables/{resource_id},actor_from_headers obrigatório,papel sensível somente para leitura de terceiro sensível; demais CRUDs usam owner/operator,owner_or_operator,não genérico; regras especiais por domínio quando implementadas,permissions em recursos configurados; não genérico nos demais CRUDs,True,store.update gera audit,não exigida genericamente,parcial_estatico,,modules/shared/runtime.py:565
erp,payables,delete,DELETE,/resources/payables/{resource_id},actor_from_headers obrigatório,papel sensível somente para leitura de terceiro sensível; demais CRUDs usam owner/operator,owner_or_operator; sensíveis/imutáveis bloqueados,não genérico; regras especiais por domínio quando implementadas,permissions em recursos configurados; não genérico nos demais CRUDs,True,soft_delete gera audit,não aplicável,parcial_estatico,,modules/shared/runtime.py:586
erp,receivables,create,POST,/resources/receivables,actor_from_headers obrigatório,papel sensível somente para leitura de terceiro sensível; demais CRUDs usam owner/operator,owner_or_operator,não genérico; regras especiais por domínio quando implementadas,permissions em recursos configurados; não genérico nos demais CRUDs,True,store.create gera audit/event,X-Idempotency-Key somente transacionais,parcial_estatico,tests/test_erp_domain.py:93,modules/shared/runtime.py:520
erp,receivables,list,GET,/resources/receivables,actor_from_headers obrigatório,papel sensível somente para leitura de terceiro sensível; demais CRUDs usam owner/operator,lista do actor; user_id de terceiro exige APPROVER_ROLES,não genérico; regras especiais por domínio quando implementadas,permissions em recursos configurados; não genérico nos demais CRUDs,True,leitura não auditada genericamente,não aplicável,parcial_estatico,,modules/shared/runtime.py:530
erp,receivables,read,GET,/resources/receivables/{resource_id},actor_from_headers obrigatório,papel sensível somente para leitura de terceiro sensível; demais CRUDs usam owner/operator,owner_or_operator antes da exposição,não genérico; regras especiais por domínio quando implementadas,permissions em recursos configurados; não genérico nos demais CRUDs,True,leitura não auditada genericamente,não aplicável,parcial_estatico,,modules/shared/runtime.py:543
erp,receivables,update,PATCH,/resources/receivables/{resource_id},actor_from_headers obrigatório,papel sensível somente para leitura de terceiro sensível; demais CRUDs usam owner/operator,owner_or_operator,não genérico; regras especiais por domínio quando implementadas,permissions em recursos configurados; não genérico nos demais CRUDs,True,store.update gera audit,não exigida genericamente,parcial_estatico,,modules/shared/runtime.py:565
erp,receivables,delete,DELETE,/resources/receivables/{resource_id},actor_from_headers obrigatório,papel sensível somente para leitura de terceiro sensível; demais CRUDs usam owner/operator,owner_or_operator; sensíveis/imutáveis bloqueados,não genérico; regras especiais por domínio quando implementadas,permissions em recursos configurados; não genérico nos demais CRUDs,True,soft_delete gera audit,não aplicável,parcial_estatico,,modules/shared/runtime.py:586
erp,cost_centers,create,POST,/resources/cost_centers,actor_from_headers obrigatório,papel sensível somente para leitura de terceiro sensível; demais CRUDs usam owner/operator,owner_or_operator,não genérico; regras especiais por domínio quando implementadas,permissions em recursos configurados; não genérico nos demais CRUDs,True,store.create gera audit/event,X-Idempotency-Key somente transacionais,parcial_estatico,tests/test_erp_domain.py:40,modules/shared/runtime.py:520
erp,cost_centers,list,GET,/resources/cost_centers,actor_from_headers obrigatório,papel sensível somente para leitura de terceiro sensível; demais CRUDs usam owner/operator,lista do actor; user_id de terceiro exige APPROVER_ROLES,não genérico; regras especiais por domínio quando implementadas,permissions em recursos configurados; não genérico nos demais CRUDs,True,leitura não auditada genericamente,não aplicável,parcial_estatico,,modules/shared/runtime.py:530
erp,cost_centers,read,GET,/resources/cost_centers/{resource_id},actor_from_headers obrigatório,papel sensível somente para leitura de terceiro sensível; demais CRUDs usam owner/operator,owner_or_operator antes da exposição,não genérico; regras especiais por domínio quando implementadas,permissions em recursos configurados; não genérico nos demais CRUDs,True,leitura não auditada genericamente,não aplicável,parcial_estatico,,modules/shared/runtime.py:543
erp,cost_centers,update,PATCH,/resources/cost_centers/{resource_id},actor_from_headers obrigatório,papel sensível somente para leitura de terceiro sensível; demais CRUDs usam owner/operator,owner_or_operator,não genérico; regras especiais por domínio quando implementadas,permissions em recursos configurados; não genérico nos demais CRUDs,True,store.update gera audit,não exigida genericamente,parcial_estatico,,modules/shared/runtime.py:565
erp,cost_centers,delete,DELETE,/resources/cost_centers/{resource_id},actor_from_headers obrigatório,papel sensível somente para leitura de terceiro sensível; demais CRUDs usam owner/operator,owner_or_operator; sensíveis/imutáveis bloqueados,não genérico; regras especiais por domínio quando implementadas,permissions em recursos configurados; não genérico nos demais CRUDs,True,soft_delete gera audit,não aplicável,parcial_estatico,,modules/shared/runtime.py:586
erp,fiscal_documents,create,POST,/resources/fiscal_documents,actor_from_headers obrigatório,papel sensível somente para leitura de terceiro sensível; demais CRUDs usam owner/operator,owner_or_operator,não genérico; regras especiais por domínio quando implementadas,permissions em recursos configurados; não genérico nos demais CRUDs,False,store.create gera audit/event,X-Idempotency-Key somente transacionais,parcial_estatico,,modules/shared/runtime.py:520
erp,fiscal_documents,list,GET,/resources/fiscal_documents,actor_from_headers obrigatório,papel sensível somente para leitura de terceiro sensível; demais CRUDs usam owner/operator,lista do actor; user_id de terceiro exige APPROVER_ROLES,não genérico; regras especiais por domínio quando implementadas,permissions em recursos configurados; não genérico nos demais CRUDs,False,leitura não auditada genericamente,não aplicável,parcial_estatico,,modules/shared/runtime.py:530
erp,fiscal_documents,read,GET,/resources/fiscal_documents/{resource_id},actor_from_headers obrigatório,papel sensível somente para leitura de terceiro sensível; demais CRUDs usam owner/operator,owner_or_operator antes da exposição,não genérico; regras especiais por domínio quando implementadas,permissions em recursos configurados; não genérico nos demais CRUDs,False,leitura não auditada genericamente,não aplicável,parcial_estatico,,modules/shared/runtime.py:543
erp,fiscal_documents,update,PATCH,/resources/fiscal_documents/{resource_id},actor_from_headers obrigatório,papel sensível somente para leitura de terceiro sensível; demais CRUDs usam owner/operator,owner_or_operator,não genérico; regras especiais por domínio quando implementadas,permissions em recursos configurados; não genérico nos demais CRUDs,False,store.update gera audit,não exigida genericamente,parcial_estatico,,modules/shared/runtime.py:565
erp,fiscal_documents,delete,DELETE,/resources/fiscal_documents/{resource_id},actor_from_headers obrigatório,papel sensível somente para leitura de terceiro sensível; demais CRUDs usam owner/operator,owner_or_operator; sensíveis/imutáveis bloqueados,não genérico; regras especiais por domínio quando implementadas,permissions em recursos configurados; não genérico nos demais CRUDs,False,soft_delete gera audit,não aplicável,parcial_estatico,,modules/shared/runtime.py:586
wms,warehouses,create,POST,/resources/warehouses,actor_from_headers obrigatório,papel sensível somente para leitura de terceiro sensível; demais CRUDs usam owner/operator,owner_or_operator,não genérico; regras especiais por domínio quando implementadas,permissions em recursos configurados; não genérico nos demais CRUDs,False,store.create gera audit/event,X-Idempotency-Key somente transacionais,parcial_estatico,tests/test_wms_domain.py:26,modules/shared/runtime.py:520
wms,warehouses,list,GET,/resources/warehouses,actor_from_headers obrigatório,papel sensível somente para leitura de terceiro sensível; demais CRUDs usam owner/operator,lista do actor; user_id de terceiro exige APPROVER_ROLES,não genérico; regras especiais por domínio quando implementadas,permissions em recursos configurados; não genérico nos demais CRUDs,False,leitura não auditada genericamente,não aplicável,parcial_estatico,,modules/shared/runtime.py:530
wms,warehouses,read,GET,/resources/warehouses/{resource_id},actor_from_headers obrigatório,papel sensível somente para leitura de terceiro sensível; demais CRUDs usam owner/operator,owner_or_operator antes da exposição,não genérico; regras especiais por domínio quando implementadas,permissions em recursos configurados; não genérico nos demais CRUDs,False,leitura não auditada genericamente,não aplicável,parcial_estatico,,modules/shared/runtime.py:543
wms,warehouses,update,PATCH,/resources/warehouses/{resource_id},actor_from_headers obrigatório,papel sensível somente para leitura de terceiro sensível; demais CRUDs usam owner/operator,owner_or_operator,não genérico; regras especiais por domínio quando implementadas,permissions em recursos configurados; não genérico nos demais CRUDs,False,store.update gera audit,não exigida genericamente,parcial_estatico,,modules/shared/runtime.py:565
wms,warehouses,delete,DELETE,/resources/warehouses/{resource_id},actor_from_headers obrigatório,papel sensível somente para leitura de terceiro sensível; demais CRUDs usam owner/operator,owner_or_operator; sensíveis/imutáveis bloqueados,não genérico; regras especiais por domínio quando implementadas,permissions em recursos configurados; não genérico nos demais CRUDs,False,soft_delete gera audit,não aplicável,parcial_estatico,,modules/shared/runtime.py:586
wms,bins,create,POST,/resources/bins,actor_from_headers obrigatório,papel sensível somente para leitura de terceiro sensível; demais CRUDs usam owner/operator,owner_or_operator,não genérico; regras especiais por domínio quando implementadas,permissions em recursos configurados; não genérico nos demais CRUDs,False,store.create gera audit/event,X-Idempotency-Key somente transacionais,parcial_estatico,tests/test_wms_domain.py:40,modules/shared/runtime.py:520
wms,bins,list,GET,/resources/bins,actor_from_headers obrigatório,papel sensível somente para leitura de terceiro sensível; demais CRUDs usam owner/operator,lista do actor; user_id de terceiro exige APPROVER_ROLES,não genérico; regras especiais por domínio quando implementadas,permissions em recursos configurados; não genérico nos demais CRUDs,False,leitura não auditada genericamente,não aplicável,parcial_estatico,,modules/shared/runtime.py:530
wms,bins,read,GET,/resources/bins/{resource_id},actor_from_headers obrigatório,papel sensível somente para leitura de terceiro sensível; demais CRUDs usam owner/operator,owner_or_operator antes da exposição,não genérico; regras especiais por domínio quando implementadas,permissions em recursos configurados; não genérico nos demais CRUDs,False,leitura não auditada genericamente,não aplicável,parcial_estatico,,modules/shared/runtime.py:543
wms,bins,update,PATCH,/resources/bins/{resource_id},actor_from_headers obrigatório,papel sensível somente para leitura de terceiro sensível; demais CRUDs usam owner/operator,owner_or_operator,não genérico; regras especiais por domínio quando implementadas,permissions em recursos configurados; não genérico nos demais CRUDs,False,store.update gera audit,não exigida genericamente,parcial_estatico,,modules/shared/runtime.py:565
wms,bins,delete,DELETE,/resources/bins/{resource_id},actor_from_headers obrigatório,papel sensível somente para leitura de terceiro sensível; demais CRUDs usam owner/operator,owner_or_operator; sensíveis/imutáveis bloqueados,não genérico; regras especiais por domínio quando implementadas,permissions em recursos configurados; não genérico nos demais CRUDs,False,soft_delete gera audit,não aplicável,parcial_estatico,,modules/shared/runtime.py:586
wms,inventory,create,POST,/resources/inventory,actor_from_headers obrigatório,papel sensível somente para leitura de terceiro sensível; demais CRUDs usam owner/operator,owner_or_operator,não genérico; regras especiais por domínio quando implementadas,permissions em recursos configurados; não genérico nos demais CRUDs,False,store.create gera audit/event,X-Idempotency-Key somente transacionais,parcial_estatico,tests/test_wms_domain.py:54,modules/shared/runtime.py:520
wms,inventory,list,GET,/resources/inventory,actor_from_headers obrigatório,papel sensível somente para leitura de terceiro sensível; demais CRUDs usam owner/operator,lista do actor; user_id de terceiro exige APPROVER_ROLES,não genérico; regras especiais por domínio quando implementadas,permissions em recursos configurados; não genérico nos demais CRUDs,False,leitura não auditada genericamente,não aplicável,parcial_estatico,,modules/shared/runtime.py:530
wms,inventory,read,GET,/resources/inventory/{resource_id},actor_from_headers obrigatório,papel sensível somente para leitura de terceiro sensível; demais CRUDs usam owner/operator,owner_or_operator antes da exposição,não genérico; regras especiais por domínio quando implementadas,permissions em recursos configurados; não genérico nos demais CRUDs,False,leitura não auditada genericamente,não aplicável,parcial_estatico,,modules/shared/runtime.py:543
wms,inventory,update,PATCH,/resources/inventory/{resource_id},actor_from_headers obrigatório,papel sensível somente para leitura de terceiro sensível; demais CRUDs usam owner/operator,owner_or_operator,não genérico; regras especiais por domínio quando implementadas,permissions em recursos configurados; não genérico nos demais CRUDs,False,store.update gera audit,não exigida genericamente,parcial_estatico,,modules/shared/runtime.py:565
wms,inventory,delete,DELETE,/resources/inventory/{resource_id},actor_from_headers obrigatório,papel sensível somente para leitura de terceiro sensível; demais CRUDs usam owner/operator,owner_or_operator; sensíveis/imutáveis bloqueados,não genérico; regras especiais por domínio quando implementadas,permissions em recursos configurados; não genérico nos demais CRUDs,False,soft_delete gera audit,não aplicável,parcial_estatico,,modules/shared/runtime.py:586
wms,picking_waves,create,POST,/resources/picking_waves,actor_from_headers obrigatório,papel sensível somente para leitura de terceiro sensível; demais CRUDs usam owner/operator,owner_or_operator,não genérico; regras especiais por domínio quando implementadas,permissions em recursos configurados; não genérico nos demais CRUDs,False,store.create gera audit/event,X-Idempotency-Key somente transacionais,parcial_estatico,tests/test_wms_domain.py:79,modules/shared/runtime.py:520
wms,picking_waves,list,GET,/resources/picking_waves,actor_from_headers obrigatório,papel sensível somente para leitura de terceiro sensível; demais CRUDs usam owner/operator,lista do actor; user_id de terceiro exige APPROVER_ROLES,não genérico; regras especiais por domínio quando implementadas,permissions em recursos configurados; não genérico nos demais CRUDs,False,leitura não auditada genericamente,não aplicável,parcial_estatico,,modules/shared/runtime.py:530
wms,picking_waves,read,GET,/resources/picking_waves/{resource_id},actor_from_headers obrigatório,papel sensível somente para leitura de terceiro sensível; demais CRUDs usam owner/operator,owner_or_operator antes da exposição,não genérico; regras especiais por domínio quando implementadas,permissions em recursos configurados; não genérico nos demais CRUDs,False,leitura não auditada genericamente,não aplicável,parcial_estatico,,modules/shared/runtime.py:543
wms,picking_waves,update,PATCH,/resources/picking_waves/{resource_id},actor_from_headers obrigatório,papel sensível somente para leitura de terceiro sensível; demais CRUDs usam owner/operator,owner_or_operator,não genérico; regras especiais por domínio quando implementadas,permissions em recursos configurados; não genérico nos demais CRUDs,False,store.update gera audit,não exigida genericamente,parcial_estatico,,modules/shared/runtime.py:565
wms,picking_waves,delete,DELETE,/resources/picking_waves/{resource_id},actor_from_headers obrigatório,papel sensível somente para leitura de terceiro sensível; demais CRUDs usam owner/operator,owner_or_operator; sensíveis/imutáveis bloqueados,não genérico; regras especiais por domínio quando implementadas,permissions em recursos configurados; não genérico nos demais CRUDs,False,soft_delete gera audit,não aplicável,parcial_estatico,,modules/shared/runtime.py:586
wms,shipments,create,POST,/resources/shipments,actor_from_headers obrigatório,papel sensível somente para leitura de terceiro sensível; demais CRUDs usam owner/operator,owner_or_operator,não genérico; regras especiais por domínio quando implementadas,permissions em recursos configurados; não genérico nos demais CRUDs,False,store.create gera audit/event,X-Idempotency-Key somente transacionais,parcial_estatico,tests/test_wms_domain.py:118,modules/shared/runtime.py:520
wms,shipments,list,GET,/resources/shipments,actor_from_headers obrigatório,papel sensível somente para leitura de terceiro sensível; demais CRUDs usam owner/operator,lista do actor; user_id de terceiro exige APPROVER_ROLES,não genérico; regras especiais por domínio quando implementadas,permissions em recursos configurados; não genérico nos demais CRUDs,False,leitura não auditada genericamente,não aplicável,parcial_estatico,,modules/shared/runtime.py:530
wms,shipments,read,GET,/resources/shipments/{resource_id},actor_from_headers obrigatório,papel sensível somente para leitura de terceiro sensível; demais CRUDs usam owner/operator,owner_or_operator antes da exposição,não genérico; regras especiais por domínio quando implementadas,permissions em recursos configurados; não genérico nos demais CRUDs,False,leitura não auditada genericamente,não aplicável,parcial_estatico,,modules/shared/runtime.py:543
wms,shipments,update,PATCH,/resources/shipments/{resource_id},actor_from_headers obrigatório,papel sensível somente para leitura de terceiro sensível; demais CRUDs usam owner/operator,owner_or_operator,não genérico; regras especiais por domínio quando implementadas,permissions em recursos configurados; não genérico nos demais CRUDs,False,store.update gera audit,não exigida genericamente,parcial_estatico,,modules/shared/runtime.py:565
wms,shipments,delete,DELETE,/resources/shipments/{resource_id},actor_from_headers obrigatório,papel sensível somente para leitura de terceiro sensível; demais CRUDs usam owner/operator,owner_or_operator; sensíveis/imutáveis bloqueados,não genérico; regras especiais por domínio quando implementadas,permissions em recursos configurados; não genérico nos demais CRUDs,False,soft_delete gera audit,não aplicável,parcial_estatico,,modules/shared/runtime.py:586
tms,carriers,create,POST,/resources/carriers,actor_from_headers obrigatório,papel sensível somente para leitura de terceiro sensível; demais CRUDs usam owner/operator,owner_or_operator,não genérico; regras especiais por domínio quando implementadas,permissions em recursos configurados; não genérico nos demais CRUDs,False,store.create gera audit/event,X-Idempotency-Key somente transacionais,parcial_estatico,tests/test_tms_domain.py:26,modules/shared/runtime.py:520
tms,carriers,list,GET,/resources/carriers,actor_from_headers obrigatório,papel sensível somente para leitura de terceiro sensível; demais CRUDs usam owner/operator,lista do actor; user_id de terceiro exige APPROVER_ROLES,não genérico; regras especiais por domínio quando implementadas,permissions em recursos configurados; não genérico nos demais CRUDs,False,leitura não auditada genericamente,não aplicável,parcial_estatico,,modules/shared/runtime.py:530
tms,carriers,read,GET,/resources/carriers/{resource_id},actor_from_headers obrigatório,papel sensível somente para leitura de terceiro sensível; demais CRUDs usam owner/operator,owner_or_operator antes da exposição,não genérico; regras especiais por domínio quando implementadas,permissions em recursos configurados; não genérico nos demais CRUDs,False,leitura não auditada genericamente,não aplicável,parcial_estatico,,modules/shared/runtime.py:543
tms,carriers,update,PATCH,/resources/carriers/{resource_id},actor_from_headers obrigatório,papel sensível somente para leitura de terceiro sensível; demais CRUDs usam owner/operator,owner_or_operator,não genérico; regras especiais por domínio quando implementadas,permissions em recursos configurados; não genérico nos demais CRUDs,False,store.update gera audit,não exigida genericamente,parcial_estatico,,modules/shared/runtime.py:565
tms,carriers,delete,DELETE,/resources/carriers/{resource_id},actor_from_headers obrigatório,papel sensível somente para leitura de terceiro sensível; demais CRUDs usam owner/operator,owner_or_operator; sensíveis/imutáveis bloqueados,não genérico; regras especiais por domínio quando implementadas,permissions em recursos configurados; não genérico nos demais CRUDs,False,soft_delete gera audit,não aplicável,parcial_estatico,,modules/shared/runtime.py:586
tms,freights,create,POST,/resources/freights,actor_from_headers obrigatório,papel sensível somente para leitura de terceiro sensível; demais CRUDs usam owner/operator,owner_or_operator,não genérico; regras especiais por domínio quando implementadas,permissions em recursos configurados; não genérico nos demais CRUDs,False,store.create gera audit/event,X-Idempotency-Key somente transacionais,parcial_estatico,tests/test_tms_domain.py:56,modules/shared/runtime.py:520
tms,freights,list,GET,/resources/freights,actor_from_headers obrigatório,papel sensível somente para leitura de terceiro sensível; demais CRUDs usam owner/operator,lista do actor; user_id de terceiro exige APPROVER_ROLES,não genérico; regras especiais por domínio quando implementadas,permissions em recursos configurados; não genérico nos demais CRUDs,False,leitura não auditada genericamente,não aplicável,parcial_estatico,,modules/shared/runtime.py:530
tms,freights,read,GET,/resources/freights/{resource_id},actor_from_headers obrigatório,papel sensível somente para leitura de terceiro sensível; demais CRUDs usam owner/operator,owner_or_operator antes da exposição,não genérico; regras especiais por domínio quando implementadas,permissions em recursos configurados; não genérico nos demais CRUDs,False,leitura não auditada genericamente,não aplicável,parcial_estatico,,modules/shared/runtime.py:543
tms,freights,update,PATCH,/resources/freights/{resource_id},actor_from_headers obrigatório,papel sensível somente para leitura de terceiro sensível; demais CRUDs usam owner/operator,owner_or_operator,não genérico; regras especiais por domínio quando implementadas,permissions em recursos configurados; não genérico nos demais CRUDs,False,store.update gera audit,não exigida genericamente,parcial_estatico,,modules/shared/runtime.py:565
tms,freights,delete,DELETE,/resources/freights/{resource_id},actor_from_headers obrigatório,papel sensível somente para leitura de terceiro sensível; demais CRUDs usam owner/operator,owner_or_operator; sensíveis/imutáveis bloqueados,não genérico; regras especiais por domínio quando implementadas,permissions em recursos configurados; não genérico nos demais CRUDs,False,soft_delete gera audit,não aplicável,parcial_estatico,,modules/shared/runtime.py:586
tms,routes,create,POST,/resources/routes,actor_from_headers obrigatório,papel sensível somente para leitura de terceiro sensível; demais CRUDs usam owner/operator,owner_or_operator,não genérico; regras especiais por domínio quando implementadas,permissions em recursos configurados; não genérico nos demais CRUDs,False,store.create gera audit/event,X-Idempotency-Key somente transacionais,parcial_estatico,tests/test_operational_journeys.py:273;tests/test_tms_domain.py:40,modules/shared/runtime.py:520
tms,routes,list,GET,/resources/routes,actor_from_headers obrigatório,papel sensível somente para leitura de terceiro sensível; demais CRUDs usam owner/operator,lista do actor; user_id de terceiro exige APPROVER_ROLES,não genérico; regras especiais por domínio quando implementadas,permissions em recursos configurados; não genérico nos demais CRUDs,False,leitura não auditada genericamente,não aplicável,parcial_estatico,,modules/shared/runtime.py:530
tms,routes,read,GET,/resources/routes/{resource_id},actor_from_headers obrigatório,papel sensível somente para leitura de terceiro sensível; demais CRUDs usam owner/operator,owner_or_operator antes da exposição,não genérico; regras especiais por domínio quando implementadas,permissions em recursos configurados; não genérico nos demais CRUDs,False,leitura não auditada genericamente,não aplicável,parcial_estatico,,modules/shared/runtime.py:543
tms,routes,update,PATCH,/resources/routes/{resource_id},actor_from_headers obrigatório,papel sensível somente para leitura de terceiro sensível; demais CRUDs usam owner/operator,owner_or_operator,não genérico; regras especiais por domínio quando implementadas,permissions em recursos configurados; não genérico nos demais CRUDs,False,store.update gera audit,não exigida genericamente,parcial_estatico,,modules/shared/runtime.py:565
tms,routes,delete,DELETE,/resources/routes/{resource_id},actor_from_headers obrigatório,papel sensível somente para leitura de terceiro sensível; demais CRUDs usam owner/operator,owner_or_operator; sensíveis/imutáveis bloqueados,não genérico; regras especiais por domínio quando implementadas,permissions em recursos configurados; não genérico nos demais CRUDs,False,soft_delete gera audit,não aplicável,parcial_estatico,,modules/shared/runtime.py:586
tms,proofs_of_delivery,create,POST,/resources/proofs_of_delivery,actor_from_headers obrigatório,papel sensível somente para leitura de terceiro sensível; demais CRUDs usam owner/operator,owner_or_operator,não genérico; regras especiais por domínio quando implementadas,permissions em recursos configurados; não genérico nos demais CRUDs,True,store.create gera audit/event,X-Idempotency-Key somente transacionais,parcial_estatico,tests/test_tms_domain.py:104,modules/shared/runtime.py:520
tms,proofs_of_delivery,list,GET,/resources/proofs_of_delivery,actor_from_headers obrigatório,papel sensível somente para leitura de terceiro sensível; demais CRUDs usam owner/operator,lista do actor; user_id de terceiro exige APPROVER_ROLES,não genérico; regras especiais por domínio quando implementadas,permissions em recursos configurados; não genérico nos demais CRUDs,True,leitura não auditada genericamente,não aplicável,parcial_estatico,,modules/shared/runtime.py:530
tms,proofs_of_delivery,read,GET,/resources/proofs_of_delivery/{resource_id},actor_from_headers obrigatório,papel sensível somente para leitura de terceiro sensível; demais CRUDs usam owner/operator,owner_or_operator antes da exposição,não genérico; regras especiais por domínio quando implementadas,permissions em recursos configurados; não genérico nos demais CRUDs,True,leitura não auditada genericamente,não aplicável,parcial_estatico,,modules/shared/runtime.py:543
tms,proofs_of_delivery,update,PATCH,/resources/proofs_of_delivery/{resource_id},actor_from_headers obrigatório,papel sensível somente para leitura de terceiro sensível; demais CRUDs usam owner/operator,owner_or_operator,não genérico; regras especiais por domínio quando implementadas,permissions em recursos configurados; não genérico nos demais CRUDs,True,store.update gera audit,não exigida genericamente,parcial_estatico,,modules/shared/runtime.py:565
tms,proofs_of_delivery,delete,DELETE,/resources/proofs_of_delivery/{resource_id},actor_from_headers obrigatório,papel sensível somente para leitura de terceiro sensível; demais CRUDs usam owner/operator,owner_or_operator; sensíveis/imutáveis bloqueados,não genérico; regras especiais por domínio quando implementadas,permissions em recursos configurados; não genérico nos demais CRUDs,True,soft_delete gera audit,não aplicável,parcial_estatico,,modules/shared/runtime.py:586
tms,freight_audits,create,POST,/resources/freight_audits,actor_from_headers obrigatório,papel sensível somente para leitura de terceiro sensível; demais CRUDs usam owner/operator,owner_or_operator,não genérico; regras especiais por domínio quando implementadas,permissions em recursos configurados; não genérico nos demais CRUDs,True,store.create gera audit/event,X-Idempotency-Key somente transacionais,parcial_estatico,tests/test_tms_domain.py:135,modules/shared/runtime.py:520
tms,freight_audits,list,GET,/resources/freight_audits,actor_from_headers obrigatório,papel sensível somente para leitura de terceiro sensível; demais CRUDs usam owner/operator,lista do actor; user_id de terceiro exige APPROVER_ROLES,não genérico; regras especiais por domínio quando implementadas,permissions em recursos configurados; não genérico nos demais CRUDs,True,leitura não auditada genericamente,não aplicável,parcial_estatico,,modules/shared/runtime.py:530
tms,freight_audits,read,GET,/resources/freight_audits/{resource_id},actor_from_headers obrigatório,papel sensível somente para leitura de terceiro sensível; demais CRUDs usam owner/operator,owner_or_operator antes da exposição,não genérico; regras especiais por domínio quando implementadas,permissions em recursos configurados; não genérico nos demais CRUDs,True,leitura não auditada genericamente,não aplicável,parcial_estatico,,modules/shared/runtime.py:543
tms,freight_audits,update,PATCH,/resources/freight_audits/{resource_id},actor_from_headers obrigatório,papel sensível somente para leitura de terceiro sensível; demais CRUDs usam owner/operator,owner_or_operator,não genérico; regras especiais por domínio quando implementadas,permissions em recursos configurados; não genérico nos demais CRUDs,True,store.update gera audit,não exigida genericamente,parcial_estatico,,modules/shared/runtime.py:565
tms,freight_audits,delete,DELETE,/resources/freight_audits/{resource_id},actor_from_headers obrigatório,papel sensível somente para leitura de terceiro sensível; demais CRUDs usam owner/operator,owner_or_operator; sensíveis/imutáveis bloqueados,não genérico; regras especiais por domínio quando implementadas,permissions em recursos configurados; não genérico nos demais CRUDs,True,soft_delete gera audit,não aplicável,parcial_estatico,,modules/shared/runtime.py:586
crm,leads,create,POST,/resources/leads,actor_from_headers obrigatório,papel sensível somente para leitura de terceiro sensível; demais CRUDs usam owner/operator,owner_or_operator,não genérico; regras especiais por domínio quando implementadas,permissions em recursos configurados; não genérico nos demais CRUDs,True,store.create gera audit/event,X-Idempotency-Key somente transacionais,parcial_estatico,tests/test_crm_domain.py:26,modules/shared/runtime.py:520
crm,leads,list,GET,/resources/leads,actor_from_headers obrigatório,papel sensível somente para leitura de terceiro sensível; demais CRUDs usam owner/operator,lista do actor; user_id de terceiro exige APPROVER_ROLES,não genérico; regras especiais por domínio quando implementadas,permissions em recursos configurados; não genérico nos demais CRUDs,True,leitura não auditada genericamente,não aplicável,parcial_estatico,,modules/shared/runtime.py:530
crm,leads,read,GET,/resources/leads/{resource_id},actor_from_headers obrigatório,papel sensível somente para leitura de terceiro sensível; demais CRUDs usam owner/operator,owner_or_operator antes da exposição,não genérico; regras especiais por domínio quando implementadas,permissions em recursos configurados; não genérico nos demais CRUDs,True,leitura não auditada genericamente,não aplicável,parcial_estatico,,modules/shared/runtime.py:543
crm,leads,update,PATCH,/resources/leads/{resource_id},actor_from_headers obrigatório,papel sensível somente para leitura de terceiro sensível; demais CRUDs usam owner/operator,owner_or_operator,não genérico; regras especiais por domínio quando implementadas,permissions em recursos configurados; não genérico nos demais CRUDs,True,store.update gera audit,não exigida genericamente,parcial_estatico,,modules/shared/runtime.py:565
crm,leads,delete,DELETE,/resources/leads/{resource_id},actor_from_headers obrigatório,papel sensível somente para leitura de terceiro sensível; demais CRUDs usam owner/operator,owner_or_operator; sensíveis/imutáveis bloqueados,não genérico; regras especiais por domínio quando implementadas,permissions em recursos configurados; não genérico nos demais CRUDs,True,soft_delete gera audit,não aplicável,parcial_estatico,,modules/shared/runtime.py:586
crm,opportunities,create,POST,/resources/opportunities,actor_from_headers obrigatório,papel sensível somente para leitura de terceiro sensível; demais CRUDs usam owner/operator,owner_or_operator,não genérico; regras especiais por domínio quando implementadas,permissions em recursos configurados; não genérico nos demais CRUDs,True,store.create gera audit/event,X-Idempotency-Key somente transacionais,parcial_estatico,tests/test_crm_domain.py:71,modules/shared/runtime.py:520
crm,opportunities,list,GET,/resources/opportunities,actor_from_headers obrigatório,papel sensível somente para leitura de terceiro sensível; demais CRUDs usam owner/operator,lista do actor; user_id de terceiro exige APPROVER_ROLES,não genérico; regras especiais por domínio quando implementadas,permissions em recursos configurados; não genérico nos demais CRUDs,True,leitura não auditada genericamente,não aplicável,parcial_estatico,,modules/shared/runtime.py:530
crm,opportunities,read,GET,/resources/opportunities/{resource_id},actor_from_headers obrigatório,papel sensível somente para leitura de terceiro sensível; demais CRUDs usam owner/operator,owner_or_operator antes da exposição,não genérico; regras especiais por domínio quando implementadas,permissions em recursos configurados; não genérico nos demais CRUDs,True,leitura não auditada genericamente,não aplicável,parcial_estatico,,modules/shared/runtime.py:543
crm,opportunities,update,PATCH,/resources/opportunities/{resource_id},actor_from_headers obrigatório,papel sensível somente para leitura de terceiro sensível; demais CRUDs usam owner/operator,owner_or_operator,não genérico; regras especiais por domínio quando implementadas,permissions em recursos configurados; não genérico nos demais CRUDs,True,store.update gera audit,não exigida genericamente,parcial_estatico,,modules/shared/runtime.py:565
crm,opportunities,delete,DELETE,/resources/opportunities/{resource_id},actor_from_headers obrigatório,papel sensível somente para leitura de terceiro sensível; demais CRUDs usam owner/operator,owner_or_operator; sensíveis/imutáveis bloqueados,não genérico; regras especiais por domínio quando implementadas,permissions em recursos configurados; não genérico nos demais CRUDs,True,soft_delete gera audit,não aplicável,parcial_estatico,,modules/shared/runtime.py:586
crm,activities,create,POST,/resources/activities,actor_from_headers obrigatório,papel sensível somente para leitura de terceiro sensível; demais CRUDs usam owner/operator,owner_or_operator,não genérico; regras especiais por domínio quando implementadas,permissions em recursos configurados; não genérico nos demais CRUDs,True,store.create gera audit/event,X-Idempotency-Key somente transacionais,parcial_estatico,tests/test_crm_domain.py:48,modules/shared/runtime.py:520
crm,activities,list,GET,/resources/activities,actor_from_headers obrigatório,papel sensível somente para leitura de terceiro sensível; demais CRUDs usam owner/operator,lista do actor; user_id de terceiro exige APPROVER_ROLES,não genérico; regras especiais por domínio quando implementadas,permissions em recursos configurados; não genérico nos demais CRUDs,True,leitura não auditada genericamente,não aplicável,parcial_estatico,,modules/shared/runtime.py:530
crm,activities,read,GET,/resources/activities/{resource_id},actor_from_headers obrigatório,papel sensível somente para leitura de terceiro sensível; demais CRUDs usam owner/operator,owner_or_operator antes da exposição,não genérico; regras especiais por domínio quando implementadas,permissions em recursos configurados; não genérico nos demais CRUDs,True,leitura não auditada genericamente,não aplicável,parcial_estatico,,modules/shared/runtime.py:543
crm,activities,update,PATCH,/resources/activities/{resource_id},actor_from_headers obrigatório,papel sensível somente para leitura de terceiro sensível; demais CRUDs usam owner/operator,owner_or_operator,não genérico; regras especiais por domínio quando implementadas,permissions em recursos configurados; não genérico nos demais CRUDs,True,store.update gera audit,não exigida genericamente,parcial_estatico,,modules/shared/runtime.py:565
crm,activities,delete,DELETE,/resources/activities/{resource_id},actor_from_headers obrigatório,papel sensível somente para leitura de terceiro sensível; demais CRUDs usam owner/operator,owner_or_operator; sensíveis/imutáveis bloqueados,não genérico; regras especiais por domínio quando implementadas,permissions em recursos configurados; não genérico nos demais CRUDs,True,soft_delete gera audit,não aplicável,parcial_estatico,,modules/shared/runtime.py:586
crm,campaigns,create,POST,/resources/campaigns,actor_from_headers obrigatório,papel sensível somente para leitura de terceiro sensível; demais CRUDs usam owner/operator,owner_or_operator,não genérico; regras especiais por domínio quando implementadas,permissions em recursos configurados; não genérico nos demais CRUDs,False,store.create gera audit/event,X-Idempotency-Key somente transacionais,parcial_estatico,tests/test_crm_domain.py:123,modules/shared/runtime.py:520
crm,campaigns,list,GET,/resources/campaigns,actor_from_headers obrigatório,papel sensível somente para leitura de terceiro sensível; demais CRUDs usam owner/operator,lista do actor; user_id de terceiro exige APPROVER_ROLES,não genérico; regras especiais por domínio quando implementadas,permissions em recursos configurados; não genérico nos demais CRUDs,False,leitura não auditada genericamente,não aplicável,parcial_estatico,,modules/shared/runtime.py:530
crm,campaigns,read,GET,/resources/campaigns/{resource_id},actor_from_headers obrigatório,papel sensível somente para leitura de terceiro sensível; demais CRUDs usam owner/operator,owner_or_operator antes da exposição,não genérico; regras especiais por domínio quando implementadas,permissions em recursos configurados; não genérico nos demais CRUDs,False,leitura não auditada genericamente,não aplicável,parcial_estatico,,modules/shared/runtime.py:543
crm,campaigns,update,PATCH,/resources/campaigns/{resource_id},actor_from_headers obrigatório,papel sensível somente para leitura de terceiro sensível; demais CRUDs usam owner/operator,owner_or_operator,não genérico; regras especiais por domínio quando implementadas,permissions em recursos configurados; não genérico nos demais CRUDs,False,store.update gera audit,não exigida genericamente,parcial_estatico,,modules/shared/runtime.py:565
crm,campaigns,delete,DELETE,/resources/campaigns/{resource_id},actor_from_headers obrigatório,papel sensível somente para leitura de terceiro sensível; demais CRUDs usam owner/operator,owner_or_operator; sensíveis/imutáveis bloqueados,não genérico; regras especiais por domínio quando implementadas,permissions em recursos configurados; não genérico nos demais CRUDs,False,soft_delete gera audit,não aplicável,parcial_estatico,,modules/shared/runtime.py:586
bpm,processes,create,POST,/resources/processes,actor_from_headers obrigatório,papel sensível somente para leitura de terceiro sensível; demais CRUDs usam owner/operator,owner_or_operator,não genérico; regras especiais por domínio quando implementadas,permissions em recursos configurados; não genérico nos demais CRUDs,False,store.create gera audit/event,X-Idempotency-Key somente transacionais,parcial_estatico,,modules/shared/runtime.py:520
bpm,processes,list,GET,/resources/processes,actor_from_headers obrigatório,papel sensível somente para leitura de terceiro sensível; demais CRUDs usam owner/operator,lista do actor; user_id de terceiro exige APPROVER_ROLES,não genérico; regras especiais por domínio quando implementadas,permissions em recursos configurados; não genérico nos demais CRUDs,False,leitura não auditada genericamente,não aplicável,parcial_estatico,,modules/shared/runtime.py:530
bpm,processes,read,GET,/resources/processes/{resource_id},actor_from_headers obrigatório,papel sensível somente para leitura de terceiro sensível; demais CRUDs usam owner/operator,owner_or_operator antes da exposição,não genérico; regras especiais por domínio quando implementadas,permissions em recursos configurados; não genérico nos demais CRUDs,False,leitura não auditada genericamente,não aplicável,parcial_estatico,,modules/shared/runtime.py:543
bpm,processes,update,PATCH,/resources/processes/{resource_id},actor_from_headers obrigatório,papel sensível somente para leitura de terceiro sensível; demais CRUDs usam owner/operator,owner_or_operator,não genérico; regras especiais por domínio quando implementadas,permissions em recursos configurados; não genérico nos demais CRUDs,False,store.update gera audit,não exigida genericamente,parcial_estatico,,modules/shared/runtime.py:565
bpm,processes,delete,DELETE,/resources/processes/{resource_id},actor_from_headers obrigatório,papel sensível somente para leitura de terceiro sensível; demais CRUDs usam owner/operator,owner_or_operator; sensíveis/imutáveis bloqueados,não genérico; regras especiais por domínio quando implementadas,permissions em recursos configurados; não genérico nos demais CRUDs,False,soft_delete gera audit,não aplicável,parcial_estatico,,modules/shared/runtime.py:586
bpm,workflow_instances,create,POST,/resources/workflow_instances,actor_from_headers obrigatório,papel sensível somente para leitura de terceiro sensível; demais CRUDs usam owner/operator,owner_or_operator,não genérico; regras especiais por domínio quando implementadas,permissions em recursos configurados; não genérico nos demais CRUDs,False,store.create gera audit/event,X-Idempotency-Key somente transacionais,parcial_estatico,tests/test_bpm_domain.py:41,modules/shared/runtime.py:520
bpm,workflow_instances,list,GET,/resources/workflow_instances,actor_from_headers obrigatório,papel sensível somente para leitura de terceiro sensível; demais CRUDs usam owner/operator,lista do actor; user_id de terceiro exige APPROVER_ROLES,não genérico; regras especiais por domínio quando implementadas,permissions em recursos configurados; não genérico nos demais CRUDs,False,leitura não auditada genericamente,não aplicável,parcial_estatico,,modules/shared/runtime.py:530
bpm,workflow_instances,read,GET,/resources/workflow_instances/{resource_id},actor_from_headers obrigatório,papel sensível somente para leitura de terceiro sensível; demais CRUDs usam owner/operator,owner_or_operator antes da exposição,não genérico; regras especiais por domínio quando implementadas,permissions em recursos configurados; não genérico nos demais CRUDs,False,leitura não auditada genericamente,não aplicável,parcial_estatico,,modules/shared/runtime.py:543
bpm,workflow_instances,update,PATCH,/resources/workflow_instances/{resource_id},actor_from_headers obrigatório,papel sensível somente para leitura de terceiro sensível; demais CRUDs usam owner/operator,owner_or_operator,não genérico; regras especiais por domínio quando implementadas,permissions em recursos configurados; não genérico nos demais CRUDs,False,store.update gera audit,não exigida genericamente,parcial_estatico,,modules/shared/runtime.py:565
bpm,workflow_instances,delete,DELETE,/resources/workflow_instances/{resource_id},actor_from_headers obrigatório,papel sensível somente para leitura de terceiro sensível; demais CRUDs usam owner/operator,owner_or_operator; sensíveis/imutáveis bloqueados,não genérico; regras especiais por domínio quando implementadas,permissions em recursos configurados; não genérico nos demais CRUDs,False,soft_delete gera audit,não aplicável,parcial_estatico,,modules/shared/runtime.py:586
bpm,tasks,create,POST,/resources/tasks,actor_from_headers obrigatório,papel sensível somente para leitura de terceiro sensível; demais CRUDs usam owner/operator,owner_or_operator,não genérico; regras especiais por domínio quando implementadas,permissions em recursos configurados; não genérico nos demais CRUDs,False,store.create gera audit/event,X-Idempotency-Key somente transacionais,parcial_estatico,tests/test_bpm_domain.py:56,modules/shared/runtime.py:520
bpm,tasks,list,GET,/resources/tasks,actor_from_headers obrigatório,papel sensível somente para leitura de terceiro sensível; demais CRUDs usam owner/operator,lista do actor; user_id de terceiro exige APPROVER_ROLES,não genérico; regras especiais por domínio quando implementadas,permissions em recursos configurados; não genérico nos demais CRUDs,False,leitura não auditada genericamente,não aplicável,parcial_estatico,,modules/shared/runtime.py:530
bpm,tasks,read,GET,/resources/tasks/{resource_id},actor_from_headers obrigatório,papel sensível somente para leitura de terceiro sensível; demais CRUDs usam owner/operator,owner_or_operator antes da exposição,não genérico; regras especiais por domínio quando implementadas,permissions em recursos configurados; não genérico nos demais CRUDs,False,leitura não auditada genericamente,não aplicável,parcial_estatico,,modules/shared/runtime.py:543
bpm,tasks,update,PATCH,/resources/tasks/{resource_id},actor_from_headers obrigatório,papel sensível somente para leitura de terceiro sensível; demais CRUDs usam owner/operator,owner_or_operator,não genérico; regras especiais por domínio quando implementadas,permissions em recursos configurados; não genérico nos demais CRUDs,False,store.update gera audit,não exigida genericamente,parcial_estatico,,modules/shared/runtime.py:565
bpm,tasks,delete,DELETE,/resources/tasks/{resource_id},actor_from_headers obrigatório,papel sensível somente para leitura de terceiro sensível; demais CRUDs usam owner/operator,owner_or_operator; sensíveis/imutáveis bloqueados,não genérico; regras especiais por domínio quando implementadas,permissions em recursos configurados; não genérico nos demais CRUDs,False,soft_delete gera audit,não aplicável,parcial_estatico,,modules/shared/runtime.py:586
bpm,sla_policies,create,POST,/resources/sla_policies,actor_from_headers obrigatório,papel sensível somente para leitura de terceiro sensível; demais CRUDs usam owner/operator,owner_or_operator,não genérico; regras especiais por domínio quando implementadas,permissions em recursos configurados; não genérico nos demais CRUDs,False,store.create gera audit/event,X-Idempotency-Key somente transacionais,parcial_estatico,tests/test_bpm_domain.py:26,modules/shared/runtime.py:520
bpm,sla_policies,list,GET,/resources/sla_policies,actor_from_headers obrigatório,papel sensível somente para leitura de terceiro sensível; demais CRUDs usam owner/operator,lista do actor; user_id de terceiro exige APPROVER_ROLES,não genérico; regras especiais por domínio quando implementadas,permissions em recursos configurados; não genérico nos demais CRUDs,False,leitura não auditada genericamente,não aplicável,parcial_estatico,,modules/shared/runtime.py:530
bpm,sla_policies,read,GET,/resources/sla_policies/{resource_id},actor_from_headers obrigatório,papel sensível somente para leitura de terceiro sensível; demais CRUDs usam owner/operator,owner_or_operator antes da exposição,não genérico; regras especiais por domínio quando implementadas,permissions em recursos configurados; não genérico nos demais CRUDs,False,leitura não auditada genericamente,não aplicável,parcial_estatico,,modules/shared/runtime.py:543
bpm,sla_policies,update,PATCH,/resources/sla_policies/{resource_id},actor_from_headers obrigatório,papel sensível somente para leitura de terceiro sensível; demais CRUDs usam owner/operator,owner_or_operator,não genérico; regras especiais por domínio quando implementadas,permissions em recursos configurados; não genérico nos demais CRUDs,False,store.update gera audit,não exigida genericamente,parcial_estatico,,modules/shared/runtime.py:565
bpm,sla_policies,delete,DELETE,/resources/sla_policies/{resource_id},actor_from_headers obrigatório,papel sensível somente para leitura de terceiro sensível; demais CRUDs usam owner/operator,owner_or_operator; sensíveis/imutáveis bloqueados,não genérico; regras especiais por domínio quando implementadas,permissions em recursos configurados; não genérico nos demais CRUDs,False,soft_delete gera audit,não aplicável,parcial_estatico,,modules/shared/runtime.py:586
document,folders,create,POST,/resources/folders,actor_from_headers obrigatório,papel sensível somente para leitura de terceiro sensível; demais CRUDs usam owner/operator,owner_or_operator,não genérico; regras especiais por domínio quando implementadas,permissions em recursos configurados; não genérico nos demais CRUDs,False,store.create gera audit/event,X-Idempotency-Key somente transacionais,parcial_estatico,,modules/shared/runtime.py:520
document,folders,list,GET,/resources/folders,actor_from_headers obrigatório,papel sensível somente para leitura de terceiro sensível; demais CRUDs usam owner/operator,lista do actor; user_id de terceiro exige APPROVER_ROLES,não genérico; regras especiais por domínio quando implementadas,permissions em recursos configurados; não genérico nos demais CRUDs,False,leitura não auditada genericamente,não aplicável,parcial_estatico,,modules/shared/runtime.py:530
document,folders,read,GET,/resources/folders/{resource_id},actor_from_headers obrigatório,papel sensível somente para leitura de terceiro sensível; demais CRUDs usam owner/operator,owner_or_operator antes da exposição,não genérico; regras especiais por domínio quando implementadas,permissions em recursos configurados; não genérico nos demais CRUDs,False,leitura não auditada genericamente,não aplicável,parcial_estatico,,modules/shared/runtime.py:543
document,folders,update,PATCH,/resources/folders/{resource_id},actor_from_headers obrigatório,papel sensível somente para leitura de terceiro sensível; demais CRUDs usam owner/operator,owner_or_operator,não genérico; regras especiais por domínio quando implementadas,permissions em recursos configurados; não genérico nos demais CRUDs,False,store.update gera audit,não exigida genericamente,parcial_estatico,,modules/shared/runtime.py:565
document,folders,delete,DELETE,/resources/folders/{resource_id},actor_from_headers obrigatório,papel sensível somente para leitura de terceiro sensível; demais CRUDs usam owner/operator,owner_or_operator; sensíveis/imutáveis bloqueados,não genérico; regras especiais por domínio quando implementadas,permissions em recursos configurados; não genérico nos demais CRUDs,False,soft_delete gera audit,não aplicável,parcial_estatico,,modules/shared/runtime.py:586
document,documents,create,POST,/resources/documents,actor_from_headers obrigatório,papel sensível somente para leitura de terceiro sensível; demais CRUDs usam owner/operator,owner_or_operator,não genérico; regras especiais por domínio quando implementadas,permissions em recursos configurados; não genérico nos demais CRUDs,True,store.create gera audit/event,X-Idempotency-Key somente transacionais,parcial_estatico,tests/test_document_domain.py:39,modules/shared/runtime.py:520
document,documents,list,GET,/resources/documents,actor_from_headers obrigatório,papel sensível somente para leitura de terceiro sensível; demais CRUDs usam owner/operator,lista do actor; user_id de terceiro exige APPROVER_ROLES,não genérico; regras especiais por domínio quando implementadas,permissions em recursos configurados; não genérico nos demais CRUDs,True,leitura não auditada genericamente,não aplicável,parcial_estatico,,modules/shared/runtime.py:530
document,documents,read,GET,/resources/documents/{resource_id},actor_from_headers obrigatório,papel sensível somente para leitura de terceiro sensível; demais CRUDs usam owner/operator,owner_or_operator antes da exposição,não genérico; regras especiais por domínio quando implementadas,permissions em recursos configurados; não genérico nos demais CRUDs,True,leitura não auditada genericamente,não aplicável,parcial_estatico,,modules/shared/runtime.py:543
document,documents,update,PATCH,/resources/documents/{resource_id},actor_from_headers obrigatório,papel sensível somente para leitura de terceiro sensível; demais CRUDs usam owner/operator,owner_or_operator,não genérico; regras especiais por domínio quando implementadas,permissions em recursos configurados; não genérico nos demais CRUDs,True,store.update gera audit,não exigida genericamente,parcial_estatico,,modules/shared/runtime.py:565
document,documents,delete,DELETE,/resources/documents/{resource_id},actor_from_headers obrigatório,papel sensível somente para leitura de terceiro sensível; demais CRUDs usam owner/operator,owner_or_operator; sensíveis/imutáveis bloqueados,não genérico; regras especiais por domínio quando implementadas,permissions em recursos configurados; não genérico nos demais CRUDs,True,soft_delete gera audit,não aplicável,parcial_estatico,,modules/shared/runtime.py:586
document,versions,create,POST,/resources/versions,actor_from_headers obrigatório,papel sensível somente para leitura de terceiro sensível; demais CRUDs usam owner/operator,owner_or_operator,não genérico; regras especiais por domínio quando implementadas,permissions em recursos configurados; não genérico nos demais CRUDs,True,store.create gera audit/event,X-Idempotency-Key somente transacionais,parcial_estatico,tests/test_document_domain.py:49,modules/shared/runtime.py:520
document,versions,list,GET,/resources/versions,actor_from_headers obrigatório,papel sensível somente para leitura de terceiro sensível; demais CRUDs usam owner/operator,lista do actor; user_id de terceiro exige APPROVER_ROLES,não genérico; regras especiais por domínio quando implementadas,permissions em recursos configurados; não genérico nos demais CRUDs,True,leitura não auditada genericamente,não aplicável,parcial_estatico,,modules/shared/runtime.py:530
document,versions,read,GET,/resources/versions/{resource_id},actor_from_headers obrigatório,papel sensível somente para leitura de terceiro sensível; demais CRUDs usam owner/operator,owner_or_operator antes da exposição,não genérico; regras especiais por domínio quando implementadas,permissions em recursos configurados; não genérico nos demais CRUDs,True,leitura não auditada genericamente,não aplicável,parcial_estatico,,modules/shared/runtime.py:543
document,versions,update,PATCH,/resources/versions/{resource_id},actor_from_headers obrigatório,papel sensível somente para leitura de terceiro sensível; demais CRUDs usam owner/operator,owner_or_operator,não genérico; regras especiais por domínio quando implementadas,permissions em recursos configurados; não genérico nos demais CRUDs,True,store.update gera audit,não exigida genericamente,parcial_estatico,,modules/shared/runtime.py:565
document,versions,delete,DELETE,/resources/versions/{resource_id},actor_from_headers obrigatório,papel sensível somente para leitura de terceiro sensível; demais CRUDs usam owner/operator,owner_or_operator; sensíveis/imutáveis bloqueados,não genérico; regras especiais por domínio quando implementadas,permissions em recursos configurados; não genérico nos demais CRUDs,True,soft_delete gera audit,não aplicável,parcial_estatico,,modules/shared/runtime.py:586
document,retention_policies,create,POST,/resources/retention_policies,actor_from_headers obrigatório,papel sensível somente para leitura de terceiro sensível; demais CRUDs usam owner/operator,owner_or_operator,não genérico; regras especiais por domínio quando implementadas,permissions em recursos configurados; não genérico nos demais CRUDs,False,store.create gera audit/event,X-Idempotency-Key somente transacionais,parcial_estatico,,modules/shared/runtime.py:520
document,retention_policies,list,GET,/resources/retention_policies,actor_from_headers obrigatório,papel sensível somente para leitura de terceiro sensível; demais CRUDs usam owner/operator,lista do actor; user_id de terceiro exige APPROVER_ROLES,não genérico; regras especiais por domínio quando implementadas,permissions em recursos configurados; não genérico nos demais CRUDs,False,leitura não auditada genericamente,não aplicável,parcial_estatico,,modules/shared/runtime.py:530
document,retention_policies,read,GET,/resources/retention_policies/{resource_id},actor_from_headers obrigatório,papel sensível somente para leitura de terceiro sensível; demais CRUDs usam owner/operator,owner_or_operator antes da exposição,não genérico; regras especiais por domínio quando implementadas,permissions em recursos configurados; não genérico nos demais CRUDs,False,leitura não auditada genericamente,não aplicável,parcial_estatico,,modules/shared/runtime.py:543
document,retention_policies,update,PATCH,/resources/retention_policies/{resource_id},actor_from_headers obrigatório,papel sensível somente para leitura de terceiro sensível; demais CRUDs usam owner/operator,owner_or_operator,não genérico; regras especiais por domínio quando implementadas,permissions em recursos configurados; não genérico nos demais CRUDs,False,store.update gera audit,não exigida genericamente,parcial_estatico,,modules/shared/runtime.py:565
document,retention_policies,delete,DELETE,/resources/retention_policies/{resource_id},actor_from_headers obrigatório,papel sensível somente para leitura de terceiro sensível; demais CRUDs usam owner/operator,owner_or_operator; sensíveis/imutáveis bloqueados,não genérico; regras especiais por domínio quando implementadas,permissions em recursos configurados; não genérico nos demais CRUDs,False,soft_delete gera audit,não aplicável,parcial_estatico,,modules/shared/runtime.py:586
hr,employees,create,POST,/resources/employees,actor_from_headers obrigatório,papel sensível somente para leitura de terceiro sensível; demais CRUDs usam owner/operator,owner_or_operator,não genérico; regras especiais por domínio quando implementadas,permissions em recursos configurados; não genérico nos demais CRUDs,True,store.create gera audit/event,X-Idempotency-Key somente transacionais,parcial_estatico,tests/test_hr_domain.py:27,modules/shared/runtime.py:520
hr,employees,list,GET,/resources/employees,actor_from_headers obrigatório,papel sensível somente para leitura de terceiro sensível; demais CRUDs usam owner/operator,lista do actor; user_id de terceiro exige APPROVER_ROLES,não genérico; regras especiais por domínio quando implementadas,permissions em recursos configurados; não genérico nos demais CRUDs,True,leitura não auditada genericamente,não aplicável,parcial_estatico,,modules/shared/runtime.py:530
hr,employees,read,GET,/resources/employees/{resource_id},actor_from_headers obrigatório,papel sensível somente para leitura de terceiro sensível; demais CRUDs usam owner/operator,owner_or_operator antes da exposição,não genérico; regras especiais por domínio quando implementadas,permissions em recursos configurados; não genérico nos demais CRUDs,True,leitura não auditada genericamente,não aplicável,parcial_estatico,,modules/shared/runtime.py:543
hr,employees,update,PATCH,/resources/employees/{resource_id},actor_from_headers obrigatório,papel sensível somente para leitura de terceiro sensível; demais CRUDs usam owner/operator,owner_or_operator,não genérico; regras especiais por domínio quando implementadas,permissions em recursos configurados; não genérico nos demais CRUDs,True,store.update gera audit,não exigida genericamente,parcial_estatico,,modules/shared/runtime.py:565
hr,employees,delete,DELETE,/resources/employees/{resource_id},actor_from_headers obrigatório,papel sensível somente para leitura de terceiro sensível; demais CRUDs usam owner/operator,owner_or_operator; sensíveis/imutáveis bloqueados,não genérico; regras especiais por domínio quando implementadas,permissions em recursos configurados; não genérico nos demais CRUDs,True,soft_delete gera audit,não aplicável,parcial_estatico,,modules/shared/runtime.py:586
hr,payroll_runs,create,POST,/resources/payroll_runs,actor_from_headers obrigatório,papel sensível somente para leitura de terceiro sensível; demais CRUDs usam owner/operator,owner_or_operator,não genérico; regras especiais por domínio quando implementadas,permissions em recursos configurados; não genérico nos demais CRUDs,True,store.create gera audit/event,X-Idempotency-Key somente transacionais,parcial_estatico,tests/test_hr_domain.py:43,modules/shared/runtime.py:520
hr,payroll_runs,list,GET,/resources/payroll_runs,actor_from_headers obrigatório,papel sensível somente para leitura de terceiro sensível; demais CRUDs usam owner/operator,lista do actor; user_id de terceiro exige APPROVER_ROLES,não genérico; regras especiais por domínio quando implementadas,permissions em recursos configurados; não genérico nos demais CRUDs,True,leitura não auditada genericamente,não aplicável,parcial_estatico,,modules/shared/runtime.py:530
hr,payroll_runs,read,GET,/resources/payroll_runs/{resource_id},actor_from_headers obrigatório,papel sensível somente para leitura de terceiro sensível; demais CRUDs usam owner/operator,owner_or_operator antes da exposição,não genérico; regras especiais por domínio quando implementadas,permissions em recursos configurados; não genérico nos demais CRUDs,True,leitura não auditada genericamente,não aplicável,parcial_estatico,,modules/shared/runtime.py:543
hr,payroll_runs,update,PATCH,/resources/payroll_runs/{resource_id},actor_from_headers obrigatório,papel sensível somente para leitura de terceiro sensível; demais CRUDs usam owner/operator,owner_or_operator,não genérico; regras especiais por domínio quando implementadas,permissions em recursos configurados; não genérico nos demais CRUDs,True,store.update gera audit,não exigida genericamente,parcial_estatico,,modules/shared/runtime.py:565
hr,payroll_runs,delete,DELETE,/resources/payroll_runs/{resource_id},actor_from_headers obrigatório,papel sensível somente para leitura de terceiro sensível; demais CRUDs usam owner/operator,owner_or_operator; sensíveis/imutáveis bloqueados,não genérico; regras especiais por domínio quando implementadas,permissions em recursos configurados; não genérico nos demais CRUDs,True,soft_delete gera audit,não aplicável,parcial_estatico,,modules/shared/runtime.py:586
hr,candidates,create,POST,/resources/candidates,actor_from_headers obrigatório,papel sensível somente para leitura de terceiro sensível; demais CRUDs usam owner/operator,owner_or_operator,não genérico; regras especiais por domínio quando implementadas,permissions em recursos configurados; não genérico nos demais CRUDs,False,store.create gera audit/event,X-Idempotency-Key somente transacionais,parcial_estatico,,modules/shared/runtime.py:520
hr,candidates,list,GET,/resources/candidates,actor_from_headers obrigatório,papel sensível somente para leitura de terceiro sensível; demais CRUDs usam owner/operator,lista do actor; user_id de terceiro exige APPROVER_ROLES,não genérico; regras especiais por domínio quando implementadas,permissions em recursos configurados; não genérico nos demais CRUDs,False,leitura não auditada genericamente,não aplicável,parcial_estatico,,modules/shared/runtime.py:530
hr,candidates,read,GET,/resources/candidates/{resource_id},actor_from_headers obrigatório,papel sensível somente para leitura de terceiro sensível; demais CRUDs usam owner/operator,owner_or_operator antes da exposição,não genérico; regras especiais por domínio quando implementadas,permissions em recursos configurados; não genérico nos demais CRUDs,False,leitura não auditada genericamente,não aplicável,parcial_estatico,,modules/shared/runtime.py:543
hr,candidates,update,PATCH,/resources/candidates/{resource_id},actor_from_headers obrigatório,papel sensível somente para leitura de terceiro sensível; demais CRUDs usam owner/operator,owner_or_operator,não genérico; regras especiais por domínio quando implementadas,permissions em recursos configurados; não genérico nos demais CRUDs,False,store.update gera audit,não exigida genericamente,parcial_estatico,,modules/shared/runtime.py:565
hr,candidates,delete,DELETE,/resources/candidates/{resource_id},actor_from_headers obrigatório,papel sensível somente para leitura de terceiro sensível; demais CRUDs usam owner/operator,owner_or_operator; sensíveis/imutáveis bloqueados,não genérico; regras especiais por domínio quando implementadas,permissions em recursos configurados; não genérico nos demais CRUDs,False,soft_delete gera audit,não aplicável,parcial_estatico,,modules/shared/runtime.py:586
hr,courses,create,POST,/resources/courses,actor_from_headers obrigatório,papel sensível somente para leitura de terceiro sensível; demais CRUDs usam owner/operator,owner_or_operator,não genérico; regras especiais por domínio quando implementadas,permissions em recursos configurados; não genérico nos demais CRUDs,True,store.create gera audit/event,X-Idempotency-Key somente transacionais,parcial_estatico,tests/test_hr_domain.py:74,modules/shared/runtime.py:520
hr,courses,list,GET,/resources/courses,actor_from_headers obrigatório,papel sensível somente para leitura de terceiro sensível; demais CRUDs usam owner/operator,lista do actor; user_id de terceiro exige APPROVER_ROLES,não genérico; regras especiais por domínio quando implementadas,permissions em recursos configurados; não genérico nos demais CRUDs,True,leitura não auditada genericamente,não aplicável,parcial_estatico,,modules/shared/runtime.py:530
hr,courses,read,GET,/resources/courses/{resource_id},actor_from_headers obrigatório,papel sensível somente para leitura de terceiro sensível; demais CRUDs usam owner/operator,owner_or_operator antes da exposição,não genérico; regras especiais por domínio quando implementadas,permissions em recursos configurados; não genérico nos demais CRUDs,True,leitura não auditada genericamente,não aplicável,parcial_estatico,,modules/shared/runtime.py:543
hr,courses,update,PATCH,/resources/courses/{resource_id},actor_from_headers obrigatório,papel sensível somente para leitura de terceiro sensível; demais CRUDs usam owner/operator,owner_or_operator,não genérico; regras especiais por domínio quando implementadas,permissions em recursos configurados; não genérico nos demais CRUDs,True,store.update gera audit,não exigida genericamente,parcial_estatico,,modules/shared/runtime.py:565
hr,courses,delete,DELETE,/resources/courses/{resource_id},actor_from_headers obrigatório,papel sensível somente para leitura de terceiro sensível; demais CRUDs usam owner/operator,owner_or_operator; sensíveis/imutáveis bloqueados,não genérico; regras especiais por domínio quando implementadas,permissions em recursos configurados; não genérico nos demais CRUDs,True,soft_delete gera audit,não aplicável,parcial_estatico,,modules/shared/runtime.py:586
hr,occupational_records,create,POST,/resources/occupational_records,actor_from_headers obrigatório,papel sensível somente para leitura de terceiro sensível; demais CRUDs usam owner/operator,owner_or_operator,não genérico; regras especiais por domínio quando implementadas,permissions em recursos configurados; não genérico nos demais CRUDs,True,store.create gera audit/event,X-Idempotency-Key somente transacionais,parcial_estatico,,modules/shared/runtime.py:520
hr,occupational_records,list,GET,/resources/occupational_records,actor_from_headers obrigatório,papel sensível somente para leitura de terceiro sensível; demais CRUDs usam owner/operator,lista do actor; user_id de terceiro exige APPROVER_ROLES,não genérico; regras especiais por domínio quando implementadas,permissions em recursos configurados; não genérico nos demais CRUDs,True,leitura não auditada genericamente,não aplicável,parcial_estatico,,modules/shared/runtime.py:530
hr,occupational_records,read,GET,/resources/occupational_records/{resource_id},actor_from_headers obrigatório,papel sensível somente para leitura de terceiro sensível; demais CRUDs usam owner/operator,owner_or_operator antes da exposição,não genérico; regras especiais por domínio quando implementadas,permissions em recursos configurados; não genérico nos demais CRUDs,True,leitura não auditada genericamente,não aplicável,parcial_estatico,,modules/shared/runtime.py:543
hr,occupational_records,update,PATCH,/resources/occupational_records/{resource_id},actor_from_headers obrigatório,papel sensível somente para leitura de terceiro sensível; demais CRUDs usam owner/operator,owner_or_operator,não genérico; regras especiais por domínio quando implementadas,permissions em recursos configurados; não genérico nos demais CRUDs,True,store.update gera audit,não exigida genericamente,parcial_estatico,,modules/shared/runtime.py:565
hr,occupational_records,delete,DELETE,/resources/occupational_records/{resource_id},actor_from_headers obrigatório,papel sensível somente para leitura de terceiro sensível; demais CRUDs usam owner/operator,owner_or_operator; sensíveis/imutáveis bloqueados,não genérico; regras especiais por domínio quando implementadas,permissions em recursos configurados; não genérico nos demais CRUDs,True,soft_delete gera audit,não aplicável,parcial_estatico,,modules/shared/runtime.py:586
health,patients,create,POST,/resources/patients,actor_from_headers obrigatório,papel sensível somente para leitura de terceiro sensível; demais CRUDs usam owner/operator,owner_or_operator,não genérico; regras especiais por domínio quando implementadas,permissions em recursos configurados; não genérico nos demais CRUDs,True,store.create gera audit/event,X-Idempotency-Key somente transacionais,parcial_estatico,tests/test_operational_journeys.py:368;tests/test_permissions_enforcement_matrix.py:271,modules/shared/runtime.py:520
health,patients,list,GET,/resources/patients,actor_from_headers obrigatório,papel sensível somente para leitura de terceiro sensível; demais CRUDs usam owner/operator,lista do actor; user_id de terceiro exige APPROVER_ROLES,não genérico; regras especiais por domínio quando implementadas,permissions em recursos configurados; não genérico nos demais CRUDs,True,leitura não auditada genericamente,não aplicável,parcial_estatico,,modules/shared/runtime.py:530
health,patients,read,GET,/resources/patients/{resource_id},actor_from_headers obrigatório,papel sensível somente para leitura de terceiro sensível; demais CRUDs usam owner/operator,owner_or_operator antes da exposição,não genérico; regras especiais por domínio quando implementadas,permissions em recursos configurados; não genérico nos demais CRUDs,True,leitura não auditada genericamente,não aplicável,parcial_estatico,tests/test_operational_journeys.py:376;tests/test_permissions_enforcement_matrix.py:278,modules/shared/runtime.py:543
health,patients,update,PATCH,/resources/patients/{resource_id},actor_from_headers obrigatório,papel sensível somente para leitura de terceiro sensível; demais CRUDs usam owner/operator,owner_or_operator,não genérico; regras especiais por domínio quando implementadas,permissions em recursos configurados; não genérico nos demais CRUDs,True,store.update gera audit,não exigida genericamente,parcial_estatico,,modules/shared/runtime.py:565
health,patients,delete,DELETE,/resources/patients/{resource_id},actor_from_headers obrigatório,papel sensível somente para leitura de terceiro sensível; demais CRUDs usam owner/operator,owner_or_operator; sensíveis/imutáveis bloqueados,não genérico; regras especiais por domínio quando implementadas,permissions em recursos configurados; não genérico nos demais CRUDs,True,soft_delete gera audit,não aplicável,parcial_estatico,,modules/shared/runtime.py:586
health,appointments,create,POST,/resources/appointments,actor_from_headers obrigatório,papel sensível somente para leitura de terceiro sensível; demais CRUDs usam owner/operator,owner_or_operator,não genérico; regras especiais por domínio quando implementadas,permissions em recursos configurados; não genérico nos demais CRUDs,True,store.create gera audit/event,X-Idempotency-Key somente transacionais,parcial_estatico,tests/test_operational_journeys.py:383,modules/shared/runtime.py:520
health,appointments,list,GET,/resources/appointments,actor_from_headers obrigatório,papel sensível somente para leitura de terceiro sensível; demais CRUDs usam owner/operator,lista do actor; user_id de terceiro exige APPROVER_ROLES,não genérico; regras especiais por domínio quando implementadas,permissions em recursos configurados; não genérico nos demais CRUDs,True,leitura não auditada genericamente,não aplicável,parcial_estatico,,modules/shared/runtime.py:530
health,appointments,read,GET,/resources/appointments/{resource_id},actor_from_headers obrigatório,papel sensível somente para leitura de terceiro sensível; demais CRUDs usam owner/operator,owner_or_operator antes da exposição,não genérico; regras especiais por domínio quando implementadas,permissions em recursos configurados; não genérico nos demais CRUDs,True,leitura não auditada genericamente,não aplicável,parcial_estatico,,modules/shared/runtime.py:543
health,appointments,update,PATCH,/resources/appointments/{resource_id},actor_from_headers obrigatório,papel sensível somente para leitura de terceiro sensível; demais CRUDs usam owner/operator,owner_or_operator,não genérico; regras especiais por domínio quando implementadas,permissions em recursos configurados; não genérico nos demais CRUDs,True,store.update gera audit,não exigida genericamente,parcial_estatico,,modules/shared/runtime.py:565
health,appointments,delete,DELETE,/resources/appointments/{resource_id},actor_from_headers obrigatório,papel sensível somente para leitura de terceiro sensível; demais CRUDs usam owner/operator,owner_or_operator; sensíveis/imutáveis bloqueados,não genérico; regras especiais por domínio quando implementadas,permissions em recursos configurados; não genérico nos demais CRUDs,True,soft_delete gera audit,não aplicável,parcial_estatico,,modules/shared/runtime.py:586
health,medical_records,create,POST,/resources/medical_records,actor_from_headers obrigatório,papel sensível somente para leitura de terceiro sensível; demais CRUDs usam owner/operator,owner_or_operator,não genérico; regras especiais por domínio quando implementadas,permissions em recursos configurados; não genérico nos demais CRUDs,True,store.create gera audit/event,X-Idempotency-Key somente transacionais,parcial_estatico,,modules/shared/runtime.py:520
health,medical_records,list,GET,/resources/medical_records,actor_from_headers obrigatório,papel sensível somente para leitura de terceiro sensível; demais CRUDs usam owner/operator,lista do actor; user_id de terceiro exige APPROVER_ROLES,não genérico; regras especiais por domínio quando implementadas,permissions em recursos configurados; não genérico nos demais CRUDs,True,leitura não auditada genericamente,não aplicável,parcial_estatico,,modules/shared/runtime.py:530
health,medical_records,read,GET,/resources/medical_records/{resource_id},actor_from_headers obrigatório,papel sensível somente para leitura de terceiro sensível; demais CRUDs usam owner/operator,owner_or_operator antes da exposição,não genérico; regras especiais por domínio quando implementadas,permissions em recursos configurados; não genérico nos demais CRUDs,True,leitura não auditada genericamente,não aplicável,parcial_estatico,,modules/shared/runtime.py:543
health,medical_records,update,PATCH,/resources/medical_records/{resource_id},actor_from_headers obrigatório,papel sensível somente para leitura de terceiro sensível; demais CRUDs usam owner/operator,owner_or_operator,não genérico; regras especiais por domínio quando implementadas,permissions em recursos configurados; não genérico nos demais CRUDs,True,store.update gera audit,não exigida genericamente,parcial_estatico,,modules/shared/runtime.py:565
health,medical_records,delete,DELETE,/resources/medical_records/{resource_id},actor_from_headers obrigatório,papel sensível somente para leitura de terceiro sensível; demais CRUDs usam owner/operator,owner_or_operator; sensíveis/imutáveis bloqueados,não genérico; regras especiais por domínio quando implementadas,permissions em recursos configurados; não genérico nos demais CRUDs,True,soft_delete gera audit,não aplicável,parcial_estatico,,modules/shared/runtime.py:586
health,prescriptions,create,POST,/resources/prescriptions,actor_from_headers obrigatório,papel sensível somente para leitura de terceiro sensível; demais CRUDs usam owner/operator,owner_or_operator,não genérico; regras especiais por domínio quando implementadas,permissions em recursos configurados; não genérico nos demais CRUDs,True,store.create gera audit/event,X-Idempotency-Key somente transacionais,parcial_estatico,,modules/shared/runtime.py:520
health,prescriptions,list,GET,/resources/prescriptions,actor_from_headers obrigatório,papel sensível somente para leitura de terceiro sensível; demais CRUDs usam owner/operator,lista do actor; user_id de terceiro exige APPROVER_ROLES,não genérico; regras especiais por domínio quando implementadas,permissions em recursos configurados; não genérico nos demais CRUDs,True,leitura não auditada genericamente,não aplicável,parcial_estatico,,modules/shared/runtime.py:530
health,prescriptions,read,GET,/resources/prescriptions/{resource_id},actor_from_headers obrigatório,papel sensível somente para leitura de terceiro sensível; demais CRUDs usam owner/operator,owner_or_operator antes da exposição,não genérico; regras especiais por domínio quando implementadas,permissions em recursos configurados; não genérico nos demais CRUDs,True,leitura não auditada genericamente,não aplicável,parcial_estatico,,modules/shared/runtime.py:543
health,prescriptions,update,PATCH,/resources/prescriptions/{resource_id},actor_from_headers obrigatório,papel sensível somente para leitura de terceiro sensível; demais CRUDs usam owner/operator,owner_or_operator,não genérico; regras especiais por domínio quando implementadas,permissions em recursos configurados; não genérico nos demais CRUDs,True,store.update gera audit,não exigida genericamente,parcial_estatico,,modules/shared/runtime.py:565
health,prescriptions,delete,DELETE,/resources/prescriptions/{resource_id},actor_from_headers obrigatório,papel sensível somente para leitura de terceiro sensível; demais CRUDs usam owner/operator,owner_or_operator; sensíveis/imutáveis bloqueados,não genérico; regras especiais por domínio quando implementadas,permissions em recursos configurados; não genérico nos demais CRUDs,True,soft_delete gera audit,não aplicável,parcial_estatico,,modules/shared/runtime.py:586
health,beds,create,POST,/resources/beds,actor_from_headers obrigatório,papel sensível somente para leitura de terceiro sensível; demais CRUDs usam owner/operator,owner_or_operator,não genérico; regras especiais por domínio quando implementadas,permissions em recursos configurados; não genérico nos demais CRUDs,True,store.create gera audit/event,X-Idempotency-Key somente transacionais,parcial_estatico,,modules/shared/runtime.py:520
health,beds,list,GET,/resources/beds,actor_from_headers obrigatório,papel sensível somente para leitura de terceiro sensível; demais CRUDs usam owner/operator,lista do actor; user_id de terceiro exige APPROVER_ROLES,não genérico; regras especiais por domínio quando implementadas,permissions em recursos configurados; não genérico nos demais CRUDs,True,leitura não auditada genericamente,não aplicável,parcial_estatico,,modules/shared/runtime.py:530
health,beds,read,GET,/resources/beds/{resource_id},actor_from_headers obrigatório,papel sensível somente para leitura de terceiro sensível; demais CRUDs usam owner/operator,owner_or_operator antes da exposição,não genérico; regras especiais por domínio quando implementadas,permissions em recursos configurados; não genérico nos demais CRUDs,True,leitura não auditada genericamente,não aplicável,parcial_estatico,,modules/shared/runtime.py:543
health,beds,update,PATCH,/resources/beds/{resource_id},actor_from_headers obrigatório,papel sensível somente para leitura de terceiro sensível; demais CRUDs usam owner/operator,owner_or_operator,não genérico; regras especiais por domínio quando implementadas,permissions em recursos configurados; não genérico nos demais CRUDs,True,store.update gera audit,não exigida genericamente,parcial_estatico,,modules/shared/runtime.py:565
health,beds,delete,DELETE,/resources/beds/{resource_id},actor_from_headers obrigatório,papel sensível somente para leitura de terceiro sensível; demais CRUDs usam owner/operator,owner_or_operator; sensíveis/imutáveis bloqueados,não genérico; regras especiais por domínio quando implementadas,permissions em recursos configurados; não genérico nos demais CRUDs,True,soft_delete gera audit,não aplicável,parcial_estatico,,modules/shared/runtime.py:586
vision,devices,create,POST,/resources/devices,actor_from_headers obrigatório,papel sensível somente para leitura de terceiro sensível; demais CRUDs usam owner/operator,owner_or_operator,não genérico; regras especiais por domínio quando implementadas,permissions em recursos configurados; não genérico nos demais CRUDs,True,store.create gera audit/event,X-Idempotency-Key somente transacionais,parcial_estatico,tests/test_vision_domain.py:26,modules/shared/runtime.py:520
vision,devices,list,GET,/resources/devices,actor_from_headers obrigatório,papel sensível somente para leitura de terceiro sensível; demais CRUDs usam owner/operator,lista do actor; user_id de terceiro exige APPROVER_ROLES,não genérico; regras especiais por domínio quando implementadas,permissions em recursos configurados; não genérico nos demais CRUDs,True,leitura não auditada genericamente,não aplicável,parcial_estatico,,modules/shared/runtime.py:530
vision,devices,read,GET,/resources/devices/{resource_id},actor_from_headers obrigatório,papel sensível somente para leitura de terceiro sensível; demais CRUDs usam owner/operator,owner_or_operator antes da exposição,não genérico; regras especiais por domínio quando implementadas,permissions em recursos configurados; não genérico nos demais CRUDs,True,leitura não auditada genericamente,não aplicável,parcial_estatico,,modules/shared/runtime.py:543
vision,devices,update,PATCH,/resources/devices/{resource_id},actor_from_headers obrigatório,papel sensível somente para leitura de terceiro sensível; demais CRUDs usam owner/operator,owner_or_operator,não genérico; regras especiais por domínio quando implementadas,permissions em recursos configurados; não genérico nos demais CRUDs,True,store.update gera audit,não exigida genericamente,parcial_estatico,,modules/shared/runtime.py:565
vision,devices,delete,DELETE,/resources/devices/{resource_id},actor_from_headers obrigatório,papel sensível somente para leitura de terceiro sensível; demais CRUDs usam owner/operator,owner_or_operator; sensíveis/imutáveis bloqueados,não genérico; regras especiais por domínio quando implementadas,permissions em recursos configurados; não genérico nos demais CRUDs,True,soft_delete gera audit,não aplicável,parcial_estatico,,modules/shared/runtime.py:586
vision,streams,create,POST,/resources/streams,actor_from_headers obrigatório,papel sensível somente para leitura de terceiro sensível; demais CRUDs usam owner/operator,owner_or_operator,não genérico; regras especiais por domínio quando implementadas,permissions em recursos configurados; não genérico nos demais CRUDs,True,store.create gera audit/event,X-Idempotency-Key somente transacionais,parcial_estatico,tests/test_vision_domain.py:39,modules/shared/runtime.py:520
vision,streams,list,GET,/resources/streams,actor_from_headers obrigatório,papel sensível somente para leitura de terceiro sensível; demais CRUDs usam owner/operator,lista do actor; user_id de terceiro exige APPROVER_ROLES,não genérico; regras especiais por domínio quando implementadas,permissions em recursos configurados; não genérico nos demais CRUDs,True,leitura não auditada genericamente,não aplicável,parcial_estatico,,modules/shared/runtime.py:530
vision,streams,read,GET,/resources/streams/{resource_id},actor_from_headers obrigatório,papel sensível somente para leitura de terceiro sensível; demais CRUDs usam owner/operator,owner_or_operator antes da exposição,não genérico; regras especiais por domínio quando implementadas,permissions em recursos configurados; não genérico nos demais CRUDs,True,leitura não auditada genericamente,não aplicável,parcial_estatico,,modules/shared/runtime.py:543
vision,streams,update,PATCH,/resources/streams/{resource_id},actor_from_headers obrigatório,papel sensível somente para leitura de terceiro sensível; demais CRUDs usam owner/operator,owner_or_operator,não genérico; regras especiais por domínio quando implementadas,permissions em recursos configurados; não genérico nos demais CRUDs,True,store.update gera audit,não exigida genericamente,parcial_estatico,,modules/shared/runtime.py:565
vision,streams,delete,DELETE,/resources/streams/{resource_id},actor_from_headers obrigatório,papel sensível somente para leitura de terceiro sensível; demais CRUDs usam owner/operator,owner_or_operator; sensíveis/imutáveis bloqueados,não genérico; regras especiais por domínio quando implementadas,permissions em recursos configurados; não genérico nos demais CRUDs,True,soft_delete gera audit,não aplicável,parcial_estatico,,modules/shared/runtime.py:586
vision,recordings,create,POST,/resources/recordings,actor_from_headers obrigatório,papel sensível somente para leitura de terceiro sensível; demais CRUDs usam owner/operator,owner_or_operator,não genérico; regras especiais por domínio quando implementadas,permissions em recursos configurados; não genérico nos demais CRUDs,True,store.create gera audit/event,X-Idempotency-Key somente transacionais,parcial_estatico,tests/test_vision_domain.py:56,modules/shared/runtime.py:520
vision,recordings,list,GET,/resources/recordings,actor_from_headers obrigatório,papel sensível somente para leitura de terceiro sensível; demais CRUDs usam owner/operator,lista do actor; user_id de terceiro exige APPROVER_ROLES,não genérico; regras especiais por domínio quando implementadas,permissions em recursos configurados; não genérico nos demais CRUDs,True,leitura não auditada genericamente,não aplicável,parcial_estatico,,modules/shared/runtime.py:530
vision,recordings,read,GET,/resources/recordings/{resource_id},actor_from_headers obrigatório,papel sensível somente para leitura de terceiro sensível; demais CRUDs usam owner/operator,owner_or_operator antes da exposição,não genérico; regras especiais por domínio quando implementadas,permissions em recursos configurados; não genérico nos demais CRUDs,True,leitura não auditada genericamente,não aplicável,parcial_estatico,,modules/shared/runtime.py:543
vision,recordings,update,PATCH,/resources/recordings/{resource_id},actor_from_headers obrigatório,papel sensível somente para leitura de terceiro sensível; demais CRUDs usam owner/operator,owner_or_operator,não genérico; regras especiais por domínio quando implementadas,permissions em recursos configurados; não genérico nos demais CRUDs,True,store.update gera audit,não exigida genericamente,parcial_estatico,,modules/shared/runtime.py:565
vision,recordings,delete,DELETE,/resources/recordings/{resource_id},actor_from_headers obrigatório,papel sensível somente para leitura de terceiro sensível; demais CRUDs usam owner/operator,owner_or_operator; sensíveis/imutáveis bloqueados,não genérico; regras especiais por domínio quando implementadas,permissions em recursos configurados; não genérico nos demais CRUDs,True,soft_delete gera audit,não aplicável,parcial_estatico,,modules/shared/runtime.py:586
vision,motion_alerts,create,POST,/resources/motion_alerts,actor_from_headers obrigatório,papel sensível somente para leitura de terceiro sensível; demais CRUDs usam owner/operator,owner_or_operator,não genérico; regras especiais por domínio quando implementadas,permissions em recursos configurados; não genérico nos demais CRUDs,True,store.create gera audit/event,X-Idempotency-Key somente transacionais,parcial_estatico,tests/test_vision_domain.py:72,modules/shared/runtime.py:520
vision,motion_alerts,list,GET,/resources/motion_alerts,actor_from_headers obrigatório,papel sensível somente para leitura de terceiro sensível; demais CRUDs usam owner/operator,lista do actor; user_id de terceiro exige APPROVER_ROLES,não genérico; regras especiais por domínio quando implementadas,permissions em recursos configurados; não genérico nos demais CRUDs,True,leitura não auditada genericamente,não aplicável,parcial_estatico,,modules/shared/runtime.py:530
vision,motion_alerts,read,GET,/resources/motion_alerts/{resource_id},actor_from_headers obrigatório,papel sensível somente para leitura de terceiro sensível; demais CRUDs usam owner/operator,owner_or_operator antes da exposição,não genérico; regras especiais por domínio quando implementadas,permissions em recursos configurados; não genérico nos demais CRUDs,True,leitura não auditada genericamente,não aplicável,parcial_estatico,,modules/shared/runtime.py:543
vision,motion_alerts,update,PATCH,/resources/motion_alerts/{resource_id},actor_from_headers obrigatório,papel sensível somente para leitura de terceiro sensível; demais CRUDs usam owner/operator,owner_or_operator,não genérico; regras especiais por domínio quando implementadas,permissions em recursos configurados; não genérico nos demais CRUDs,True,store.update gera audit,não exigida genericamente,parcial_estatico,,modules/shared/runtime.py:565
vision,motion_alerts,delete,DELETE,/resources/motion_alerts/{resource_id},actor_from_headers obrigatório,papel sensível somente para leitura de terceiro sensível; demais CRUDs usam owner/operator,owner_or_operator; sensíveis/imutáveis bloqueados,não genérico; regras especiais por domínio quando implementadas,permissions em recursos configurados; não genérico nos demais CRUDs,True,soft_delete gera audit,não aplicável,parcial_estatico,,modules/shared/runtime.py:586
legal,cases,create,POST,/resources/cases,actor_from_headers obrigatório,papel sensível somente para leitura de terceiro sensível; demais CRUDs usam owner/operator,owner_or_operator,não genérico; regras especiais por domínio quando implementadas,permissions em recursos configurados; não genérico nos demais CRUDs,True,store.create gera audit/event,X-Idempotency-Key somente transacionais,parcial_estatico,tests/test_legal_domain.py:26,modules/shared/runtime.py:520
legal,cases,list,GET,/resources/cases,actor_from_headers obrigatório,papel sensível somente para leitura de terceiro sensível; demais CRUDs usam owner/operator,lista do actor; user_id de terceiro exige APPROVER_ROLES,não genérico; regras especiais por domínio quando implementadas,permissions em recursos configurados; não genérico nos demais CRUDs,True,leitura não auditada genericamente,não aplicável,parcial_estatico,,modules/shared/runtime.py:530
legal,cases,read,GET,/resources/cases/{resource_id},actor_from_headers obrigatório,papel sensível somente para leitura de terceiro sensível; demais CRUDs usam owner/operator,owner_or_operator antes da exposição,não genérico; regras especiais por domínio quando implementadas,permissions em recursos configurados; não genérico nos demais CRUDs,True,leitura não auditada genericamente,não aplicável,parcial_estatico,,modules/shared/runtime.py:543
legal,cases,update,PATCH,/resources/cases/{resource_id},actor_from_headers obrigatório,papel sensível somente para leitura de terceiro sensível; demais CRUDs usam owner/operator,owner_or_operator,não genérico; regras especiais por domínio quando implementadas,permissions em recursos configurados; não genérico nos demais CRUDs,True,store.update gera audit,não exigida genericamente,parcial_estatico,,modules/shared/runtime.py:565
legal,cases,delete,DELETE,/resources/cases/{resource_id},actor_from_headers obrigatório,papel sensível somente para leitura de terceiro sensível; demais CRUDs usam owner/operator,owner_or_operator; sensíveis/imutáveis bloqueados,não genérico; regras especiais por domínio quando implementadas,permissions em recursos configurados; não genérico nos demais CRUDs,True,soft_delete gera audit,não aplicável,parcial_estatico,,modules/shared/runtime.py:586
legal,deadlines,create,POST,/resources/deadlines,actor_from_headers obrigatório,papel sensível somente para leitura de terceiro sensível; demais CRUDs usam owner/operator,owner_or_operator,não genérico; regras especiais por domínio quando implementadas,permissions em recursos configurados; não genérico nos demais CRUDs,True,store.create gera audit/event,X-Idempotency-Key somente transacionais,parcial_estatico,tests/test_legal_domain.py:42,modules/shared/runtime.py:520
legal,deadlines,list,GET,/resources/deadlines,actor_from_headers obrigatório,papel sensível somente para leitura de terceiro sensível; demais CRUDs usam owner/operator,lista do actor; user_id de terceiro exige APPROVER_ROLES,não genérico; regras especiais por domínio quando implementadas,permissions em recursos configurados; não genérico nos demais CRUDs,True,leitura não auditada genericamente,não aplicável,parcial_estatico,,modules/shared/runtime.py:530
legal,deadlines,read,GET,/resources/deadlines/{resource_id},actor_from_headers obrigatório,papel sensível somente para leitura de terceiro sensível; demais CRUDs usam owner/operator,owner_or_operator antes da exposição,não genérico; regras especiais por domínio quando implementadas,permissions em recursos configurados; não genérico nos demais CRUDs,True,leitura não auditada genericamente,não aplicável,parcial_estatico,,modules/shared/runtime.py:543
legal,deadlines,update,PATCH,/resources/deadlines/{resource_id},actor_from_headers obrigatório,papel sensível somente para leitura de terceiro sensível; demais CRUDs usam owner/operator,owner_or_operator,não genérico; regras especiais por domínio quando implementadas,permissions em recursos configurados; não genérico nos demais CRUDs,True,store.update gera audit,não exigida genericamente,parcial_estatico,,modules/shared/runtime.py:565
legal,deadlines,delete,DELETE,/resources/deadlines/{resource_id},actor_from_headers obrigatório,papel sensível somente para leitura de terceiro sensível; demais CRUDs usam owner/operator,owner_or_operator; sensíveis/imutáveis bloqueados,não genérico; regras especiais por domínio quando implementadas,permissions em recursos configurados; não genérico nos demais CRUDs,True,soft_delete gera audit,não aplicável,parcial_estatico,,modules/shared/runtime.py:586
legal,hearings,create,POST,/resources/hearings,actor_from_headers obrigatório,papel sensível somente para leitura de terceiro sensível; demais CRUDs usam owner/operator,owner_or_operator,não genérico; regras especiais por domínio quando implementadas,permissions em recursos configurados; não genérico nos demais CRUDs,True,store.create gera audit/event,X-Idempotency-Key somente transacionais,parcial_estatico,,modules/shared/runtime.py:520
legal,hearings,list,GET,/resources/hearings,actor_from_headers obrigatório,papel sensível somente para leitura de terceiro sensível; demais CRUDs usam owner/operator,lista do actor; user_id de terceiro exige APPROVER_ROLES,não genérico; regras especiais por domínio quando implementadas,permissions em recursos configurados; não genérico nos demais CRUDs,True,leitura não auditada genericamente,não aplicável,parcial_estatico,,modules/shared/runtime.py:530
legal,hearings,read,GET,/resources/hearings/{resource_id},actor_from_headers obrigatório,papel sensível somente para leitura de terceiro sensível; demais CRUDs usam owner/operator,owner_or_operator antes da exposição,não genérico; regras especiais por domínio quando implementadas,permissions em recursos configurados; não genérico nos demais CRUDs,True,leitura não auditada genericamente,não aplicável,parcial_estatico,,modules/shared/runtime.py:543
legal,hearings,update,PATCH,/resources/hearings/{resource_id},actor_from_headers obrigatório,papel sensível somente para leitura de terceiro sensível; demais CRUDs usam owner/operator,owner_or_operator,não genérico; regras especiais por domínio quando implementadas,permissions em recursos configurados; não genérico nos demais CRUDs,True,store.update gera audit,não exigida genericamente,parcial_estatico,,modules/shared/runtime.py:565
legal,hearings,delete,DELETE,/resources/hearings/{resource_id},actor_from_headers obrigatório,papel sensível somente para leitura de terceiro sensível; demais CRUDs usam owner/operator,owner_or_operator; sensíveis/imutáveis bloqueados,não genérico; regras especiais por domínio quando implementadas,permissions em recursos configurados; não genérico nos demais CRUDs,True,soft_delete gera audit,não aplicável,parcial_estatico,,modules/shared/runtime.py:586
legal,legal_contracts,create,POST,/resources/legal_contracts,actor_from_headers obrigatório,papel sensível somente para leitura de terceiro sensível; demais CRUDs usam owner/operator,owner_or_operator,não genérico; regras especiais por domínio quando implementadas,permissions em recursos configurados; não genérico nos demais CRUDs,False,store.create gera audit/event,X-Idempotency-Key somente transacionais,parcial_estatico,,modules/shared/runtime.py:520
legal,legal_contracts,list,GET,/resources/legal_contracts,actor_from_headers obrigatório,papel sensível somente para leitura de terceiro sensível; demais CRUDs usam owner/operator,lista do actor; user_id de terceiro exige APPROVER_ROLES,não genérico; regras especiais por domínio quando implementadas,permissions em recursos configurados; não genérico nos demais CRUDs,False,leitura não auditada genericamente,não aplicável,parcial_estatico,,modules/shared/runtime.py:530
legal,legal_contracts,read,GET,/resources/legal_contracts/{resource_id},actor_from_headers obrigatório,papel sensível somente para leitura de terceiro sensível; demais CRUDs usam owner/operator,owner_or_operator antes da exposição,não genérico; regras especiais por domínio quando implementadas,permissions em recursos configurados; não genérico nos demais CRUDs,False,leitura não auditada genericamente,não aplicável,parcial_estatico,,modules/shared/runtime.py:543
legal,legal_contracts,update,PATCH,/resources/legal_contracts/{resource_id},actor_from_headers obrigatório,papel sensível somente para leitura de terceiro sensível; demais CRUDs usam owner/operator,owner_or_operator,não genérico; regras especiais por domínio quando implementadas,permissions em recursos configurados; não genérico nos demais CRUDs,False,store.update gera audit,não exigida genericamente,parcial_estatico,,modules/shared/runtime.py:565
legal,legal_contracts,delete,DELETE,/resources/legal_contracts/{resource_id},actor_from_headers obrigatório,papel sensível somente para leitura de terceiro sensível; demais CRUDs usam owner/operator,owner_or_operator; sensíveis/imutáveis bloqueados,não genérico; regras especiais por domínio quando implementadas,permissions em recursos configurados; não genérico nos demais CRUDs,False,soft_delete gera audit,não aplicável,parcial_estatico,,modules/shared/runtime.py:586
property,properties,create,POST,/resources/properties,actor_from_headers obrigatório,papel sensível somente para leitura de terceiro sensível; demais CRUDs usam owner/operator,owner_or_operator,não genérico; regras especiais por domínio quando implementadas,permissions em recursos configurados; não genérico nos demais CRUDs,False,store.create gera audit/event,X-Idempotency-Key somente transacionais,parcial_estatico,tests/test_property_domain.py:27,modules/shared/runtime.py:520
property,properties,list,GET,/resources/properties,actor_from_headers obrigatório,papel sensível somente para leitura de terceiro sensível; demais CRUDs usam owner/operator,lista do actor; user_id de terceiro exige APPROVER_ROLES,não genérico; regras especiais por domínio quando implementadas,permissions em recursos configurados; não genérico nos demais CRUDs,False,leitura não auditada genericamente,não aplicável,parcial_estatico,,modules/shared/runtime.py:530
property,properties,read,GET,/resources/properties/{resource_id},actor_from_headers obrigatório,papel sensível somente para leitura de terceiro sensível; demais CRUDs usam owner/operator,owner_or_operator antes da exposição,não genérico; regras especiais por domínio quando implementadas,permissions em recursos configurados; não genérico nos demais CRUDs,False,leitura não auditada genericamente,não aplicável,parcial_estatico,,modules/shared/runtime.py:543
property,properties,update,PATCH,/resources/properties/{resource_id},actor_from_headers obrigatório,papel sensível somente para leitura de terceiro sensível; demais CRUDs usam owner/operator,owner_or_operator,não genérico; regras especiais por domínio quando implementadas,permissions em recursos configurados; não genérico nos demais CRUDs,False,store.update gera audit,não exigida genericamente,parcial_estatico,,modules/shared/runtime.py:565
property,properties,delete,DELETE,/resources/properties/{resource_id},actor_from_headers obrigatório,papel sensível somente para leitura de terceiro sensível; demais CRUDs usam owner/operator,owner_or_operator; sensíveis/imutáveis bloqueados,não genérico; regras especiais por domínio quando implementadas,permissions em recursos configurados; não genérico nos demais CRUDs,False,soft_delete gera audit,não aplicável,parcial_estatico,,modules/shared/runtime.py:586
property,units,create,POST,/resources/units,actor_from_headers obrigatório,papel sensível somente para leitura de terceiro sensível; demais CRUDs usam owner/operator,owner_or_operator,não genérico; regras especiais por domínio quando implementadas,permissions em recursos configurados; não genérico nos demais CRUDs,False,store.create gera audit/event,X-Idempotency-Key somente transacionais,parcial_estatico,,modules/shared/runtime.py:520
property,units,list,GET,/resources/units,actor_from_headers obrigatório,papel sensível somente para leitura de terceiro sensível; demais CRUDs usam owner/operator,lista do actor; user_id de terceiro exige APPROVER_ROLES,não genérico; regras especiais por domínio quando implementadas,permissions em recursos configurados; não genérico nos demais CRUDs,False,leitura não auditada genericamente,não aplicável,parcial_estatico,,modules/shared/runtime.py:530
property,units,read,GET,/resources/units/{resource_id},actor_from_headers obrigatório,papel sensível somente para leitura de terceiro sensível; demais CRUDs usam owner/operator,owner_or_operator antes da exposição,não genérico; regras especiais por domínio quando implementadas,permissions em recursos configurados; não genérico nos demais CRUDs,False,leitura não auditada genericamente,não aplicável,parcial_estatico,,modules/shared/runtime.py:543
property,units,update,PATCH,/resources/units/{resource_id},actor_from_headers obrigatório,papel sensível somente para leitura de terceiro sensível; demais CRUDs usam owner/operator,owner_or_operator,não genérico; regras especiais por domínio quando implementadas,permissions em recursos configurados; não genérico nos demais CRUDs,False,store.update gera audit,não exigida genericamente,parcial_estatico,,modules/shared/runtime.py:565
property,units,delete,DELETE,/resources/units/{resource_id},actor_from_headers obrigatório,papel sensível somente para leitura de terceiro sensível; demais CRUDs usam owner/operator,owner_or_operator; sensíveis/imutáveis bloqueados,não genérico; regras especiais por domínio quando implementadas,permissions em recursos configurados; não genérico nos demais CRUDs,False,soft_delete gera audit,não aplicável,parcial_estatico,,modules/shared/runtime.py:586
property,leases,create,POST,/resources/leases,actor_from_headers obrigatório,papel sensível somente para leitura de terceiro sensível; demais CRUDs usam owner/operator,owner_or_operator,não genérico; regras especiais por domínio quando implementadas,permissions em recursos configurados; não genérico nos demais CRUDs,False,store.create gera audit/event,X-Idempotency-Key somente transacionais,parcial_estatico,tests/test_property_domain.py:40,modules/shared/runtime.py:520
property,leases,list,GET,/resources/leases,actor_from_headers obrigatório,papel sensível somente para leitura de terceiro sensível; demais CRUDs usam owner/operator,lista do actor; user_id de terceiro exige APPROVER_ROLES,não genérico; regras especiais por domínio quando implementadas,permissions em recursos configurados; não genérico nos demais CRUDs,False,leitura não auditada genericamente,não aplicável,parcial_estatico,,modules/shared/runtime.py:530
property,leases,read,GET,/resources/leases/{resource_id},actor_from_headers obrigatório,papel sensível somente para leitura de terceiro sensível; demais CRUDs usam owner/operator,owner_or_operator antes da exposição,não genérico; regras especiais por domínio quando implementadas,permissions em recursos configurados; não genérico nos demais CRUDs,False,leitura não auditada genericamente,não aplicável,parcial_estatico,,modules/shared/runtime.py:543
property,leases,update,PATCH,/resources/leases/{resource_id},actor_from_headers obrigatório,papel sensível somente para leitura de terceiro sensível; demais CRUDs usam owner/operator,owner_or_operator,não genérico; regras especiais por domínio quando implementadas,permissions em recursos configurados; não genérico nos demais CRUDs,False,store.update gera audit,não exigida genericamente,parcial_estatico,,modules/shared/runtime.py:565
property,leases,delete,DELETE,/resources/leases/{resource_id},actor_from_headers obrigatório,papel sensível somente para leitura de terceiro sensível; demais CRUDs usam owner/operator,owner_or_operator; sensíveis/imutáveis bloqueados,não genérico; regras especiais por domínio quando implementadas,permissions em recursos configurados; não genérico nos demais CRUDs,False,soft_delete gera audit,não aplicável,parcial_estatico,,modules/shared/runtime.py:586
property,assemblies,create,POST,/resources/assemblies,actor_from_headers obrigatório,papel sensível somente para leitura de terceiro sensível; demais CRUDs usam owner/operator,owner_or_operator,não genérico; regras especiais por domínio quando implementadas,permissions em recursos configurados; não genérico nos demais CRUDs,False,store.create gera audit/event,X-Idempotency-Key somente transacionais,parcial_estatico,,modules/shared/runtime.py:520
property,assemblies,list,GET,/resources/assemblies,actor_from_headers obrigatório,papel sensível somente para leitura de terceiro sensível; demais CRUDs usam owner/operator,lista do actor; user_id de terceiro exige APPROVER_ROLES,não genérico; regras especiais por domínio quando implementadas,permissions em recursos configurados; não genérico nos demais CRUDs,False,leitura não auditada genericamente,não aplicável,parcial_estatico,,modules/shared/runtime.py:530
property,assemblies,read,GET,/resources/assemblies/{resource_id},actor_from_headers obrigatório,papel sensível somente para leitura de terceiro sensível; demais CRUDs usam owner/operator,owner_or_operator antes da exposição,não genérico; regras especiais por domínio quando implementadas,permissions em recursos configurados; não genérico nos demais CRUDs,False,leitura não auditada genericamente,não aplicável,parcial_estatico,,modules/shared/runtime.py:543
property,assemblies,update,PATCH,/resources/assemblies/{resource_id},actor_from_headers obrigatório,papel sensível somente para leitura de terceiro sensível; demais CRUDs usam owner/operator,owner_or_operator,não genérico; regras especiais por domínio quando implementadas,permissions em recursos configurados; não genérico nos demais CRUDs,False,store.update gera audit,não exigida genericamente,parcial_estatico,,modules/shared/runtime.py:565
property,assemblies,delete,DELETE,/resources/assemblies/{resource_id},actor_from_headers obrigatório,papel sensível somente para leitura de terceiro sensível; demais CRUDs usam owner/operator,owner_or_operator; sensíveis/imutáveis bloqueados,não genérico; regras especiais por domínio quando implementadas,permissions em recursos configurados; não genérico nos demais CRUDs,False,soft_delete gera audit,não aplicável,parcial_estatico,,modules/shared/runtime.py:586
property,maintenance_orders,create,POST,/resources/maintenance_orders,actor_from_headers obrigatório,papel sensível somente para leitura de terceiro sensível; demais CRUDs usam owner/operator,owner_or_operator,não genérico; regras especiais por domínio quando implementadas,permissions em recursos configurados; não genérico nos demais CRUDs,False,store.create gera audit/event,X-Idempotency-Key somente transacionais,parcial_estatico,tests/test_property_domain.py:72,modules/shared/runtime.py:520
property,maintenance_orders,list,GET,/resources/maintenance_orders,actor_from_headers obrigatório,papel sensível somente para leitura de terceiro sensível; demais CRUDs usam owner/operator,lista do actor; user_id de terceiro exige APPROVER_ROLES,não genérico; regras especiais por domínio quando implementadas,permissions em recursos configurados; não genérico nos demais CRUDs,False,leitura não auditada genericamente,não aplicável,parcial_estatico,,modules/shared/runtime.py:530
property,maintenance_orders,read,GET,/resources/maintenance_orders/{resource_id},actor_from_headers obrigatório,papel sensível somente para leitura de terceiro sensível; demais CRUDs usam owner/operator,owner_or_operator antes da exposição,não genérico; regras especiais por domínio quando implementadas,permissions em recursos configurados; não genérico nos demais CRUDs,False,leitura não auditada genericamente,não aplicável,parcial_estatico,,modules/shared/runtime.py:543
property,maintenance_orders,update,PATCH,/resources/maintenance_orders/{resource_id},actor_from_headers obrigatório,papel sensível somente para leitura de terceiro sensível; demais CRUDs usam owner/operator,owner_or_operator,não genérico; regras especiais por domínio quando implementadas,permissions em recursos configurados; não genérico nos demais CRUDs,False,store.update gera audit,não exigida genericamente,parcial_estatico,,modules/shared/runtime.py:565
property,maintenance_orders,delete,DELETE,/resources/maintenance_orders/{resource_id},actor_from_headers obrigatório,papel sensível somente para leitura de terceiro sensível; demais CRUDs usam owner/operator,owner_or_operator; sensíveis/imutáveis bloqueados,não genérico; regras especiais por domínio quando implementadas,permissions em recursos configurados; não genérico nos demais CRUDs,False,soft_delete gera audit,não aplicável,parcial_estatico,,modules/shared/runtime.py:586
bi,datasets,create,POST,/resources/datasets,actor_from_headers obrigatório,papel sensível somente para leitura de terceiro sensível; demais CRUDs usam owner/operator,owner_or_operator,não genérico; regras especiais por domínio quando implementadas,permissions em recursos configurados; não genérico nos demais CRUDs,False,store.create gera audit/event,X-Idempotency-Key somente transacionais,parcial_estatico,tests/test_bi_domain.py:26,modules/shared/runtime.py:520
bi,datasets,list,GET,/resources/datasets,actor_from_headers obrigatório,papel sensível somente para leitura de terceiro sensível; demais CRUDs usam owner/operator,lista do actor; user_id de terceiro exige APPROVER_ROLES,não genérico; regras especiais por domínio quando implementadas,permissions em recursos configurados; não genérico nos demais CRUDs,False,leitura não auditada genericamente,não aplicável,parcial_estatico,,modules/shared/runtime.py:530
bi,datasets,read,GET,/resources/datasets/{resource_id},actor_from_headers obrigatório,papel sensível somente para leitura de terceiro sensível; demais CRUDs usam owner/operator,owner_or_operator antes da exposição,não genérico; regras especiais por domínio quando implementadas,permissions em recursos configurados; não genérico nos demais CRUDs,False,leitura não auditada genericamente,não aplicável,parcial_estatico,,modules/shared/runtime.py:543
bi,datasets,update,PATCH,/resources/datasets/{resource_id},actor_from_headers obrigatório,papel sensível somente para leitura de terceiro sensível; demais CRUDs usam owner/operator,owner_or_operator,não genérico; regras especiais por domínio quando implementadas,permissions em recursos configurados; não genérico nos demais CRUDs,False,store.update gera audit,não exigida genericamente,parcial_estatico,,modules/shared/runtime.py:565
bi,datasets,delete,DELETE,/resources/datasets/{resource_id},actor_from_headers obrigatório,papel sensível somente para leitura de terceiro sensível; demais CRUDs usam owner/operator,owner_or_operator; sensíveis/imutáveis bloqueados,não genérico; regras especiais por domínio quando implementadas,permissions em recursos configurados; não genérico nos demais CRUDs,False,soft_delete gera audit,não aplicável,parcial_estatico,,modules/shared/runtime.py:586
bi,dashboards,create,POST,/resources/dashboards,actor_from_headers obrigatório,papel sensível somente para leitura de terceiro sensível; demais CRUDs usam owner/operator,owner_or_operator,não genérico; regras especiais por domínio quando implementadas,permissions em recursos configurados; não genérico nos demais CRUDs,True,store.create gera audit/event,X-Idempotency-Key somente transacionais,parcial_estatico,tests/test_bi_domain.py:65,modules/shared/runtime.py:520
bi,dashboards,list,GET,/resources/dashboards,actor_from_headers obrigatório,papel sensível somente para leitura de terceiro sensível; demais CRUDs usam owner/operator,lista do actor; user_id de terceiro exige APPROVER_ROLES,não genérico; regras especiais por domínio quando implementadas,permissions em recursos configurados; não genérico nos demais CRUDs,True,leitura não auditada genericamente,não aplicável,parcial_estatico,,modules/shared/runtime.py:530
bi,dashboards,read,GET,/resources/dashboards/{resource_id},actor_from_headers obrigatório,papel sensível somente para leitura de terceiro sensível; demais CRUDs usam owner/operator,owner_or_operator antes da exposição,não genérico; regras especiais por domínio quando implementadas,permissions em recursos configurados; não genérico nos demais CRUDs,True,leitura não auditada genericamente,não aplicável,parcial_estatico,,modules/shared/runtime.py:543
bi,dashboards,update,PATCH,/resources/dashboards/{resource_id},actor_from_headers obrigatório,papel sensível somente para leitura de terceiro sensível; demais CRUDs usam owner/operator,owner_or_operator,não genérico; regras especiais por domínio quando implementadas,permissions em recursos configurados; não genérico nos demais CRUDs,True,store.update gera audit,não exigida genericamente,parcial_estatico,,modules/shared/runtime.py:565
bi,dashboards,delete,DELETE,/resources/dashboards/{resource_id},actor_from_headers obrigatório,papel sensível somente para leitura de terceiro sensível; demais CRUDs usam owner/operator,owner_or_operator; sensíveis/imutáveis bloqueados,não genérico; regras especiais por domínio quando implementadas,permissions em recursos configurados; não genérico nos demais CRUDs,True,soft_delete gera audit,não aplicável,parcial_estatico,,modules/shared/runtime.py:586
bi,indicators,create,POST,/resources/indicators,actor_from_headers obrigatório,papel sensível somente para leitura de terceiro sensível; demais CRUDs usam owner/operator,owner_or_operator,não genérico; regras especiais por domínio quando implementadas,permissions em recursos configurados; não genérico nos demais CRUDs,False,store.create gera audit/event,X-Idempotency-Key somente transacionais,parcial_estatico,,modules/shared/runtime.py:520
bi,indicators,list,GET,/resources/indicators,actor_from_headers obrigatório,papel sensível somente para leitura de terceiro sensível; demais CRUDs usam owner/operator,lista do actor; user_id de terceiro exige APPROVER_ROLES,não genérico; regras especiais por domínio quando implementadas,permissions em recursos configurados; não genérico nos demais CRUDs,False,leitura não auditada genericamente,não aplicável,parcial_estatico,,modules/shared/runtime.py:530
bi,indicators,read,GET,/resources/indicators/{resource_id},actor_from_headers obrigatório,papel sensível somente para leitura de terceiro sensível; demais CRUDs usam owner/operator,owner_or_operator antes da exposição,não genérico; regras especiais por domínio quando implementadas,permissions em recursos configurados; não genérico nos demais CRUDs,False,leitura não auditada genericamente,não aplicável,parcial_estatico,,modules/shared/runtime.py:543
bi,indicators,update,PATCH,/resources/indicators/{resource_id},actor_from_headers obrigatório,papel sensível somente para leitura de terceiro sensível; demais CRUDs usam owner/operator,owner_or_operator,não genérico; regras especiais por domínio quando implementadas,permissions em recursos configurados; não genérico nos demais CRUDs,False,store.update gera audit,não exigida genericamente,parcial_estatico,,modules/shared/runtime.py:565
bi,indicators,delete,DELETE,/resources/indicators/{resource_id},actor_from_headers obrigatório,papel sensível somente para leitura de terceiro sensível; demais CRUDs usam owner/operator,owner_or_operator; sensíveis/imutáveis bloqueados,não genérico; regras especiais por domínio quando implementadas,permissions em recursos configurados; não genérico nos demais CRUDs,False,soft_delete gera audit,não aplicável,parcial_estatico,,modules/shared/runtime.py:586
bi,exports,create,POST,/resources/exports,actor_from_headers obrigatório,papel sensível somente para leitura de terceiro sensível; demais CRUDs usam owner/operator,owner_or_operator,não genérico; regras especiais por domínio quando implementadas,permissions em recursos configurados; não genérico nos demais CRUDs,True,store.create gera audit/event,X-Idempotency-Key somente transacionais,parcial_estatico,tests/test_bi_domain.py:96,modules/shared/runtime.py:520
bi,exports,list,GET,/resources/exports,actor_from_headers obrigatório,papel sensível somente para leitura de terceiro sensível; demais CRUDs usam owner/operator,lista do actor; user_id de terceiro exige APPROVER_ROLES,não genérico; regras especiais por domínio quando implementadas,permissions em recursos configurados; não genérico nos demais CRUDs,True,leitura não auditada genericamente,não aplicável,parcial_estatico,,modules/shared/runtime.py:530
bi,exports,read,GET,/resources/exports/{resource_id},actor_from_headers obrigatório,papel sensível somente para leitura de terceiro sensível; demais CRUDs usam owner/operator,owner_or_operator antes da exposição,não genérico; regras especiais por domínio quando implementadas,permissions em recursos configurados; não genérico nos demais CRUDs,True,leitura não auditada genericamente,não aplicável,parcial_estatico,,modules/shared/runtime.py:543
bi,exports,update,PATCH,/resources/exports/{resource_id},actor_from_headers obrigatório,papel sensível somente para leitura de terceiro sensível; demais CRUDs usam owner/operator,owner_or_operator,não genérico; regras especiais por domínio quando implementadas,permissions em recursos configurados; não genérico nos demais CRUDs,True,store.update gera audit,não exigida genericamente,parcial_estatico,,modules/shared/runtime.py:565
bi,exports,delete,DELETE,/resources/exports/{resource_id},actor_from_headers obrigatório,papel sensível somente para leitura de terceiro sensível; demais CRUDs usam owner/operator,owner_or_operator; sensíveis/imutáveis bloqueados,não genérico; regras especiais por domínio quando implementadas,permissions em recursos configurados; não genérico nos demais CRUDs,True,soft_delete gera audit,não aplicável,parcial_estatico,,modules/shared/runtime.py:586
ai_core,ai_memories,create,POST,/resources/ai_memories,actor_from_headers obrigatório,papel sensível somente para leitura de terceiro sensível; demais CRUDs usam owner/operator,owner_or_operator,não genérico; regras especiais por domínio quando implementadas,permissions em recursos configurados; não genérico nos demais CRUDs,True,store.create gera audit/event,X-Idempotency-Key somente transacionais,parcial_estatico,tests/test_ai_core_domain.py:26,modules/shared/runtime.py:520
ai_core,ai_memories,list,GET,/resources/ai_memories,actor_from_headers obrigatório,papel sensível somente para leitura de terceiro sensível; demais CRUDs usam owner/operator,lista do actor; user_id de terceiro exige APPROVER_ROLES,não genérico; regras especiais por domínio quando implementadas,permissions em recursos configurados; não genérico nos demais CRUDs,True,leitura não auditada genericamente,não aplicável,parcial_estatico,,modules/shared/runtime.py:530
ai_core,ai_memories,read,GET,/resources/ai_memories/{resource_id},actor_from_headers obrigatório,papel sensível somente para leitura de terceiro sensível; demais CRUDs usam owner/operator,owner_or_operator antes da exposição,não genérico; regras especiais por domínio quando implementadas,permissions em recursos configurados; não genérico nos demais CRUDs,True,leitura não auditada genericamente,não aplicável,parcial_estatico,,modules/shared/runtime.py:543
ai_core,ai_memories,update,PATCH,/resources/ai_memories/{resource_id},actor_from_headers obrigatório,papel sensível somente para leitura de terceiro sensível; demais CRUDs usam owner/operator,owner_or_operator,não genérico; regras especiais por domínio quando implementadas,permissions em recursos configurados; não genérico nos demais CRUDs,True,store.update gera audit,não exigida genericamente,parcial_estatico,,modules/shared/runtime.py:565
ai_core,ai_memories,delete,DELETE,/resources/ai_memories/{resource_id},actor_from_headers obrigatório,papel sensível somente para leitura de terceiro sensível; demais CRUDs usam owner/operator,owner_or_operator; sensíveis/imutáveis bloqueados,não genérico; regras especiais por domínio quando implementadas,permissions em recursos configurados; não genérico nos demais CRUDs,True,soft_delete gera audit,não aplicável,parcial_estatico,,modules/shared/runtime.py:586
ai_core,moderation_decisions,create,POST,/resources/moderation_decisions,actor_from_headers obrigatório,papel sensível somente para leitura de terceiro sensível; demais CRUDs usam owner/operator,owner_or_operator,não genérico; regras especiais por domínio quando implementadas,permissions em recursos configurados; não genérico nos demais CRUDs,True,store.create gera audit/event,X-Idempotency-Key somente transacionais,parcial_estatico,,modules/shared/runtime.py:520
ai_core,moderation_decisions,list,GET,/resources/moderation_decisions,actor_from_headers obrigatório,papel sensível somente para leitura de terceiro sensível; demais CRUDs usam owner/operator,lista do actor; user_id de terceiro exige APPROVER_ROLES,não genérico; regras especiais por domínio quando implementadas,permissions em recursos configurados; não genérico nos demais CRUDs,True,leitura não auditada genericamente,não aplicável,parcial_estatico,,modules/shared/runtime.py:530
ai_core,moderation_decisions,read,GET,/resources/moderation_decisions/{resource_id},actor_from_headers obrigatório,papel sensível somente para leitura de terceiro sensível; demais CRUDs usam owner/operator,owner_or_operator antes da exposição,não genérico; regras especiais por domínio quando implementadas,permissions em recursos configurados; não genérico nos demais CRUDs,True,leitura não auditada genericamente,não aplicável,parcial_estatico,,modules/shared/runtime.py:543
ai_core,moderation_decisions,update,PATCH,/resources/moderation_decisions/{resource_id},actor_from_headers obrigatório,papel sensível somente para leitura de terceiro sensível; demais CRUDs usam owner/operator,owner_or_operator,não genérico; regras especiais por domínio quando implementadas,permissions em recursos configurados; não genérico nos demais CRUDs,True,store.update gera audit,não exigida genericamente,parcial_estatico,,modules/shared/runtime.py:565
ai_core,moderation_decisions,delete,DELETE,/resources/moderation_decisions/{resource_id},actor_from_headers obrigatório,papel sensível somente para leitura de terceiro sensível; demais CRUDs usam owner/operator,owner_or_operator; sensíveis/imutáveis bloqueados,não genérico; regras especiais por domínio quando implementadas,permissions em recursos configurados; não genérico nos demais CRUDs,True,soft_delete gera audit,não aplicável,parcial_estatico,,modules/shared/runtime.py:586
ai_core,model_runs,create,POST,/resources/model_runs,actor_from_headers obrigatório,papel sensível somente para leitura de terceiro sensível; demais CRUDs usam owner/operator,owner_or_operator,não genérico; regras especiais por domínio quando implementadas,permissions em recursos configurados; não genérico nos demais CRUDs,True,store.create gera audit/event,X-Idempotency-Key somente transacionais,parcial_estatico,tests/test_ai_core_domain.py:48,modules/shared/runtime.py:520
ai_core,model_runs,list,GET,/resources/model_runs,actor_from_headers obrigatório,papel sensível somente para leitura de terceiro sensível; demais CRUDs usam owner/operator,lista do actor; user_id de terceiro exige APPROVER_ROLES,não genérico; regras especiais por domínio quando implementadas,permissions em recursos configurados; não genérico nos demais CRUDs,True,leitura não auditada genericamente,não aplicável,parcial_estatico,,modules/shared/runtime.py:530
ai_core,model_runs,read,GET,/resources/model_runs/{resource_id},actor_from_headers obrigatório,papel sensível somente para leitura de terceiro sensível; demais CRUDs usam owner/operator,owner_or_operator antes da exposição,não genérico; regras especiais por domínio quando implementadas,permissions em recursos configurados; não genérico nos demais CRUDs,True,leitura não auditada genericamente,não aplicável,parcial_estatico,,modules/shared/runtime.py:543
ai_core,model_runs,update,PATCH,/resources/model_runs/{resource_id},actor_from_headers obrigatório,papel sensível somente para leitura de terceiro sensível; demais CRUDs usam owner/operator,owner_or_operator,não genérico; regras especiais por domínio quando implementadas,permissions em recursos configurados; não genérico nos demais CRUDs,True,store.update gera audit,não exigida genericamente,parcial_estatico,,modules/shared/runtime.py:565
ai_core,model_runs,delete,DELETE,/resources/model_runs/{resource_id},actor_from_headers obrigatório,papel sensível somente para leitura de terceiro sensível; demais CRUDs usam owner/operator,owner_or_operator; sensíveis/imutáveis bloqueados,não genérico; regras especiais por domínio quando implementadas,permissions em recursos configurados; não genérico nos demais CRUDs,True,soft_delete gera audit,não aplicável,parcial_estatico,,modules/shared/runtime.py:586
api_hub,api_clients,create,POST,/resources/api_clients,actor_from_headers obrigatório,papel sensível somente para leitura de terceiro sensível; demais CRUDs usam owner/operator,owner_or_operator,não genérico; regras especiais por domínio quando implementadas,permissions em recursos configurados; não genérico nos demais CRUDs,True,store.create gera audit/event,X-Idempotency-Key somente transacionais,parcial_estatico,,modules/shared/runtime.py:520
api_hub,api_clients,list,GET,/resources/api_clients,actor_from_headers obrigatório,papel sensível somente para leitura de terceiro sensível; demais CRUDs usam owner/operator,lista do actor; user_id de terceiro exige APPROVER_ROLES,não genérico; regras especiais por domínio quando implementadas,permissions em recursos configurados; não genérico nos demais CRUDs,True,leitura não auditada genericamente,não aplicável,parcial_estatico,,modules/shared/runtime.py:530
api_hub,api_clients,read,GET,/resources/api_clients/{resource_id},actor_from_headers obrigatório,papel sensível somente para leitura de terceiro sensível; demais CRUDs usam owner/operator,owner_or_operator antes da exposição,não genérico; regras especiais por domínio quando implementadas,permissions em recursos configurados; não genérico nos demais CRUDs,True,leitura não auditada genericamente,não aplicável,parcial_estatico,,modules/shared/runtime.py:543
api_hub,api_clients,update,PATCH,/resources/api_clients/{resource_id},actor_from_headers obrigatório,papel sensível somente para leitura de terceiro sensível; demais CRUDs usam owner/operator,owner_or_operator,não genérico; regras especiais por domínio quando implementadas,permissions em recursos configurados; não genérico nos demais CRUDs,True,store.update gera audit,não exigida genericamente,parcial_estatico,,modules/shared/runtime.py:565
api_hub,api_clients,delete,DELETE,/resources/api_clients/{resource_id},actor_from_headers obrigatório,papel sensível somente para leitura de terceiro sensível; demais CRUDs usam owner/operator,owner_or_operator; sensíveis/imutáveis bloqueados,não genérico; regras especiais por domínio quando implementadas,permissions em recursos configurados; não genérico nos demais CRUDs,True,soft_delete gera audit,não aplicável,parcial_estatico,,modules/shared/runtime.py:586
api_hub,api_keys,create,POST,/resources/api_keys,actor_from_headers obrigatório,papel sensível somente para leitura de terceiro sensível; demais CRUDs usam owner/operator,owner_or_operator,não genérico; regras especiais por domínio quando implementadas,permissions em recursos configurados; não genérico nos demais CRUDs,True,store.create gera audit/event,X-Idempotency-Key somente transacionais,parcial_estatico,,modules/shared/runtime.py:520
api_hub,api_keys,list,GET,/resources/api_keys,actor_from_headers obrigatório,papel sensível somente para leitura de terceiro sensível; demais CRUDs usam owner/operator,lista do actor; user_id de terceiro exige APPROVER_ROLES,não genérico; regras especiais por domínio quando implementadas,permissions em recursos configurados; não genérico nos demais CRUDs,True,leitura não auditada genericamente,não aplicável,parcial_estatico,,modules/shared/runtime.py:530
api_hub,api_keys,read,GET,/resources/api_keys/{resource_id},actor_from_headers obrigatório,papel sensível somente para leitura de terceiro sensível; demais CRUDs usam owner/operator,owner_or_operator antes da exposição,não genérico; regras especiais por domínio quando implementadas,permissions em recursos configurados; não genérico nos demais CRUDs,True,leitura não auditada genericamente,não aplicável,parcial_estatico,,modules/shared/runtime.py:543
api_hub,api_keys,update,PATCH,/resources/api_keys/{resource_id},actor_from_headers obrigatório,papel sensível somente para leitura de terceiro sensível; demais CRUDs usam owner/operator,owner_or_operator,não genérico; regras especiais por domínio quando implementadas,permissions em recursos configurados; não genérico nos demais CRUDs,True,store.update gera audit,não exigida genericamente,parcial_estatico,,modules/shared/runtime.py:565
api_hub,api_keys,delete,DELETE,/resources/api_keys/{resource_id},actor_from_headers obrigatório,papel sensível somente para leitura de terceiro sensível; demais CRUDs usam owner/operator,owner_or_operator; sensíveis/imutáveis bloqueados,não genérico; regras especiais por domínio quando implementadas,permissions em recursos configurados; não genérico nos demais CRUDs,True,soft_delete gera audit,não aplicável,parcial_estatico,,modules/shared/runtime.py:586
api_hub,webhooks,create,POST,/resources/webhooks,actor_from_headers obrigatório,papel sensível somente para leitura de terceiro sensível; demais CRUDs usam owner/operator,owner_or_operator,não genérico; regras especiais por domínio quando implementadas,permissions em recursos configurados; não genérico nos demais CRUDs,True,store.create gera audit/event,X-Idempotency-Key somente transacionais,parcial_estatico,,modules/shared/runtime.py:520
api_hub,webhooks,list,GET,/resources/webhooks,actor_from_headers obrigatório,papel sensível somente para leitura de terceiro sensível; demais CRUDs usam owner/operator,lista do actor; user_id de terceiro exige APPROVER_ROLES,não genérico; regras especiais por domínio quando implementadas,permissions em recursos configurados; não genérico nos demais CRUDs,True,leitura não auditada genericamente,não aplicável,parcial_estatico,,modules/shared/runtime.py:530
api_hub,webhooks,read,GET,/resources/webhooks/{resource_id},actor_from_headers obrigatório,papel sensível somente para leitura de terceiro sensível; demais CRUDs usam owner/operator,owner_or_operator antes da exposição,não genérico; regras especiais por domínio quando implementadas,permissions em recursos configurados; não genérico nos demais CRUDs,True,leitura não auditada genericamente,não aplicável,parcial_estatico,,modules/shared/runtime.py:543
api_hub,webhooks,update,PATCH,/resources/webhooks/{resource_id},actor_from_headers obrigatório,papel sensível somente para leitura de terceiro sensível; demais CRUDs usam owner/operator,owner_or_operator,não genérico; regras especiais por domínio quando implementadas,permissions em recursos configurados; não genérico nos demais CRUDs,True,store.update gera audit,não exigida genericamente,parcial_estatico,,modules/shared/runtime.py:565
api_hub,webhooks,delete,DELETE,/resources/webhooks/{resource_id},actor_from_headers obrigatório,papel sensível somente para leitura de terceiro sensível; demais CRUDs usam owner/operator,owner_or_operator; sensíveis/imutáveis bloqueados,não genérico; regras especiais por domínio quando implementadas,permissions em recursos configurados; não genérico nos demais CRUDs,True,soft_delete gera audit,não aplicável,parcial_estatico,,modules/shared/runtime.py:586
api_hub,integration_runs,create,POST,/resources/integration_runs,actor_from_headers obrigatório,papel sensível somente para leitura de terceiro sensível; demais CRUDs usam owner/operator,owner_or_operator,não genérico; regras especiais por domínio quando implementadas,permissions em recursos configurados; não genérico nos demais CRUDs,True,store.create gera audit/event,X-Idempotency-Key somente transacionais,parcial_estatico,,modules/shared/runtime.py:520
api_hub,integration_runs,list,GET,/resources/integration_runs,actor_from_headers obrigatório,papel sensível somente para leitura de terceiro sensível; demais CRUDs usam owner/operator,lista do actor; user_id de terceiro exige APPROVER_ROLES,não genérico; regras especiais por domínio quando implementadas,permissions em recursos configurados; não genérico nos demais CRUDs,True,leitura não auditada genericamente,não aplicável,parcial_estatico,,modules/shared/runtime.py:530
api_hub,integration_runs,read,GET,/resources/integration_runs/{resource_id},actor_from_headers obrigatório,papel sensível somente para leitura de terceiro sensível; demais CRUDs usam owner/operator,owner_or_operator antes da exposição,não genérico; regras especiais por domínio quando implementadas,permissions em recursos configurados; não genérico nos demais CRUDs,True,leitura não auditada genericamente,não aplicável,parcial_estatico,,modules/shared/runtime.py:543
api_hub,integration_runs,update,PATCH,/resources/integration_runs/{resource_id},actor_from_headers obrigatório,papel sensível somente para leitura de terceiro sensível; demais CRUDs usam owner/operator,owner_or_operator,não genérico; regras especiais por domínio quando implementadas,permissions em recursos configurados; não genérico nos demais CRUDs,True,store.update gera audit,não exigida genericamente,parcial_estatico,,modules/shared/runtime.py:565
api_hub,integration_runs,delete,DELETE,/resources/integration_runs/{resource_id},actor_from_headers obrigatório,papel sensível somente para leitura de terceiro sensível; demais CRUDs usam owner/operator,owner_or_operator; sensíveis/imutáveis bloqueados,não genérico; regras especiais por domínio quando implementadas,permissions em recursos configurados; não genérico nos demais CRUDs,True,soft_delete gera audit,não aplicável,parcial_estatico,,modules/shared/runtime.py:586
ai_core,ai_memories,index,POST,/resources/ai_memories/{resource_id}/actions/index,actor_from_headers obrigatório,owner_or_operator,papel da transição quando declarado; caso contrário owner_or_operator,Jobs valida company_id/business_id em vagas e candidaturas; demais dependem de regra de domínio,False,True,store.update registra ação e evento de transição,não exigida genericamente na rota de transição,regra_backend_estatica; teste_endpoint_requerido,tests/test_ai_core_domain.py:40,modules/shared/domain_rules.py; modules/shared/event_contract.py; tests/test_event_contract.py
ai_core,ai_memories,update,POST,/resources/ai_memories/{resource_id}/actions/update,actor_from_headers obrigatório,owner_or_operator,papel da transição quando declarado; caso contrário owner_or_operator,Jobs valida company_id/business_id em vagas e candidaturas; demais dependem de regra de domínio,False,True,store.update registra ação e evento de transição,não exigida genericamente na rota de transição,regra_backend_estatica; teste_endpoint_requerido,,modules/shared/domain_rules.py; modules/shared/event_contract.py; tests/test_event_contract.py
ai_core,model_runs,approve_cost,POST,/resources/model_runs/{resource_id}/actions/approve_cost,actor_from_headers obrigatório,administrator;auditor;compliance_officer;legal_representative;owner,papel da transição quando declarado; caso contrário owner_or_operator,Jobs valida company_id/business_id em vagas e candidaturas; demais dependem de regra de domínio,True,True,store.update registra ação e evento de transição,não exigida genericamente na rota de transição,regra_backend_estatica; teste_endpoint_requerido,tests/test_ai_core_domain.py:67,modules/shared/domain_rules.py; modules/shared/event_contract.py; tests/test_event_contract.py
ai_core,model_runs,complete,POST,/resources/model_runs/{resource_id}/actions/complete,actor_from_headers obrigatório,owner_or_operator,papel da transição quando declarado; caso contrário owner_or_operator,Jobs valida company_id/business_id em vagas e candidaturas; demais dependem de regra de domínio,False,True,store.update registra ação e evento de transição,não exigida genericamente na rota de transição,regra_backend_estatica; teste_endpoint_requerido,tests/test_ai_core_domain.py:67,modules/shared/domain_rules.py; modules/shared/event_contract.py; tests/test_event_contract.py
ai_core,model_runs,fail,POST,/resources/model_runs/{resource_id}/actions/fail,actor_from_headers obrigatório,owner_or_operator,papel da transição quando declarado; caso contrário owner_or_operator,Jobs valida company_id/business_id em vagas e candidaturas; demais dependem de regra de domínio,False,True,store.update registra ação e evento de transição,não exigida genericamente na rota de transição,regra_backend_estatica; teste_endpoint_requerido,,modules/shared/domain_rules.py; modules/shared/event_contract.py; tests/test_event_contract.py
ai_core,moderation_decisions,approve,POST,/resources/moderation_decisions/{resource_id}/actions/approve,actor_from_headers obrigatório,administrator;auditor;compliance_officer;legal_representative;owner,papel da transição quando declarado; caso contrário owner_or_operator,Jobs valida company_id/business_id em vagas e candidaturas; demais dependem de regra de domínio,True,True,store.update registra ação e evento de transição,não exigida genericamente na rota de transição,regra_backend_estatica; teste_endpoint_requerido,,modules/shared/domain_rules.py; modules/shared/event_contract.py; tests/test_event_contract.py
ai_core,moderation_decisions,reject,POST,/resources/moderation_decisions/{resource_id}/actions/reject,actor_from_headers obrigatório,administrator;auditor;compliance_officer;legal_representative;owner,papel da transição quando declarado; caso contrário owner_or_operator,Jobs valida company_id/business_id em vagas e candidaturas; demais dependem de regra de domínio,True,True,store.update registra ação e evento de transição,não exigida genericamente na rota de transição,regra_backend_estatica; teste_endpoint_requerido,,modules/shared/domain_rules.py; modules/shared/event_contract.py; tests/test_event_contract.py
ai_core,moderation_decisions,submit,POST,/resources/moderation_decisions/{resource_id}/actions/submit,actor_from_headers obrigatório,owner_or_operator,papel da transição quando declarado; caso contrário owner_or_operator,Jobs valida company_id/business_id em vagas e candidaturas; demais dependem de regra de domínio,False,True,store.update registra ação e evento de transição,não exigida genericamente na rota de transição,regra_backend_estatica; teste_endpoint_requerido,,modules/shared/domain_rules.py; modules/shared/event_contract.py; tests/test_event_contract.py
api_hub,api_clients,approve,POST,/resources/api_clients/{resource_id}/actions/approve,actor_from_headers obrigatório,administrator;auditor;compliance_officer;legal_representative;owner,papel da transição quando declarado; caso contrário owner_or_operator,Jobs valida company_id/business_id em vagas e candidaturas; demais dependem de regra de domínio,True,True,store.update registra ação e evento de transição,não exigida genericamente na rota de transição,regra_backend_estatica; teste_endpoint_requerido,,modules/shared/domain_rules.py; modules/shared/event_contract.py; tests/test_event_contract.py
api_hub,api_clients,reject,POST,/resources/api_clients/{resource_id}/actions/reject,actor_from_headers obrigatório,administrator;auditor;compliance_officer;legal_representative;owner,papel da transição quando declarado; caso contrário owner_or_operator,Jobs valida company_id/business_id em vagas e candidaturas; demais dependem de regra de domínio,True,True,store.update registra ação e evento de transição,não exigida genericamente na rota de transição,regra_backend_estatica; teste_endpoint_requerido,,modules/shared/domain_rules.py; modules/shared/event_contract.py; tests/test_event_contract.py
api_hub,api_clients,submit,POST,/resources/api_clients/{resource_id}/actions/submit,actor_from_headers obrigatório,owner_or_operator,papel da transição quando declarado; caso contrário owner_or_operator,Jobs valida company_id/business_id em vagas e candidaturas; demais dependem de regra de domínio,False,True,store.update registra ação e evento de transição,não exigida genericamente na rota de transição,regra_backend_estatica; teste_endpoint_requerido,,modules/shared/domain_rules.py; modules/shared/event_contract.py; tests/test_event_contract.py
api_hub,api_keys,approve,POST,/resources/api_keys/{resource_id}/actions/approve,actor_from_headers obrigatório,administrator;auditor;compliance_officer;legal_representative;owner,papel da transição quando declarado; caso contrário owner_or_operator,Jobs valida company_id/business_id em vagas e candidaturas; demais dependem de regra de domínio,True,True,store.update registra ação e evento de transição,não exigida genericamente na rota de transição,regra_backend_estatica; teste_endpoint_requerido,,modules/shared/domain_rules.py; modules/shared/event_contract.py; tests/test_event_contract.py
api_hub,api_keys,reject,POST,/resources/api_keys/{resource_id}/actions/reject,actor_from_headers obrigatório,administrator;auditor;compliance_officer;legal_representative;owner,papel da transição quando declarado; caso contrário owner_or_operator,Jobs valida company_id/business_id em vagas e candidaturas; demais dependem de regra de domínio,True,True,store.update registra ação e evento de transição,não exigida genericamente na rota de transição,regra_backend_estatica; teste_endpoint_requerido,,modules/shared/domain_rules.py; modules/shared/event_contract.py; tests/test_event_contract.py
api_hub,api_keys,submit,POST,/resources/api_keys/{resource_id}/actions/submit,actor_from_headers obrigatório,owner_or_operator,papel da transição quando declarado; caso contrário owner_or_operator,Jobs valida company_id/business_id em vagas e candidaturas; demais dependem de regra de domínio,False,True,store.update registra ação e evento de transição,não exigida genericamente na rota de transição,regra_backend_estatica; teste_endpoint_requerido,,modules/shared/domain_rules.py; modules/shared/event_contract.py; tests/test_event_contract.py
api_hub,integration_runs,approve,POST,/resources/integration_runs/{resource_id}/actions/approve,actor_from_headers obrigatório,administrator;auditor;compliance_officer;legal_representative;owner,papel da transição quando declarado; caso contrário owner_or_operator,Jobs valida company_id/business_id em vagas e candidaturas; demais dependem de regra de domínio,True,True,store.update registra ação e evento de transição,não exigida genericamente na rota de transição,regra_backend_estatica; teste_endpoint_requerido,,modules/shared/domain_rules.py; modules/shared/event_contract.py; tests/test_event_contract.py
api_hub,integration_runs,reject,POST,/resources/integration_runs/{resource_id}/actions/reject,actor_from_headers obrigatório,administrator;auditor;compliance_officer;legal_representative;owner,papel da transição quando declarado; caso contrário owner_or_operator,Jobs valida company_id/business_id em vagas e candidaturas; demais dependem de regra de domínio,True,True,store.update registra ação e evento de transição,não exigida genericamente na rota de transição,regra_backend_estatica; teste_endpoint_requerido,,modules/shared/domain_rules.py; modules/shared/event_contract.py; tests/test_event_contract.py
api_hub,integration_runs,submit,POST,/resources/integration_runs/{resource_id}/actions/submit,actor_from_headers obrigatório,owner_or_operator,papel da transição quando declarado; caso contrário owner_or_operator,Jobs valida company_id/business_id em vagas e candidaturas; demais dependem de regra de domínio,False,True,store.update registra ação e evento de transição,não exigida genericamente na rota de transição,regra_backend_estatica; teste_endpoint_requerido,,modules/shared/domain_rules.py; modules/shared/event_contract.py; tests/test_event_contract.py
api_hub,webhooks,approve,POST,/resources/webhooks/{resource_id}/actions/approve,actor_from_headers obrigatório,administrator;auditor;compliance_officer;legal_representative;owner,papel da transição quando declarado; caso contrário owner_or_operator,Jobs valida company_id/business_id em vagas e candidaturas; demais dependem de regra de domínio,True,True,store.update registra ação e evento de transição,não exigida genericamente na rota de transição,regra_backend_estatica; teste_endpoint_requerido,,modules/shared/domain_rules.py; modules/shared/event_contract.py; tests/test_event_contract.py
api_hub,webhooks,reject,POST,/resources/webhooks/{resource_id}/actions/reject,actor_from_headers obrigatório,administrator;auditor;compliance_officer;legal_representative;owner,papel da transição quando declarado; caso contrário owner_or_operator,Jobs valida company_id/business_id em vagas e candidaturas; demais dependem de regra de domínio,True,True,store.update registra ação e evento de transição,não exigida genericamente na rota de transição,regra_backend_estatica; teste_endpoint_requerido,,modules/shared/domain_rules.py; modules/shared/event_contract.py; tests/test_event_contract.py
api_hub,webhooks,submit,POST,/resources/webhooks/{resource_id}/actions/submit,actor_from_headers obrigatório,owner_or_operator,papel da transição quando declarado; caso contrário owner_or_operator,Jobs valida company_id/business_id em vagas e candidaturas; demais dependem de regra de domínio,False,True,store.update registra ação e evento de transição,não exigida genericamente na rota de transição,regra_backend_estatica; teste_endpoint_requerido,,modules/shared/domain_rules.py; modules/shared/event_contract.py; tests/test_event_contract.py
bi,dashboards,archive,POST,/resources/dashboards/{resource_id}/actions/archive,actor_from_headers obrigatório,administrator;auditor;compliance_officer;legal_representative;owner,papel da transição quando declarado; caso contrário owner_or_operator,Jobs valida company_id/business_id em vagas e candidaturas; demais dependem de regra de domínio,True,True,store.update registra ação e evento de transição,não exigida genericamente na rota de transição,regra_backend_estatica; teste_endpoint_requerido,,modules/shared/domain_rules.py; modules/shared/event_contract.py; tests/test_event_contract.py
bi,dashboards,publish,POST,/resources/dashboards/{resource_id}/actions/publish,actor_from_headers obrigatório,administrator;auditor;compliance_officer;legal_representative;owner,papel da transição quando declarado; caso contrário owner_or_operator,Jobs valida company_id/business_id em vagas e candidaturas; demais dependem de regra de domínio,True,True,store.update registra ação e evento de transição,não exigida genericamente na rota de transição,regra_backend_estatica; teste_endpoint_requerido,tests/test_bi_domain.py:81,modules/shared/domain_rules.py; modules/shared/event_contract.py; tests/test_event_contract.py
bi,datasets,publish,POST,/resources/datasets/{resource_id}/actions/publish,actor_from_headers obrigatório,administrator;auditor;compliance_officer;legal_representative;owner,papel da transição quando declarado; caso contrário owner_or_operator,Jobs valida company_id/business_id em vagas e candidaturas; demais dependem de regra de domínio,True,False,store.update registra ação e evento de transição,não exigida genericamente na rota de transição,regra_backend_estatica; teste_endpoint_requerido,tests/test_bi_domain.py:42,modules/shared/domain_rules.py; modules/shared/event_contract.py; tests/test_event_contract.py
bi,datasets,refresh,POST,/resources/datasets/{resource_id}/actions/refresh,actor_from_headers obrigatório,owner_or_operator,papel da transição quando declarado; caso contrário owner_or_operator,Jobs valida company_id/business_id em vagas e candidaturas; demais dependem de regra de domínio,False,False,store.update registra ação e evento de transição,não exigida genericamente na rota de transição,regra_backend_estatica; teste_endpoint_requerido,tests/test_bi_domain.py:42,modules/shared/domain_rules.py; modules/shared/event_contract.py; tests/test_event_contract.py
bi,exports,complete,POST,/resources/exports/{resource_id}/actions/complete,actor_from_headers obrigatório,owner_or_operator,papel da transição quando declarado; caso contrário owner_or_operator,Jobs valida company_id/business_id em vagas e candidaturas; demais dependem de regra de domínio,False,True,store.update registra ação e evento de transição,não exigida genericamente na rota de transição,regra_backend_estatica; teste_endpoint_requerido,tests/test_bi_domain.py:111,modules/shared/domain_rules.py; modules/shared/event_contract.py; tests/test_event_contract.py
bpm,tasks,complete,POST,/resources/tasks/{resource_id}/actions/complete,actor_from_headers obrigatório,owner_or_operator,papel da transição quando declarado; caso contrário owner_or_operator,Jobs valida company_id/business_id em vagas e candidaturas; demais dependem de regra de domínio,False,False,store.update registra ação e evento de transição,não exigida genericamente na rota de transição,regra_backend_estatica; teste_endpoint_requerido,,modules/shared/domain_rules.py; modules/shared/event_contract.py; tests/test_event_contract.py
bpm,tasks,escalate,POST,/resources/tasks/{resource_id}/actions/escalate,actor_from_headers obrigatório,administrator;auditor;compliance_officer;legal_representative;owner,papel da transição quando declarado; caso contrário owner_or_operator,Jobs valida company_id/business_id em vagas e candidaturas; demais dependem de regra de domínio,True,False,store.update registra ação e evento de transição,não exigida genericamente na rota de transição,regra_backend_estatica; teste_endpoint_requerido,tests/test_bpm_domain.py:73,modules/shared/domain_rules.py; modules/shared/event_contract.py; tests/test_event_contract.py
bpm,workflow_instances,cancel,POST,/resources/workflow_instances/{resource_id}/actions/cancel,actor_from_headers obrigatório,administrator;auditor;compliance_officer;legal_representative;owner,papel da transição quando declarado; caso contrário owner_or_operator,Jobs valida company_id/business_id em vagas e candidaturas; demais dependem de regra de domínio,True,False,store.update registra ação e evento de transição,não exigida genericamente na rota de transição,regra_backend_estatica; teste_endpoint_requerido,,modules/shared/domain_rules.py; modules/shared/event_contract.py; tests/test_event_contract.py
bpm,workflow_instances,complete,POST,/resources/workflow_instances/{resource_id}/actions/complete,actor_from_headers obrigatório,owner_or_operator,papel da transição quando declarado; caso contrário owner_or_operator,Jobs valida company_id/business_id em vagas e candidaturas; demais dependem de regra de domínio,False,False,store.update registra ação e evento de transição,não exigida genericamente na rota de transição,regra_backend_estatica; teste_endpoint_requerido,,modules/shared/domain_rules.py; modules/shared/event_contract.py; tests/test_event_contract.py
business,catalog_offers,cancel,POST,/resources/catalog_offers/{resource_id}/actions/cancel,actor_from_headers obrigatório,owner_or_operator,papel da transição quando declarado; caso contrário owner_or_operator,Jobs valida company_id/business_id em vagas e candidaturas; demais dependem de regra de domínio,False,False,store.update registra ação e evento de transição,não exigida genericamente na rota de transição,regra_backend_estatica; teste_endpoint_requerido,,modules/shared/domain_rules.py; modules/shared/event_contract.py; tests/test_event_contract.py
business,catalog_offers,complete,POST,/resources/catalog_offers/{resource_id}/actions/complete,actor_from_headers obrigatório,owner_or_operator,papel da transição quando declarado; caso contrário owner_or_operator,Jobs valida company_id/business_id em vagas e candidaturas; demais dependem de regra de domínio,False,False,store.update registra ação e evento de transição,não exigida genericamente na rota de transição,regra_backend_estatica; teste_endpoint_requerido,,modules/shared/domain_rules.py; modules/shared/event_contract.py; tests/test_event_contract.py
business,catalog_offers,pause,POST,/resources/catalog_offers/{resource_id}/actions/pause,actor_from_headers obrigatório,administrator;auditor;compliance_officer;legal_representative;owner,papel da transição quando declarado; caso contrário owner_or_operator,Jobs valida company_id/business_id em vagas e candidaturas; demais dependem de regra de domínio,True,False,store.update registra ação e evento de transição,não exigida genericamente na rota de transição,regra_backend_estatica; teste_endpoint_requerido,,modules/shared/domain_rules.py; modules/shared/event_contract.py; tests/test_event_contract.py
business,catalog_offers,publish,POST,/resources/catalog_offers/{resource_id}/actions/publish,actor_from_headers obrigatório,administrator;auditor;compliance_officer;legal_representative;owner,papel da transição quando declarado; caso contrário owner_or_operator,Jobs valida company_id/business_id em vagas e candidaturas; demais dependem de regra de domínio,True,False,store.update registra ação e evento de transição,não exigida genericamente na rota de transição,regra_backend_estatica; teste_endpoint_requerido,,modules/shared/domain_rules.py; modules/shared/event_contract.py; tests/test_event_contract.py
business,catalog_offers,submit,POST,/resources/catalog_offers/{resource_id}/actions/submit,actor_from_headers obrigatório,owner_or_operator,papel da transição quando declarado; caso contrário owner_or_operator,Jobs valida company_id/business_id em vagas e candidaturas; demais dependem de regra de domínio,False,False,store.update registra ação e evento de transição,não exigida genericamente na rota de transição,regra_backend_estatica; teste_endpoint_requerido,,modules/shared/domain_rules.py; modules/shared/event_contract.py; tests/test_event_contract.py
business,companies,approve,POST,/resources/companies/{resource_id}/actions/approve,actor_from_headers obrigatório,administrator;auditor;compliance_officer;legal_representative;owner,papel da transição quando declarado; caso contrário owner_or_operator,Jobs valida company_id/business_id em vagas e candidaturas; demais dependem de regra de domínio,True,True,store.update registra ação e evento de transição,não exigida genericamente na rota de transição,regra_backend_estatica; teste_endpoint_requerido,tests/test_business_jobs_journey.py:52,modules/shared/domain_rules.py; modules/shared/event_contract.py; tests/test_event_contract.py
business,companies,reject,POST,/resources/companies/{resource_id}/actions/reject,actor_from_headers obrigatório,administrator;auditor;compliance_officer;legal_representative;owner,papel da transição quando declarado; caso contrário owner_or_operator,Jobs valida company_id/business_id em vagas e candidaturas; demais dependem de regra de domínio,True,True,store.update registra ação e evento de transição,não exigida genericamente na rota de transição,regra_backend_estatica; teste_endpoint_requerido,,modules/shared/domain_rules.py; modules/shared/event_contract.py; tests/test_event_contract.py
business,companies,submit,POST,/resources/companies/{resource_id}/actions/submit,actor_from_headers obrigatório,owner_or_operator,papel da transição quando declarado; caso contrário owner_or_operator,Jobs valida company_id/business_id em vagas e candidaturas; demais dependem de regra de domínio,False,True,store.update registra ação e evento de transição,não exigida genericamente na rota de transição,regra_backend_estatica; teste_endpoint_requerido,,modules/shared/domain_rules.py; modules/shared/event_contract.py; tests/test_event_contract.py
business,user_company_memberships,activate,POST,/resources/user_company_memberships/{resource_id}/actions/activate,actor_from_headers obrigatório,administrator;auditor;compliance_officer;legal_representative;owner,papel da transição quando declarado; caso contrário owner_or_operator,Jobs valida company_id/business_id em vagas e candidaturas; demais dependem de regra de domínio,True,True,store.update registra ação e evento de transição,não exigida genericamente na rota de transição,regra_backend_estatica; teste_endpoint_requerido,,modules/shared/domain_rules.py; modules/shared/event_contract.py; tests/test_event_contract.py
business,user_company_memberships,revoke,POST,/resources/user_company_memberships/{resource_id}/actions/revoke,actor_from_headers obrigatório,administrator;auditor;compliance_officer;legal_representative;owner,papel da transição quando declarado; caso contrário owner_or_operator,Jobs valida company_id/business_id em vagas e candidaturas; demais dependem de regra de domínio,True,True,store.update registra ação e evento de transição,não exigida genericamente na rota de transição,regra_backend_estatica; teste_endpoint_requerido,,modules/shared/domain_rules.py; modules/shared/event_contract.py; tests/test_event_contract.py
crm,activities,complete,POST,/resources/activities/{resource_id}/actions/complete,actor_from_headers obrigatório,owner_or_operator,papel da transição quando declarado; caso contrário owner_or_operator,Jobs valida company_id/business_id em vagas e candidaturas; demais dependem de regra de domínio,False,True,store.update registra ação e evento de transição,não exigida genericamente na rota de transição,regra_backend_estatica; teste_endpoint_requerido,tests/test_crm_domain.py:63,modules/shared/domain_rules.py; modules/shared/event_contract.py; tests/test_event_contract.py
crm,campaigns,close,POST,/resources/campaigns/{resource_id}/actions/close,actor_from_headers obrigatório,owner_or_operator,papel da transição quando declarado; caso contrário owner_or_operator,Jobs valida company_id/business_id em vagas e candidaturas; demais dependem de regra de domínio,False,False,store.update registra ação e evento de transição,não exigida genericamente na rota de transição,regra_backend_estatica; teste_endpoint_requerido,,modules/shared/domain_rules.py; modules/shared/event_contract.py; tests/test_event_contract.py
crm,campaigns,launch,POST,/resources/campaigns/{resource_id}/actions/launch,actor_from_headers obrigatório,administrator;auditor;compliance_officer;legal_representative;owner,papel da transição quando declarado; caso contrário owner_or_operator,Jobs valida company_id/business_id em vagas e candidaturas; demais dependem de regra de domínio,True,False,store.update registra ação e evento de transição,não exigida genericamente na rota de transição,regra_backend_estatica; teste_endpoint_requerido,tests/test_crm_domain.py:137,modules/shared/domain_rules.py; modules/shared/event_contract.py; tests/test_event_contract.py
crm,leads,disqualify,POST,/resources/leads/{resource_id}/actions/disqualify,actor_from_headers obrigatório,owner_or_operator,papel da transição quando declarado; caso contrário owner_or_operator,Jobs valida company_id/business_id em vagas e candidaturas; demais dependem de regra de domínio,False,True,store.update registra ação e evento de transição,não exigida genericamente na rota de transição,regra_backend_estatica; teste_endpoint_requerido,,modules/shared/domain_rules.py; modules/shared/event_contract.py; tests/test_event_contract.py
crm,leads,qualify,POST,/resources/leads/{resource_id}/actions/qualify,actor_from_headers obrigatório,owner_or_operator,papel da transição quando declarado; caso contrário owner_or_operator,Jobs valida company_id/business_id em vagas e candidaturas; demais dependem de regra de domínio,False,True,store.update registra ação e evento de transição,não exigida genericamente na rota de transição,regra_backend_estatica; teste_endpoint_requerido,tests/test_crm_domain.py:40,modules/shared/domain_rules.py; modules/shared/event_contract.py; tests/test_event_contract.py
crm,opportunities,lose,POST,/resources/opportunities/{resource_id}/actions/lose,actor_from_headers obrigatório,owner_or_operator,papel da transição quando declarado; caso contrário owner_or_operator,Jobs valida company_id/business_id em vagas e candidaturas; demais dependem de regra de domínio,False,True,store.update registra ação e evento de transição,não exigida genericamente na rota de transição,regra_backend_estatica; teste_endpoint_requerido,,modules/shared/domain_rules.py; modules/shared/event_contract.py; tests/test_event_contract.py
crm,opportunities,propose,POST,/resources/opportunities/{resource_id}/actions/propose,actor_from_headers obrigatório,administrator;auditor;compliance_officer;legal_representative;owner,papel da transição quando declarado; caso contrário owner_or_operator,Jobs valida company_id/business_id em vagas e candidaturas; demais dependem de regra de domínio,True,True,store.update registra ação e evento de transição,não exigida genericamente na rota de transição,regra_backend_estatica; teste_endpoint_requerido,tests/test_crm_domain.py:86,modules/shared/domain_rules.py; modules/shared/event_contract.py; tests/test_event_contract.py
crm,opportunities,win,POST,/resources/opportunities/{resource_id}/actions/win,actor_from_headers obrigatório,administrator;auditor;compliance_officer;legal_representative;owner,papel da transição quando declarado; caso contrário owner_or_operator,Jobs valida company_id/business_id em vagas e candidaturas; demais dependem de regra de domínio,True,True,store.update registra ação e evento de transição,não exigida genericamente na rota de transição,regra_backend_estatica; teste_endpoint_requerido,,modules/shared/domain_rules.py; modules/shared/event_contract.py; tests/test_event_contract.py
delivery,delivery_requests,assign,POST,/resources/delivery_requests/{resource_id}/actions/assign,actor_from_headers obrigatório,owner_or_operator,papel da transição quando declarado; caso contrário owner_or_operator,Jobs valida company_id/business_id em vagas e candidaturas; demais dependem de regra de domínio,False,False,store.update registra ação e evento de transição,não exigida genericamente na rota de transição,regra_backend_estatica; teste_endpoint_requerido,tests/test_operational_journeys.py:57,modules/shared/domain_rules.py; modules/shared/event_contract.py; tests/test_event_contract.py
delivery,delivery_requests,cancel,POST,/resources/delivery_requests/{resource_id}/actions/cancel,actor_from_headers obrigatório,owner_or_operator,papel da transição quando declarado; caso contrário owner_or_operator,Jobs valida company_id/business_id em vagas e candidaturas; demais dependem de regra de domínio,False,False,store.update registra ação e evento de transição,não exigida genericamente na rota de transição,regra_backend_estatica; teste_endpoint_requerido,,modules/shared/domain_rules.py; modules/shared/event_contract.py; tests/test_event_contract.py
delivery,delivery_requests,complete,POST,/resources/delivery_requests/{resource_id}/actions/complete,actor_from_headers obrigatório,owner_or_operator,papel da transição quando declarado; caso contrário owner_or_operator,Jobs valida company_id/business_id em vagas e candidaturas; demais dependem de regra de domínio,False,False,store.update registra ação e evento de transição,não exigida genericamente na rota de transição,regra_backend_estatica; teste_endpoint_requerido,,modules/shared/domain_rules.py; modules/shared/event_contract.py; tests/test_event_contract.py
delivery,delivery_requests,pickup,POST,/resources/delivery_requests/{resource_id}/actions/pickup,actor_from_headers obrigatório,owner_or_operator,papel da transição quando declarado; caso contrário owner_or_operator,Jobs valida company_id/business_id em vagas e candidaturas; demais dependem de regra de domínio,False,False,store.update registra ação e evento de transição,não exigida genericamente na rota de transição,regra_backend_estatica; teste_endpoint_requerido,tests/test_operational_journeys.py:57,modules/shared/domain_rules.py; modules/shared/event_contract.py; tests/test_event_contract.py
document,documents,cancel,POST,/resources/documents/{resource_id}/actions/cancel,actor_from_headers obrigatório,owner_or_operator,papel da transição quando declarado; caso contrário owner_or_operator,Jobs valida company_id/business_id em vagas e candidaturas; demais dependem de regra de domínio,False,True,store.update registra ação e evento de transição,não exigida genericamente na rota de transição,regra_backend_estatica; teste_endpoint_requerido,,modules/shared/domain_rules.py; modules/shared/event_contract.py; tests/test_event_contract.py
document,documents,complete,POST,/resources/documents/{resource_id}/actions/complete,actor_from_headers obrigatório,owner_or_operator,papel da transição quando declarado; caso contrário owner_or_operator,Jobs valida company_id/business_id em vagas e candidaturas; demais dependem de regra de domínio,False,True,store.update registra ação e evento de transição,não exigida genericamente na rota de transição,regra_backend_estatica; teste_endpoint_requerido,,modules/shared/domain_rules.py; modules/shared/event_contract.py; tests/test_event_contract.py
document,documents,submit,POST,/resources/documents/{resource_id}/actions/submit,actor_from_headers obrigatório,owner_or_operator,papel da transição quando declarado; caso contrário owner_or_operator,Jobs valida company_id/business_id em vagas e candidaturas; demais dependem de regra de domínio,False,True,store.update registra ação e evento de transição,não exigida genericamente na rota de transição,regra_backend_estatica; teste_endpoint_requerido,,modules/shared/domain_rules.py; modules/shared/event_contract.py; tests/test_event_contract.py
erp,fiscal_documents,cancel,POST,/resources/fiscal_documents/{resource_id}/actions/cancel,actor_from_headers obrigatório,owner_or_operator,papel da transição quando declarado; caso contrário owner_or_operator,Jobs valida company_id/business_id em vagas e candidaturas; demais dependem de regra de domínio,False,False,store.update registra ação e evento de transição,não exigida genericamente na rota de transição,regra_backend_estatica; teste_endpoint_requerido,,modules/shared/domain_rules.py; modules/shared/event_contract.py; tests/test_event_contract.py
erp,fiscal_documents,complete,POST,/resources/fiscal_documents/{resource_id}/actions/complete,actor_from_headers obrigatório,owner_or_operator,papel da transição quando declarado; caso contrário owner_or_operator,Jobs valida company_id/business_id em vagas e candidaturas; demais dependem de regra de domínio,False,False,store.update registra ação e evento de transição,não exigida genericamente na rota de transição,regra_backend_estatica; teste_endpoint_requerido,,modules/shared/domain_rules.py; modules/shared/event_contract.py; tests/test_event_contract.py
erp,fiscal_documents,submit,POST,/resources/fiscal_documents/{resource_id}/actions/submit,actor_from_headers obrigatório,owner_or_operator,papel da transição quando declarado; caso contrário owner_or_operator,Jobs valida company_id/business_id em vagas e candidaturas; demais dependem de regra de domínio,False,False,store.update registra ação e evento de transição,não exigida genericamente na rota de transição,regra_backend_estatica; teste_endpoint_requerido,,modules/shared/domain_rules.py; modules/shared/event_contract.py; tests/test_event_contract.py
erp,payables,approve_payment,POST,/resources/payables/{resource_id}/actions/approve_payment,actor_from_headers obrigatório,administrator;auditor;compliance_officer;legal_representative;owner,papel da transição quando declarado; caso contrário owner_or_operator,Jobs valida company_id/business_id em vagas e candidaturas; demais dependem de regra de domínio,True,True,store.update registra ação e evento de transição,não exigida genericamente na rota de transição,regra_backend_estatica; teste_endpoint_requerido,tests/test_erp_domain.py:70,modules/shared/domain_rules.py; modules/shared/event_contract.py; tests/test_event_contract.py
erp,payables,settle,POST,/resources/payables/{resource_id}/actions/settle,actor_from_headers obrigatório,owner_or_operator,papel da transição quando declarado; caso contrário owner_or_operator,Jobs valida company_id/business_id em vagas e candidaturas; demais dependem de regra de domínio,False,True,store.update registra ação e evento de transição,não exigida genericamente na rota de transição,regra_backend_estatica; teste_endpoint_requerido,,modules/shared/domain_rules.py; modules/shared/event_contract.py; tests/test_event_contract.py
erp,receivables,receive,POST,/resources/receivables/{resource_id}/actions/receive,actor_from_headers obrigatório,owner_or_operator,papel da transição quando declarado; caso contrário owner_or_operator,Jobs valida company_id/business_id em vagas e candidaturas; demais dependem de regra de domínio,False,True,store.update registra ação e evento de transição,não exigida genericamente na rota de transição,regra_backend_estatica; teste_endpoint_requerido,tests/test_erp_domain.py:109,modules/shared/domain_rules.py; modules/shared/event_contract.py; tests/test_event_contract.py
erp,receivables,reconcile,POST,/resources/receivables/{resource_id}/actions/reconcile,actor_from_headers obrigatório,administrator;auditor;compliance_officer;legal_representative;owner,papel da transição quando declarado; caso contrário owner_or_operator,Jobs valida company_id/business_id em vagas e candidaturas; demais dependem de regra de domínio,True,True,store.update registra ação e evento de transição,não exigida genericamente na rota de transição,regra_backend_estatica; teste_endpoint_requerido,tests/test_erp_domain.py:109,modules/shared/domain_rules.py; modules/shared/event_contract.py; tests/test_event_contract.py
finance,escrows,capture,POST,/resources/escrows/{resource_id}/actions/capture,actor_from_headers obrigatório,administrator;auditor;compliance_officer;legal_representative;owner,papel da transição quando declarado; caso contrário owner_or_operator,Jobs valida company_id/business_id em vagas e candidaturas; demais dependem de regra de domínio,True,True,store.update registra ação e evento de transição,não exigida genericamente na rota de transição,regra_backend_estatica; teste_endpoint_requerido,,modules/shared/domain_rules.py; modules/shared/event_contract.py; tests/test_event_contract.py
finance,escrows,dispute,POST,/resources/escrows/{resource_id}/actions/dispute,actor_from_headers obrigatório,owner_or_operator,papel da transição quando declarado; caso contrário owner_or_operator,Jobs valida company_id/business_id em vagas e candidaturas; demais dependem de regra de domínio,False,True,store.update registra ação e evento de transição,não exigida genericamente na rota de transição,regra_backend_estatica; teste_endpoint_requerido,,modules/shared/domain_rules.py; modules/shared/event_contract.py; tests/test_event_contract.py
finance,escrows,refund,POST,/resources/escrows/{resource_id}/actions/refund,actor_from_headers obrigatório,administrator;auditor;compliance_officer;legal_representative;owner,papel da transição quando declarado; caso contrário owner_or_operator,Jobs valida company_id/business_id em vagas e candidaturas; demais dependem de regra de domínio,True,True,store.update registra ação e evento de transição,não exigida genericamente na rota de transição,regra_backend_estatica; teste_endpoint_requerido,,modules/shared/domain_rules.py; modules/shared/event_contract.py; tests/test_event_contract.py
finance,escrows,release,POST,/resources/escrows/{resource_id}/actions/release,actor_from_headers obrigatório,administrator;auditor;compliance_officer;legal_representative;owner,papel da transição quando declarado; caso contrário owner_or_operator,Jobs valida company_id/business_id em vagas e candidaturas; demais dependem de regra de domínio,True,True,store.update registra ação e evento de transição,não exigida genericamente na rota de transição,regra_backend_estatica; teste_endpoint_requerido,,modules/shared/domain_rules.py; modules/shared/event_contract.py; tests/test_event_contract.py
finance,invoices,cancel,POST,/resources/invoices/{resource_id}/actions/cancel,actor_from_headers obrigatório,owner_or_operator,papel da transição quando declarado; caso contrário owner_or_operator,Jobs valida company_id/business_id em vagas e candidaturas; demais dependem de regra de domínio,False,True,store.update registra ação e evento de transição,não exigida genericamente na rota de transição,regra_backend_estatica; teste_endpoint_requerido,,modules/shared/domain_rules.py; modules/shared/event_contract.py; tests/test_event_contract.py
finance,invoices,complete,POST,/resources/invoices/{resource_id}/actions/complete,actor_from_headers obrigatório,owner_or_operator,papel da transição quando declarado; caso contrário owner_or_operator,Jobs valida company_id/business_id em vagas e candidaturas; demais dependem de regra de domínio,False,True,store.update registra ação e evento de transição,não exigida genericamente na rota de transição,regra_backend_estatica; teste_endpoint_requerido,,modules/shared/domain_rules.py; modules/shared/event_contract.py; tests/test_event_contract.py
finance,invoices,submit,POST,/resources/invoices/{resource_id}/actions/submit,actor_from_headers obrigatório,owner_or_operator,papel da transição quando declarado; caso contrário owner_or_operator,Jobs valida company_id/business_id em vagas e candidaturas; demais dependem de regra de domínio,False,True,store.update registra ação e evento de transição,não exigida genericamente na rota de transição,regra_backend_estatica; teste_endpoint_requerido,,modules/shared/domain_rules.py; modules/shared/event_contract.py; tests/test_event_contract.py
finance,splits,cancel,POST,/resources/splits/{resource_id}/actions/cancel,actor_from_headers obrigatório,owner_or_operator,papel da transição quando declarado; caso contrário owner_or_operator,Jobs valida company_id/business_id em vagas e candidaturas; demais dependem de regra de domínio,False,True,store.update registra ação e evento de transição,não exigida genericamente na rota de transição,regra_backend_estatica; teste_endpoint_requerido,,modules/shared/domain_rules.py; modules/shared/event_contract.py; tests/test_event_contract.py
finance,splits,complete,POST,/resources/splits/{resource_id}/actions/complete,actor_from_headers obrigatório,owner_or_operator,papel da transição quando declarado; caso contrário owner_or_operator,Jobs valida company_id/business_id em vagas e candidaturas; demais dependem de regra de domínio,False,True,store.update registra ação e evento de transição,não exigida genericamente na rota de transição,regra_backend_estatica; teste_endpoint_requerido,,modules/shared/domain_rules.py; modules/shared/event_contract.py; tests/test_event_contract.py
finance,splits,submit,POST,/resources/splits/{resource_id}/actions/submit,actor_from_headers obrigatório,owner_or_operator,papel da transição quando declarado; caso contrário owner_or_operator,Jobs valida company_id/business_id em vagas e candidaturas; demais dependem de regra de domínio,False,True,store.update registra ação e evento de transição,não exigida genericamente na rota de transição,regra_backend_estatica; teste_endpoint_requerido,,modules/shared/domain_rules.py; modules/shared/event_contract.py; tests/test_event_contract.py
health,appointments,cancel,POST,/resources/appointments/{resource_id}/actions/cancel,actor_from_headers obrigatório,owner_or_operator,papel da transição quando declarado; caso contrário owner_or_operator,Jobs valida company_id/business_id em vagas e candidaturas; demais dependem de regra de domínio,False,True,store.update registra ação e evento de transição,não exigida genericamente na rota de transição,regra_backend_estatica; teste_endpoint_requerido,,modules/shared/domain_rules.py; modules/shared/event_contract.py; tests/test_event_contract.py
health,appointments,complete,POST,/resources/appointments/{resource_id}/actions/complete,actor_from_headers obrigatório,owner_or_operator,papel da transição quando declarado; caso contrário owner_or_operator,Jobs valida company_id/business_id em vagas e candidaturas; demais dependem de regra de domínio,False,True,store.update registra ação e evento de transição,não exigida genericamente na rota de transição,regra_backend_estatica; teste_endpoint_requerido,tests/test_operational_journeys.py:400,modules/shared/domain_rules.py; modules/shared/event_contract.py; tests/test_event_contract.py
health,appointments,pause,POST,/resources/appointments/{resource_id}/actions/pause,actor_from_headers obrigatório,administrator;auditor;compliance_officer;legal_representative;owner,papel da transição quando declarado; caso contrário owner_or_operator,Jobs valida company_id/business_id em vagas e candidaturas; demais dependem de regra de domínio,True,True,store.update registra ação e evento de transição,não exigida genericamente na rota de transição,regra_backend_estatica; teste_endpoint_requerido,,modules/shared/domain_rules.py; modules/shared/event_contract.py; tests/test_event_contract.py
health,appointments,publish,POST,/resources/appointments/{resource_id}/actions/publish,actor_from_headers obrigatório,administrator;auditor;compliance_officer;legal_representative;owner,papel da transição quando declarado; caso contrário owner_or_operator,Jobs valida company_id/business_id em vagas e candidaturas; demais dependem de regra de domínio,True,True,store.update registra ação e evento de transição,não exigida genericamente na rota de transição,regra_backend_estatica; teste_endpoint_requerido,,modules/shared/domain_rules.py; modules/shared/event_contract.py; tests/test_event_contract.py
health,appointments,submit,POST,/resources/appointments/{resource_id}/actions/submit,actor_from_headers obrigatório,owner_or_operator,papel da transição quando declarado; caso contrário owner_or_operator,Jobs valida company_id/business_id em vagas e candidaturas; demais dependem de regra de domínio,False,True,store.update registra ação e evento de transição,não exigida genericamente na rota de transição,regra_backend_estatica; teste_endpoint_requerido,,modules/shared/domain_rules.py; modules/shared/event_contract.py; tests/test_event_contract.py
health,beds,cancel,POST,/resources/beds/{resource_id}/actions/cancel,actor_from_headers obrigatório,owner_or_operator,papel da transição quando declarado; caso contrário owner_or_operator,Jobs valida company_id/business_id em vagas e candidaturas; demais dependem de regra de domínio,False,True,store.update registra ação e evento de transição,não exigida genericamente na rota de transição,regra_backend_estatica; teste_endpoint_requerido,,modules/shared/domain_rules.py; modules/shared/event_contract.py; tests/test_event_contract.py
health,beds,complete,POST,/resources/beds/{resource_id}/actions/complete,actor_from_headers obrigatório,owner_or_operator,papel da transição quando declarado; caso contrário owner_or_operator,Jobs valida company_id/business_id em vagas e candidaturas; demais dependem de regra de domínio,False,True,store.update registra ação e evento de transição,não exigida genericamente na rota de transição,regra_backend_estatica; teste_endpoint_requerido,,modules/shared/domain_rules.py; modules/shared/event_contract.py; tests/test_event_contract.py
health,beds,submit,POST,/resources/beds/{resource_id}/actions/submit,actor_from_headers obrigatório,owner_or_operator,papel da transição quando declarado; caso contrário owner_or_operator,Jobs valida company_id/business_id em vagas e candidaturas; demais dependem de regra de domínio,False,True,store.update registra ação e evento de transição,não exigida genericamente na rota de transição,regra_backend_estatica; teste_endpoint_requerido,,modules/shared/domain_rules.py; modules/shared/event_contract.py; tests/test_event_contract.py
health,medical_records,approve,POST,/resources/medical_records/{resource_id}/actions/approve,actor_from_headers obrigatório,administrator;auditor;compliance_officer;legal_representative;owner,papel da transição quando declarado; caso contrário owner_or_operator,Jobs valida company_id/business_id em vagas e candidaturas; demais dependem de regra de domínio,True,True,store.update registra ação e evento de transição,não exigida genericamente na rota de transição,regra_backend_estatica; teste_endpoint_requerido,,modules/shared/domain_rules.py; modules/shared/event_contract.py; tests/test_event_contract.py
health,medical_records,reject,POST,/resources/medical_records/{resource_id}/actions/reject,actor_from_headers obrigatório,administrator;auditor;compliance_officer;legal_representative;owner,papel da transição quando declarado; caso contrário owner_or_operator,Jobs valida company_id/business_id em vagas e candidaturas; demais dependem de regra de domínio,True,True,store.update registra ação e evento de transição,não exigida genericamente na rota de transição,regra_backend_estatica; teste_endpoint_requerido,,modules/shared/domain_rules.py; modules/shared/event_contract.py; tests/test_event_contract.py
health,medical_records,submit,POST,/resources/medical_records/{resource_id}/actions/submit,actor_from_headers obrigatório,owner_or_operator,papel da transição quando declarado; caso contrário owner_or_operator,Jobs valida company_id/business_id em vagas e candidaturas; demais dependem de regra de domínio,False,True,store.update registra ação e evento de transição,não exigida genericamente na rota de transição,regra_backend_estatica; teste_endpoint_requerido,,modules/shared/domain_rules.py; modules/shared/event_contract.py; tests/test_event_contract.py
health,prescriptions,approve,POST,/resources/prescriptions/{resource_id}/actions/approve,actor_from_headers obrigatório,administrator;auditor;compliance_officer;legal_representative;owner,papel da transição quando declarado; caso contrário owner_or_operator,Jobs valida company_id/business_id em vagas e candidaturas; demais dependem de regra de domínio,True,True,store.update registra ação e evento de transição,não exigida genericamente na rota de transição,regra_backend_estatica; teste_endpoint_requerido,,modules/shared/domain_rules.py; modules/shared/event_contract.py; tests/test_event_contract.py
health,prescriptions,reject,POST,/resources/prescriptions/{resource_id}/actions/reject,actor_from_headers obrigatório,administrator;auditor;compliance_officer;legal_representative;owner,papel da transição quando declarado; caso contrário owner_or_operator,Jobs valida company_id/business_id em vagas e candidaturas; demais dependem de regra de domínio,True,True,store.update registra ação e evento de transição,não exigida genericamente na rota de transição,regra_backend_estatica; teste_endpoint_requerido,,modules/shared/domain_rules.py; modules/shared/event_contract.py; tests/test_event_contract.py
health,prescriptions,submit,POST,/resources/prescriptions/{resource_id}/actions/submit,actor_from_headers obrigatório,owner_or_operator,papel da transição quando declarado; caso contrário owner_or_operator,Jobs valida company_id/business_id em vagas e candidaturas; demais dependem de regra de domínio,False,True,store.update registra ação e evento de transição,não exigida genericamente na rota de transição,regra_backend_estatica; teste_endpoint_requerido,,modules/shared/domain_rules.py; modules/shared/event_contract.py; tests/test_event_contract.py
hr,courses,complete,POST,/resources/courses/{resource_id}/actions/complete,actor_from_headers obrigatório,owner_or_operator,papel da transição quando declarado; caso contrário owner_or_operator,Jobs valida company_id/business_id em vagas e candidaturas; demais dependem de regra de domínio,False,True,store.update registra ação e evento de transição,não exigida genericamente na rota de transição,regra_backend_estatica; teste_endpoint_requerido,tests/test_hr_domain.py:90,modules/shared/domain_rules.py; modules/shared/event_contract.py; tests/test_event_contract.py
hr,employees,approve,POST,/resources/employees/{resource_id}/actions/approve,actor_from_headers obrigatório,administrator;auditor;compliance_officer;legal_representative;owner,papel da transição quando declarado; caso contrário owner_or_operator,Jobs valida company_id/business_id em vagas e candidaturas; demais dependem de regra de domínio,True,True,store.update registra ação e evento de transição,não exigida genericamente na rota de transição,regra_backend_estatica; teste_endpoint_requerido,,modules/shared/domain_rules.py; modules/shared/event_contract.py; tests/test_event_contract.py
hr,employees,reject,POST,/resources/employees/{resource_id}/actions/reject,actor_from_headers obrigatório,administrator;auditor;compliance_officer;legal_representative;owner,papel da transição quando declarado; caso contrário owner_or_operator,Jobs valida company_id/business_id em vagas e candidaturas; demais dependem de regra de domínio,True,True,store.update registra ação e evento de transição,não exigida genericamente na rota de transição,regra_backend_estatica; teste_endpoint_requerido,,modules/shared/domain_rules.py; modules/shared/event_contract.py; tests/test_event_contract.py
hr,employees,submit,POST,/resources/employees/{resource_id}/actions/submit,actor_from_headers obrigatório,owner_or_operator,papel da transição quando declarado; caso contrário owner_or_operator,Jobs valida company_id/business_id em vagas e candidaturas; demais dependem de regra de domínio,False,True,store.update registra ação e evento de transição,não exigida genericamente na rota de transição,regra_backend_estatica; teste_endpoint_requerido,,modules/shared/domain_rules.py; modules/shared/event_contract.py; tests/test_event_contract.py
hr,occupational_records,approve,POST,/resources/occupational_records/{resource_id}/actions/approve,actor_from_headers obrigatório,administrator;auditor;compliance_officer;legal_representative;owner,papel da transição quando declarado; caso contrário owner_or_operator,Jobs valida company_id/business_id em vagas e candidaturas; demais dependem de regra de domínio,True,True,store.update registra ação e evento de transição,não exigida genericamente na rota de transição,regra_backend_estatica; teste_endpoint_requerido,,modules/shared/domain_rules.py; modules/shared/event_contract.py; tests/test_event_contract.py
hr,occupational_records,reject,POST,/resources/occupational_records/{resource_id}/actions/reject,actor_from_headers obrigatório,administrator;auditor;compliance_officer;legal_representative;owner,papel da transição quando declarado; caso contrário owner_or_operator,Jobs valida company_id/business_id em vagas e candidaturas; demais dependem de regra de domínio,True,True,store.update registra ação e evento de transição,não exigida genericamente na rota de transição,regra_backend_estatica; teste_endpoint_requerido,,modules/shared/domain_rules.py; modules/shared/event_contract.py; tests/test_event_contract.py
hr,occupational_records,submit,POST,/resources/occupational_records/{resource_id}/actions/submit,actor_from_headers obrigatório,owner_or_operator,papel da transição quando declarado; caso contrário owner_or_operator,Jobs valida company_id/business_id em vagas e candidaturas; demais dependem de regra de domínio,False,True,store.update registra ação e evento de transição,não exigida genericamente na rota de transição,regra_backend_estatica; teste_endpoint_requerido,,modules/shared/domain_rules.py; modules/shared/event_contract.py; tests/test_event_contract.py
hr,payroll_runs,close,POST,/resources/payroll_runs/{resource_id}/actions/close,actor_from_headers obrigatório,administrator;auditor;compliance_officer;legal_representative;owner,papel da transição quando declarado; caso contrário owner_or_operator,Jobs valida company_id/business_id em vagas e candidaturas; demais dependem de regra de domínio,True,True,store.update registra ação e evento de transição,não exigida genericamente na rota de transição,regra_backend_estatica; teste_endpoint_requerido,tests/test_hr_domain.py:59,modules/shared/domain_rules.py; modules/shared/event_contract.py; tests/test_event_contract.py
identity,documents,approve,POST,/resources/documents/{resource_id}/actions/approve,actor_from_headers obrigatório,administrator;auditor;compliance_officer;legal_representative;owner,papel da transição quando declarado; caso contrário owner_or_operator,Jobs valida company_id/business_id em vagas e candidaturas; demais dependem de regra de domínio,True,True,store.update registra ação e evento de transição,não exigida genericamente na rota de transição,regra_backend_estatica; teste_endpoint_requerido,,modules/shared/domain_rules.py; modules/shared/event_contract.py; tests/test_event_contract.py
identity,documents,reject,POST,/resources/documents/{resource_id}/actions/reject,actor_from_headers obrigatório,administrator;auditor;compliance_officer;legal_representative;owner,papel da transição quando declarado; caso contrário owner_or_operator,Jobs valida company_id/business_id em vagas e candidaturas; demais dependem de regra de domínio,True,True,store.update registra ação e evento de transição,não exigida genericamente na rota de transição,regra_backend_estatica; teste_endpoint_requerido,,modules/shared/domain_rules.py; modules/shared/event_contract.py; tests/test_event_contract.py
identity,identity_verifications,approve,POST,/resources/identity_verifications/{resource_id}/actions/approve,actor_from_headers obrigatório,administrator;auditor;compliance_officer;legal_representative;owner,papel da transição quando declarado; caso contrário owner_or_operator,Jobs valida company_id/business_id em vagas e candidaturas; demais dependem de regra de domínio,True,True,store.update registra ação e evento de transição,não exigida genericamente na rota de transição,regra_backend_estatica; teste_endpoint_requerido,,modules/shared/domain_rules.py; modules/shared/event_contract.py; tests/test_event_contract.py
identity,identity_verifications,reject,POST,/resources/identity_verifications/{resource_id}/actions/reject,actor_from_headers obrigatório,administrator;auditor;compliance_officer;legal_representative;owner,papel da transição quando declarado; caso contrário owner_or_operator,Jobs valida company_id/business_id em vagas e candidaturas; demais dependem de regra de domínio,True,True,store.update registra ação e evento de transição,não exigida genericamente na rota de transição,regra_backend_estatica; teste_endpoint_requerido,,modules/shared/domain_rules.py; modules/shared/event_contract.py; tests/test_event_contract.py
identity,kyc_records,approve,POST,/resources/kyc_records/{resource_id}/actions/approve,actor_from_headers obrigatório,administrator;auditor;compliance_officer;legal_representative;owner,papel da transição quando declarado; caso contrário owner_or_operator,Jobs valida company_id/business_id em vagas e candidaturas; demais dependem de regra de domínio,True,False,store.update registra ação e evento de transição,não exigida genericamente na rota de transição,regra_backend_estatica; teste_endpoint_requerido,,modules/shared/domain_rules.py; modules/shared/event_contract.py; tests/test_event_contract.py
identity,kyc_records,reject,POST,/resources/kyc_records/{resource_id}/actions/reject,actor_from_headers obrigatório,administrator;auditor;compliance_officer;legal_representative;owner,papel da transição quando declarado; caso contrário owner_or_operator,Jobs valida company_id/business_id em vagas e candidaturas; demais dependem de regra de domínio,True,False,store.update registra ação e evento de transição,não exigida genericamente na rota de transição,regra_backend_estatica; teste_endpoint_requerido,,modules/shared/domain_rules.py; modules/shared/event_contract.py; tests/test_event_contract.py
identity,sessions,revoke,POST,/resources/sessions/{resource_id}/actions/revoke,actor_from_headers obrigatório,owner_or_operator,papel da transição quando declarado; caso contrário owner_or_operator,Jobs valida company_id/business_id em vagas e candidaturas; demais dependem de regra de domínio,False,True,store.update registra ação e evento de transição,não exigida genericamente na rota de transição,regra_backend_estatica; teste_endpoint_requerido,,modules/shared/domain_rules.py; modules/shared/event_contract.py; tests/test_event_contract.py
identity,users,verify,POST,/resources/users/{resource_id}/actions/verify,actor_from_headers obrigatório,administrator;auditor;compliance_officer;legal_representative;owner,papel da transição quando declarado; caso contrário owner_or_operator,Jobs valida company_id/business_id em vagas e candidaturas; demais dependem de regra de domínio,True,True,store.update registra ação e evento de transição,não exigida genericamente na rota de transição,regra_backend_estatica; teste_endpoint_requerido,,modules/shared/domain_rules.py; modules/shared/event_contract.py; tests/test_event_contract.py
jobs,applications,reject,POST,/resources/applications/{resource_id}/actions/reject,actor_from_headers obrigatório,administrator;auditor;hr_manager;owner;recruiter,papel da transição quando declarado; caso contrário owner_or_operator,Jobs valida company_id/business_id em vagas e candidaturas; demais dependem de regra de domínio,True,True,store.update registra ação e evento de transição,não exigida genericamente na rota de transição,regra_backend_estatica; teste_endpoint_requerido,,modules/shared/domain_rules.py; modules/shared/event_contract.py; tests/test_event_contract.py
jobs,applications,review,POST,/resources/applications/{resource_id}/actions/review,actor_from_headers obrigatório,administrator;auditor;hr_manager;owner;recruiter,papel da transição quando declarado; caso contrário owner_or_operator,Jobs valida company_id/business_id em vagas e candidaturas; demais dependem de regra de domínio,False,True,store.update registra ação e evento de transição,não exigida genericamente na rota de transição,regra_backend_estatica; teste_endpoint_requerido,tests/test_identity_jobs_domain.py:215,modules/shared/domain_rules.py; modules/shared/event_contract.py; tests/test_event_contract.py
jobs,applications,schedule_interview,POST,/resources/applications/{resource_id}/actions/schedule_interview,actor_from_headers obrigatório,administrator;auditor;hr_manager;owner;recruiter,papel da transição quando declarado; caso contrário owner_or_operator,Jobs valida company_id/business_id em vagas e candidaturas; demais dependem de regra de domínio,True,True,store.update registra ação e evento de transição,não exigida genericamente na rota de transição,regra_backend_estatica; teste_endpoint_requerido,,modules/shared/domain_rules.py; modules/shared/event_contract.py; tests/test_event_contract.py
jobs,applications,shortlist,POST,/resources/applications/{resource_id}/actions/shortlist,actor_from_headers obrigatório,administrator;auditor;hr_manager;owner;recruiter,papel da transição quando declarado; caso contrário owner_or_operator,Jobs valida company_id/business_id em vagas e candidaturas; demais dependem de regra de domínio,True,True,store.update registra ação e evento de transição,não exigida genericamente na rota de transição,regra_backend_estatica; teste_endpoint_requerido,tests/test_identity_jobs_domain.py:215,modules/shared/domain_rules.py; modules/shared/event_contract.py; tests/test_event_contract.py
jobs,applications,withdraw,POST,/resources/applications/{resource_id}/actions/withdraw,actor_from_headers obrigatório,owner_or_operator,papel da transição quando declarado; caso contrário owner_or_operator,Jobs valida company_id/business_id em vagas e candidaturas; demais dependem de regra de domínio,False,True,store.update registra ação e evento de transição,não exigida genericamente na rota de transição,regra_backend_estatica; teste_endpoint_requerido,,modules/shared/domain_rules.py; modules/shared/event_contract.py; tests/test_event_contract.py
jobs,job_postings,close,POST,/resources/job_postings/{resource_id}/actions/close,actor_from_headers obrigatório,administrator;auditor;hr_manager;owner;recruiter,papel da transição quando declarado; caso contrário owner_or_operator,Jobs valida company_id/business_id em vagas e candidaturas; demais dependem de regra de domínio,True,False,store.update registra ação e evento de transição,não exigida genericamente na rota de transição,regra_backend_estatica; teste_endpoint_requerido,,modules/shared/domain_rules.py; modules/shared/event_contract.py; tests/test_event_contract.py
jobs,job_postings,publish,POST,/resources/job_postings/{resource_id}/actions/publish,actor_from_headers obrigatório,administrator;auditor;hr_manager;owner;recruiter,papel da transição quando declarado; caso contrário owner_or_operator,Jobs valida company_id/business_id em vagas e candidaturas; demais dependem de regra de domínio,True,False,store.update registra ação e evento de transição,não exigida genericamente na rota de transição,regra_backend_estatica; teste_endpoint_requerido,tests/test_business_jobs_journey.py:76;tests/test_identity_jobs_domain.py:183;tests/test_jobs_postgres_integration.py:117,modules/shared/domain_rules.py; modules/shared/event_contract.py; tests/test_event_contract.py
legal,cases,cancel,POST,/resources/cases/{resource_id}/actions/cancel,actor_from_headers obrigatório,owner_or_operator,papel da transição quando declarado; caso contrário owner_or_operator,Jobs valida company_id/business_id em vagas e candidaturas; demais dependem de regra de domínio,False,True,store.update registra ação e evento de transição,não exigida genericamente na rota de transição,regra_backend_estatica; teste_endpoint_requerido,,modules/shared/domain_rules.py; modules/shared/event_contract.py; tests/test_event_contract.py
legal,cases,complete,POST,/resources/cases/{resource_id}/actions/complete,actor_from_headers obrigatório,owner_or_operator,papel da transição quando declarado; caso contrário owner_or_operator,Jobs valida company_id/business_id em vagas e candidaturas; demais dependem de regra de domínio,False,True,store.update registra ação e evento de transição,não exigida genericamente na rota de transição,regra_backend_estatica; teste_endpoint_requerido,,modules/shared/domain_rules.py; modules/shared/event_contract.py; tests/test_event_contract.py
legal,cases,submit,POST,/resources/cases/{resource_id}/actions/submit,actor_from_headers obrigatório,owner_or_operator,papel da transição quando declarado; caso contrário owner_or_operator,Jobs valida company_id/business_id em vagas e candidaturas; demais dependem de regra de domínio,False,True,store.update registra ação e evento de transição,não exigida genericamente na rota de transição,regra_backend_estatica; teste_endpoint_requerido,,modules/shared/domain_rules.py; modules/shared/event_contract.py; tests/test_event_contract.py
legal,deadlines,alert,POST,/resources/deadlines/{resource_id}/actions/alert,actor_from_headers obrigatório,administrator;auditor;compliance_officer;legal_representative;owner,papel da transição quando declarado; caso contrário owner_or_operator,Jobs valida company_id/business_id em vagas e candidaturas; demais dependem de regra de domínio,True,True,store.update registra ação e evento de transição,não exigida genericamente na rota de transição,regra_backend_estatica; teste_endpoint_requerido,tests/test_legal_domain.py:57,modules/shared/domain_rules.py; modules/shared/event_contract.py; tests/test_event_contract.py
legal,deadlines,complete,POST,/resources/deadlines/{resource_id}/actions/complete,actor_from_headers obrigatório,owner_or_operator,papel da transição quando declarado; caso contrário owner_or_operator,Jobs valida company_id/business_id em vagas e candidaturas; demais dependem de regra de domínio,False,True,store.update registra ação e evento de transição,não exigida genericamente na rota de transição,regra_backend_estatica; teste_endpoint_requerido,,modules/shared/domain_rules.py; modules/shared/event_contract.py; tests/test_event_contract.py
marketplace,disputes,close,POST,/resources/disputes/{resource_id}/actions/close,actor_from_headers obrigatório,administrator;auditor;compliance_officer;legal_representative;owner,papel da transição quando declarado; caso contrário owner_or_operator,Jobs valida company_id/business_id em vagas e candidaturas; demais dependem de regra de domínio,True,False,store.update registra ação e evento de transição,não exigida genericamente na rota de transição,regra_backend_estatica; teste_endpoint_requerido,,modules/shared/domain_rules.py; modules/shared/event_contract.py; tests/test_event_contract.py
marketplace,disputes,resolve,POST,/resources/disputes/{resource_id}/actions/resolve,actor_from_headers obrigatório,administrator;auditor;compliance_officer;legal_representative;owner,papel da transição quando declarado; caso contrário owner_or_operator,Jobs valida company_id/business_id em vagas e candidaturas; demais dependem de regra de domínio,True,False,store.update registra ação e evento de transição,não exigida genericamente na rota de transição,regra_backend_estatica; teste_endpoint_requerido,,modules/shared/domain_rules.py; modules/shared/event_contract.py; tests/test_event_contract.py
marketplace,disputes,triage,POST,/resources/disputes/{resource_id}/actions/triage,actor_from_headers obrigatório,administrator;auditor;compliance_officer;legal_representative;owner,papel da transição quando declarado; caso contrário owner_or_operator,Jobs valida company_id/business_id em vagas e candidaturas; demais dependem de regra de domínio,True,False,store.update registra ação e evento de transição,não exigida genericamente na rota de transição,regra_backend_estatica; teste_endpoint_requerido,,modules/shared/domain_rules.py; modules/shared/event_contract.py; tests/test_event_contract.py
marketplace,orders,cancel,POST,/resources/orders/{resource_id}/actions/cancel,actor_from_headers obrigatório,owner_or_operator,papel da transição quando declarado; caso contrário owner_or_operator,Jobs valida company_id/business_id em vagas e candidaturas; demais dependem de regra de domínio,False,False,store.update registra ação e evento de transição,não exigida genericamente na rota de transição,regra_backend_estatica; teste_endpoint_requerido,,modules/shared/domain_rules.py; modules/shared/event_contract.py; tests/test_event_contract.py
marketplace,orders,deliver,POST,/resources/orders/{resource_id}/actions/deliver,actor_from_headers obrigatório,owner_or_operator,papel da transição quando declarado; caso contrário owner_or_operator,Jobs valida company_id/business_id em vagas e candidaturas; demais dependem de regra de domínio,False,False,store.update registra ação e evento de transição,não exigida genericamente na rota de transição,regra_backend_estatica; teste_endpoint_requerido,,modules/shared/domain_rules.py; modules/shared/event_contract.py; tests/test_event_contract.py
marketplace,orders,pay,POST,/resources/orders/{resource_id}/actions/pay,actor_from_headers obrigatório,owner_or_operator,papel da transição quando declarado; caso contrário owner_or_operator,Jobs valida company_id/business_id em vagas e candidaturas; demais dependem de regra de domínio,False,False,store.update registra ação e evento de transição,não exigida genericamente na rota de transição,regra_backend_estatica; teste_endpoint_requerido,tests/test_marketplace_support_metrics.py:37;tests/test_user_marketplace_journey.py:85;tests/test_valley_ecosystem.py:242,modules/shared/domain_rules.py; modules/shared/event_contract.py; tests/test_event_contract.py
marketplace,products,cancel,POST,/resources/products/{resource_id}/actions/cancel,actor_from_headers obrigatório,owner_or_operator,papel da transição quando declarado; caso contrário owner_or_operator,Jobs valida company_id/business_id em vagas e candidaturas; demais dependem de regra de domínio,False,False,store.update registra ação e evento de transição,não exigida genericamente na rota de transição,regra_backend_estatica; teste_endpoint_requerido,,modules/shared/domain_rules.py; modules/shared/event_contract.py; tests/test_event_contract.py
marketplace,products,complete,POST,/resources/products/{resource_id}/actions/complete,actor_from_headers obrigatório,owner_or_operator,papel da transição quando declarado; caso contrário owner_or_operator,Jobs valida company_id/business_id em vagas e candidaturas; demais dependem de regra de domínio,False,False,store.update registra ação e evento de transição,não exigida genericamente na rota de transição,regra_backend_estatica; teste_endpoint_requerido,,modules/shared/domain_rules.py; modules/shared/event_contract.py; tests/test_event_contract.py
marketplace,products,pause,POST,/resources/products/{resource_id}/actions/pause,actor_from_headers obrigatório,administrator;auditor;compliance_officer;legal_representative;owner,papel da transição quando declarado; caso contrário owner_or_operator,Jobs valida company_id/business_id em vagas e candidaturas; demais dependem de regra de domínio,True,False,store.update registra ação e evento de transição,não exigida genericamente na rota de transição,regra_backend_estatica; teste_endpoint_requerido,,modules/shared/domain_rules.py; modules/shared/event_contract.py; tests/test_event_contract.py
marketplace,products,publish,POST,/resources/products/{resource_id}/actions/publish,actor_from_headers obrigatório,administrator;auditor;compliance_officer;legal_representative;owner,papel da transição quando declarado; caso contrário owner_or_operator,Jobs valida company_id/business_id em vagas e candidaturas; demais dependem de regra de domínio,True,False,store.update registra ação e evento de transição,não exigida genericamente na rota de transição,regra_backend_estatica; teste_endpoint_requerido,,modules/shared/domain_rules.py; modules/shared/event_contract.py; tests/test_event_contract.py
marketplace,products,submit,POST,/resources/products/{resource_id}/actions/submit,actor_from_headers obrigatório,owner_or_operator,papel da transição quando declarado; caso contrário owner_or_operator,Jobs valida company_id/business_id em vagas e candidaturas; demais dependem de regra de domínio,False,False,store.update registra ação e evento de transição,não exigida genericamente na rota de transição,regra_backend_estatica; teste_endpoint_requerido,,modules/shared/domain_rules.py; modules/shared/event_contract.py; tests/test_event_contract.py
marketplace,reviews,publish,POST,/resources/reviews/{resource_id}/actions/publish,actor_from_headers obrigatório,administrator;auditor;compliance_officer;legal_representative;owner,papel da transição quando declarado; caso contrário owner_or_operator,Jobs valida company_id/business_id em vagas e candidaturas; demais dependem de regra de domínio,True,False,store.update registra ação e evento de transição,não exigida genericamente na rota de transição,regra_backend_estatica; teste_endpoint_requerido,tests/test_marketplace_support_metrics.py:82;tests/test_valley_reviews.py:61,modules/shared/domain_rules.py; modules/shared/event_contract.py; tests/test_event_contract.py
marketplace,reviews,reject,POST,/resources/reviews/{resource_id}/actions/reject,actor_from_headers obrigatório,administrator;auditor;compliance_officer;legal_representative;owner,papel da transição quando declarado; caso contrário owner_or_operator,Jobs valida company_id/business_id em vagas e candidaturas; demais dependem de regra de domínio,True,False,store.update registra ação e evento de transição,não exigida genericamente na rota de transição,regra_backend_estatica; teste_endpoint_requerido,,modules/shared/domain_rules.py; modules/shared/event_contract.py; tests/test_event_contract.py
marketplace,stores,approve,POST,/resources/stores/{resource_id}/actions/approve,actor_from_headers obrigatório,administrator;auditor;compliance_officer;legal_representative;owner,papel da transição quando declarado; caso contrário owner_or_operator,Jobs valida company_id/business_id em vagas e candidaturas; demais dependem de regra de domínio,True,False,store.update registra ação e evento de transição,não exigida genericamente na rota de transição,regra_backend_estatica; teste_endpoint_requerido,,modules/shared/domain_rules.py; modules/shared/event_contract.py; tests/test_event_contract.py
marketplace,stores,reject,POST,/resources/stores/{resource_id}/actions/reject,actor_from_headers obrigatório,administrator;auditor;compliance_officer;legal_representative;owner,papel da transição quando declarado; caso contrário owner_or_operator,Jobs valida company_id/business_id em vagas e candidaturas; demais dependem de regra de domínio,True,False,store.update registra ação e evento de transição,não exigida genericamente na rota de transição,regra_backend_estatica; teste_endpoint_requerido,,modules/shared/domain_rules.py; modules/shared/event_contract.py; tests/test_event_contract.py
marketplace,stores,submit,POST,/resources/stores/{resource_id}/actions/submit,actor_from_headers obrigatório,owner_or_operator,papel da transição quando declarado; caso contrário owner_or_operator,Jobs valida company_id/business_id em vagas e candidaturas; demais dependem de regra de domínio,False,False,store.update registra ação e evento de transição,não exigida genericamente na rota de transição,regra_backend_estatica; teste_endpoint_requerido,,modules/shared/domain_rules.py; modules/shared/event_contract.py; tests/test_event_contract.py
mobility,rides,accept,POST,/resources/rides/{resource_id}/actions/accept,actor_from_headers obrigatório,owner_or_operator,papel da transição quando declarado; caso contrário owner_or_operator,Jobs valida company_id/business_id em vagas e candidaturas; demais dependem de regra de domínio,False,False,store.update registra ação e evento de transição,não exigida genericamente na rota de transição,regra_backend_estatica; teste_endpoint_requerido,tests/test_operational_journeys.py:310,modules/shared/domain_rules.py; modules/shared/event_contract.py; tests/test_event_contract.py
mobility,rides,cancel,POST,/resources/rides/{resource_id}/actions/cancel,actor_from_headers obrigatório,owner_or_operator,papel da transição quando declarado; caso contrário owner_or_operator,Jobs valida company_id/business_id em vagas e candidaturas; demais dependem de regra de domínio,False,False,store.update registra ação e evento de transição,não exigida genericamente na rota de transição,regra_backend_estatica; teste_endpoint_requerido,,modules/shared/domain_rules.py; modules/shared/event_contract.py; tests/test_event_contract.py
mobility,rides,complete,POST,/resources/rides/{resource_id}/actions/complete,actor_from_headers obrigatório,owner_or_operator,papel da transição quando declarado; caso contrário owner_or_operator,Jobs valida company_id/business_id em vagas e candidaturas; demais dependem de regra de domínio,False,False,store.update registra ação e evento de transição,não exigida genericamente na rota de transição,regra_backend_estatica; teste_endpoint_requerido,tests/test_operational_journeys.py:310,modules/shared/domain_rules.py; modules/shared/event_contract.py; tests/test_event_contract.py
mobility,tickets,use,POST,/resources/tickets/{resource_id}/actions/use,actor_from_headers obrigatório,owner_or_operator,papel da transição quando declarado; caso contrário owner_or_operator,Jobs valida company_id/business_id em vagas e candidaturas; demais dependem de regra de domínio,False,True,store.update registra ação e evento de transição,não exigida genericamente na rota de transição,regra_backend_estatica; teste_endpoint_requerido,tests/test_operational_journeys.py:343,modules/shared/domain_rules.py; modules/shared/event_contract.py; tests/test_event_contract.py
property,leases,activate,POST,/resources/leases/{resource_id}/actions/activate,actor_from_headers obrigatório,administrator;auditor;compliance_officer;legal_representative;owner,papel da transição quando declarado; caso contrário owner_or_operator,Jobs valida company_id/business_id em vagas e candidaturas; demais dependem de regra de domínio,True,False,store.update registra ação e evento de transição,não exigida genericamente na rota de transição,regra_backend_estatica; teste_endpoint_requerido,tests/test_property_domain.py:57,modules/shared/domain_rules.py; modules/shared/event_contract.py; tests/test_event_contract.py
property,leases,terminate,POST,/resources/leases/{resource_id}/actions/terminate,actor_from_headers obrigatório,administrator;auditor;compliance_officer;legal_representative;owner,papel da transição quando declarado; caso contrário owner_or_operator,Jobs valida company_id/business_id em vagas e candidaturas; demais dependem de regra de domínio,True,False,store.update registra ação e evento de transição,não exigida genericamente na rota de transição,regra_backend_estatica; teste_endpoint_requerido,,modules/shared/domain_rules.py; modules/shared/event_contract.py; tests/test_event_contract.py
property,maintenance_orders,complete,POST,/resources/maintenance_orders/{resource_id}/actions/complete,actor_from_headers obrigatório,administrator;auditor;compliance_officer;legal_representative;owner,papel da transição quando declarado; caso contrário owner_or_operator,Jobs valida company_id/business_id em vagas e candidaturas; demais dependem de regra de domínio,True,False,store.update registra ação e evento de transição,não exigida genericamente na rota de transição,regra_backend_estatica; teste_endpoint_requerido,tests/test_property_domain.py:88,modules/shared/domain_rules.py; modules/shared/event_contract.py; tests/test_event_contract.py
property,maintenance_orders,schedule,POST,/resources/maintenance_orders/{resource_id}/actions/schedule,actor_from_headers obrigatório,owner_or_operator,papel da transição quando declarado; caso contrário owner_or_operator,Jobs valida company_id/business_id em vagas e candidaturas; demais dependem de regra de domínio,False,False,store.update registra ação e evento de transição,não exigida genericamente na rota de transição,regra_backend_estatica; teste_endpoint_requerido,tests/test_property_domain.py:88,modules/shared/domain_rules.py; modules/shared/event_contract.py; tests/test_event_contract.py
property,properties,cancel,POST,/resources/properties/{resource_id}/actions/cancel,actor_from_headers obrigatório,owner_or_operator,papel da transição quando declarado; caso contrário owner_or_operator,Jobs valida company_id/business_id em vagas e candidaturas; demais dependem de regra de domínio,False,False,store.update registra ação e evento de transição,não exigida genericamente na rota de transição,regra_backend_estatica; teste_endpoint_requerido,,modules/shared/domain_rules.py; modules/shared/event_contract.py; tests/test_event_contract.py
property,properties,complete,POST,/resources/properties/{resource_id}/actions/complete,actor_from_headers obrigatório,owner_or_operator,papel da transição quando declarado; caso contrário owner_or_operator,Jobs valida company_id/business_id em vagas e candidaturas; demais dependem de regra de domínio,False,False,store.update registra ação e evento de transição,não exigida genericamente na rota de transição,regra_backend_estatica; teste_endpoint_requerido,,modules/shared/domain_rules.py; modules/shared/event_contract.py; tests/test_event_contract.py
property,properties,pause,POST,/resources/properties/{resource_id}/actions/pause,actor_from_headers obrigatório,administrator;auditor;compliance_officer;legal_representative;owner,papel da transição quando declarado; caso contrário owner_or_operator,Jobs valida company_id/business_id em vagas e candidaturas; demais dependem de regra de domínio,True,False,store.update registra ação e evento de transição,não exigida genericamente na rota de transição,regra_backend_estatica; teste_endpoint_requerido,,modules/shared/domain_rules.py; modules/shared/event_contract.py; tests/test_event_contract.py
property,properties,publish,POST,/resources/properties/{resource_id}/actions/publish,actor_from_headers obrigatório,administrator;auditor;compliance_officer;legal_representative;owner,papel da transição quando declarado; caso contrário owner_or_operator,Jobs valida company_id/business_id em vagas e candidaturas; demais dependem de regra de domínio,True,False,store.update registra ação e evento de transição,não exigida genericamente na rota de transição,regra_backend_estatica; teste_endpoint_requerido,,modules/shared/domain_rules.py; modules/shared/event_contract.py; tests/test_event_contract.py
property,properties,submit,POST,/resources/properties/{resource_id}/actions/submit,actor_from_headers obrigatório,owner_or_operator,papel da transição quando declarado; caso contrário owner_or_operator,Jobs valida company_id/business_id em vagas e candidaturas; demais dependem de regra de domínio,False,False,store.update registra ação e evento de transição,não exigida genericamente na rota de transição,regra_backend_estatica; teste_endpoint_requerido,,modules/shared/domain_rules.py; modules/shared/event_contract.py; tests/test_event_contract.py
riders,rider_profiles,approve,POST,/resources/rider_profiles/{resource_id}/actions/approve,actor_from_headers obrigatório,administrator;auditor;compliance_officer;legal_representative;owner,papel da transição quando declarado; caso contrário owner_or_operator,Jobs valida company_id/business_id em vagas e candidaturas; demais dependem de regra de domínio,True,True,store.update registra ação e evento de transição,não exigida genericamente na rota de transição,regra_backend_estatica; teste_endpoint_requerido,tests/test_operational_journeys.py:135,modules/shared/domain_rules.py; modules/shared/event_contract.py; tests/test_event_contract.py
riders,rider_profiles,reject,POST,/resources/rider_profiles/{resource_id}/actions/reject,actor_from_headers obrigatório,administrator;auditor;compliance_officer;legal_representative;owner,papel da transição quando declarado; caso contrário owner_or_operator,Jobs valida company_id/business_id em vagas e candidaturas; demais dependem de regra de domínio,True,True,store.update registra ação e evento de transição,não exigida genericamente na rota de transição,regra_backend_estatica; teste_endpoint_requerido,,modules/shared/domain_rules.py; modules/shared/event_contract.py; tests/test_event_contract.py
riders,rider_profiles,submit,POST,/resources/rider_profiles/{resource_id}/actions/submit,actor_from_headers obrigatório,owner_or_operator,papel da transição quando declarado; caso contrário owner_or_operator,Jobs valida company_id/business_id em vagas e candidaturas; demais dependem de regra de domínio,False,True,store.update registra ação e evento de transição,não exigida genericamente na rota de transição,regra_backend_estatica; teste_endpoint_requerido,tests/test_operational_journeys.py:135,modules/shared/domain_rules.py; modules/shared/event_contract.py; tests/test_event_contract.py
riders,vehicles,approve,POST,/resources/vehicles/{resource_id}/actions/approve,actor_from_headers obrigatório,administrator;auditor;compliance_officer;legal_representative;owner,papel da transição quando declarado; caso contrário owner_or_operator,Jobs valida company_id/business_id em vagas e candidaturas; demais dependem de regra de domínio,True,False,store.update registra ação e evento de transição,não exigida genericamente na rota de transição,regra_backend_estatica; teste_endpoint_requerido,,modules/shared/domain_rules.py; modules/shared/event_contract.py; tests/test_event_contract.py
riders,vehicles,reject,POST,/resources/vehicles/{resource_id}/actions/reject,actor_from_headers obrigatório,administrator;auditor;compliance_officer;legal_representative;owner,papel da transição quando declarado; caso contrário owner_or_operator,Jobs valida company_id/business_id em vagas e candidaturas; demais dependem de regra de domínio,True,False,store.update registra ação e evento de transição,não exigida genericamente na rota de transição,regra_backend_estatica; teste_endpoint_requerido,,modules/shared/domain_rules.py; modules/shared/event_contract.py; tests/test_event_contract.py
riders,vehicles,submit,POST,/resources/vehicles/{resource_id}/actions/submit,actor_from_headers obrigatório,owner_or_operator,papel da transição quando declarado; caso contrário owner_or_operator,Jobs valida company_id/business_id em vagas e candidaturas; demais dependem de regra de domínio,False,False,store.update registra ação e evento de transição,não exigida genericamente na rota de transição,regra_backend_estatica; teste_endpoint_requerido,,modules/shared/domain_rules.py; modules/shared/event_contract.py; tests/test_event_contract.py
services,providers,cancel,POST,/resources/providers/{resource_id}/actions/cancel,actor_from_headers obrigatório,owner_or_operator,papel da transição quando declarado; caso contrário owner_or_operator,Jobs valida company_id/business_id em vagas e candidaturas; demais dependem de regra de domínio,False,False,store.update registra ação e evento de transição,não exigida genericamente na rota de transição,regra_backend_estatica; teste_endpoint_requerido,,modules/shared/domain_rules.py; modules/shared/event_contract.py; tests/test_event_contract.py
services,providers,complete,POST,/resources/providers/{resource_id}/actions/complete,actor_from_headers obrigatório,owner_or_operator,papel da transição quando declarado; caso contrário owner_or_operator,Jobs valida company_id/business_id em vagas e candidaturas; demais dependem de regra de domínio,False,False,store.update registra ação e evento de transição,não exigida genericamente na rota de transição,regra_backend_estatica; teste_endpoint_requerido,,modules/shared/domain_rules.py; modules/shared/event_contract.py; tests/test_event_contract.py
services,providers,pause,POST,/resources/providers/{resource_id}/actions/pause,actor_from_headers obrigatório,administrator;auditor;compliance_officer;legal_representative;owner,papel da transição quando declarado; caso contrário owner_or_operator,Jobs valida company_id/business_id em vagas e candidaturas; demais dependem de regra de domínio,True,False,store.update registra ação e evento de transição,não exigida genericamente na rota de transição,regra_backend_estatica; teste_endpoint_requerido,,modules/shared/domain_rules.py; modules/shared/event_contract.py; tests/test_event_contract.py
services,providers,publish,POST,/resources/providers/{resource_id}/actions/publish,actor_from_headers obrigatório,administrator;auditor;compliance_officer;legal_representative;owner,papel da transição quando declarado; caso contrário owner_or_operator,Jobs valida company_id/business_id em vagas e candidaturas; demais dependem de regra de domínio,True,False,store.update registra ação e evento de transição,não exigida genericamente na rota de transição,regra_backend_estatica; teste_endpoint_requerido,,modules/shared/domain_rules.py; modules/shared/event_contract.py; tests/test_event_contract.py
services,providers,submit,POST,/resources/providers/{resource_id}/actions/submit,actor_from_headers obrigatório,owner_or_operator,papel da transição quando declarado; caso contrário owner_or_operator,Jobs valida company_id/business_id em vagas e candidaturas; demais dependem de regra de domínio,False,False,store.update registra ação e evento de transição,não exigida genericamente na rota de transição,regra_backend_estatica; teste_endpoint_requerido,,modules/shared/domain_rules.py; modules/shared/event_contract.py; tests/test_event_contract.py
services,service_contracts,accept,POST,/resources/service_contracts/{resource_id}/actions/accept,actor_from_headers obrigatório,owner_or_operator,papel da transição quando declarado; caso contrário owner_or_operator,Jobs valida company_id/business_id em vagas e candidaturas; demais dependem de regra de domínio,False,False,store.update registra ação e evento de transição,não exigida genericamente na rota de transição,regra_backend_estatica; teste_endpoint_requerido,tests/test_operational_journeys.py:221,modules/shared/domain_rules.py; modules/shared/event_contract.py; tests/test_event_contract.py
services,service_contracts,complete,POST,/resources/service_contracts/{resource_id}/actions/complete,actor_from_headers obrigatório,owner_or_operator,papel da transição quando declarado; caso contrário owner_or_operator,Jobs valida company_id/business_id em vagas e candidaturas; demais dependem de regra de domínio,False,False,store.update registra ação e evento de transição,não exigida genericamente na rota de transição,regra_backend_estatica; teste_endpoint_requerido,tests/test_operational_journeys.py:221,modules/shared/domain_rules.py; modules/shared/event_contract.py; tests/test_event_contract.py
services,service_contracts,dispute,POST,/resources/service_contracts/{resource_id}/actions/dispute,actor_from_headers obrigatório,owner_or_operator,papel da transição quando declarado; caso contrário owner_or_operator,Jobs valida company_id/business_id em vagas e candidaturas; demais dependem de regra de domínio,False,False,store.update registra ação e evento de transição,não exigida genericamente na rota de transição,regra_backend_estatica; teste_endpoint_requerido,,modules/shared/domain_rules.py; modules/shared/event_contract.py; tests/test_event_contract.py
stock,catalog_products,cancel,POST,/resources/catalog_products/{resource_id}/actions/cancel,actor_from_headers obrigatório,owner_or_operator,papel da transição quando declarado; caso contrário owner_or_operator,Jobs valida company_id/business_id em vagas e candidaturas; demais dependem de regra de domínio,False,False,store.update registra ação e evento de transição,não exigida genericamente na rota de transição,regra_backend_estatica; teste_endpoint_requerido,,modules/shared/domain_rules.py; modules/shared/event_contract.py; tests/test_event_contract.py
stock,catalog_products,complete,POST,/resources/catalog_products/{resource_id}/actions/complete,actor_from_headers obrigatório,owner_or_operator,papel da transição quando declarado; caso contrário owner_or_operator,Jobs valida company_id/business_id em vagas e candidaturas; demais dependem de regra de domínio,False,False,store.update registra ação e evento de transição,não exigida genericamente na rota de transição,regra_backend_estatica; teste_endpoint_requerido,,modules/shared/domain_rules.py; modules/shared/event_contract.py; tests/test_event_contract.py
stock,catalog_products,pause,POST,/resources/catalog_products/{resource_id}/actions/pause,actor_from_headers obrigatório,administrator;auditor;compliance_officer;legal_representative;owner,papel da transição quando declarado; caso contrário owner_or_operator,Jobs valida company_id/business_id em vagas e candidaturas; demais dependem de regra de domínio,True,False,store.update registra ação e evento de transição,não exigida genericamente na rota de transição,regra_backend_estatica; teste_endpoint_requerido,,modules/shared/domain_rules.py; modules/shared/event_contract.py; tests/test_event_contract.py
stock,catalog_products,publish,POST,/resources/catalog_products/{resource_id}/actions/publish,actor_from_headers obrigatório,administrator;auditor;compliance_officer;legal_representative;owner,papel da transição quando declarado; caso contrário owner_or_operator,Jobs valida company_id/business_id em vagas e candidaturas; demais dependem de regra de domínio,True,False,store.update registra ação e evento de transição,não exigida genericamente na rota de transição,regra_backend_estatica; teste_endpoint_requerido,,modules/shared/domain_rules.py; modules/shared/event_contract.py; tests/test_event_contract.py
stock,catalog_products,submit,POST,/resources/catalog_products/{resource_id}/actions/submit,actor_from_headers obrigatório,owner_or_operator,papel da transição quando declarado; caso contrário owner_or_operator,Jobs valida company_id/business_id em vagas e candidaturas; demais dependem de regra de domínio,False,False,store.update registra ação e evento de transição,não exigida genericamente na rota de transição,regra_backend_estatica; teste_endpoint_requerido,,modules/shared/domain_rules.py; modules/shared/event_contract.py; tests/test_event_contract.py
stock,supplier_orders,acknowledge,POST,/resources/supplier_orders/{resource_id}/actions/acknowledge,actor_from_headers obrigatório,owner_or_operator,papel da transição quando declarado; caso contrário owner_or_operator,Jobs valida company_id/business_id em vagas e candidaturas; demais dependem de regra de domínio,False,False,store.update registra ação e evento de transição,não exigida genericamente na rota de transição,regra_backend_estatica; teste_endpoint_requerido,tests/test_valley_ecosystem.py:176,modules/shared/domain_rules.py; modules/shared/event_contract.py; tests/test_event_contract.py
stock,supplier_orders,cancel,POST,/resources/supplier_orders/{resource_id}/actions/cancel,actor_from_headers obrigatório,owner_or_operator,papel da transição quando declarado; caso contrário owner_or_operator,Jobs valida company_id/business_id em vagas e candidaturas; demais dependem de regra de domínio,False,False,store.update registra ação e evento de transição,não exigida genericamente na rota de transição,regra_backend_estatica; teste_endpoint_requerido,,modules/shared/domain_rules.py; modules/shared/event_contract.py; tests/test_event_contract.py
stock,supplier_orders,deliver,POST,/resources/supplier_orders/{resource_id}/actions/deliver,actor_from_headers obrigatório,owner_or_operator,papel da transição quando declarado; caso contrário owner_or_operator,Jobs valida company_id/business_id em vagas e candidaturas; demais dependem de regra de domínio,False,False,store.update registra ação e evento de transição,não exigida genericamente na rota de transição,regra_backend_estatica; teste_endpoint_requerido,,modules/shared/domain_rules.py; modules/shared/event_contract.py; tests/test_event_contract.py
stock,supplier_orders,ship,POST,/resources/supplier_orders/{resource_id}/actions/ship,actor_from_headers obrigatório,owner_or_operator,papel da transição quando declarado; caso contrário owner_or_operator,Jobs valida company_id/business_id em vagas e candidaturas; demais dependem de regra de domínio,False,False,store.update registra ação e evento de transição,não exigida genericamente na rota de transição,regra_backend_estatica; teste_endpoint_requerido,tests/test_valley_ecosystem.py:176,modules/shared/domain_rules.py; modules/shared/event_contract.py; tests/test_event_contract.py
stock,suppliers,approve,POST,/resources/suppliers/{resource_id}/actions/approve,actor_from_headers obrigatório,administrator;auditor;compliance_officer;legal_representative;owner,papel da transição quando declarado; caso contrário owner_or_operator,Jobs valida company_id/business_id em vagas e candidaturas; demais dependem de regra de domínio,True,False,store.update registra ação e evento de transição,não exigida genericamente na rota de transição,regra_backend_estatica; teste_endpoint_requerido,,modules/shared/domain_rules.py; modules/shared/event_contract.py; tests/test_event_contract.py
stock,suppliers,reject,POST,/resources/suppliers/{resource_id}/actions/reject,actor_from_headers obrigatório,administrator;auditor;compliance_officer;legal_representative;owner,papel da transição quando declarado; caso contrário owner_or_operator,Jobs valida company_id/business_id em vagas e candidaturas; demais dependem de regra de domínio,True,False,store.update registra ação e evento de transição,não exigida genericamente na rota de transição,regra_backend_estatica; teste_endpoint_requerido,,modules/shared/domain_rules.py; modules/shared/event_contract.py; tests/test_event_contract.py
stock,suppliers,submit,POST,/resources/suppliers/{resource_id}/actions/submit,actor_from_headers obrigatório,owner_or_operator,papel da transição quando declarado; caso contrário owner_or_operator,Jobs valida company_id/business_id em vagas e candidaturas; demais dependem de regra de domínio,False,False,store.update registra ação e evento de transição,não exigida genericamente na rota de transição,regra_backend_estatica; teste_endpoint_requerido,,modules/shared/domain_rules.py; modules/shared/event_contract.py; tests/test_event_contract.py
tms,carriers,approve,POST,/resources/carriers/{resource_id}/actions/approve,actor_from_headers obrigatório,administrator;auditor;compliance_officer;legal_representative;owner,papel da transição quando declarado; caso contrário owner_or_operator,Jobs valida company_id/business_id em vagas e candidaturas; demais dependem de regra de domínio,True,False,store.update registra ação e evento de transição,não exigida genericamente na rota de transição,regra_backend_estatica; teste_endpoint_requerido,,modules/shared/domain_rules.py; modules/shared/event_contract.py; tests/test_event_contract.py
tms,carriers,reject,POST,/resources/carriers/{resource_id}/actions/reject,actor_from_headers obrigatório,administrator;auditor;compliance_officer;legal_representative;owner,papel da transição quando declarado; caso contrário owner_or_operator,Jobs valida company_id/business_id em vagas e candidaturas; demais dependem de regra de domínio,True,False,store.update registra ação e evento de transição,não exigida genericamente na rota de transição,regra_backend_estatica; teste_endpoint_requerido,,modules/shared/domain_rules.py; modules/shared/event_contract.py; tests/test_event_contract.py
tms,carriers,submit,POST,/resources/carriers/{resource_id}/actions/submit,actor_from_headers obrigatório,owner_or_operator,papel da transição quando declarado; caso contrário owner_or_operator,Jobs valida company_id/business_id em vagas e candidaturas; demais dependem de regra de domínio,False,False,store.update registra ação e evento de transição,não exigida genericamente na rota de transição,regra_backend_estatica; teste_endpoint_requerido,,modules/shared/domain_rules.py; modules/shared/event_contract.py; tests/test_event_contract.py
tms,freight_audits,close,POST,/resources/freight_audits/{resource_id}/actions/close,actor_from_headers obrigatório,administrator;auditor;compliance_officer;legal_representative;owner,papel da transição quando declarado; caso contrário owner_or_operator,Jobs valida company_id/business_id em vagas e candidaturas; demais dependem de regra de domínio,True,True,store.update registra ação e evento de transição,não exigida genericamente na rota de transição,regra_backend_estatica; teste_endpoint_requerido,tests/test_tms_domain.py:150,modules/shared/domain_rules.py; modules/shared/event_contract.py; tests/test_event_contract.py
tms,freights,approve,POST,/resources/freights/{resource_id}/actions/approve,actor_from_headers obrigatório,administrator;auditor;compliance_officer;legal_representative;owner,papel da transição quando declarado; caso contrário owner_or_operator,Jobs valida company_id/business_id em vagas e candidaturas; demais dependem de regra de domínio,True,False,store.update registra ação e evento de transição,não exigida genericamente na rota de transição,regra_backend_estatica; teste_endpoint_requerido,tests/test_tms_domain.py:73,modules/shared/domain_rules.py; modules/shared/event_contract.py; tests/test_event_contract.py
tms,freights,complete,POST,/resources/freights/{resource_id}/actions/complete,actor_from_headers obrigatório,administrator;auditor;compliance_officer;legal_representative;owner,papel da transição quando declarado; caso contrário owner_or_operator,Jobs valida company_id/business_id em vagas e candidaturas; demais dependem de regra de domínio,True,False,store.update registra ação e evento de transição,não exigida genericamente na rota de transição,regra_backend_estatica; teste_endpoint_requerido,,modules/shared/domain_rules.py; modules/shared/event_contract.py; tests/test_event_contract.py
tms,freights,dispatch,POST,/resources/freights/{resource_id}/actions/dispatch,actor_from_headers obrigatório,owner_or_operator,papel da transição quando declarado; caso contrário owner_or_operator,Jobs valida company_id/business_id em vagas e candidaturas; demais dependem de regra de domínio,False,False,store.update registra ação e evento de transição,não exigida genericamente na rota de transição,regra_backend_estatica; teste_endpoint_requerido,,modules/shared/domain_rules.py; modules/shared/event_contract.py; tests/test_event_contract.py
tms,routes,activate,POST,/resources/routes/{resource_id}/actions/activate,actor_from_headers obrigatório,owner_or_operator,papel da transição quando declarado; caso contrário owner_or_operator,Jobs valida company_id/business_id em vagas e candidaturas; demais dependem de regra de domínio,False,False,store.update registra ação e evento de transição,não exigida genericamente na rota de transição,regra_backend_estatica; teste_endpoint_requerido,,modules/shared/domain_rules.py; modules/shared/event_contract.py; tests/test_event_contract.py
vision,devices,cancel,POST,/resources/devices/{resource_id}/actions/cancel,actor_from_headers obrigatório,owner_or_operator,papel da transição quando declarado; caso contrário owner_or_operator,Jobs valida company_id/business_id em vagas e candidaturas; demais dependem de regra de domínio,False,True,store.update registra ação e evento de transição,não exigida genericamente na rota de transição,regra_backend_estatica; teste_endpoint_requerido,,modules/shared/domain_rules.py; modules/shared/event_contract.py; tests/test_event_contract.py
vision,devices,complete,POST,/resources/devices/{resource_id}/actions/complete,actor_from_headers obrigatório,owner_or_operator,papel da transição quando declarado; caso contrário owner_or_operator,Jobs valida company_id/business_id em vagas e candidaturas; demais dependem de regra de domínio,False,True,store.update registra ação e evento de transição,não exigida genericamente na rota de transição,regra_backend_estatica; teste_endpoint_requerido,,modules/shared/domain_rules.py; modules/shared/event_contract.py; tests/test_event_contract.py
vision,devices,submit,POST,/resources/devices/{resource_id}/actions/submit,actor_from_headers obrigatório,owner_or_operator,papel da transição quando declarado; caso contrário owner_or_operator,Jobs valida company_id/business_id em vagas e candidaturas; demais dependem de regra de domínio,False,True,store.update registra ação e evento de transição,não exigida genericamente na rota de transição,regra_backend_estatica; teste_endpoint_requerido,,modules/shared/domain_rules.py; modules/shared/event_contract.py; tests/test_event_contract.py
vision,motion_alerts,resolve,POST,/resources/motion_alerts/{resource_id}/actions/resolve,actor_from_headers obrigatório,administrator;auditor;compliance_officer;legal_representative;owner,papel da transição quando declarado; caso contrário owner_or_operator,Jobs valida company_id/business_id em vagas e candidaturas; demais dependem de regra de domínio,True,True,store.update registra ação e evento de transição,não exigida genericamente na rota de transição,regra_backend_estatica; teste_endpoint_requerido,,modules/shared/domain_rules.py; modules/shared/event_contract.py; tests/test_event_contract.py
vision,motion_alerts,triage,POST,/resources/motion_alerts/{resource_id}/actions/triage,actor_from_headers obrigatório,administrator;auditor;compliance_officer;legal_representative;owner,papel da transição quando declarado; caso contrário owner_or_operator,Jobs valida company_id/business_id em vagas e candidaturas; demais dependem de regra de domínio,True,True,store.update registra ação e evento de transição,não exigida genericamente na rota de transição,regra_backend_estatica; teste_endpoint_requerido,tests/test_vision_domain.py:88,modules/shared/domain_rules.py; modules/shared/event_contract.py; tests/test_event_contract.py
vision,streams,pause,POST,/resources/streams/{resource_id}/actions/pause,actor_from_headers obrigatório,administrator;auditor;compliance_officer;legal_representative;owner,papel da transição quando declarado; caso contrário owner_or_operator,Jobs valida company_id/business_id em vagas e candidaturas; demais dependem de regra de domínio,True,True,store.update registra ação e evento de transição,não exigida genericamente na rota de transição,regra_backend_estatica; teste_endpoint_requerido,,modules/shared/domain_rules.py; modules/shared/event_contract.py; tests/test_event_contract.py
vision,streams,resume,POST,/resources/streams/{resource_id}/actions/resume,actor_from_headers obrigatório,administrator;auditor;compliance_officer;legal_representative;owner,papel da transição quando declarado; caso contrário owner_or_operator,Jobs valida company_id/business_id em vagas e candidaturas; demais dependem de regra de domínio,True,True,store.update registra ação e evento de transição,não exigida genericamente na rota de transição,regra_backend_estatica; teste_endpoint_requerido,,modules/shared/domain_rules.py; modules/shared/event_contract.py; tests/test_event_contract.py
wms,bins,cancel,POST,/resources/bins/{resource_id}/actions/cancel,actor_from_headers obrigatório,owner_or_operator,papel da transição quando declarado; caso contrário owner_or_operator,Jobs valida company_id/business_id em vagas e candidaturas; demais dependem de regra de domínio,False,False,store.update registra ação e evento de transição,não exigida genericamente na rota de transição,regra_backend_estatica; teste_endpoint_requerido,,modules/shared/domain_rules.py; modules/shared/event_contract.py; tests/test_event_contract.py
wms,bins,complete,POST,/resources/bins/{resource_id}/actions/complete,actor_from_headers obrigatório,owner_or_operator,papel da transição quando declarado; caso contrário owner_or_operator,Jobs valida company_id/business_id em vagas e candidaturas; demais dependem de regra de domínio,False,False,store.update registra ação e evento de transição,não exigida genericamente na rota de transição,regra_backend_estatica; teste_endpoint_requerido,,modules/shared/domain_rules.py; modules/shared/event_contract.py; tests/test_event_contract.py
wms,bins,submit,POST,/resources/bins/{resource_id}/actions/submit,actor_from_headers obrigatório,owner_or_operator,papel da transição quando declarado; caso contrário owner_or_operator,Jobs valida company_id/business_id em vagas e candidaturas; demais dependem de regra de domínio,False,False,store.update registra ação e evento de transição,não exigida genericamente na rota de transição,regra_backend_estatica; teste_endpoint_requerido,,modules/shared/domain_rules.py; modules/shared/event_contract.py; tests/test_event_contract.py
wms,inventory,allocate,POST,/resources/inventory/{resource_id}/actions/allocate,actor_from_headers obrigatório,owner_or_operator,papel da transição quando declarado; caso contrário owner_or_operator,Jobs valida company_id/business_id em vagas e candidaturas; demais dependem de regra de domínio,False,False,store.update registra ação e evento de transição,não exigida genericamente na rota de transição,regra_backend_estatica; teste_endpoint_requerido,tests/test_wms_domain.py:71,modules/shared/domain_rules.py; modules/shared/event_contract.py; tests/test_event_contract.py
wms,inventory,receive,POST,/resources/inventory/{resource_id}/actions/receive,actor_from_headers obrigatório,owner_or_operator,papel da transição quando declarado; caso contrário owner_or_operator,Jobs valida company_id/business_id em vagas e candidaturas; demais dependem de regra de domínio,False,False,store.update registra ação e evento de transição,não exigida genericamente na rota de transição,regra_backend_estatica; teste_endpoint_requerido,,modules/shared/domain_rules.py; modules/shared/event_contract.py; tests/test_event_contract.py
wms,picking_waves,close,POST,/resources/picking_waves/{resource_id}/actions/close,actor_from_headers obrigatório,administrator;auditor;compliance_officer;legal_representative;owner,papel da transição quando declarado; caso contrário owner_or_operator,Jobs valida company_id/business_id em vagas e candidaturas; demais dependem de regra de domínio,True,False,store.update registra ação e evento de transição,não exigida genericamente na rota de transição,regra_backend_estatica; teste_endpoint_requerido,tests/test_wms_domain.py:95,modules/shared/domain_rules.py; modules/shared/event_contract.py; tests/test_event_contract.py
wms,picking_waves,pick,POST,/resources/picking_waves/{resource_id}/actions/pick,actor_from_headers obrigatório,owner_or_operator,papel da transição quando declarado; caso contrário owner_or_operator,Jobs valida company_id/business_id em vagas e candidaturas; demais dependem de regra de domínio,False,False,store.update registra ação e evento de transição,não exigida genericamente na rota de transição,regra_backend_estatica; teste_endpoint_requerido,tests/test_wms_domain.py:95,modules/shared/domain_rules.py; modules/shared/event_contract.py; tests/test_event_contract.py
wms,shipments,dispatch,POST,/resources/shipments/{resource_id}/actions/dispatch,actor_from_headers obrigatório,administrator;auditor;compliance_officer;legal_representative;owner,papel da transição quando declarado; caso contrário owner_or_operator,Jobs valida company_id/business_id em vagas e candidaturas; demais dependem de regra de domínio,True,False,store.update registra ação e evento de transição,não exigida genericamente na rota de transição,regra_backend_estatica; teste_endpoint_requerido,tests/test_wms_domain.py:133,modules/shared/domain_rules.py; modules/shared/event_contract.py; tests/test_event_contract.py
wms,warehouses,cancel,POST,/resources/warehouses/{resource_id}/actions/cancel,actor_from_headers obrigatório,owner_or_operator,papel da transição quando declarado; caso contrário owner_or_operator,Jobs valida company_id/business_id em vagas e candidaturas; demais dependem de regra de domínio,False,False,store.update registra ação e evento de transição,não exigida genericamente na rota de transição,regra_backend_estatica; teste_endpoint_requerido,,modules/shared/domain_rules.py; modules/shared/event_contract.py; tests/test_event_contract.py
wms,warehouses,complete,POST,/resources/warehouses/{resource_id}/actions/complete,actor_from_headers obrigatório,owner_or_operator,papel da transição quando declarado; caso contrário owner_or_operator,Jobs valida company_id/business_id em vagas e candidaturas; demais dependem de regra de domínio,False,False,store.update registra ação e evento de transição,não exigida genericamente na rota de transição,regra_backend_estatica; teste_endpoint_requerido,,modules/shared/domain_rules.py; modules/shared/event_contract.py; tests/test_event_contract.py
wms,warehouses,submit,POST,/resources/warehouses/{resource_id}/actions/submit,actor_from_headers obrigatório,owner_or_operator,papel da transição quando declarado; caso contrário owner_or_operator,Jobs valida company_id/business_id em vagas e candidaturas; demais dependem de regra de domínio,False,False,store.update registra ação e evento de transição,não exigida genericamente na rota de transição,regra_backend_estatica; teste_endpoint_requerido,,modules/shared/domain_rules.py; modules/shared/event_contract.py; tests/test_event_contract.py
