module,entity,surface,route,action,trigger,method,endpoint,request_contract,backend_contract,contract_status,frontend_permission_gate,backend_enforcement,audit,states,test_evidence,evidence,surface_evidence
ai_core,aimemories,form,não localizada,Cancelar,click,local,navigate(-1),não aplicável,não aplicável,comprovado_local,não aplicável,não aplicável,não aplicável,idle,não localizado por superfície,apps/all-in-one/src/components/SmartCRUD.tsx:537,apps/all-in-one/src/pages/ai_core/AiMemoriesForm.tsx:5
ai_core,aimemories,form,não localizada,Salvar Registro,submit,POST (criação) / PATCH (edição),/ai_core/resources/aimemories,"POST {user_id,payload}; PATCH {payload}; correlação e idempotência na criação","ResourceCreate {user_id,entity_id?,payload}; ResourcePatch {payload}",compativel,token com sub obrigatório,True,backend registra criação/edição aceita com ator e correlação,saving;saved;failed,contrato estático compartilhado; E2E por superfície ainda necessário,apps/all-in-one/src/components/SmartCRUD.tsx:383,apps/all-in-one/src/pages/ai_core/AiMemoriesForm.tsx:5
ai_core,aimemories,list,não localizada,Pesquisar,click,GET,/ai_core/resources/aimemories,query/limit,lista protegida por actor_from_headers,parcial_com_fallback_local,False,True,leitura sensível não comprovada por superfície,loading;erro;sucesso,não localizado por superfície,apps/all-in-one/src/components/SmartCRUD.tsx:603,apps/all-in-one/src/pages/ai_core/AiMemoriesList.tsx:5
ai_core,aimemories,list,não localizada,Novo registro,click,local,/ai_core/aimemories-form,navegação,não aplicável até salvar,comprovado_local,False,não aplicável,não aplicável,idle,não localizado por superfície,apps/all-in-one/src/components/SmartCRUD.tsx:612,apps/all-in-one/src/pages/ai_core/AiMemoriesList.tsx:5
ai_core,aimemories,list,não localizada,Ver detalhes,click,local,modal em memória,registro já carregado,não consulta GET de detalhe,comprovado_local_sem_refresh,False,False,leitura de detalhe não auditada no clique,aberto;fechado,não localizado por superfície,apps/all-in-one/src/components/SmartCRUD.tsx:730,apps/all-in-one/src/pages/ai_core/AiMemoriesList.tsx:5
ai_core,aimemories,list,não localizada,Editar,click,local,/ai_core/aimemories-form,registro em location.state,salvamento posterior usa PATCH ResourcePatch,compativel_via_formulario,token validado no salvamento,no salvamento,backend no salvamento,idle,contrato estático compartilhado; E2E por superfície ainda necessário,apps/all-in-one/src/components/SmartCRUD.tsx:739,apps/all-in-one/src/pages/ai_core/AiMemoriesList.tsx:5
ai_core,aimemories,list,não localizada,Excluir,click,DELETE,/ai_core/resources/aimemories/{id},UUID e confirmação,soft delete; imutáveis/sensíveis retornam 409,parcial_com_fallback_local,False,True,backend audita somente chamada remota aceita,running;completed;failed,não localizado por superfície,apps/all-in-one/src/components/SmartCRUD.tsx:748,apps/all-in-one/src/pages/ai_core/AiMemoriesList.tsx:5
ai_core,ai_corepermissions,list,não localizada,Pesquisar,click,GET,/ai_core/resources/ai_corepermissions,query/limit,lista protegida por actor_from_headers,parcial_com_fallback_local,False,True,leitura sensível não comprovada por superfície,loading;erro;sucesso,não localizado por superfície,apps/all-in-one/src/components/SmartCRUD.tsx:603,apps/all-in-one/src/pages/ai_core/Ai_corePermissions.tsx:6
ai_core,ai_corepermissions,list,não localizada,Novo registro,click,local,/ai_core/ai_corepermissions-form,navegação,não aplicável até salvar,comprovado_local,False,não aplicável,não aplicável,idle,não localizado por superfície,apps/all-in-one/src/components/SmartCRUD.tsx:612,apps/all-in-one/src/pages/ai_core/Ai_corePermissions.tsx:6
ai_core,ai_corepermissions,list,não localizada,Ver detalhes,click,local,modal em memória,registro já carregado,não consulta GET de detalhe,comprovado_local_sem_refresh,False,False,leitura de detalhe não auditada no clique,aberto;fechado,não localizado por superfície,apps/all-in-one/src/components/SmartCRUD.tsx:730,apps/all-in-one/src/pages/ai_core/Ai_corePermissions.tsx:6
ai_core,ai_corepermissions,list,não localizada,Editar,click,local,/ai_core/ai_corepermissions-form,registro em location.state,salvamento posterior usa PATCH ResourcePatch,compativel_via_formulario,token validado no salvamento,no salvamento,backend no salvamento,idle,contrato estático compartilhado; E2E por superfície ainda necessário,apps/all-in-one/src/components/SmartCRUD.tsx:739,apps/all-in-one/src/pages/ai_core/Ai_corePermissions.tsx:6
ai_core,ai_corepermissions,list,não localizada,Excluir,click,DELETE,/ai_core/resources/ai_corepermissions/{id},UUID e confirmação,soft delete; imutáveis/sensíveis retornam 409,parcial_com_fallback_local,False,True,backend audita somente chamada remota aceita,running;completed;failed,não localizado por superfície,apps/all-in-one/src/components/SmartCRUD.tsx:748,apps/all-in-one/src/pages/ai_core/Ai_corePermissions.tsx:6
ai_core,modelruns,form,não localizada,Cancelar,click,local,navigate(-1),não aplicável,não aplicável,comprovado_local,não aplicável,não aplicável,não aplicável,idle,não localizado por superfície,apps/all-in-one/src/components/SmartCRUD.tsx:537,apps/all-in-one/src/pages/ai_core/ModelRunsForm.tsx:5
ai_core,modelruns,form,não localizada,Salvar Registro,submit,POST (criação) / PATCH (edição),/ai_core/resources/modelruns,"POST {user_id,payload}; PATCH {payload}; correlação e idempotência na criação","ResourceCreate {user_id,entity_id?,payload}; ResourcePatch {payload}",compativel,token com sub obrigatório,True,backend registra criação/edição aceita com ator e correlação,saving;saved;failed,contrato estático compartilhado; E2E por superfície ainda necessário,apps/all-in-one/src/components/SmartCRUD.tsx:383,apps/all-in-one/src/pages/ai_core/ModelRunsForm.tsx:5
ai_core,modelruns,list,não localizada,Pesquisar,click,GET,/ai_core/resources/modelruns,query/limit,lista protegida por actor_from_headers,parcial_com_fallback_local,False,True,leitura sensível não comprovada por superfície,loading;erro;sucesso,não localizado por superfície,apps/all-in-one/src/components/SmartCRUD.tsx:603,apps/all-in-one/src/pages/ai_core/ModelRunsList.tsx:5
ai_core,modelruns,list,não localizada,Novo registro,click,local,/ai_core/modelruns-form,navegação,não aplicável até salvar,comprovado_local,False,não aplicável,não aplicável,idle,não localizado por superfície,apps/all-in-one/src/components/SmartCRUD.tsx:612,apps/all-in-one/src/pages/ai_core/ModelRunsList.tsx:5
ai_core,modelruns,list,não localizada,Ver detalhes,click,local,modal em memória,registro já carregado,não consulta GET de detalhe,comprovado_local_sem_refresh,False,False,leitura de detalhe não auditada no clique,aberto;fechado,não localizado por superfície,apps/all-in-one/src/components/SmartCRUD.tsx:730,apps/all-in-one/src/pages/ai_core/ModelRunsList.tsx:5
ai_core,modelruns,list,não localizada,Editar,click,local,/ai_core/modelruns-form,registro em location.state,salvamento posterior usa PATCH ResourcePatch,compativel_via_formulario,token validado no salvamento,no salvamento,backend no salvamento,idle,contrato estático compartilhado; E2E por superfície ainda necessário,apps/all-in-one/src/components/SmartCRUD.tsx:739,apps/all-in-one/src/pages/ai_core/ModelRunsList.tsx:5
ai_core,modelruns,list,não localizada,Excluir,click,DELETE,/ai_core/resources/modelruns/{id},UUID e confirmação,soft delete; imutáveis/sensíveis retornam 409,parcial_com_fallback_local,False,True,backend audita somente chamada remota aceita,running;completed;failed,não localizado por superfície,apps/all-in-one/src/components/SmartCRUD.tsx:748,apps/all-in-one/src/pages/ai_core/ModelRunsList.tsx:5
ai_core,moderationdecisions,form,não localizada,Cancelar,click,local,navigate(-1),não aplicável,não aplicável,comprovado_local,não aplicável,não aplicável,não aplicável,idle,não localizado por superfície,apps/all-in-one/src/components/SmartCRUD.tsx:537,apps/all-in-one/src/pages/ai_core/ModerationDecisionsForm.tsx:6
ai_core,moderationdecisions,form,não localizada,Salvar Registro,submit,POST (criação) / PATCH (edição),/ai_core/resources/moderationdecisions,"POST {user_id,payload}; PATCH {payload}; correlação e idempotência na criação","ResourceCreate {user_id,entity_id?,payload}; ResourcePatch {payload}",compativel,token com sub obrigatório,True,backend registra criação/edição aceita com ator e correlação,saving;saved;failed,contrato estático compartilhado; E2E por superfície ainda necessário,apps/all-in-one/src/components/SmartCRUD.tsx:383,apps/all-in-one/src/pages/ai_core/ModerationDecisionsForm.tsx:6
ai_core,moderationdecisions,list,não localizada,Pesquisar,click,GET,/ai_core/resources/moderationdecisions,query/limit,lista protegida por actor_from_headers,parcial_com_fallback_local,False,True,leitura sensível não comprovada por superfície,loading;erro;sucesso,não localizado por superfície,apps/all-in-one/src/components/SmartCRUD.tsx:603,apps/all-in-one/src/pages/ai_core/ModerationDecisionsList.tsx:6
ai_core,moderationdecisions,list,não localizada,Novo registro,click,local,/ai_core/moderationdecisions-form,navegação,não aplicável até salvar,comprovado_local,False,não aplicável,não aplicável,idle,não localizado por superfície,apps/all-in-one/src/components/SmartCRUD.tsx:612,apps/all-in-one/src/pages/ai_core/ModerationDecisionsList.tsx:6
ai_core,moderationdecisions,list,não localizada,Ver detalhes,click,local,modal em memória,registro já carregado,não consulta GET de detalhe,comprovado_local_sem_refresh,False,False,leitura de detalhe não auditada no clique,aberto;fechado,não localizado por superfície,apps/all-in-one/src/components/SmartCRUD.tsx:730,apps/all-in-one/src/pages/ai_core/ModerationDecisionsList.tsx:6
ai_core,moderationdecisions,list,não localizada,Editar,click,local,/ai_core/moderationdecisions-form,registro em location.state,salvamento posterior usa PATCH ResourcePatch,compativel_via_formulario,token validado no salvamento,no salvamento,backend no salvamento,idle,contrato estático compartilhado; E2E por superfície ainda necessário,apps/all-in-one/src/components/SmartCRUD.tsx:739,apps/all-in-one/src/pages/ai_core/ModerationDecisionsList.tsx:6
ai_core,moderationdecisions,list,não localizada,Excluir,click,DELETE,/ai_core/resources/moderationdecisions/{id},UUID e confirmação,soft delete; imutáveis/sensíveis retornam 409,parcial_com_fallback_local,False,True,backend audita somente chamada remota aceita,running;completed;failed,não localizado por superfície,apps/all-in-one/src/components/SmartCRUD.tsx:748,apps/all-in-one/src/pages/ai_core/ModerationDecisionsList.tsx:6
api_hub,apiclients,form,não localizada,Cancelar,click,local,navigate(-1),não aplicável,não aplicável,comprovado_local,não aplicável,não aplicável,não aplicável,idle,não localizado por superfície,apps/all-in-one/src/components/SmartCRUD.tsx:537,apps/all-in-one/src/pages/api_hub/ApiClientsForm.tsx:5
api_hub,apiclients,form,não localizada,Salvar Registro,submit,POST (criação) / PATCH (edição),/api_hub/resources/apiclients,"POST {user_id,payload}; PATCH {payload}; correlação e idempotência na criação","ResourceCreate {user_id,entity_id?,payload}; ResourcePatch {payload}",compativel,token com sub obrigatório,True,backend registra criação/edição aceita com ator e correlação,saving;saved;failed,contrato estático compartilhado; E2E por superfície ainda necessário,apps/all-in-one/src/components/SmartCRUD.tsx:383,apps/all-in-one/src/pages/api_hub/ApiClientsForm.tsx:5
api_hub,apiclients,list,não localizada,Pesquisar,click,GET,/api_hub/resources/apiclients,query/limit,lista protegida por actor_from_headers,parcial_com_fallback_local,False,True,leitura sensível não comprovada por superfície,loading;erro;sucesso,não localizado por superfície,apps/all-in-one/src/components/SmartCRUD.tsx:603,apps/all-in-one/src/pages/api_hub/ApiClientsList.tsx:5
api_hub,apiclients,list,não localizada,Novo registro,click,local,/api_hub/apiclients-form,navegação,não aplicável até salvar,comprovado_local,False,não aplicável,não aplicável,idle,não localizado por superfície,apps/all-in-one/src/components/SmartCRUD.tsx:612,apps/all-in-one/src/pages/api_hub/ApiClientsList.tsx:5
api_hub,apiclients,list,não localizada,Ver detalhes,click,local,modal em memória,registro já carregado,não consulta GET de detalhe,comprovado_local_sem_refresh,False,False,leitura de detalhe não auditada no clique,aberto;fechado,não localizado por superfície,apps/all-in-one/src/components/SmartCRUD.tsx:730,apps/all-in-one/src/pages/api_hub/ApiClientsList.tsx:5
api_hub,apiclients,list,não localizada,Editar,click,local,/api_hub/apiclients-form,registro em location.state,salvamento posterior usa PATCH ResourcePatch,compativel_via_formulario,token validado no salvamento,no salvamento,backend no salvamento,idle,contrato estático compartilhado; E2E por superfície ainda necessário,apps/all-in-one/src/components/SmartCRUD.tsx:739,apps/all-in-one/src/pages/api_hub/ApiClientsList.tsx:5
api_hub,apiclients,list,não localizada,Excluir,click,DELETE,/api_hub/resources/apiclients/{id},UUID e confirmação,soft delete; imutáveis/sensíveis retornam 409,parcial_com_fallback_local,False,True,backend audita somente chamada remota aceita,running;completed;failed,não localizado por superfície,apps/all-in-one/src/components/SmartCRUD.tsx:748,apps/all-in-one/src/pages/api_hub/ApiClientsList.tsx:5
api_hub,apikeys,form,não localizada,Cancelar,click,local,navigate(-1),não aplicável,não aplicável,comprovado_local,não aplicável,não aplicável,não aplicável,idle,não localizado por superfície,apps/all-in-one/src/components/SmartCRUD.tsx:537,apps/all-in-one/src/pages/api_hub/ApiKeysForm.tsx:5
api_hub,apikeys,form,não localizada,Salvar Registro,submit,POST (criação) / PATCH (edição),/api_hub/resources/apikeys,"POST {user_id,payload}; PATCH {payload}; correlação e idempotência na criação","ResourceCreate {user_id,entity_id?,payload}; ResourcePatch {payload}",compativel,token com sub obrigatório,True,backend registra criação/edição aceita com ator e correlação,saving;saved;failed,contrato estático compartilhado; E2E por superfície ainda necessário,apps/all-in-one/src/components/SmartCRUD.tsx:383,apps/all-in-one/src/pages/api_hub/ApiKeysForm.tsx:5
api_hub,apikeys,list,não localizada,Pesquisar,click,GET,/api_hub/resources/apikeys,query/limit,lista protegida por actor_from_headers,parcial_com_fallback_local,False,True,leitura sensível não comprovada por superfície,loading;erro;sucesso,não localizado por superfície,apps/all-in-one/src/components/SmartCRUD.tsx:603,apps/all-in-one/src/pages/api_hub/ApiKeysList.tsx:5
api_hub,apikeys,list,não localizada,Novo registro,click,local,/api_hub/apikeys-form,navegação,não aplicável até salvar,comprovado_local,False,não aplicável,não aplicável,idle,não localizado por superfície,apps/all-in-one/src/components/SmartCRUD.tsx:612,apps/all-in-one/src/pages/api_hub/ApiKeysList.tsx:5
api_hub,apikeys,list,não localizada,Ver detalhes,click,local,modal em memória,registro já carregado,não consulta GET de detalhe,comprovado_local_sem_refresh,False,False,leitura de detalhe não auditada no clique,aberto;fechado,não localizado por superfície,apps/all-in-one/src/components/SmartCRUD.tsx:730,apps/all-in-one/src/pages/api_hub/ApiKeysList.tsx:5
api_hub,apikeys,list,não localizada,Editar,click,local,/api_hub/apikeys-form,registro em location.state,salvamento posterior usa PATCH ResourcePatch,compativel_via_formulario,token validado no salvamento,no salvamento,backend no salvamento,idle,contrato estático compartilhado; E2E por superfície ainda necessário,apps/all-in-one/src/components/SmartCRUD.tsx:739,apps/all-in-one/src/pages/api_hub/ApiKeysList.tsx:5
api_hub,apikeys,list,não localizada,Excluir,click,DELETE,/api_hub/resources/apikeys/{id},UUID e confirmação,soft delete; imutáveis/sensíveis retornam 409,parcial_com_fallback_local,False,True,backend audita somente chamada remota aceita,running;completed;failed,não localizado por superfície,apps/all-in-one/src/components/SmartCRUD.tsx:748,apps/all-in-one/src/pages/api_hub/ApiKeysList.tsx:5
api_hub,api_hubpermissions,list,não localizada,Pesquisar,click,GET,/api_hub/resources/api_hubpermissions,query/limit,lista protegida por actor_from_headers,parcial_com_fallback_local,False,True,leitura sensível não comprovada por superfície,loading;erro;sucesso,não localizado por superfície,apps/all-in-one/src/components/SmartCRUD.tsx:603,apps/all-in-one/src/pages/api_hub/Api_hubPermissions.tsx:6
api_hub,api_hubpermissions,list,não localizada,Novo registro,click,local,/api_hub/api_hubpermissions-form,navegação,não aplicável até salvar,comprovado_local,False,não aplicável,não aplicável,idle,não localizado por superfície,apps/all-in-one/src/components/SmartCRUD.tsx:612,apps/all-in-one/src/pages/api_hub/Api_hubPermissions.tsx:6
api_hub,api_hubpermissions,list,não localizada,Ver detalhes,click,local,modal em memória,registro já carregado,não consulta GET de detalhe,comprovado_local_sem_refresh,False,False,leitura de detalhe não auditada no clique,aberto;fechado,não localizado por superfície,apps/all-in-one/src/components/SmartCRUD.tsx:730,apps/all-in-one/src/pages/api_hub/Api_hubPermissions.tsx:6
api_hub,api_hubpermissions,list,não localizada,Editar,click,local,/api_hub/api_hubpermissions-form,registro em location.state,salvamento posterior usa PATCH ResourcePatch,compativel_via_formulario,token validado no salvamento,no salvamento,backend no salvamento,idle,contrato estático compartilhado; E2E por superfície ainda necessário,apps/all-in-one/src/components/SmartCRUD.tsx:739,apps/all-in-one/src/pages/api_hub/Api_hubPermissions.tsx:6
api_hub,api_hubpermissions,list,não localizada,Excluir,click,DELETE,/api_hub/resources/api_hubpermissions/{id},UUID e confirmação,soft delete; imutáveis/sensíveis retornam 409,parcial_com_fallback_local,False,True,backend audita somente chamada remota aceita,running;completed;failed,não localizado por superfície,apps/all-in-one/src/components/SmartCRUD.tsx:748,apps/all-in-one/src/pages/api_hub/Api_hubPermissions.tsx:6
api_hub,integrationruns,form,não localizada,Cancelar,click,local,navigate(-1),não aplicável,não aplicável,comprovado_local,não aplicável,não aplicável,não aplicável,idle,não localizado por superfície,apps/all-in-one/src/components/SmartCRUD.tsx:537,apps/all-in-one/src/pages/api_hub/IntegrationRunsForm.tsx:6
api_hub,integrationruns,form,não localizada,Salvar Registro,submit,POST (criação) / PATCH (edição),/api_hub/resources/integrationruns,"POST {user_id,payload}; PATCH {payload}; correlação e idempotência na criação","ResourceCreate {user_id,entity_id?,payload}; ResourcePatch {payload}",compativel,token com sub obrigatório,True,backend registra criação/edição aceita com ator e correlação,saving;saved;failed,contrato estático compartilhado; E2E por superfície ainda necessário,apps/all-in-one/src/components/SmartCRUD.tsx:383,apps/all-in-one/src/pages/api_hub/IntegrationRunsForm.tsx:6
api_hub,integrationruns,list,não localizada,Pesquisar,click,GET,/api_hub/resources/integrationruns,query/limit,lista protegida por actor_from_headers,parcial_com_fallback_local,False,True,leitura sensível não comprovada por superfície,loading;erro;sucesso,não localizado por superfície,apps/all-in-one/src/components/SmartCRUD.tsx:603,apps/all-in-one/src/pages/api_hub/IntegrationRunsList.tsx:6
api_hub,integrationruns,list,não localizada,Novo registro,click,local,/api_hub/integrationruns-form,navegação,não aplicável até salvar,comprovado_local,False,não aplicável,não aplicável,idle,não localizado por superfície,apps/all-in-one/src/components/SmartCRUD.tsx:612,apps/all-in-one/src/pages/api_hub/IntegrationRunsList.tsx:6
api_hub,integrationruns,list,não localizada,Ver detalhes,click,local,modal em memória,registro já carregado,não consulta GET de detalhe,comprovado_local_sem_refresh,False,False,leitura de detalhe não auditada no clique,aberto;fechado,não localizado por superfície,apps/all-in-one/src/components/SmartCRUD.tsx:730,apps/all-in-one/src/pages/api_hub/IntegrationRunsList.tsx:6
api_hub,integrationruns,list,não localizada,Editar,click,local,/api_hub/integrationruns-form,registro em location.state,salvamento posterior usa PATCH ResourcePatch,compativel_via_formulario,token validado no salvamento,no salvamento,backend no salvamento,idle,contrato estático compartilhado; E2E por superfície ainda necessário,apps/all-in-one/src/components/SmartCRUD.tsx:739,apps/all-in-one/src/pages/api_hub/IntegrationRunsList.tsx:6
api_hub,integrationruns,list,não localizada,Excluir,click,DELETE,/api_hub/resources/integrationruns/{id},UUID e confirmação,soft delete; imutáveis/sensíveis retornam 409,parcial_com_fallback_local,False,True,backend audita somente chamada remota aceita,running;completed;failed,não localizado por superfície,apps/all-in-one/src/components/SmartCRUD.tsx:748,apps/all-in-one/src/pages/api_hub/IntegrationRunsList.tsx:6
api_hub,webhooks,form,não localizada,Cancelar,click,local,navigate(-1),não aplicável,não aplicável,comprovado_local,não aplicável,não aplicável,não aplicável,idle,não localizado por superfície,apps/all-in-one/src/components/SmartCRUD.tsx:537,apps/all-in-one/src/pages/api_hub/WebhooksForm.tsx:5
api_hub,webhooks,form,não localizada,Salvar Registro,submit,POST (criação) / PATCH (edição),/api_hub/resources/webhooks,"POST {user_id,payload}; PATCH {payload}; correlação e idempotência na criação","ResourceCreate {user_id,entity_id?,payload}; ResourcePatch {payload}",compativel,token com sub obrigatório,True,backend registra criação/edição aceita com ator e correlação,saving;saved;failed,contrato estático compartilhado; E2E por superfície ainda necessário,apps/all-in-one/src/components/SmartCRUD.tsx:383,apps/all-in-one/src/pages/api_hub/WebhooksForm.tsx:5
api_hub,webhooks,list,não localizada,Pesquisar,click,GET,/api_hub/resources/webhooks,query/limit,lista protegida por actor_from_headers,parcial_com_fallback_local,False,True,leitura sensível não comprovada por superfície,loading;erro;sucesso,não localizado por superfície,apps/all-in-one/src/components/SmartCRUD.tsx:603,apps/all-in-one/src/pages/api_hub/WebhooksList.tsx:5
api_hub,webhooks,list,não localizada,Novo registro,click,local,/api_hub/webhooks-form,navegação,não aplicável até salvar,comprovado_local,False,não aplicável,não aplicável,idle,não localizado por superfície,apps/all-in-one/src/components/SmartCRUD.tsx:612,apps/all-in-one/src/pages/api_hub/WebhooksList.tsx:5
api_hub,webhooks,list,não localizada,Ver detalhes,click,local,modal em memória,registro já carregado,não consulta GET de detalhe,comprovado_local_sem_refresh,False,False,leitura de detalhe não auditada no clique,aberto;fechado,não localizado por superfície,apps/all-in-one/src/components/SmartCRUD.tsx:730,apps/all-in-one/src/pages/api_hub/WebhooksList.tsx:5
api_hub,webhooks,list,não localizada,Editar,click,local,/api_hub/webhooks-form,registro em location.state,salvamento posterior usa PATCH ResourcePatch,compativel_via_formulario,token validado no salvamento,no salvamento,backend no salvamento,idle,contrato estático compartilhado; E2E por superfície ainda necessário,apps/all-in-one/src/components/SmartCRUD.tsx:739,apps/all-in-one/src/pages/api_hub/WebhooksList.tsx:5
api_hub,webhooks,list,não localizada,Excluir,click,DELETE,/api_hub/resources/webhooks/{id},UUID e confirmação,soft delete; imutáveis/sensíveis retornam 409,parcial_com_fallback_local,False,True,backend audita somente chamada remota aceita,running;completed;failed,não localizado por superfície,apps/all-in-one/src/components/SmartCRUD.tsx:748,apps/all-in-one/src/pages/api_hub/WebhooksList.tsx:5
bi,bipermissions,list,não localizada,Pesquisar,click,GET,/bi/resources/bipermissions,query/limit,lista protegida por actor_from_headers,parcial_com_fallback_local,False,True,leitura sensível não comprovada por superfície,loading;erro;sucesso,não localizado por superfície,apps/all-in-one/src/components/SmartCRUD.tsx:603,apps/all-in-one/src/pages/bi/BiPermissions.tsx:5
bi,bipermissions,list,não localizada,Novo registro,click,local,/bi/bipermissions-form,navegação,não aplicável até salvar,comprovado_local,False,não aplicável,não aplicável,idle,não localizado por superfície,apps/all-in-one/src/components/SmartCRUD.tsx:612,apps/all-in-one/src/pages/bi/BiPermissions.tsx:5
bi,bipermissions,list,não localizada,Ver detalhes,click,local,modal em memória,registro já carregado,não consulta GET de detalhe,comprovado_local_sem_refresh,False,False,leitura de detalhe não auditada no clique,aberto;fechado,não localizado por superfície,apps/all-in-one/src/components/SmartCRUD.tsx:730,apps/all-in-one/src/pages/bi/BiPermissions.tsx:5
bi,bipermissions,list,não localizada,Editar,click,local,/bi/bipermissions-form,registro em location.state,salvamento posterior usa PATCH ResourcePatch,compativel_via_formulario,token validado no salvamento,no salvamento,backend no salvamento,idle,contrato estático compartilhado; E2E por superfície ainda necessário,apps/all-in-one/src/components/SmartCRUD.tsx:739,apps/all-in-one/src/pages/bi/BiPermissions.tsx:5
bi,bipermissions,list,não localizada,Excluir,click,DELETE,/bi/resources/bipermissions/{id},UUID e confirmação,soft delete; imutáveis/sensíveis retornam 409,parcial_com_fallback_local,False,True,backend audita somente chamada remota aceita,running;completed;failed,não localizado por superfície,apps/all-in-one/src/components/SmartCRUD.tsx:748,apps/all-in-one/src/pages/bi/BiPermissions.tsx:5
bi,dashboards,form,não localizada,Cancelar,click,local,navigate(-1),não aplicável,não aplicável,comprovado_local,não aplicável,não aplicável,não aplicável,idle,não localizado por superfície,apps/all-in-one/src/components/SmartCRUD.tsx:537,apps/all-in-one/src/pages/bi/DashboardsForm.tsx:5
bi,dashboards,form,não localizada,Salvar Registro,submit,POST (criação) / PATCH (edição),/bi/resources/dashboards,"POST {user_id,payload}; PATCH {payload}; correlação e idempotência na criação","ResourceCreate {user_id,entity_id?,payload}; ResourcePatch {payload}",compativel,token com sub obrigatório,True,backend registra criação/edição aceita com ator e correlação,saving;saved;failed,contrato estático compartilhado; E2E por superfície ainda necessário,apps/all-in-one/src/components/SmartCRUD.tsx:383,apps/all-in-one/src/pages/bi/DashboardsForm.tsx:5
bi,dashboards,list,não localizada,Pesquisar,click,GET,/bi/resources/dashboards,query/limit,lista protegida por actor_from_headers,parcial_com_fallback_local,False,True,leitura sensível não comprovada por superfície,loading;erro;sucesso,não localizado por superfície,apps/all-in-one/src/components/SmartCRUD.tsx:603,apps/all-in-one/src/pages/bi/DashboardsList.tsx:5
bi,dashboards,list,não localizada,Novo registro,click,local,/bi/dashboards-form,navegação,não aplicável até salvar,comprovado_local,False,não aplicável,não aplicável,idle,não localizado por superfície,apps/all-in-one/src/components/SmartCRUD.tsx:612,apps/all-in-one/src/pages/bi/DashboardsList.tsx:5
bi,dashboards,list,não localizada,Ver detalhes,click,local,modal em memória,registro já carregado,não consulta GET de detalhe,comprovado_local_sem_refresh,False,False,leitura de detalhe não auditada no clique,aberto;fechado,não localizado por superfície,apps/all-in-one/src/components/SmartCRUD.tsx:730,apps/all-in-one/src/pages/bi/DashboardsList.tsx:5
bi,dashboards,list,não localizada,Editar,click,local,/bi/dashboards-form,registro em location.state,salvamento posterior usa PATCH ResourcePatch,compativel_via_formulario,token validado no salvamento,no salvamento,backend no salvamento,idle,contrato estático compartilhado; E2E por superfície ainda necessário,apps/all-in-one/src/components/SmartCRUD.tsx:739,apps/all-in-one/src/pages/bi/DashboardsList.tsx:5
bi,dashboards,list,não localizada,Excluir,click,DELETE,/bi/resources/dashboards/{id},UUID e confirmação,soft delete; imutáveis/sensíveis retornam 409,parcial_com_fallback_local,False,True,backend audita somente chamada remota aceita,running;completed;failed,não localizado por superfície,apps/all-in-one/src/components/SmartCRUD.tsx:748,apps/all-in-one/src/pages/bi/DashboardsList.tsx:5
bi,datasets,form,não localizada,Cancelar,click,local,navigate(-1),não aplicável,não aplicável,comprovado_local,não aplicável,não aplicável,não aplicável,idle,não localizado por superfície,apps/all-in-one/src/components/SmartCRUD.tsx:537,apps/all-in-one/src/pages/bi/DatasetsForm.tsx:5
bi,datasets,form,não localizada,Salvar Registro,submit,POST (criação) / PATCH (edição),/bi/resources/datasets,"POST {user_id,payload}; PATCH {payload}; correlação e idempotência na criação","ResourceCreate {user_id,entity_id?,payload}; ResourcePatch {payload}",compativel,token com sub obrigatório,True,backend registra criação/edição aceita com ator e correlação,saving;saved;failed,contrato estático compartilhado; E2E por superfície ainda necessário,apps/all-in-one/src/components/SmartCRUD.tsx:383,apps/all-in-one/src/pages/bi/DatasetsForm.tsx:5
bi,datasets,list,não localizada,Pesquisar,click,GET,/bi/resources/datasets,query/limit,lista protegida por actor_from_headers,parcial_com_fallback_local,False,True,leitura sensível não comprovada por superfície,loading;erro;sucesso,não localizado por superfície,apps/all-in-one/src/components/SmartCRUD.tsx:603,apps/all-in-one/src/pages/bi/DatasetsList.tsx:5
bi,datasets,list,não localizada,Novo registro,click,local,/bi/datasets-form,navegação,não aplicável até salvar,comprovado_local,False,não aplicável,não aplicável,idle,não localizado por superfície,apps/all-in-one/src/components/SmartCRUD.tsx:612,apps/all-in-one/src/pages/bi/DatasetsList.tsx:5
bi,datasets,list,não localizada,Ver detalhes,click,local,modal em memória,registro já carregado,não consulta GET de detalhe,comprovado_local_sem_refresh,False,False,leitura de detalhe não auditada no clique,aberto;fechado,não localizado por superfície,apps/all-in-one/src/components/SmartCRUD.tsx:730,apps/all-in-one/src/pages/bi/DatasetsList.tsx:5
bi,datasets,list,não localizada,Editar,click,local,/bi/datasets-form,registro em location.state,salvamento posterior usa PATCH ResourcePatch,compativel_via_formulario,token validado no salvamento,no salvamento,backend no salvamento,idle,contrato estático compartilhado; E2E por superfície ainda necessário,apps/all-in-one/src/components/SmartCRUD.tsx:739,apps/all-in-one/src/pages/bi/DatasetsList.tsx:5
bi,datasets,list,não localizada,Excluir,click,DELETE,/bi/resources/datasets/{id},UUID e confirmação,soft delete; imutáveis/sensíveis retornam 409,parcial_com_fallback_local,False,True,backend audita somente chamada remota aceita,running;completed;failed,não localizado por superfície,apps/all-in-one/src/components/SmartCRUD.tsx:748,apps/all-in-one/src/pages/bi/DatasetsList.tsx:5
bi,exports,form,não localizada,Cancelar,click,local,navigate(-1),não aplicável,não aplicável,comprovado_local,não aplicável,não aplicável,não aplicável,idle,não localizado por superfície,apps/all-in-one/src/components/SmartCRUD.tsx:537,apps/all-in-one/src/pages/bi/ExportsForm.tsx:5
bi,exports,form,não localizada,Salvar Registro,submit,POST (criação) / PATCH (edição),/bi/resources/exports,"POST {user_id,payload}; PATCH {payload}; correlação e idempotência na criação","ResourceCreate {user_id,entity_id?,payload}; ResourcePatch {payload}",compativel,token com sub obrigatório,True,backend registra criação/edição aceita com ator e correlação,saving;saved;failed,contrato estático compartilhado; E2E por superfície ainda necessário,apps/all-in-one/src/components/SmartCRUD.tsx:383,apps/all-in-one/src/pages/bi/ExportsForm.tsx:5
bi,exports,list,não localizada,Pesquisar,click,GET,/bi/resources/exports,query/limit,lista protegida por actor_from_headers,parcial_com_fallback_local,False,True,leitura sensível não comprovada por superfície,loading;erro;sucesso,não localizado por superfície,apps/all-in-one/src/components/SmartCRUD.tsx:603,apps/all-in-one/src/pages/bi/ExportsList.tsx:5
bi,exports,list,não localizada,Novo registro,click,local,/bi/exports-form,navegação,não aplicável até salvar,comprovado_local,False,não aplicável,não aplicável,idle,não localizado por superfície,apps/all-in-one/src/components/SmartCRUD.tsx:612,apps/all-in-one/src/pages/bi/ExportsList.tsx:5
bi,exports,list,não localizada,Ver detalhes,click,local,modal em memória,registro já carregado,não consulta GET de detalhe,comprovado_local_sem_refresh,False,False,leitura de detalhe não auditada no clique,aberto;fechado,não localizado por superfície,apps/all-in-one/src/components/SmartCRUD.tsx:730,apps/all-in-one/src/pages/bi/ExportsList.tsx:5
bi,exports,list,não localizada,Editar,click,local,/bi/exports-form,registro em location.state,salvamento posterior usa PATCH ResourcePatch,compativel_via_formulario,token validado no salvamento,no salvamento,backend no salvamento,idle,contrato estático compartilhado; E2E por superfície ainda necessário,apps/all-in-one/src/components/SmartCRUD.tsx:739,apps/all-in-one/src/pages/bi/ExportsList.tsx:5
bi,exports,list,não localizada,Excluir,click,DELETE,/bi/resources/exports/{id},UUID e confirmação,soft delete; imutáveis/sensíveis retornam 409,parcial_com_fallback_local,False,True,backend audita somente chamada remota aceita,running;completed;failed,não localizado por superfície,apps/all-in-one/src/components/SmartCRUD.tsx:748,apps/all-in-one/src/pages/bi/ExportsList.tsx:5
bi,indicators,form,não localizada,Cancelar,click,local,navigate(-1),não aplicável,não aplicável,comprovado_local,não aplicável,não aplicável,não aplicável,idle,não localizado por superfície,apps/all-in-one/src/components/SmartCRUD.tsx:537,apps/all-in-one/src/pages/bi/IndicatorsForm.tsx:5
bi,indicators,form,não localizada,Salvar Registro,submit,POST (criação) / PATCH (edição),/bi/resources/indicators,"POST {user_id,payload}; PATCH {payload}; correlação e idempotência na criação","ResourceCreate {user_id,entity_id?,payload}; ResourcePatch {payload}",compativel,token com sub obrigatório,True,backend registra criação/edição aceita com ator e correlação,saving;saved;failed,contrato estático compartilhado; E2E por superfície ainda necessário,apps/all-in-one/src/components/SmartCRUD.tsx:383,apps/all-in-one/src/pages/bi/IndicatorsForm.tsx:5
bi,indicators,list,não localizada,Pesquisar,click,GET,/bi/resources/indicators,query/limit,lista protegida por actor_from_headers,parcial_com_fallback_local,False,True,leitura sensível não comprovada por superfície,loading;erro;sucesso,não localizado por superfície,apps/all-in-one/src/components/SmartCRUD.tsx:603,apps/all-in-one/src/pages/bi/IndicatorsList.tsx:5
bi,indicators,list,não localizada,Novo registro,click,local,/bi/indicators-form,navegação,não aplicável até salvar,comprovado_local,False,não aplicável,não aplicável,idle,não localizado por superfície,apps/all-in-one/src/components/SmartCRUD.tsx:612,apps/all-in-one/src/pages/bi/IndicatorsList.tsx:5
bi,indicators,list,não localizada,Ver detalhes,click,local,modal em memória,registro já carregado,não consulta GET de detalhe,comprovado_local_sem_refresh,False,False,leitura de detalhe não auditada no clique,aberto;fechado,não localizado por superfície,apps/all-in-one/src/components/SmartCRUD.tsx:730,apps/all-in-one/src/pages/bi/IndicatorsList.tsx:5
bi,indicators,list,não localizada,Editar,click,local,/bi/indicators-form,registro em location.state,salvamento posterior usa PATCH ResourcePatch,compativel_via_formulario,token validado no salvamento,no salvamento,backend no salvamento,idle,contrato estático compartilhado; E2E por superfície ainda necessário,apps/all-in-one/src/components/SmartCRUD.tsx:739,apps/all-in-one/src/pages/bi/IndicatorsList.tsx:5
bi,indicators,list,não localizada,Excluir,click,DELETE,/bi/resources/indicators/{id},UUID e confirmação,soft delete; imutáveis/sensíveis retornam 409,parcial_com_fallback_local,False,True,backend audita somente chamada remota aceita,running;completed;failed,não localizado por superfície,apps/all-in-one/src/components/SmartCRUD.tsx:748,apps/all-in-one/src/pages/bi/IndicatorsList.tsx:5
bpm,bpmpermissions,list,não localizada,Pesquisar,click,GET,/bpm/resources/bpmpermissions,query/limit,lista protegida por actor_from_headers,parcial_com_fallback_local,False,True,leitura sensível não comprovada por superfície,loading;erro;sucesso,não localizado por superfície,apps/all-in-one/src/components/SmartCRUD.tsx:603,apps/all-in-one/src/pages/bpm/BpmPermissions.tsx:5
bpm,bpmpermissions,list,não localizada,Novo registro,click,local,/bpm/bpmpermissions-form,navegação,não aplicável até salvar,comprovado_local,False,não aplicável,não aplicável,idle,não localizado por superfície,apps/all-in-one/src/components/SmartCRUD.tsx:612,apps/all-in-one/src/pages/bpm/BpmPermissions.tsx:5
bpm,bpmpermissions,list,não localizada,Ver detalhes,click,local,modal em memória,registro já carregado,não consulta GET de detalhe,comprovado_local_sem_refresh,False,False,leitura de detalhe não auditada no clique,aberto;fechado,não localizado por superfície,apps/all-in-one/src/components/SmartCRUD.tsx:730,apps/all-in-one/src/pages/bpm/BpmPermissions.tsx:5
bpm,bpmpermissions,list,não localizada,Editar,click,local,/bpm/bpmpermissions-form,registro em location.state,salvamento posterior usa PATCH ResourcePatch,compativel_via_formulario,token validado no salvamento,no salvamento,backend no salvamento,idle,contrato estático compartilhado; E2E por superfície ainda necessário,apps/all-in-one/src/components/SmartCRUD.tsx:739,apps/all-in-one/src/pages/bpm/BpmPermissions.tsx:5
bpm,bpmpermissions,list,não localizada,Excluir,click,DELETE,/bpm/resources/bpmpermissions/{id},UUID e confirmação,soft delete; imutáveis/sensíveis retornam 409,parcial_com_fallback_local,False,True,backend audita somente chamada remota aceita,running;completed;failed,não localizado por superfície,apps/all-in-one/src/components/SmartCRUD.tsx:748,apps/all-in-one/src/pages/bpm/BpmPermissions.tsx:5
bpm,processes,form,não localizada,Cancelar,click,local,navigate(-1),não aplicável,não aplicável,comprovado_local,não aplicável,não aplicável,não aplicável,idle,não localizado por superfície,apps/all-in-one/src/components/SmartCRUD.tsx:537,apps/all-in-one/src/pages/bpm/ProcessesForm.tsx:5
bpm,processes,form,não localizada,Salvar Registro,submit,POST (criação) / PATCH (edição),/bpm/resources/processes,"POST {user_id,payload}; PATCH {payload}; correlação e idempotência na criação","ResourceCreate {user_id,entity_id?,payload}; ResourcePatch {payload}",compativel,token com sub obrigatório,True,backend registra criação/edição aceita com ator e correlação,saving;saved;failed,contrato estático compartilhado; E2E por superfície ainda necessário,apps/all-in-one/src/components/SmartCRUD.tsx:383,apps/all-in-one/src/pages/bpm/ProcessesForm.tsx:5
bpm,processes,list,não localizada,Pesquisar,click,GET,/bpm/resources/processes,query/limit,lista protegida por actor_from_headers,parcial_com_fallback_local,False,True,leitura sensível não comprovada por superfície,loading;erro;sucesso,não localizado por superfície,apps/all-in-one/src/components/SmartCRUD.tsx:603,apps/all-in-one/src/pages/bpm/ProcessesList.tsx:5
bpm,processes,list,não localizada,Novo registro,click,local,/bpm/processes-form,navegação,não aplicável até salvar,comprovado_local,False,não aplicável,não aplicável,idle,não localizado por superfície,apps/all-in-one/src/components/SmartCRUD.tsx:612,apps/all-in-one/src/pages/bpm/ProcessesList.tsx:5
bpm,processes,list,não localizada,Ver detalhes,click,local,modal em memória,registro já carregado,não consulta GET de detalhe,comprovado_local_sem_refresh,False,False,leitura de detalhe não auditada no clique,aberto;fechado,não localizado por superfície,apps/all-in-one/src/components/SmartCRUD.tsx:730,apps/all-in-one/src/pages/bpm/ProcessesList.tsx:5
bpm,processes,list,não localizada,Editar,click,local,/bpm/processes-form,registro em location.state,salvamento posterior usa PATCH ResourcePatch,compativel_via_formulario,token validado no salvamento,no salvamento,backend no salvamento,idle,contrato estático compartilhado; E2E por superfície ainda necessário,apps/all-in-one/src/components/SmartCRUD.tsx:739,apps/all-in-one/src/pages/bpm/ProcessesList.tsx:5
bpm,processes,list,não localizada,Excluir,click,DELETE,/bpm/resources/processes/{id},UUID e confirmação,soft delete; imutáveis/sensíveis retornam 409,parcial_com_fallback_local,False,True,backend audita somente chamada remota aceita,running;completed;failed,não localizado por superfície,apps/all-in-one/src/components/SmartCRUD.tsx:748,apps/all-in-one/src/pages/bpm/ProcessesList.tsx:5
bpm,slapolicies,form,não localizada,Cancelar,click,local,navigate(-1),não aplicável,não aplicável,comprovado_local,não aplicável,não aplicável,não aplicável,idle,não localizado por superfície,apps/all-in-one/src/components/SmartCRUD.tsx:537,apps/all-in-one/src/pages/bpm/SlaPoliciesForm.tsx:5
bpm,slapolicies,form,não localizada,Salvar Registro,submit,POST (criação) / PATCH (edição),/bpm/resources/slapolicies,"POST {user_id,payload}; PATCH {payload}; correlação e idempotência na criação","ResourceCreate {user_id,entity_id?,payload}; ResourcePatch {payload}",compativel,token com sub obrigatório,True,backend registra criação/edição aceita com ator e correlação,saving;saved;failed,contrato estático compartilhado; E2E por superfície ainda necessário,apps/all-in-one/src/components/SmartCRUD.tsx:383,apps/all-in-one/src/pages/bpm/SlaPoliciesForm.tsx:5
bpm,slapolicies,list,não localizada,Pesquisar,click,GET,/bpm/resources/slapolicies,query/limit,lista protegida por actor_from_headers,parcial_com_fallback_local,False,True,leitura sensível não comprovada por superfície,loading;erro;sucesso,não localizado por superfície,apps/all-in-one/src/components/SmartCRUD.tsx:603,apps/all-in-one/src/pages/bpm/SlaPoliciesList.tsx:5
bpm,slapolicies,list,não localizada,Novo registro,click,local,/bpm/slapolicies-form,navegação,não aplicável até salvar,comprovado_local,False,não aplicável,não aplicável,idle,não localizado por superfície,apps/all-in-one/src/components/SmartCRUD.tsx:612,apps/all-in-one/src/pages/bpm/SlaPoliciesList.tsx:5
bpm,slapolicies,list,não localizada,Ver detalhes,click,local,modal em memória,registro já carregado,não consulta GET de detalhe,comprovado_local_sem_refresh,False,False,leitura de detalhe não auditada no clique,aberto;fechado,não localizado por superfície,apps/all-in-one/src/components/SmartCRUD.tsx:730,apps/all-in-one/src/pages/bpm/SlaPoliciesList.tsx:5
bpm,slapolicies,list,não localizada,Editar,click,local,/bpm/slapolicies-form,registro em location.state,salvamento posterior usa PATCH ResourcePatch,compativel_via_formulario,token validado no salvamento,no salvamento,backend no salvamento,idle,contrato estático compartilhado; E2E por superfície ainda necessário,apps/all-in-one/src/components/SmartCRUD.tsx:739,apps/all-in-one/src/pages/bpm/SlaPoliciesList.tsx:5
bpm,slapolicies,list,não localizada,Excluir,click,DELETE,/bpm/resources/slapolicies/{id},UUID e confirmação,soft delete; imutáveis/sensíveis retornam 409,parcial_com_fallback_local,False,True,backend audita somente chamada remota aceita,running;completed;failed,não localizado por superfície,apps/all-in-one/src/components/SmartCRUD.tsx:748,apps/all-in-one/src/pages/bpm/SlaPoliciesList.tsx:5
bpm,tasks,form,não localizada,Cancelar,click,local,navigate(-1),não aplicável,não aplicável,comprovado_local,não aplicável,não aplicável,não aplicável,idle,não localizado por superfície,apps/all-in-one/src/components/SmartCRUD.tsx:537,apps/all-in-one/src/pages/bpm/TasksForm.tsx:5
bpm,tasks,form,não localizada,Salvar Registro,submit,POST (criação) / PATCH (edição),/bpm/resources/tasks,"POST {user_id,payload}; PATCH {payload}; correlação e idempotência na criação","ResourceCreate {user_id,entity_id?,payload}; ResourcePatch {payload}",compativel,token com sub obrigatório,True,backend registra criação/edição aceita com ator e correlação,saving;saved;failed,contrato estático compartilhado; E2E por superfície ainda necessário,apps/all-in-one/src/components/SmartCRUD.tsx:383,apps/all-in-one/src/pages/bpm/TasksForm.tsx:5
bpm,tasks,list,não localizada,Pesquisar,click,GET,/bpm/resources/tasks,query/limit,lista protegida por actor_from_headers,parcial_com_fallback_local,False,True,leitura sensível não comprovada por superfície,loading;erro;sucesso,não localizado por superfície,apps/all-in-one/src/components/SmartCRUD.tsx:603,apps/all-in-one/src/pages/bpm/TasksList.tsx:5
bpm,tasks,list,não localizada,Novo registro,click,local,/bpm/tasks-form,navegação,não aplicável até salvar,comprovado_local,False,não aplicável,não aplicável,idle,não localizado por superfície,apps/all-in-one/src/components/SmartCRUD.tsx:612,apps/all-in-one/src/pages/bpm/TasksList.tsx:5
bpm,tasks,list,não localizada,Ver detalhes,click,local,modal em memória,registro já carregado,não consulta GET de detalhe,comprovado_local_sem_refresh,False,False,leitura de detalhe não auditada no clique,aberto;fechado,não localizado por superfície,apps/all-in-one/src/components/SmartCRUD.tsx:730,apps/all-in-one/src/pages/bpm/TasksList.tsx:5
bpm,tasks,list,não localizada,Editar,click,local,/bpm/tasks-form,registro em location.state,salvamento posterior usa PATCH ResourcePatch,compativel_via_formulario,token validado no salvamento,no salvamento,backend no salvamento,idle,contrato estático compartilhado; E2E por superfície ainda necessário,apps/all-in-one/src/components/SmartCRUD.tsx:739,apps/all-in-one/src/pages/bpm/TasksList.tsx:5
bpm,tasks,list,não localizada,Excluir,click,DELETE,/bpm/resources/tasks/{id},UUID e confirmação,soft delete; imutáveis/sensíveis retornam 409,parcial_com_fallback_local,False,True,backend audita somente chamada remota aceita,running;completed;failed,não localizado por superfície,apps/all-in-one/src/components/SmartCRUD.tsx:748,apps/all-in-one/src/pages/bpm/TasksList.tsx:5
bpm,workflowinstances,form,não localizada,Cancelar,click,local,navigate(-1),não aplicável,não aplicável,comprovado_local,não aplicável,não aplicável,não aplicável,idle,não localizado por superfície,apps/all-in-one/src/components/SmartCRUD.tsx:537,apps/all-in-one/src/pages/bpm/WorkflowInstancesForm.tsx:6
bpm,workflowinstances,form,não localizada,Salvar Registro,submit,POST (criação) / PATCH (edição),/bpm/resources/workflowinstances,"POST {user_id,payload}; PATCH {payload}; correlação e idempotência na criação","ResourceCreate {user_id,entity_id?,payload}; ResourcePatch {payload}",compativel,token com sub obrigatório,True,backend registra criação/edição aceita com ator e correlação,saving;saved;failed,contrato estático compartilhado; E2E por superfície ainda necessário,apps/all-in-one/src/components/SmartCRUD.tsx:383,apps/all-in-one/src/pages/bpm/WorkflowInstancesForm.tsx:6
bpm,workflowinstances,list,não localizada,Pesquisar,click,GET,/bpm/resources/workflowinstances,query/limit,lista protegida por actor_from_headers,parcial_com_fallback_local,False,True,leitura sensível não comprovada por superfície,loading;erro;sucesso,não localizado por superfície,apps/all-in-one/src/components/SmartCRUD.tsx:603,apps/all-in-one/src/pages/bpm/WorkflowInstancesList.tsx:6
bpm,workflowinstances,list,não localizada,Novo registro,click,local,/bpm/workflowinstances-form,navegação,não aplicável até salvar,comprovado_local,False,não aplicável,não aplicável,idle,não localizado por superfície,apps/all-in-one/src/components/SmartCRUD.tsx:612,apps/all-in-one/src/pages/bpm/WorkflowInstancesList.tsx:6
bpm,workflowinstances,list,não localizada,Ver detalhes,click,local,modal em memória,registro já carregado,não consulta GET de detalhe,comprovado_local_sem_refresh,False,False,leitura de detalhe não auditada no clique,aberto;fechado,não localizado por superfície,apps/all-in-one/src/components/SmartCRUD.tsx:730,apps/all-in-one/src/pages/bpm/WorkflowInstancesList.tsx:6
bpm,workflowinstances,list,não localizada,Editar,click,local,/bpm/workflowinstances-form,registro em location.state,salvamento posterior usa PATCH ResourcePatch,compativel_via_formulario,token validado no salvamento,no salvamento,backend no salvamento,idle,contrato estático compartilhado; E2E por superfície ainda necessário,apps/all-in-one/src/components/SmartCRUD.tsx:739,apps/all-in-one/src/pages/bpm/WorkflowInstancesList.tsx:6
bpm,workflowinstances,list,não localizada,Excluir,click,DELETE,/bpm/resources/workflowinstances/{id},UUID e confirmação,soft delete; imutáveis/sensíveis retornam 409,parcial_com_fallback_local,False,True,backend audita somente chamada remota aceita,running;completed;failed,não localizado por superfície,apps/all-in-one/src/components/SmartCRUD.tsx:748,apps/all-in-one/src/pages/bpm/WorkflowInstancesList.tsx:6
business,branches,form,não localizada,Cancelar,click,local,navigate(-1),não aplicável,não aplicável,comprovado_local,não aplicável,não aplicável,não aplicável,idle,não localizado por superfície,apps/all-in-one/src/components/SmartCRUD.tsx:537,apps/all-in-one/src/pages/business/BranchesForm.tsx:5
business,branches,form,não localizada,Salvar Registro,submit,POST (criação) / PATCH (edição),/business/resources/branches,"POST {user_id,payload}; PATCH {payload}; correlação e idempotência na criação","ResourceCreate {user_id,entity_id?,payload}; ResourcePatch {payload}",compativel,token com sub obrigatório,True,backend registra criação/edição aceita com ator e correlação,saving;saved;failed,contrato estático compartilhado; E2E por superfície ainda necessário,apps/all-in-one/src/components/SmartCRUD.tsx:383,apps/all-in-one/src/pages/business/BranchesForm.tsx:5
business,branches,list,não localizada,Pesquisar,click,GET,/business/resources/branches,query/limit,lista protegida por actor_from_headers,parcial_com_fallback_local,False,True,leitura sensível não comprovada por superfície,loading;erro;sucesso,não localizado por superfície,apps/all-in-one/src/components/SmartCRUD.tsx:603,apps/all-in-one/src/pages/business/BranchesList.tsx:5
business,branches,list,não localizada,Novo registro,click,local,/business/branches-form,navegação,não aplicável até salvar,comprovado_local,False,não aplicável,não aplicável,idle,não localizado por superfície,apps/all-in-one/src/components/SmartCRUD.tsx:612,apps/all-in-one/src/pages/business/BranchesList.tsx:5
business,branches,list,não localizada,Ver detalhes,click,local,modal em memória,registro já carregado,não consulta GET de detalhe,comprovado_local_sem_refresh,False,False,leitura de detalhe não auditada no clique,aberto;fechado,não localizado por superfície,apps/all-in-one/src/components/SmartCRUD.tsx:730,apps/all-in-one/src/pages/business/BranchesList.tsx:5
business,branches,list,não localizada,Editar,click,local,/business/branches-form,registro em location.state,salvamento posterior usa PATCH ResourcePatch,compativel_via_formulario,token validado no salvamento,no salvamento,backend no salvamento,idle,contrato estático compartilhado; E2E por superfície ainda necessário,apps/all-in-one/src/components/SmartCRUD.tsx:739,apps/all-in-one/src/pages/business/BranchesList.tsx:5
business,branches,list,não localizada,Excluir,click,DELETE,/business/resources/branches/{id},UUID e confirmação,soft delete; imutáveis/sensíveis retornam 409,parcial_com_fallback_local,False,True,backend audita somente chamada remota aceita,running;completed;failed,não localizado por superfície,apps/all-in-one/src/components/SmartCRUD.tsx:748,apps/all-in-one/src/pages/business/BranchesList.tsx:5
business,businesspermissions,list,não localizada,Pesquisar,click,GET,/business/resources/businesspermissions,query/limit,lista protegida por actor_from_headers,parcial_com_fallback_local,False,True,leitura sensível não comprovada por superfície,loading;erro;sucesso,não localizado por superfície,apps/all-in-one/src/components/SmartCRUD.tsx:603,apps/all-in-one/src/pages/business/BusinessPermissions.tsx:6
business,businesspermissions,list,não localizada,Novo registro,click,local,/business/businesspermissions-form,navegação,não aplicável até salvar,comprovado_local,False,não aplicável,não aplicável,idle,não localizado por superfície,apps/all-in-one/src/components/SmartCRUD.tsx:612,apps/all-in-one/src/pages/business/BusinessPermissions.tsx:6
business,businesspermissions,list,não localizada,Ver detalhes,click,local,modal em memória,registro já carregado,não consulta GET de detalhe,comprovado_local_sem_refresh,False,False,leitura de detalhe não auditada no clique,aberto;fechado,não localizado por superfície,apps/all-in-one/src/components/SmartCRUD.tsx:730,apps/all-in-one/src/pages/business/BusinessPermissions.tsx:6
business,businesspermissions,list,não localizada,Editar,click,local,/business/businesspermissions-form,registro em location.state,salvamento posterior usa PATCH ResourcePatch,compativel_via_formulario,token validado no salvamento,no salvamento,backend no salvamento,idle,contrato estático compartilhado; E2E por superfície ainda necessário,apps/all-in-one/src/components/SmartCRUD.tsx:739,apps/all-in-one/src/pages/business/BusinessPermissions.tsx:6
business,businesspermissions,list,não localizada,Excluir,click,DELETE,/business/resources/businesspermissions/{id},UUID e confirmação,soft delete; imutáveis/sensíveis retornam 409,parcial_com_fallback_local,False,True,backend audita somente chamada remota aceita,running;completed;failed,não localizado por superfície,apps/all-in-one/src/components/SmartCRUD.tsx:748,apps/all-in-one/src/pages/business/BusinessPermissions.tsx:6
business,catalogoffers,form,não localizada,Cancelar,click,local,navigate(-1),não aplicável,não aplicável,comprovado_local,não aplicável,não aplicável,não aplicável,idle,não localizado por superfície,apps/all-in-one/src/components/SmartCRUD.tsx:537,apps/all-in-one/src/pages/business/CatalogOffersForm.tsx:5
business,catalogoffers,form,não localizada,Salvar Registro,submit,POST (criação) / PATCH (edição),/business/resources/catalogoffers,"POST {user_id,payload}; PATCH {payload}; correlação e idempotência na criação","ResourceCreate {user_id,entity_id?,payload}; ResourcePatch {payload}",compativel,token com sub obrigatório,True,backend registra criação/edição aceita com ator e correlação,saving;saved;failed,contrato estático compartilhado; E2E por superfície ainda necessário,apps/all-in-one/src/components/SmartCRUD.tsx:383,apps/all-in-one/src/pages/business/CatalogOffersForm.tsx:5
business,catalogoffers,list,não localizada,Pesquisar,click,GET,/business/resources/catalogoffers,query/limit,lista protegida por actor_from_headers,parcial_com_fallback_local,False,True,leitura sensível não comprovada por superfície,loading;erro;sucesso,não localizado por superfície,apps/all-in-one/src/components/SmartCRUD.tsx:603,apps/all-in-one/src/pages/business/CatalogOffersList.tsx:5
business,catalogoffers,list,não localizada,Novo registro,click,local,/business/catalogoffers-form,navegação,não aplicável até salvar,comprovado_local,False,não aplicável,não aplicável,idle,não localizado por superfície,apps/all-in-one/src/components/SmartCRUD.tsx:612,apps/all-in-one/src/pages/business/CatalogOffersList.tsx:5
business,catalogoffers,list,não localizada,Ver detalhes,click,local,modal em memória,registro já carregado,não consulta GET de detalhe,comprovado_local_sem_refresh,False,False,leitura de detalhe não auditada no clique,aberto;fechado,não localizado por superfície,apps/all-in-one/src/components/SmartCRUD.tsx:730,apps/all-in-one/src/pages/business/CatalogOffersList.tsx:5
business,catalogoffers,list,não localizada,Editar,click,local,/business/catalogoffers-form,registro em location.state,salvamento posterior usa PATCH ResourcePatch,compativel_via_formulario,token validado no salvamento,no salvamento,backend no salvamento,idle,contrato estático compartilhado; E2E por superfície ainda necessário,apps/all-in-one/src/components/SmartCRUD.tsx:739,apps/all-in-one/src/pages/business/CatalogOffersList.tsx:5
business,catalogoffers,list,não localizada,Excluir,click,DELETE,/business/resources/catalogoffers/{id},UUID e confirmação,soft delete; imutáveis/sensíveis retornam 409,parcial_com_fallback_local,False,True,backend audita somente chamada remota aceita,running;completed;failed,não localizado por superfície,apps/all-in-one/src/components/SmartCRUD.tsx:748,apps/all-in-one/src/pages/business/CatalogOffersList.tsx:5
business,companies,form,não localizada,Cancelar,click,local,navigate(-1),não aplicável,não aplicável,comprovado_local,não aplicável,não aplicável,não aplicável,idle,não localizado por superfície,apps/all-in-one/src/components/SmartCRUD.tsx:537,apps/all-in-one/src/pages/business/CompaniesForm.tsx:5
business,companies,form,não localizada,Salvar Registro,submit,POST (criação) / PATCH (edição),/business/resources/companies,"POST {user_id,payload}; PATCH {payload}; correlação e idempotência na criação","ResourceCreate {user_id,entity_id?,payload}; ResourcePatch {payload}",compativel,token com sub obrigatório,True,backend registra criação/edição aceita com ator e correlação,saving;saved;failed,contrato estático compartilhado; E2E por superfície ainda necessário,apps/all-in-one/src/components/SmartCRUD.tsx:383,apps/all-in-one/src/pages/business/CompaniesForm.tsx:5
business,companies,list,não localizada,Pesquisar,click,GET,/business/resources/companies,query/limit,lista protegida por actor_from_headers,parcial_com_fallback_local,False,True,leitura sensível não comprovada por superfície,loading;erro;sucesso,não localizado por superfície,apps/all-in-one/src/components/SmartCRUD.tsx:603,apps/all-in-one/src/pages/business/CompaniesList.tsx:5
business,companies,list,não localizada,Novo registro,click,local,/business/companies-form,navegação,não aplicável até salvar,comprovado_local,False,não aplicável,não aplicável,idle,não localizado por superfície,apps/all-in-one/src/components/SmartCRUD.tsx:612,apps/all-in-one/src/pages/business/CompaniesList.tsx:5
business,companies,list,não localizada,Ver detalhes,click,local,modal em memória,registro já carregado,não consulta GET de detalhe,comprovado_local_sem_refresh,False,False,leitura de detalhe não auditada no clique,aberto;fechado,não localizado por superfície,apps/all-in-one/src/components/SmartCRUD.tsx:730,apps/all-in-one/src/pages/business/CompaniesList.tsx:5
business,companies,list,não localizada,Editar,click,local,/business/companies-form,registro em location.state,salvamento posterior usa PATCH ResourcePatch,compativel_via_formulario,token validado no salvamento,no salvamento,backend no salvamento,idle,contrato estático compartilhado; E2E por superfície ainda necessário,apps/all-in-one/src/components/SmartCRUD.tsx:739,apps/all-in-one/src/pages/business/CompaniesList.tsx:5
business,companies,list,não localizada,Excluir,click,DELETE,/business/resources/companies/{id},UUID e confirmação,soft delete; imutáveis/sensíveis retornam 409,parcial_com_fallback_local,False,True,backend audita somente chamada remota aceita,running;completed;failed,não localizado por superfície,apps/all-in-one/src/components/SmartCRUD.tsx:748,apps/all-in-one/src/pages/business/CompaniesList.tsx:5
business,companydocuments,form,não localizada,Cancelar,click,local,navigate(-1),não aplicável,não aplicável,comprovado_local,não aplicável,não aplicável,não aplicável,idle,não localizado por superfície,apps/all-in-one/src/components/SmartCRUD.tsx:537,apps/all-in-one/src/pages/business/CompanyDocumentsForm.tsx:6
business,companydocuments,form,não localizada,Salvar Registro,submit,POST (criação) / PATCH (edição),/business/resources/companydocuments,"POST {user_id,payload}; PATCH {payload}; correlação e idempotência na criação","ResourceCreate {user_id,entity_id?,payload}; ResourcePatch {payload}",compativel,token com sub obrigatório,True,backend registra criação/edição aceita com ator e correlação,saving;saved;failed,contrato estático compartilhado; E2E por superfície ainda necessário,apps/all-in-one/src/components/SmartCRUD.tsx:383,apps/all-in-one/src/pages/business/CompanyDocumentsForm.tsx:6
business,companydocuments,list,não localizada,Pesquisar,click,GET,/business/resources/companydocuments,query/limit,lista protegida por actor_from_headers,parcial_com_fallback_local,False,True,leitura sensível não comprovada por superfície,loading;erro;sucesso,não localizado por superfície,apps/all-in-one/src/components/SmartCRUD.tsx:603,apps/all-in-one/src/pages/business/CompanyDocumentsList.tsx:6
business,companydocuments,list,não localizada,Novo registro,click,local,/business/companydocuments-form,navegação,não aplicável até salvar,comprovado_local,False,não aplicável,não aplicável,idle,não localizado por superfície,apps/all-in-one/src/components/SmartCRUD.tsx:612,apps/all-in-one/src/pages/business/CompanyDocumentsList.tsx:6
business,companydocuments,list,não localizada,Ver detalhes,click,local,modal em memória,registro já carregado,não consulta GET de detalhe,comprovado_local_sem_refresh,False,False,leitura de detalhe não auditada no clique,aberto;fechado,não localizado por superfície,apps/all-in-one/src/components/SmartCRUD.tsx:730,apps/all-in-one/src/pages/business/CompanyDocumentsList.tsx:6
business,companydocuments,list,não localizada,Editar,click,local,/business/companydocuments-form,registro em location.state,salvamento posterior usa PATCH ResourcePatch,compativel_via_formulario,token validado no salvamento,no salvamento,backend no salvamento,idle,contrato estático compartilhado; E2E por superfície ainda necessário,apps/all-in-one/src/components/SmartCRUD.tsx:739,apps/all-in-one/src/pages/business/CompanyDocumentsList.tsx:6
business,companydocuments,list,não localizada,Excluir,click,DELETE,/business/resources/companydocuments/{id},UUID e confirmação,soft delete; imutáveis/sensíveis retornam 409,parcial_com_fallback_local,False,True,backend audita somente chamada remota aceita,running;completed;failed,não localizado por superfície,apps/all-in-one/src/components/SmartCRUD.tsx:748,apps/all-in-one/src/pages/business/CompanyDocumentsList.tsx:6
business,usercompanymemberships,form,não localizada,Cancelar,click,local,navigate(-1),não aplicável,não aplicável,comprovado_local,não aplicável,não aplicável,não aplicável,idle,não localizado por superfície,apps/all-in-one/src/components/SmartCRUD.tsx:537,apps/all-in-one/src/pages/business/UserCompanyMembershipsForm.tsx:6
business,usercompanymemberships,form,não localizada,Salvar Registro,submit,POST (criação) / PATCH (edição),/business/resources/usercompanymemberships,"POST {user_id,payload}; PATCH {payload}; correlação e idempotência na criação","ResourceCreate {user_id,entity_id?,payload}; ResourcePatch {payload}",compativel,token com sub obrigatório,True,backend registra criação/edição aceita com ator e correlação,saving;saved;failed,contrato estático compartilhado; E2E por superfície ainda necessário,apps/all-in-one/src/components/SmartCRUD.tsx:383,apps/all-in-one/src/pages/business/UserCompanyMembershipsForm.tsx:6
business,usercompanymemberships,list,não localizada,Pesquisar,click,GET,/business/resources/usercompanymemberships,query/limit,lista protegida por actor_from_headers,parcial_com_fallback_local,False,True,leitura sensível não comprovada por superfície,loading;erro;sucesso,não localizado por superfície,apps/all-in-one/src/components/SmartCRUD.tsx:603,apps/all-in-one/src/pages/business/UserCompanyMembershipsList.tsx:6
business,usercompanymemberships,list,não localizada,Novo registro,click,local,/business/usercompanymemberships-form,navegação,não aplicável até salvar,comprovado_local,False,não aplicável,não aplicável,idle,não localizado por superfície,apps/all-in-one/src/components/SmartCRUD.tsx:612,apps/all-in-one/src/pages/business/UserCompanyMembershipsList.tsx:6
business,usercompanymemberships,list,não localizada,Ver detalhes,click,local,modal em memória,registro já carregado,não consulta GET de detalhe,comprovado_local_sem_refresh,False,False,leitura de detalhe não auditada no clique,aberto;fechado,não localizado por superfície,apps/all-in-one/src/components/SmartCRUD.tsx:730,apps/all-in-one/src/pages/business/UserCompanyMembershipsList.tsx:6
business,usercompanymemberships,list,não localizada,Editar,click,local,/business/usercompanymemberships-form,registro em location.state,salvamento posterior usa PATCH ResourcePatch,compativel_via_formulario,token validado no salvamento,no salvamento,backend no salvamento,idle,contrato estático compartilhado; E2E por superfície ainda necessário,apps/all-in-one/src/components/SmartCRUD.tsx:739,apps/all-in-one/src/pages/business/UserCompanyMembershipsList.tsx:6
business,usercompanymemberships,list,não localizada,Excluir,click,DELETE,/business/resources/usercompanymemberships/{id},UUID e confirmação,soft delete; imutáveis/sensíveis retornam 409,parcial_com_fallback_local,False,True,backend audita somente chamada remota aceita,running;completed;failed,não localizado por superfície,apps/all-in-one/src/components/SmartCRUD.tsx:748,apps/all-in-one/src/pages/business/UserCompanyMembershipsList.tsx:6
crm,activities,form,não localizada,Cancelar,click,local,navigate(-1),não aplicável,não aplicável,comprovado_local,não aplicável,não aplicável,não aplicável,idle,não localizado por superfície,apps/all-in-one/src/components/SmartCRUD.tsx:537,apps/all-in-one/src/pages/crm/ActivitiesForm.tsx:5
crm,activities,form,não localizada,Salvar Registro,submit,POST (criação) / PATCH (edição),/crm/resources/activities,"POST {user_id,payload}; PATCH {payload}; correlação e idempotência na criação","ResourceCreate {user_id,entity_id?,payload}; ResourcePatch {payload}",compativel,token com sub obrigatório,True,backend registra criação/edição aceita com ator e correlação,saving;saved;failed,contrato estático compartilhado; E2E por superfície ainda necessário,apps/all-in-one/src/components/SmartCRUD.tsx:383,apps/all-in-one/src/pages/crm/ActivitiesForm.tsx:5
crm,activities,list,não localizada,Pesquisar,click,GET,/crm/resources/activities,query/limit,lista protegida por actor_from_headers,parcial_com_fallback_local,False,True,leitura sensível não comprovada por superfície,loading;erro;sucesso,não localizado por superfície,apps/all-in-one/src/components/SmartCRUD.tsx:603,apps/all-in-one/src/pages/crm/ActivitiesList.tsx:5
crm,activities,list,não localizada,Novo registro,click,local,/crm/activities-form,navegação,não aplicável até salvar,comprovado_local,False,não aplicável,não aplicável,idle,não localizado por superfície,apps/all-in-one/src/components/SmartCRUD.tsx:612,apps/all-in-one/src/pages/crm/ActivitiesList.tsx:5
crm,activities,list,não localizada,Ver detalhes,click,local,modal em memória,registro já carregado,não consulta GET de detalhe,comprovado_local_sem_refresh,False,False,leitura de detalhe não auditada no clique,aberto;fechado,não localizado por superfície,apps/all-in-one/src/components/SmartCRUD.tsx:730,apps/all-in-one/src/pages/crm/ActivitiesList.tsx:5
crm,activities,list,não localizada,Editar,click,local,/crm/activities-form,registro em location.state,salvamento posterior usa PATCH ResourcePatch,compativel_via_formulario,token validado no salvamento,no salvamento,backend no salvamento,idle,contrato estático compartilhado; E2E por superfície ainda necessário,apps/all-in-one/src/components/SmartCRUD.tsx:739,apps/all-in-one/src/pages/crm/ActivitiesList.tsx:5
crm,activities,list,não localizada,Excluir,click,DELETE,/crm/resources/activities/{id},UUID e confirmação,soft delete; imutáveis/sensíveis retornam 409,parcial_com_fallback_local,False,True,backend audita somente chamada remota aceita,running;completed;failed,não localizado por superfície,apps/all-in-one/src/components/SmartCRUD.tsx:748,apps/all-in-one/src/pages/crm/ActivitiesList.tsx:5
crm,campaigns,form,não localizada,Cancelar,click,local,navigate(-1),não aplicável,não aplicável,comprovado_local,não aplicável,não aplicável,não aplicável,idle,não localizado por superfície,apps/all-in-one/src/components/SmartCRUD.tsx:537,apps/all-in-one/src/pages/crm/CampaignsForm.tsx:5
crm,campaigns,form,não localizada,Salvar Registro,submit,POST (criação) / PATCH (edição),/crm/resources/campaigns,"POST {user_id,payload}; PATCH {payload}; correlação e idempotência na criação","ResourceCreate {user_id,entity_id?,payload}; ResourcePatch {payload}",compativel,token com sub obrigatório,True,backend registra criação/edição aceita com ator e correlação,saving;saved;failed,contrato estático compartilhado; E2E por superfície ainda necessário,apps/all-in-one/src/components/SmartCRUD.tsx:383,apps/all-in-one/src/pages/crm/CampaignsForm.tsx:5
crm,campaigns,list,não localizada,Pesquisar,click,GET,/crm/resources/campaigns,query/limit,lista protegida por actor_from_headers,parcial_com_fallback_local,False,True,leitura sensível não comprovada por superfície,loading;erro;sucesso,não localizado por superfície,apps/all-in-one/src/components/SmartCRUD.tsx:603,apps/all-in-one/src/pages/crm/CampaignsList.tsx:5
crm,campaigns,list,não localizada,Novo registro,click,local,/crm/campaigns-form,navegação,não aplicável até salvar,comprovado_local,False,não aplicável,não aplicável,idle,não localizado por superfície,apps/all-in-one/src/components/SmartCRUD.tsx:612,apps/all-in-one/src/pages/crm/CampaignsList.tsx:5
crm,campaigns,list,não localizada,Ver detalhes,click,local,modal em memória,registro já carregado,não consulta GET de detalhe,comprovado_local_sem_refresh,False,False,leitura de detalhe não auditada no clique,aberto;fechado,não localizado por superfície,apps/all-in-one/src/components/SmartCRUD.tsx:730,apps/all-in-one/src/pages/crm/CampaignsList.tsx:5
crm,campaigns,list,não localizada,Editar,click,local,/crm/campaigns-form,registro em location.state,salvamento posterior usa PATCH ResourcePatch,compativel_via_formulario,token validado no salvamento,no salvamento,backend no salvamento,idle,contrato estático compartilhado; E2E por superfície ainda necessário,apps/all-in-one/src/components/SmartCRUD.tsx:739,apps/all-in-one/src/pages/crm/CampaignsList.tsx:5
crm,campaigns,list,não localizada,Excluir,click,DELETE,/crm/resources/campaigns/{id},UUID e confirmação,soft delete; imutáveis/sensíveis retornam 409,parcial_com_fallback_local,False,True,backend audita somente chamada remota aceita,running;completed;failed,não localizado por superfície,apps/all-in-one/src/components/SmartCRUD.tsx:748,apps/all-in-one/src/pages/crm/CampaignsList.tsx:5
crm,crmpermissions,list,não localizada,Pesquisar,click,GET,/crm/resources/crmpermissions,query/limit,lista protegida por actor_from_headers,parcial_com_fallback_local,False,True,leitura sensível não comprovada por superfície,loading;erro;sucesso,não localizado por superfície,apps/all-in-one/src/components/SmartCRUD.tsx:603,apps/all-in-one/src/pages/crm/CrmPermissions.tsx:5
crm,crmpermissions,list,não localizada,Novo registro,click,local,/crm/crmpermissions-form,navegação,não aplicável até salvar,comprovado_local,False,não aplicável,não aplicável,idle,não localizado por superfície,apps/all-in-one/src/components/SmartCRUD.tsx:612,apps/all-in-one/src/pages/crm/CrmPermissions.tsx:5
crm,crmpermissions,list,não localizada,Ver detalhes,click,local,modal em memória,registro já carregado,não consulta GET de detalhe,comprovado_local_sem_refresh,False,False,leitura de detalhe não auditada no clique,aberto;fechado,não localizado por superfície,apps/all-in-one/src/components/SmartCRUD.tsx:730,apps/all-in-one/src/pages/crm/CrmPermissions.tsx:5
crm,crmpermissions,list,não localizada,Editar,click,local,/crm/crmpermissions-form,registro em location.state,salvamento posterior usa PATCH ResourcePatch,compativel_via_formulario,token validado no salvamento,no salvamento,backend no salvamento,idle,contrato estático compartilhado; E2E por superfície ainda necessário,apps/all-in-one/src/components/SmartCRUD.tsx:739,apps/all-in-one/src/pages/crm/CrmPermissions.tsx:5
crm,crmpermissions,list,não localizada,Excluir,click,DELETE,/crm/resources/crmpermissions/{id},UUID e confirmação,soft delete; imutáveis/sensíveis retornam 409,parcial_com_fallback_local,False,True,backend audita somente chamada remota aceita,running;completed;failed,não localizado por superfície,apps/all-in-one/src/components/SmartCRUD.tsx:748,apps/all-in-one/src/pages/crm/CrmPermissions.tsx:5
crm,leads,form,não localizada,Cancelar,click,local,navigate(-1),não aplicável,não aplicável,comprovado_local,não aplicável,não aplicável,não aplicável,idle,não localizado por superfície,apps/all-in-one/src/components/SmartCRUD.tsx:537,apps/all-in-one/src/pages/crm/LeadsForm.tsx:5
crm,leads,form,não localizada,Salvar Registro,submit,POST (criação) / PATCH (edição),/crm/resources/leads,"POST {user_id,payload}; PATCH {payload}; correlação e idempotência na criação","ResourceCreate {user_id,entity_id?,payload}; ResourcePatch {payload}",compativel,token com sub obrigatório,True,backend registra criação/edição aceita com ator e correlação,saving;saved;failed,contrato estático compartilhado; E2E por superfície ainda necessário,apps/all-in-one/src/components/SmartCRUD.tsx:383,apps/all-in-one/src/pages/crm/LeadsForm.tsx:5
crm,leads,list,não localizada,Pesquisar,click,GET,/crm/resources/leads,query/limit,lista protegida por actor_from_headers,parcial_com_fallback_local,False,True,leitura sensível não comprovada por superfície,loading;erro;sucesso,não localizado por superfície,apps/all-in-one/src/components/SmartCRUD.tsx:603,apps/all-in-one/src/pages/crm/LeadsList.tsx:5
crm,leads,list,não localizada,Novo registro,click,local,/crm/leads-form,navegação,não aplicável até salvar,comprovado_local,False,não aplicável,não aplicável,idle,não localizado por superfície,apps/all-in-one/src/components/SmartCRUD.tsx:612,apps/all-in-one/src/pages/crm/LeadsList.tsx:5
crm,leads,list,não localizada,Ver detalhes,click,local,modal em memória,registro já carregado,não consulta GET de detalhe,comprovado_local_sem_refresh,False,False,leitura de detalhe não auditada no clique,aberto;fechado,não localizado por superfície,apps/all-in-one/src/components/SmartCRUD.tsx:730,apps/all-in-one/src/pages/crm/LeadsList.tsx:5
crm,leads,list,não localizada,Editar,click,local,/crm/leads-form,registro em location.state,salvamento posterior usa PATCH ResourcePatch,compativel_via_formulario,token validado no salvamento,no salvamento,backend no salvamento,idle,contrato estático compartilhado; E2E por superfície ainda necessário,apps/all-in-one/src/components/SmartCRUD.tsx:739,apps/all-in-one/src/pages/crm/LeadsList.tsx:5
crm,leads,list,não localizada,Excluir,click,DELETE,/crm/resources/leads/{id},UUID e confirmação,soft delete; imutáveis/sensíveis retornam 409,parcial_com_fallback_local,False,True,backend audita somente chamada remota aceita,running;completed;failed,não localizado por superfície,apps/all-in-one/src/components/SmartCRUD.tsx:748,apps/all-in-one/src/pages/crm/LeadsList.tsx:5
crm,opportunities,form,não localizada,Cancelar,click,local,navigate(-1),não aplicável,não aplicável,comprovado_local,não aplicável,não aplicável,não aplicável,idle,não localizado por superfície,apps/all-in-one/src/components/SmartCRUD.tsx:537,apps/all-in-one/src/pages/crm/OpportunitiesForm.tsx:5
crm,opportunities,form,não localizada,Salvar Registro,submit,POST (criação) / PATCH (edição),/crm/resources/opportunities,"POST {user_id,payload}; PATCH {payload}; correlação e idempotência na criação","ResourceCreate {user_id,entity_id?,payload}; ResourcePatch {payload}",compativel,token com sub obrigatório,True,backend registra criação/edição aceita com ator e correlação,saving;saved;failed,contrato estático compartilhado; E2E por superfície ainda necessário,apps/all-in-one/src/components/SmartCRUD.tsx:383,apps/all-in-one/src/pages/crm/OpportunitiesForm.tsx:5
crm,opportunities,list,não localizada,Pesquisar,click,GET,/crm/resources/opportunities,query/limit,lista protegida por actor_from_headers,parcial_com_fallback_local,False,True,leitura sensível não comprovada por superfície,loading;erro;sucesso,não localizado por superfície,apps/all-in-one/src/components/SmartCRUD.tsx:603,apps/all-in-one/src/pages/crm/OpportunitiesList.tsx:5
crm,opportunities,list,não localizada,Novo registro,click,local,/crm/opportunities-form,navegação,não aplicável até salvar,comprovado_local,False,não aplicável,não aplicável,idle,não localizado por superfície,apps/all-in-one/src/components/SmartCRUD.tsx:612,apps/all-in-one/src/pages/crm/OpportunitiesList.tsx:5
crm,opportunities,list,não localizada,Ver detalhes,click,local,modal em memória,registro já carregado,não consulta GET de detalhe,comprovado_local_sem_refresh,False,False,leitura de detalhe não auditada no clique,aberto;fechado,não localizado por superfície,apps/all-in-one/src/components/SmartCRUD.tsx:730,apps/all-in-one/src/pages/crm/OpportunitiesList.tsx:5
crm,opportunities,list,não localizada,Editar,click,local,/crm/opportunities-form,registro em location.state,salvamento posterior usa PATCH ResourcePatch,compativel_via_formulario,token validado no salvamento,no salvamento,backend no salvamento,idle,contrato estático compartilhado; E2E por superfície ainda necessário,apps/all-in-one/src/components/SmartCRUD.tsx:739,apps/all-in-one/src/pages/crm/OpportunitiesList.tsx:5
crm,opportunities,list,não localizada,Excluir,click,DELETE,/crm/resources/opportunities/{id},UUID e confirmação,soft delete; imutáveis/sensíveis retornam 409,parcial_com_fallback_local,False,True,backend audita somente chamada remota aceita,running;completed;failed,não localizado por superfície,apps/all-in-one/src/components/SmartCRUD.tsx:748,apps/all-in-one/src/pages/crm/OpportunitiesList.tsx:5
delivery,assignments,form,não localizada,Cancelar,click,local,navigate(-1),não aplicável,não aplicável,comprovado_local,não aplicável,não aplicável,não aplicável,idle,não localizado por superfície,apps/all-in-one/src/components/SmartCRUD.tsx:537,apps/all-in-one/src/pages/delivery/AssignmentsForm.tsx:5
delivery,assignments,form,não localizada,Salvar Registro,submit,POST (criação) / PATCH (edição),/delivery/resources/assignments,"POST {user_id,payload}; PATCH {payload}; correlação e idempotência na criação","ResourceCreate {user_id,entity_id?,payload}; ResourcePatch {payload}",compativel,token com sub obrigatório,True,backend registra criação/edição aceita com ator e correlação,saving;saved;failed,contrato estático compartilhado; E2E por superfície ainda necessário,apps/all-in-one/src/components/SmartCRUD.tsx:383,apps/all-in-one/src/pages/delivery/AssignmentsForm.tsx:5
delivery,assignments,list,não localizada,Pesquisar,click,GET,/delivery/resources/assignments,query/limit,lista protegida por actor_from_headers,parcial_com_fallback_local,False,True,leitura sensível não comprovada por superfície,loading;erro;sucesso,não localizado por superfície,apps/all-in-one/src/components/SmartCRUD.tsx:603,apps/all-in-one/src/pages/delivery/AssignmentsList.tsx:5
delivery,assignments,list,não localizada,Novo registro,click,local,/delivery/assignments-form,navegação,não aplicável até salvar,comprovado_local,False,não aplicável,não aplicável,idle,não localizado por superfície,apps/all-in-one/src/components/SmartCRUD.tsx:612,apps/all-in-one/src/pages/delivery/AssignmentsList.tsx:5
delivery,assignments,list,não localizada,Ver detalhes,click,local,modal em memória,registro já carregado,não consulta GET de detalhe,comprovado_local_sem_refresh,False,False,leitura de detalhe não auditada no clique,aberto;fechado,não localizado por superfície,apps/all-in-one/src/components/SmartCRUD.tsx:730,apps/all-in-one/src/pages/delivery/AssignmentsList.tsx:5
delivery,assignments,list,não localizada,Editar,click,local,/delivery/assignments-form,registro em location.state,salvamento posterior usa PATCH ResourcePatch,compativel_via_formulario,token validado no salvamento,no salvamento,backend no salvamento,idle,contrato estático compartilhado; E2E por superfície ainda necessário,apps/all-in-one/src/components/SmartCRUD.tsx:739,apps/all-in-one/src/pages/delivery/AssignmentsList.tsx:5
delivery,assignments,list,não localizada,Excluir,click,DELETE,/delivery/resources/assignments/{id},UUID e confirmação,soft delete; imutáveis/sensíveis retornam 409,parcial_com_fallback_local,False,True,backend audita somente chamada remota aceita,running;completed;failed,não localizado por superfície,apps/all-in-one/src/components/SmartCRUD.tsx:748,apps/all-in-one/src/pages/delivery/AssignmentsList.tsx:5
delivery,deliverypermissions,list,não localizada,Pesquisar,click,GET,/delivery/resources/deliverypermissions,query/limit,lista protegida por actor_from_headers,parcial_com_fallback_local,False,True,leitura sensível não comprovada por superfície,loading;erro;sucesso,não localizado por superfície,apps/all-in-one/src/components/SmartCRUD.tsx:603,apps/all-in-one/src/pages/delivery/DeliveryPermissions.tsx:6
delivery,deliverypermissions,list,não localizada,Novo registro,click,local,/delivery/deliverypermissions-form,navegação,não aplicável até salvar,comprovado_local,False,não aplicável,não aplicável,idle,não localizado por superfície,apps/all-in-one/src/components/SmartCRUD.tsx:612,apps/all-in-one/src/pages/delivery/DeliveryPermissions.tsx:6
delivery,deliverypermissions,list,não localizada,Ver detalhes,click,local,modal em memória,registro já carregado,não consulta GET de detalhe,comprovado_local_sem_refresh,False,False,leitura de detalhe não auditada no clique,aberto;fechado,não localizado por superfície,apps/all-in-one/src/components/SmartCRUD.tsx:730,apps/all-in-one/src/pages/delivery/DeliveryPermissions.tsx:6
delivery,deliverypermissions,list,não localizada,Editar,click,local,/delivery/deliverypermissions-form,registro em location.state,salvamento posterior usa PATCH ResourcePatch,compativel_via_formulario,token validado no salvamento,no salvamento,backend no salvamento,idle,contrato estático compartilhado; E2E por superfície ainda necessário,apps/all-in-one/src/components/SmartCRUD.tsx:739,apps/all-in-one/src/pages/delivery/DeliveryPermissions.tsx:6
delivery,deliverypermissions,list,não localizada,Excluir,click,DELETE,/delivery/resources/deliverypermissions/{id},UUID e confirmação,soft delete; imutáveis/sensíveis retornam 409,parcial_com_fallback_local,False,True,backend audita somente chamada remota aceita,running;completed;failed,não localizado por superfície,apps/all-in-one/src/components/SmartCRUD.tsx:748,apps/all-in-one/src/pages/delivery/DeliveryPermissions.tsx:6
delivery,deliveryrequests,form,não localizada,Cancelar,click,local,navigate(-1),não aplicável,não aplicável,comprovado_local,não aplicável,não aplicável,não aplicável,idle,não localizado por superfície,apps/all-in-one/src/components/SmartCRUD.tsx:537,apps/all-in-one/src/pages/delivery/DeliveryRequestsForm.tsx:6
delivery,deliveryrequests,form,não localizada,Salvar Registro,submit,POST (criação) / PATCH (edição),/delivery/resources/delivery_requests,"POST {user_id,payload}; PATCH {payload}; correlação e idempotência na criação","ResourceCreate {user_id,entity_id?,payload}; ResourcePatch {payload}",compativel,token com sub obrigatório,True,backend registra criação/edição aceita com ator e correlação,saving;saved;failed,contrato estático compartilhado; E2E por superfície ainda necessário,apps/all-in-one/src/components/SmartCRUD.tsx:383,apps/all-in-one/src/pages/delivery/DeliveryRequestsForm.tsx:6
delivery,deliveryrequests,list,não localizada,Pesquisar,click,GET,/delivery/resources/delivery_requests,query/limit,lista protegida por actor_from_headers,parcial_com_fallback_local,False,True,leitura sensível não comprovada por superfície,loading;erro;sucesso,não localizado por superfície,apps/all-in-one/src/components/SmartCRUD.tsx:603,apps/all-in-one/src/pages/delivery/DeliveryRequestsList.tsx:6
delivery,deliveryrequests,list,não localizada,Novo registro,click,local,/delivery/deliveryrequests-form,navegação,não aplicável até salvar,comprovado_local,False,não aplicável,não aplicável,idle,não localizado por superfície,apps/all-in-one/src/components/SmartCRUD.tsx:612,apps/all-in-one/src/pages/delivery/DeliveryRequestsList.tsx:6
delivery,deliveryrequests,list,não localizada,Ver detalhes,click,local,modal em memória,registro já carregado,não consulta GET de detalhe,comprovado_local_sem_refresh,False,False,leitura de detalhe não auditada no clique,aberto;fechado,não localizado por superfície,apps/all-in-one/src/components/SmartCRUD.tsx:730,apps/all-in-one/src/pages/delivery/DeliveryRequestsList.tsx:6
delivery,deliveryrequests,list,não localizada,Editar,click,local,/delivery/deliveryrequests-form,registro em location.state,salvamento posterior usa PATCH ResourcePatch,compativel_via_formulario,token validado no salvamento,no salvamento,backend no salvamento,idle,contrato estático compartilhado; E2E por superfície ainda necessário,apps/all-in-one/src/components/SmartCRUD.tsx:739,apps/all-in-one/src/pages/delivery/DeliveryRequestsList.tsx:6
delivery,deliveryrequests,list,não localizada,Excluir,click,DELETE,/delivery/resources/delivery_requests/{id},UUID e confirmação,soft delete; imutáveis/sensíveis retornam 409,parcial_com_fallback_local,False,True,backend audita somente chamada remota aceita,running;completed;failed,não localizado por superfície,apps/all-in-one/src/components/SmartCRUD.tsx:748,apps/all-in-one/src/pages/delivery/DeliveryRequestsList.tsx:6
delivery,deliveryrequests,list,não localizada,Executar jornada de entrega,click,POST x3,/delivery/resources/delivery_requests/{id}/actions/{assign|pickup|complete},contrato específico implementado no SmartCRUD,rotas específicas com actor/autorização,implementado_requer_e2e_vivo,token e presença de dados; papel não verificado,True,backend conforme transições,running;completed;failed,"testes de jornada existem, cobertura por tela requer confirmação",apps/all-in-one/src/components/SmartCRUD.tsx:257,apps/all-in-one/src/pages/delivery/DeliveryRequestsList.tsx:6
delivery,insuranceoptions,form,não localizada,Cancelar,click,local,navigate(-1),não aplicável,não aplicável,comprovado_local,não aplicável,não aplicável,não aplicável,idle,não localizado por superfície,apps/all-in-one/src/components/SmartCRUD.tsx:537,apps/all-in-one/src/pages/delivery/InsuranceOptionsForm.tsx:6
delivery,insuranceoptions,form,não localizada,Salvar Registro,submit,POST (criação) / PATCH (edição),/delivery/resources/insuranceoptions,"POST {user_id,payload}; PATCH {payload}; correlação e idempotência na criação","ResourceCreate {user_id,entity_id?,payload}; ResourcePatch {payload}",compativel,token com sub obrigatório,True,backend registra criação/edição aceita com ator e correlação,saving;saved;failed,contrato estático compartilhado; E2E por superfície ainda necessário,apps/all-in-one/src/components/SmartCRUD.tsx:383,apps/all-in-one/src/pages/delivery/InsuranceOptionsForm.tsx:6
delivery,insuranceoptions,list,não localizada,Pesquisar,click,GET,/delivery/resources/insuranceoptions,query/limit,lista protegida por actor_from_headers,parcial_com_fallback_local,False,True,leitura sensível não comprovada por superfície,loading;erro;sucesso,não localizado por superfície,apps/all-in-one/src/components/SmartCRUD.tsx:603,apps/all-in-one/src/pages/delivery/InsuranceOptionsList.tsx:6
delivery,insuranceoptions,list,não localizada,Novo registro,click,local,/delivery/insuranceoptions-form,navegação,não aplicável até salvar,comprovado_local,False,não aplicável,não aplicável,idle,não localizado por superfície,apps/all-in-one/src/components/SmartCRUD.tsx:612,apps/all-in-one/src/pages/delivery/InsuranceOptionsList.tsx:6
delivery,insuranceoptions,list,não localizada,Ver detalhes,click,local,modal em memória,registro já carregado,não consulta GET de detalhe,comprovado_local_sem_refresh,False,False,leitura de detalhe não auditada no clique,aberto;fechado,não localizado por superfície,apps/all-in-one/src/components/SmartCRUD.tsx:730,apps/all-in-one/src/pages/delivery/InsuranceOptionsList.tsx:6
delivery,insuranceoptions,list,não localizada,Editar,click,local,/delivery/insuranceoptions-form,registro em location.state,salvamento posterior usa PATCH ResourcePatch,compativel_via_formulario,token validado no salvamento,no salvamento,backend no salvamento,idle,contrato estático compartilhado; E2E por superfície ainda necessário,apps/all-in-one/src/components/SmartCRUD.tsx:739,apps/all-in-one/src/pages/delivery/InsuranceOptionsList.tsx:6
delivery,insuranceoptions,list,não localizada,Excluir,click,DELETE,/delivery/resources/insuranceoptions/{id},UUID e confirmação,soft delete; imutáveis/sensíveis retornam 409,parcial_com_fallback_local,False,True,backend audita somente chamada remota aceita,running;completed;failed,não localizado por superfície,apps/all-in-one/src/components/SmartCRUD.tsx:748,apps/all-in-one/src/pages/delivery/InsuranceOptionsList.tsx:6
delivery,proofs,form,não localizada,Cancelar,click,local,navigate(-1),não aplicável,não aplicável,comprovado_local,não aplicável,não aplicável,não aplicável,idle,não localizado por superfície,apps/all-in-one/src/components/SmartCRUD.tsx:537,apps/all-in-one/src/pages/delivery/ProofsForm.tsx:5
delivery,proofs,form,não localizada,Salvar Registro,submit,POST (criação) / PATCH (edição),/delivery/resources/proofs,"POST {user_id,payload}; PATCH {payload}; correlação e idempotência na criação","ResourceCreate {user_id,entity_id?,payload}; ResourcePatch {payload}",compativel,token com sub obrigatório,True,backend registra criação/edição aceita com ator e correlação,saving;saved;failed,contrato estático compartilhado; E2E por superfície ainda necessário,apps/all-in-one/src/components/SmartCRUD.tsx:383,apps/all-in-one/src/pages/delivery/ProofsForm.tsx:5
delivery,proofs,list,não localizada,Pesquisar,click,GET,/delivery/resources/proofs,query/limit,lista protegida por actor_from_headers,parcial_com_fallback_local,False,True,leitura sensível não comprovada por superfície,loading;erro;sucesso,não localizado por superfície,apps/all-in-one/src/components/SmartCRUD.tsx:603,apps/all-in-one/src/pages/delivery/ProofsList.tsx:5
delivery,proofs,list,não localizada,Novo registro,click,local,/delivery/proofs-form,navegação,não aplicável até salvar,comprovado_local,False,não aplicável,não aplicável,idle,não localizado por superfície,apps/all-in-one/src/components/SmartCRUD.tsx:612,apps/all-in-one/src/pages/delivery/ProofsList.tsx:5
delivery,proofs,list,não localizada,Ver detalhes,click,local,modal em memória,registro já carregado,não consulta GET de detalhe,comprovado_local_sem_refresh,False,False,leitura de detalhe não auditada no clique,aberto;fechado,não localizado por superfície,apps/all-in-one/src/components/SmartCRUD.tsx:730,apps/all-in-one/src/pages/delivery/ProofsList.tsx:5
delivery,proofs,list,não localizada,Editar,click,local,/delivery/proofs-form,registro em location.state,salvamento posterior usa PATCH ResourcePatch,compativel_via_formulario,token validado no salvamento,no salvamento,backend no salvamento,idle,contrato estático compartilhado; E2E por superfície ainda necessário,apps/all-in-one/src/components/SmartCRUD.tsx:739,apps/all-in-one/src/pages/delivery/ProofsList.tsx:5
delivery,proofs,list,não localizada,Excluir,click,DELETE,/delivery/resources/proofs/{id},UUID e confirmação,soft delete; imutáveis/sensíveis retornam 409,parcial_com_fallback_local,False,True,backend audita somente chamada remota aceita,running;completed;failed,não localizado por superfície,apps/all-in-one/src/components/SmartCRUD.tsx:748,apps/all-in-one/src/pages/delivery/ProofsList.tsx:5
delivery,quotes,form,não localizada,Cancelar,click,local,navigate(-1),não aplicável,não aplicável,comprovado_local,não aplicável,não aplicável,não aplicável,idle,não localizado por superfície,apps/all-in-one/src/components/SmartCRUD.tsx:537,apps/all-in-one/src/pages/delivery/QuotesForm.tsx:5
delivery,quotes,form,não localizada,Salvar Registro,submit,POST (criação) / PATCH (edição),/delivery/resources/quotes,"POST {user_id,payload}; PATCH {payload}; correlação e idempotência na criação","ResourceCreate {user_id,entity_id?,payload}; ResourcePatch {payload}",compativel,token com sub obrigatório,True,backend registra criação/edição aceita com ator e correlação,saving;saved;failed,contrato estático compartilhado; E2E por superfície ainda necessário,apps/all-in-one/src/components/SmartCRUD.tsx:383,apps/all-in-one/src/pages/delivery/QuotesForm.tsx:5
delivery,quotes,list,não localizada,Pesquisar,click,GET,/delivery/resources/quotes,query/limit,lista protegida por actor_from_headers,parcial_com_fallback_local,False,True,leitura sensível não comprovada por superfície,loading;erro;sucesso,não localizado por superfície,apps/all-in-one/src/components/SmartCRUD.tsx:603,apps/all-in-one/src/pages/delivery/QuotesList.tsx:5
delivery,quotes,list,não localizada,Novo registro,click,local,/delivery/quotes-form,navegação,não aplicável até salvar,comprovado_local,False,não aplicável,não aplicável,idle,não localizado por superfície,apps/all-in-one/src/components/SmartCRUD.tsx:612,apps/all-in-one/src/pages/delivery/QuotesList.tsx:5
delivery,quotes,list,não localizada,Ver detalhes,click,local,modal em memória,registro já carregado,não consulta GET de detalhe,comprovado_local_sem_refresh,False,False,leitura de detalhe não auditada no clique,aberto;fechado,não localizado por superfície,apps/all-in-one/src/components/SmartCRUD.tsx:730,apps/all-in-one/src/pages/delivery/QuotesList.tsx:5
delivery,quotes,list,não localizada,Editar,click,local,/delivery/quotes-form,registro em location.state,salvamento posterior usa PATCH ResourcePatch,compativel_via_formulario,token validado no salvamento,no salvamento,backend no salvamento,idle,contrato estático compartilhado; E2E por superfície ainda necessário,apps/all-in-one/src/components/SmartCRUD.tsx:739,apps/all-in-one/src/pages/delivery/QuotesList.tsx:5
delivery,quotes,list,não localizada,Excluir,click,DELETE,/delivery/resources/quotes/{id},UUID e confirmação,soft delete; imutáveis/sensíveis retornam 409,parcial_com_fallback_local,False,True,backend audita somente chamada remota aceita,running;completed;failed,não localizado por superfície,apps/all-in-one/src/components/SmartCRUD.tsx:748,apps/all-in-one/src/pages/delivery/QuotesList.tsx:5
document,documentpermissions,list,não localizada,Pesquisar,click,GET,/document/resources/documentpermissions,query/limit,lista protegida por actor_from_headers,parcial_com_fallback_local,False,True,leitura sensível não comprovada por superfície,loading;erro;sucesso,não localizado por superfície,apps/all-in-one/src/components/SmartCRUD.tsx:603,apps/all-in-one/src/pages/document/DocumentPermissions.tsx:6
document,documentpermissions,list,não localizada,Novo registro,click,local,/document/documentpermissions-form,navegação,não aplicável até salvar,comprovado_local,False,não aplicável,não aplicável,idle,não localizado por superfície,apps/all-in-one/src/components/SmartCRUD.tsx:612,apps/all-in-one/src/pages/document/DocumentPermissions.tsx:6
document,documentpermissions,list,não localizada,Ver detalhes,click,local,modal em memória,registro já carregado,não consulta GET de detalhe,comprovado_local_sem_refresh,False,False,leitura de detalhe não auditada no clique,aberto;fechado,não localizado por superfície,apps/all-in-one/src/components/SmartCRUD.tsx:730,apps/all-in-one/src/pages/document/DocumentPermissions.tsx:6
document,documentpermissions,list,não localizada,Editar,click,local,/document/documentpermissions-form,registro em location.state,salvamento posterior usa PATCH ResourcePatch,compativel_via_formulario,token validado no salvamento,no salvamento,backend no salvamento,idle,contrato estático compartilhado; E2E por superfície ainda necessário,apps/all-in-one/src/components/SmartCRUD.tsx:739,apps/all-in-one/src/pages/document/DocumentPermissions.tsx:6
document,documentpermissions,list,não localizada,Excluir,click,DELETE,/document/resources/documentpermissions/{id},UUID e confirmação,soft delete; imutáveis/sensíveis retornam 409,parcial_com_fallback_local,False,True,backend audita somente chamada remota aceita,running;completed;failed,não localizado por superfície,apps/all-in-one/src/components/SmartCRUD.tsx:748,apps/all-in-one/src/pages/document/DocumentPermissions.tsx:6
document,documents,form,não localizada,Cancelar,click,local,navigate(-1),não aplicável,não aplicável,comprovado_local,não aplicável,não aplicável,não aplicável,idle,não localizado por superfície,apps/all-in-one/src/components/SmartCRUD.tsx:537,apps/all-in-one/src/pages/document/DocumentsForm.tsx:5
document,documents,form,não localizada,Salvar Registro,submit,POST (criação) / PATCH (edição),/document/resources/documents,"POST {user_id,payload}; PATCH {payload}; correlação e idempotência na criação","ResourceCreate {user_id,entity_id?,payload}; ResourcePatch {payload}",compativel,token com sub obrigatório,True,backend registra criação/edição aceita com ator e correlação,saving;saved;failed,contrato estático compartilhado; E2E por superfície ainda necessário,apps/all-in-one/src/components/SmartCRUD.tsx:383,apps/all-in-one/src/pages/document/DocumentsForm.tsx:5
document,documents,list,não localizada,Pesquisar,click,GET,/document/resources/documents,query/limit,lista protegida por actor_from_headers,parcial_com_fallback_local,False,True,leitura sensível não comprovada por superfície,loading;erro;sucesso,não localizado por superfície,apps/all-in-one/src/components/SmartCRUD.tsx:603,apps/all-in-one/src/pages/document/DocumentsList.tsx:5
document,documents,list,não localizada,Novo registro,click,local,/document/documents-form,navegação,não aplicável até salvar,comprovado_local,False,não aplicável,não aplicável,idle,não localizado por superfície,apps/all-in-one/src/components/SmartCRUD.tsx:612,apps/all-in-one/src/pages/document/DocumentsList.tsx:5
document,documents,list,não localizada,Ver detalhes,click,local,modal em memória,registro já carregado,não consulta GET de detalhe,comprovado_local_sem_refresh,False,False,leitura de detalhe não auditada no clique,aberto;fechado,não localizado por superfície,apps/all-in-one/src/components/SmartCRUD.tsx:730,apps/all-in-one/src/pages/document/DocumentsList.tsx:5
document,documents,list,não localizada,Editar,click,local,/document/documents-form,registro em location.state,salvamento posterior usa PATCH ResourcePatch,compativel_via_formulario,token validado no salvamento,no salvamento,backend no salvamento,idle,contrato estático compartilhado; E2E por superfície ainda necessário,apps/all-in-one/src/components/SmartCRUD.tsx:739,apps/all-in-one/src/pages/document/DocumentsList.tsx:5
document,documents,list,não localizada,Excluir,click,DELETE,/document/resources/documents/{id},UUID e confirmação,soft delete; imutáveis/sensíveis retornam 409,parcial_com_fallback_local,False,True,backend audita somente chamada remota aceita,running;completed;failed,não localizado por superfície,apps/all-in-one/src/components/SmartCRUD.tsx:748,apps/all-in-one/src/pages/document/DocumentsList.tsx:5
document,folders,form,não localizada,Cancelar,click,local,navigate(-1),não aplicável,não aplicável,comprovado_local,não aplicável,não aplicável,não aplicável,idle,não localizado por superfície,apps/all-in-one/src/components/SmartCRUD.tsx:537,apps/all-in-one/src/pages/document/FoldersForm.tsx:5
document,folders,form,não localizada,Salvar Registro,submit,POST (criação) / PATCH (edição),/document/resources/folders,"POST {user_id,payload}; PATCH {payload}; correlação e idempotência na criação","ResourceCreate {user_id,entity_id?,payload}; ResourcePatch {payload}",compativel,token com sub obrigatório,True,backend registra criação/edição aceita com ator e correlação,saving;saved;failed,contrato estático compartilhado; E2E por superfície ainda necessário,apps/all-in-one/src/components/SmartCRUD.tsx:383,apps/all-in-one/src/pages/document/FoldersForm.tsx:5
document,folders,list,não localizada,Pesquisar,click,GET,/document/resources/folders,query/limit,lista protegida por actor_from_headers,parcial_com_fallback_local,False,True,leitura sensível não comprovada por superfície,loading;erro;sucesso,não localizado por superfície,apps/all-in-one/src/components/SmartCRUD.tsx:603,apps/all-in-one/src/pages/document/FoldersList.tsx:5
document,folders,list,não localizada,Novo registro,click,local,/document/folders-form,navegação,não aplicável até salvar,comprovado_local,False,não aplicável,não aplicável,idle,não localizado por superfície,apps/all-in-one/src/components/SmartCRUD.tsx:612,apps/all-in-one/src/pages/document/FoldersList.tsx:5
document,folders,list,não localizada,Ver detalhes,click,local,modal em memória,registro já carregado,não consulta GET de detalhe,comprovado_local_sem_refresh,False,False,leitura de detalhe não auditada no clique,aberto;fechado,não localizado por superfície,apps/all-in-one/src/components/SmartCRUD.tsx:730,apps/all-in-one/src/pages/document/FoldersList.tsx:5
document,folders,list,não localizada,Editar,click,local,/document/folders-form,registro em location.state,salvamento posterior usa PATCH ResourcePatch,compativel_via_formulario,token validado no salvamento,no salvamento,backend no salvamento,idle,contrato estático compartilhado; E2E por superfície ainda necessário,apps/all-in-one/src/components/SmartCRUD.tsx:739,apps/all-in-one/src/pages/document/FoldersList.tsx:5
document,folders,list,não localizada,Excluir,click,DELETE,/document/resources/folders/{id},UUID e confirmação,soft delete; imutáveis/sensíveis retornam 409,parcial_com_fallback_local,False,True,backend audita somente chamada remota aceita,running;completed;failed,não localizado por superfície,apps/all-in-one/src/components/SmartCRUD.tsx:748,apps/all-in-one/src/pages/document/FoldersList.tsx:5
document,retentionpolicies,form,não localizada,Cancelar,click,local,navigate(-1),não aplicável,não aplicável,comprovado_local,não aplicável,não aplicável,não aplicável,idle,não localizado por superfície,apps/all-in-one/src/components/SmartCRUD.tsx:537,apps/all-in-one/src/pages/document/RetentionPoliciesForm.tsx:6
document,retentionpolicies,form,não localizada,Salvar Registro,submit,POST (criação) / PATCH (edição),/document/resources/retentionpolicies,"POST {user_id,payload}; PATCH {payload}; correlação e idempotência na criação","ResourceCreate {user_id,entity_id?,payload}; ResourcePatch {payload}",compativel,token com sub obrigatório,True,backend registra criação/edição aceita com ator e correlação,saving;saved;failed,contrato estático compartilhado; E2E por superfície ainda necessário,apps/all-in-one/src/components/SmartCRUD.tsx:383,apps/all-in-one/src/pages/document/RetentionPoliciesForm.tsx:6
document,retentionpolicies,list,não localizada,Pesquisar,click,GET,/document/resources/retentionpolicies,query/limit,lista protegida por actor_from_headers,parcial_com_fallback_local,False,True,leitura sensível não comprovada por superfície,loading;erro;sucesso,não localizado por superfície,apps/all-in-one/src/components/SmartCRUD.tsx:603,apps/all-in-one/src/pages/document/RetentionPoliciesList.tsx:6
document,retentionpolicies,list,não localizada,Novo registro,click,local,/document/retentionpolicies-form,navegação,não aplicável até salvar,comprovado_local,False,não aplicável,não aplicável,idle,não localizado por superfície,apps/all-in-one/src/components/SmartCRUD.tsx:612,apps/all-in-one/src/pages/document/RetentionPoliciesList.tsx:6
document,retentionpolicies,list,não localizada,Ver detalhes,click,local,modal em memória,registro já carregado,não consulta GET de detalhe,comprovado_local_sem_refresh,False,False,leitura de detalhe não auditada no clique,aberto;fechado,não localizado por superfície,apps/all-in-one/src/components/SmartCRUD.tsx:730,apps/all-in-one/src/pages/document/RetentionPoliciesList.tsx:6
document,retentionpolicies,list,não localizada,Editar,click,local,/document/retentionpolicies-form,registro em location.state,salvamento posterior usa PATCH ResourcePatch,compativel_via_formulario,token validado no salvamento,no salvamento,backend no salvamento,idle,contrato estático compartilhado; E2E por superfície ainda necessário,apps/all-in-one/src/components/SmartCRUD.tsx:739,apps/all-in-one/src/pages/document/RetentionPoliciesList.tsx:6
document,retentionpolicies,list,não localizada,Excluir,click,DELETE,/document/resources/retentionpolicies/{id},UUID e confirmação,soft delete; imutáveis/sensíveis retornam 409,parcial_com_fallback_local,False,True,backend audita somente chamada remota aceita,running;completed;failed,não localizado por superfície,apps/all-in-one/src/components/SmartCRUD.tsx:748,apps/all-in-one/src/pages/document/RetentionPoliciesList.tsx:6
document,versions,form,não localizada,Cancelar,click,local,navigate(-1),não aplicável,não aplicável,comprovado_local,não aplicável,não aplicável,não aplicável,idle,não localizado por superfície,apps/all-in-one/src/components/SmartCRUD.tsx:537,apps/all-in-one/src/pages/document/VersionsForm.tsx:5
document,versions,form,não localizada,Salvar Registro,submit,POST (criação) / PATCH (edição),/document/resources/versions,"POST {user_id,payload}; PATCH {payload}; correlação e idempotência na criação","ResourceCreate {user_id,entity_id?,payload}; ResourcePatch {payload}",compativel,token com sub obrigatório,True,backend registra criação/edição aceita com ator e correlação,saving;saved;failed,contrato estático compartilhado; E2E por superfície ainda necessário,apps/all-in-one/src/components/SmartCRUD.tsx:383,apps/all-in-one/src/pages/document/VersionsForm.tsx:5
document,versions,list,não localizada,Pesquisar,click,GET,/document/resources/versions,query/limit,lista protegida por actor_from_headers,parcial_com_fallback_local,False,True,leitura sensível não comprovada por superfície,loading;erro;sucesso,não localizado por superfície,apps/all-in-one/src/components/SmartCRUD.tsx:603,apps/all-in-one/src/pages/document/VersionsList.tsx:5
document,versions,list,não localizada,Novo registro,click,local,/document/versions-form,navegação,não aplicável até salvar,comprovado_local,False,não aplicável,não aplicável,idle,não localizado por superfície,apps/all-in-one/src/components/SmartCRUD.tsx:612,apps/all-in-one/src/pages/document/VersionsList.tsx:5
document,versions,list,não localizada,Ver detalhes,click,local,modal em memória,registro já carregado,não consulta GET de detalhe,comprovado_local_sem_refresh,False,False,leitura de detalhe não auditada no clique,aberto;fechado,não localizado por superfície,apps/all-in-one/src/components/SmartCRUD.tsx:730,apps/all-in-one/src/pages/document/VersionsList.tsx:5
document,versions,list,não localizada,Editar,click,local,/document/versions-form,registro em location.state,salvamento posterior usa PATCH ResourcePatch,compativel_via_formulario,token validado no salvamento,no salvamento,backend no salvamento,idle,contrato estático compartilhado; E2E por superfície ainda necessário,apps/all-in-one/src/components/SmartCRUD.tsx:739,apps/all-in-one/src/pages/document/VersionsList.tsx:5
document,versions,list,não localizada,Excluir,click,DELETE,/document/resources/versions/{id},UUID e confirmação,soft delete; imutáveis/sensíveis retornam 409,parcial_com_fallback_local,False,True,backend audita somente chamada remota aceita,running;completed;failed,não localizado por superfície,apps/all-in-one/src/components/SmartCRUD.tsx:748,apps/all-in-one/src/pages/document/VersionsList.tsx:5
erp,accounts,form,não localizada,Cancelar,click,local,navigate(-1),não aplicável,não aplicável,comprovado_local,não aplicável,não aplicável,não aplicável,idle,não localizado por superfície,apps/all-in-one/src/components/SmartCRUD.tsx:537,apps/all-in-one/src/pages/erp/AccountsForm.tsx:5
erp,accounts,form,não localizada,Salvar Registro,submit,POST (criação) / PATCH (edição),/erp/resources/accounts,"POST {user_id,payload}; PATCH {payload}; correlação e idempotência na criação","ResourceCreate {user_id,entity_id?,payload}; ResourcePatch {payload}",compativel,token com sub obrigatório,True,backend registra criação/edição aceita com ator e correlação,saving;saved;failed,contrato estático compartilhado; E2E por superfície ainda necessário,apps/all-in-one/src/components/SmartCRUD.tsx:383,apps/all-in-one/src/pages/erp/AccountsForm.tsx:5
erp,accounts,list,não localizada,Pesquisar,click,GET,/erp/resources/accounts,query/limit,lista protegida por actor_from_headers,parcial_com_fallback_local,False,True,leitura sensível não comprovada por superfície,loading;erro;sucesso,não localizado por superfície,apps/all-in-one/src/components/SmartCRUD.tsx:603,apps/all-in-one/src/pages/erp/AccountsList.tsx:5
erp,accounts,list,não localizada,Novo registro,click,local,/erp/accounts-form,navegação,não aplicável até salvar,comprovado_local,False,não aplicável,não aplicável,idle,não localizado por superfície,apps/all-in-one/src/components/SmartCRUD.tsx:612,apps/all-in-one/src/pages/erp/AccountsList.tsx:5
erp,accounts,list,não localizada,Ver detalhes,click,local,modal em memória,registro já carregado,não consulta GET de detalhe,comprovado_local_sem_refresh,False,False,leitura de detalhe não auditada no clique,aberto;fechado,não localizado por superfície,apps/all-in-one/src/components/SmartCRUD.tsx:730,apps/all-in-one/src/pages/erp/AccountsList.tsx:5
erp,accounts,list,não localizada,Editar,click,local,/erp/accounts-form,registro em location.state,salvamento posterior usa PATCH ResourcePatch,compativel_via_formulario,token validado no salvamento,no salvamento,backend no salvamento,idle,contrato estático compartilhado; E2E por superfície ainda necessário,apps/all-in-one/src/components/SmartCRUD.tsx:739,apps/all-in-one/src/pages/erp/AccountsList.tsx:5
erp,accounts,list,não localizada,Excluir,click,DELETE,/erp/resources/accounts/{id},UUID e confirmação,soft delete; imutáveis/sensíveis retornam 409,parcial_com_fallback_local,False,True,backend audita somente chamada remota aceita,running;completed;failed,não localizado por superfície,apps/all-in-one/src/components/SmartCRUD.tsx:748,apps/all-in-one/src/pages/erp/AccountsList.tsx:5
erp,costcenters,form,não localizada,Cancelar,click,local,navigate(-1),não aplicável,não aplicável,comprovado_local,não aplicável,não aplicável,não aplicável,idle,não localizado por superfície,apps/all-in-one/src/components/SmartCRUD.tsx:537,apps/all-in-one/src/pages/erp/CostCentersForm.tsx:5
erp,costcenters,form,não localizada,Salvar Registro,submit,POST (criação) / PATCH (edição),/erp/resources/costcenters,"POST {user_id,payload}; PATCH {payload}; correlação e idempotência na criação","ResourceCreate {user_id,entity_id?,payload}; ResourcePatch {payload}",compativel,token com sub obrigatório,True,backend registra criação/edição aceita com ator e correlação,saving;saved;failed,contrato estático compartilhado; E2E por superfície ainda necessário,apps/all-in-one/src/components/SmartCRUD.tsx:383,apps/all-in-one/src/pages/erp/CostCentersForm.tsx:5
erp,costcenters,list,não localizada,Pesquisar,click,GET,/erp/resources/costcenters,query/limit,lista protegida por actor_from_headers,parcial_com_fallback_local,False,True,leitura sensível não comprovada por superfície,loading;erro;sucesso,não localizado por superfície,apps/all-in-one/src/components/SmartCRUD.tsx:603,apps/all-in-one/src/pages/erp/CostCentersList.tsx:5
erp,costcenters,list,não localizada,Novo registro,click,local,/erp/costcenters-form,navegação,não aplicável até salvar,comprovado_local,False,não aplicável,não aplicável,idle,não localizado por superfície,apps/all-in-one/src/components/SmartCRUD.tsx:612,apps/all-in-one/src/pages/erp/CostCentersList.tsx:5
erp,costcenters,list,não localizada,Ver detalhes,click,local,modal em memória,registro já carregado,não consulta GET de detalhe,comprovado_local_sem_refresh,False,False,leitura de detalhe não auditada no clique,aberto;fechado,não localizado por superfície,apps/all-in-one/src/components/SmartCRUD.tsx:730,apps/all-in-one/src/pages/erp/CostCentersList.tsx:5
erp,costcenters,list,não localizada,Editar,click,local,/erp/costcenters-form,registro em location.state,salvamento posterior usa PATCH ResourcePatch,compativel_via_formulario,token validado no salvamento,no salvamento,backend no salvamento,idle,contrato estático compartilhado; E2E por superfície ainda necessário,apps/all-in-one/src/components/SmartCRUD.tsx:739,apps/all-in-one/src/pages/erp/CostCentersList.tsx:5
erp,costcenters,list,não localizada,Excluir,click,DELETE,/erp/resources/costcenters/{id},UUID e confirmação,soft delete; imutáveis/sensíveis retornam 409,parcial_com_fallback_local,False,True,backend audita somente chamada remota aceita,running;completed;failed,não localizado por superfície,apps/all-in-one/src/components/SmartCRUD.tsx:748,apps/all-in-one/src/pages/erp/CostCentersList.tsx:5
erp,erppermissions,list,não localizada,Pesquisar,click,GET,/erp/resources/erppermissions,query/limit,lista protegida por actor_from_headers,parcial_com_fallback_local,False,True,leitura sensível não comprovada por superfície,loading;erro;sucesso,não localizado por superfície,apps/all-in-one/src/components/SmartCRUD.tsx:603,apps/all-in-one/src/pages/erp/ErpPermissions.tsx:5
erp,erppermissions,list,não localizada,Novo registro,click,local,/erp/erppermissions-form,navegação,não aplicável até salvar,comprovado_local,False,não aplicável,não aplicável,idle,não localizado por superfície,apps/all-in-one/src/components/SmartCRUD.tsx:612,apps/all-in-one/src/pages/erp/ErpPermissions.tsx:5
erp,erppermissions,list,não localizada,Ver detalhes,click,local,modal em memória,registro já carregado,não consulta GET de detalhe,comprovado_local_sem_refresh,False,False,leitura de detalhe não auditada no clique,aberto;fechado,não localizado por superfície,apps/all-in-one/src/components/SmartCRUD.tsx:730,apps/all-in-one/src/pages/erp/ErpPermissions.tsx:5
erp,erppermissions,list,não localizada,Editar,click,local,/erp/erppermissions-form,registro em location.state,salvamento posterior usa PATCH ResourcePatch,compativel_via_formulario,token validado no salvamento,no salvamento,backend no salvamento,idle,contrato estático compartilhado; E2E por superfície ainda necessário,apps/all-in-one/src/components/SmartCRUD.tsx:739,apps/all-in-one/src/pages/erp/ErpPermissions.tsx:5
erp,erppermissions,list,não localizada,Excluir,click,DELETE,/erp/resources/erppermissions/{id},UUID e confirmação,soft delete; imutáveis/sensíveis retornam 409,parcial_com_fallback_local,False,True,backend audita somente chamada remota aceita,running;completed;failed,não localizado por superfície,apps/all-in-one/src/components/SmartCRUD.tsx:748,apps/all-in-one/src/pages/erp/ErpPermissions.tsx:5
erp,fiscaldocuments,form,não localizada,Cancelar,click,local,navigate(-1),não aplicável,não aplicável,comprovado_local,não aplicável,não aplicável,não aplicável,idle,não localizado por superfície,apps/all-in-one/src/components/SmartCRUD.tsx:537,apps/all-in-one/src/pages/erp/FiscalDocumentsForm.tsx:5
erp,fiscaldocuments,form,não localizada,Salvar Registro,submit,POST (criação) / PATCH (edição),/erp/resources/fiscaldocuments,"POST {user_id,payload}; PATCH {payload}; correlação e idempotência na criação","ResourceCreate {user_id,entity_id?,payload}; ResourcePatch {payload}",compativel,token com sub obrigatório,True,backend registra criação/edição aceita com ator e correlação,saving;saved;failed,contrato estático compartilhado; E2E por superfície ainda necessário,apps/all-in-one/src/components/SmartCRUD.tsx:383,apps/all-in-one/src/pages/erp/FiscalDocumentsForm.tsx:5
erp,fiscaldocuments,list,não localizada,Pesquisar,click,GET,/erp/resources/fiscaldocuments,query/limit,lista protegida por actor_from_headers,parcial_com_fallback_local,False,True,leitura sensível não comprovada por superfície,loading;erro;sucesso,não localizado por superfície,apps/all-in-one/src/components/SmartCRUD.tsx:603,apps/all-in-one/src/pages/erp/FiscalDocumentsList.tsx:5
erp,fiscaldocuments,list,não localizada,Novo registro,click,local,/erp/fiscaldocuments-form,navegação,não aplicável até salvar,comprovado_local,False,não aplicável,não aplicável,idle,não localizado por superfície,apps/all-in-one/src/components/SmartCRUD.tsx:612,apps/all-in-one/src/pages/erp/FiscalDocumentsList.tsx:5
erp,fiscaldocuments,list,não localizada,Ver detalhes,click,local,modal em memória,registro já carregado,não consulta GET de detalhe,comprovado_local_sem_refresh,False,False,leitura de detalhe não auditada no clique,aberto;fechado,não localizado por superfície,apps/all-in-one/src/components/SmartCRUD.tsx:730,apps/all-in-one/src/pages/erp/FiscalDocumentsList.tsx:5
erp,fiscaldocuments,list,não localizada,Editar,click,local,/erp/fiscaldocuments-form,registro em location.state,salvamento posterior usa PATCH ResourcePatch,compativel_via_formulario,token validado no salvamento,no salvamento,backend no salvamento,idle,contrato estático compartilhado; E2E por superfície ainda necessário,apps/all-in-one/src/components/SmartCRUD.tsx:739,apps/all-in-one/src/pages/erp/FiscalDocumentsList.tsx:5
erp,fiscaldocuments,list,não localizada,Excluir,click,DELETE,/erp/resources/fiscaldocuments/{id},UUID e confirmação,soft delete; imutáveis/sensíveis retornam 409,parcial_com_fallback_local,False,True,backend audita somente chamada remota aceita,running;completed;failed,não localizado por superfície,apps/all-in-one/src/components/SmartCRUD.tsx:748,apps/all-in-one/src/pages/erp/FiscalDocumentsList.tsx:5
erp,payables,form,não localizada,Cancelar,click,local,navigate(-1),não aplicável,não aplicável,comprovado_local,não aplicável,não aplicável,não aplicável,idle,não localizado por superfície,apps/all-in-one/src/components/SmartCRUD.tsx:537,apps/all-in-one/src/pages/erp/PayablesForm.tsx:5
erp,payables,form,não localizada,Salvar Registro,submit,POST (criação) / PATCH (edição),/erp/resources/payables,"POST {user_id,payload}; PATCH {payload}; correlação e idempotência na criação","ResourceCreate {user_id,entity_id?,payload}; ResourcePatch {payload}",compativel,token com sub obrigatório,True,backend registra criação/edição aceita com ator e correlação,saving;saved;failed,contrato estático compartilhado; E2E por superfície ainda necessário,apps/all-in-one/src/components/SmartCRUD.tsx:383,apps/all-in-one/src/pages/erp/PayablesForm.tsx:5
erp,payables,list,não localizada,Pesquisar,click,GET,/erp/resources/payables,query/limit,lista protegida por actor_from_headers,parcial_com_fallback_local,False,True,leitura sensível não comprovada por superfície,loading;erro;sucesso,não localizado por superfície,apps/all-in-one/src/components/SmartCRUD.tsx:603,apps/all-in-one/src/pages/erp/PayablesList.tsx:5
erp,payables,list,não localizada,Novo registro,click,local,/erp/payables-form,navegação,não aplicável até salvar,comprovado_local,False,não aplicável,não aplicável,idle,não localizado por superfície,apps/all-in-one/src/components/SmartCRUD.tsx:612,apps/all-in-one/src/pages/erp/PayablesList.tsx:5
erp,payables,list,não localizada,Ver detalhes,click,local,modal em memória,registro já carregado,não consulta GET de detalhe,comprovado_local_sem_refresh,False,False,leitura de detalhe não auditada no clique,aberto;fechado,não localizado por superfície,apps/all-in-one/src/components/SmartCRUD.tsx:730,apps/all-in-one/src/pages/erp/PayablesList.tsx:5
erp,payables,list,não localizada,Editar,click,local,/erp/payables-form,registro em location.state,salvamento posterior usa PATCH ResourcePatch,compativel_via_formulario,token validado no salvamento,no salvamento,backend no salvamento,idle,contrato estático compartilhado; E2E por superfície ainda necessário,apps/all-in-one/src/components/SmartCRUD.tsx:739,apps/all-in-one/src/pages/erp/PayablesList.tsx:5
erp,payables,list,não localizada,Excluir,click,DELETE,/erp/resources/payables/{id},UUID e confirmação,soft delete; imutáveis/sensíveis retornam 409,parcial_com_fallback_local,False,True,backend audita somente chamada remota aceita,running;completed;failed,não localizado por superfície,apps/all-in-one/src/components/SmartCRUD.tsx:748,apps/all-in-one/src/pages/erp/PayablesList.tsx:5
erp,receivables,form,não localizada,Cancelar,click,local,navigate(-1),não aplicável,não aplicável,comprovado_local,não aplicável,não aplicável,não aplicável,idle,não localizado por superfície,apps/all-in-one/src/components/SmartCRUD.tsx:537,apps/all-in-one/src/pages/erp/ReceivablesForm.tsx:5
erp,receivables,form,não localizada,Salvar Registro,submit,POST (criação) / PATCH (edição),/erp/resources/receivables,"POST {user_id,payload}; PATCH {payload}; correlação e idempotência na criação","ResourceCreate {user_id,entity_id?,payload}; ResourcePatch {payload}",compativel,token com sub obrigatório,True,backend registra criação/edição aceita com ator e correlação,saving;saved;failed,contrato estático compartilhado; E2E por superfície ainda necessário,apps/all-in-one/src/components/SmartCRUD.tsx:383,apps/all-in-one/src/pages/erp/ReceivablesForm.tsx:5
erp,receivables,list,não localizada,Pesquisar,click,GET,/erp/resources/receivables,query/limit,lista protegida por actor_from_headers,parcial_com_fallback_local,False,True,leitura sensível não comprovada por superfície,loading;erro;sucesso,não localizado por superfície,apps/all-in-one/src/components/SmartCRUD.tsx:603,apps/all-in-one/src/pages/erp/ReceivablesList.tsx:5
erp,receivables,list,não localizada,Novo registro,click,local,/erp/receivables-form,navegação,não aplicável até salvar,comprovado_local,False,não aplicável,não aplicável,idle,não localizado por superfície,apps/all-in-one/src/components/SmartCRUD.tsx:612,apps/all-in-one/src/pages/erp/ReceivablesList.tsx:5
erp,receivables,list,não localizada,Ver detalhes,click,local,modal em memória,registro já carregado,não consulta GET de detalhe,comprovado_local_sem_refresh,False,False,leitura de detalhe não auditada no clique,aberto;fechado,não localizado por superfície,apps/all-in-one/src/components/SmartCRUD.tsx:730,apps/all-in-one/src/pages/erp/ReceivablesList.tsx:5
erp,receivables,list,não localizada,Editar,click,local,/erp/receivables-form,registro em location.state,salvamento posterior usa PATCH ResourcePatch,compativel_via_formulario,token validado no salvamento,no salvamento,backend no salvamento,idle,contrato estático compartilhado; E2E por superfície ainda necessário,apps/all-in-one/src/components/SmartCRUD.tsx:739,apps/all-in-one/src/pages/erp/ReceivablesList.tsx:5
erp,receivables,list,não localizada,Excluir,click,DELETE,/erp/resources/receivables/{id},UUID e confirmação,soft delete; imutáveis/sensíveis retornam 409,parcial_com_fallback_local,False,True,backend audita somente chamada remota aceita,running;completed;failed,não localizado por superfície,apps/all-in-one/src/components/SmartCRUD.tsx:748,apps/all-in-one/src/pages/erp/ReceivablesList.tsx:5
finance,escrows,form,não localizada,Cancelar,click,local,navigate(-1),não aplicável,não aplicável,comprovado_local,não aplicável,não aplicável,não aplicável,idle,não localizado por superfície,apps/all-in-one/src/components/SmartCRUD.tsx:537,apps/all-in-one/src/pages/finance/EscrowsForm.tsx:5
finance,escrows,form,não localizada,Salvar Registro,submit,POST (criação) / PATCH (edição),/finance/resources/escrows,"POST {user_id,payload}; PATCH {payload}; correlação e idempotência na criação","ResourceCreate {user_id,entity_id?,payload}; ResourcePatch {payload}",compativel,token com sub obrigatório,True,backend registra criação/edição aceita com ator e correlação,saving;saved;failed,contrato estático compartilhado; E2E por superfície ainda necessário,apps/all-in-one/src/components/SmartCRUD.tsx:383,apps/all-in-one/src/pages/finance/EscrowsForm.tsx:5
finance,escrows,list,não localizada,Pesquisar,click,GET,/finance/resources/escrows,query/limit,lista protegida por actor_from_headers,parcial_com_fallback_local,False,True,leitura sensível não comprovada por superfície,loading;erro;sucesso,não localizado por superfície,apps/all-in-one/src/components/SmartCRUD.tsx:603,apps/all-in-one/src/pages/finance/EscrowsList.tsx:5
finance,escrows,list,não localizada,Novo registro,click,local,/finance/escrows-form,navegação,não aplicável até salvar,comprovado_local,False,não aplicável,não aplicável,idle,não localizado por superfície,apps/all-in-one/src/components/SmartCRUD.tsx:612,apps/all-in-one/src/pages/finance/EscrowsList.tsx:5
finance,escrows,list,não localizada,Ver detalhes,click,local,modal em memória,registro já carregado,não consulta GET de detalhe,comprovado_local_sem_refresh,False,False,leitura de detalhe não auditada no clique,aberto;fechado,não localizado por superfície,apps/all-in-one/src/components/SmartCRUD.tsx:730,apps/all-in-one/src/pages/finance/EscrowsList.tsx:5
finance,escrows,list,não localizada,Editar,click,local,/finance/escrows-form,registro em location.state,salvamento posterior usa PATCH ResourcePatch,compativel_via_formulario,token validado no salvamento,no salvamento,backend no salvamento,idle,contrato estático compartilhado; E2E por superfície ainda necessário,apps/all-in-one/src/components/SmartCRUD.tsx:739,apps/all-in-one/src/pages/finance/EscrowsList.tsx:5
finance,escrows,list,não localizada,Excluir,click,DELETE,/finance/resources/escrows/{id},UUID e confirmação,soft delete; imutáveis/sensíveis retornam 409,parcial_com_fallback_local,False,True,backend audita somente chamada remota aceita,running;completed;failed,não localizado por superfície,apps/all-in-one/src/components/SmartCRUD.tsx:748,apps/all-in-one/src/pages/finance/EscrowsList.tsx:5
finance,financepermissions,list,não localizada,Pesquisar,click,GET,/finance/resources/financepermissions,query/limit,lista protegida por actor_from_headers,parcial_com_fallback_local,False,True,leitura sensível não comprovada por superfície,loading;erro;sucesso,não localizado por superfície,apps/all-in-one/src/components/SmartCRUD.tsx:603,apps/all-in-one/src/pages/finance/FinancePermissions.tsx:6
finance,financepermissions,list,não localizada,Novo registro,click,local,/finance/financepermissions-form,navegação,não aplicável até salvar,comprovado_local,False,não aplicável,não aplicável,idle,não localizado por superfície,apps/all-in-one/src/components/SmartCRUD.tsx:612,apps/all-in-one/src/pages/finance/FinancePermissions.tsx:6
finance,financepermissions,list,não localizada,Ver detalhes,click,local,modal em memória,registro já carregado,não consulta GET de detalhe,comprovado_local_sem_refresh,False,False,leitura de detalhe não auditada no clique,aberto;fechado,não localizado por superfície,apps/all-in-one/src/components/SmartCRUD.tsx:730,apps/all-in-one/src/pages/finance/FinancePermissions.tsx:6
finance,financepermissions,list,não localizada,Editar,click,local,/finance/financepermissions-form,registro em location.state,salvamento posterior usa PATCH ResourcePatch,compativel_via_formulario,token validado no salvamento,no salvamento,backend no salvamento,idle,contrato estático compartilhado; E2E por superfície ainda necessário,apps/all-in-one/src/components/SmartCRUD.tsx:739,apps/all-in-one/src/pages/finance/FinancePermissions.tsx:6
finance,financepermissions,list,não localizada,Excluir,click,DELETE,/finance/resources/financepermissions/{id},UUID e confirmação,soft delete; imutáveis/sensíveis retornam 409,parcial_com_fallback_local,False,True,backend audita somente chamada remota aceita,running;completed;failed,não localizado por superfície,apps/all-in-one/src/components/SmartCRUD.tsx:748,apps/all-in-one/src/pages/finance/FinancePermissions.tsx:6
finance,invoices,form,não localizada,Cancelar,click,local,navigate(-1),não aplicável,não aplicável,comprovado_local,não aplicável,não aplicável,não aplicável,idle,não localizado por superfície,apps/all-in-one/src/components/SmartCRUD.tsx:537,apps/all-in-one/src/pages/finance/InvoicesForm.tsx:5
finance,invoices,form,não localizada,Salvar Registro,submit,POST (criação) / PATCH (edição),/finance/resources/invoices,"POST {user_id,payload}; PATCH {payload}; correlação e idempotência na criação","ResourceCreate {user_id,entity_id?,payload}; ResourcePatch {payload}",compativel,token com sub obrigatório,True,backend registra criação/edição aceita com ator e correlação,saving;saved;failed,contrato estático compartilhado; E2E por superfície ainda necessário,apps/all-in-one/src/components/SmartCRUD.tsx:383,apps/all-in-one/src/pages/finance/InvoicesForm.tsx:5
finance,invoices,list,não localizada,Pesquisar,click,GET,/finance/resources/invoices,query/limit,lista protegida por actor_from_headers,parcial_com_fallback_local,False,True,leitura sensível não comprovada por superfície,loading;erro;sucesso,não localizado por superfície,apps/all-in-one/src/components/SmartCRUD.tsx:603,apps/all-in-one/src/pages/finance/InvoicesList.tsx:5
finance,invoices,list,não localizada,Novo registro,click,local,/finance/invoices-form,navegação,não aplicável até salvar,comprovado_local,False,não aplicável,não aplicável,idle,não localizado por superfície,apps/all-in-one/src/components/SmartCRUD.tsx:612,apps/all-in-one/src/pages/finance/InvoicesList.tsx:5
finance,invoices,list,não localizada,Ver detalhes,click,local,modal em memória,registro já carregado,não consulta GET de detalhe,comprovado_local_sem_refresh,False,False,leitura de detalhe não auditada no clique,aberto;fechado,não localizado por superfície,apps/all-in-one/src/components/SmartCRUD.tsx:730,apps/all-in-one/src/pages/finance/InvoicesList.tsx:5
finance,invoices,list,não localizada,Editar,click,local,/finance/invoices-form,registro em location.state,salvamento posterior usa PATCH ResourcePatch,compativel_via_formulario,token validado no salvamento,no salvamento,backend no salvamento,idle,contrato estático compartilhado; E2E por superfície ainda necessário,apps/all-in-one/src/components/SmartCRUD.tsx:739,apps/all-in-one/src/pages/finance/InvoicesList.tsx:5
finance,invoices,list,não localizada,Excluir,click,DELETE,/finance/resources/invoices/{id},UUID e confirmação,soft delete; imutáveis/sensíveis retornam 409,parcial_com_fallback_local,False,True,backend audita somente chamada remota aceita,running;completed;failed,não localizado por superfície,apps/all-in-one/src/components/SmartCRUD.tsx:748,apps/all-in-one/src/pages/finance/InvoicesList.tsx:5
finance,ledgerentries,form,não localizada,Cancelar,click,local,navigate(-1),não aplicável,não aplicável,comprovado_local,não aplicável,não aplicável,não aplicável,idle,não localizado por superfície,apps/all-in-one/src/components/SmartCRUD.tsx:537,apps/all-in-one/src/pages/finance/LedgerEntriesForm.tsx:5
finance,ledgerentries,form,não localizada,Salvar Registro,submit,POST (criação) / PATCH (edição),/finance/resources/ledgerentries,"POST {user_id,payload}; PATCH {payload}; correlação e idempotência na criação","ResourceCreate {user_id,entity_id?,payload}; ResourcePatch {payload}",compativel,token com sub obrigatório,True,backend registra criação/edição aceita com ator e correlação,saving;saved;failed,contrato estático compartilhado; E2E por superfície ainda necessário,apps/all-in-one/src/components/SmartCRUD.tsx:383,apps/all-in-one/src/pages/finance/LedgerEntriesForm.tsx:5
finance,ledgerentries,list,não localizada,Pesquisar,click,GET,/finance/resources/ledgerentries,query/limit,lista protegida por actor_from_headers,parcial_com_fallback_local,False,True,leitura sensível não comprovada por superfície,loading;erro;sucesso,não localizado por superfície,apps/all-in-one/src/components/SmartCRUD.tsx:603,apps/all-in-one/src/pages/finance/LedgerEntriesList.tsx:5
finance,ledgerentries,list,não localizada,Novo registro,click,local,/finance/ledgerentries-form,navegação,não aplicável até salvar,comprovado_local,False,não aplicável,não aplicável,idle,não localizado por superfície,apps/all-in-one/src/components/SmartCRUD.tsx:612,apps/all-in-one/src/pages/finance/LedgerEntriesList.tsx:5
finance,ledgerentries,list,não localizada,Ver detalhes,click,local,modal em memória,registro já carregado,não consulta GET de detalhe,comprovado_local_sem_refresh,False,False,leitura de detalhe não auditada no clique,aberto;fechado,não localizado por superfície,apps/all-in-one/src/components/SmartCRUD.tsx:730,apps/all-in-one/src/pages/finance/LedgerEntriesList.tsx:5
finance,ledgerentries,list,não localizada,Editar,click,local,/finance/ledgerentries-form,registro em location.state,salvamento posterior usa PATCH ResourcePatch,compativel_via_formulario,token validado no salvamento,no salvamento,backend no salvamento,idle,contrato estático compartilhado; E2E por superfície ainda necessário,apps/all-in-one/src/components/SmartCRUD.tsx:739,apps/all-in-one/src/pages/finance/LedgerEntriesList.tsx:5
finance,ledgerentries,list,não localizada,Excluir,click,DELETE,/finance/resources/ledgerentries/{id},UUID e confirmação,soft delete; imutáveis/sensíveis retornam 409,parcial_com_fallback_local,False,True,backend audita somente chamada remota aceita,running;completed;failed,não localizado por superfície,apps/all-in-one/src/components/SmartCRUD.tsx:748,apps/all-in-one/src/pages/finance/LedgerEntriesList.tsx:5
finance,splits,form,não localizada,Cancelar,click,local,navigate(-1),não aplicável,não aplicável,comprovado_local,não aplicável,não aplicável,não aplicável,idle,não localizado por superfície,apps/all-in-one/src/components/SmartCRUD.tsx:537,apps/all-in-one/src/pages/finance/SplitsForm.tsx:5
finance,splits,form,não localizada,Salvar Registro,submit,POST (criação) / PATCH (edição),/finance/resources/splits,"POST {user_id,payload}; PATCH {payload}; correlação e idempotência na criação","ResourceCreate {user_id,entity_id?,payload}; ResourcePatch {payload}",compativel,token com sub obrigatório,True,backend registra criação/edição aceita com ator e correlação,saving;saved;failed,contrato estático compartilhado; E2E por superfície ainda necessário,apps/all-in-one/src/components/SmartCRUD.tsx:383,apps/all-in-one/src/pages/finance/SplitsForm.tsx:5
finance,splits,list,não localizada,Pesquisar,click,GET,/finance/resources/splits,query/limit,lista protegida por actor_from_headers,parcial_com_fallback_local,False,True,leitura sensível não comprovada por superfície,loading;erro;sucesso,não localizado por superfície,apps/all-in-one/src/components/SmartCRUD.tsx:603,apps/all-in-one/src/pages/finance/SplitsList.tsx:5
finance,splits,list,não localizada,Novo registro,click,local,/finance/splits-form,navegação,não aplicável até salvar,comprovado_local,False,não aplicável,não aplicável,idle,não localizado por superfície,apps/all-in-one/src/components/SmartCRUD.tsx:612,apps/all-in-one/src/pages/finance/SplitsList.tsx:5
finance,splits,list,não localizada,Ver detalhes,click,local,modal em memória,registro já carregado,não consulta GET de detalhe,comprovado_local_sem_refresh,False,False,leitura de detalhe não auditada no clique,aberto;fechado,não localizado por superfície,apps/all-in-one/src/components/SmartCRUD.tsx:730,apps/all-in-one/src/pages/finance/SplitsList.tsx:5
finance,splits,list,não localizada,Editar,click,local,/finance/splits-form,registro em location.state,salvamento posterior usa PATCH ResourcePatch,compativel_via_formulario,token validado no salvamento,no salvamento,backend no salvamento,idle,contrato estático compartilhado; E2E por superfície ainda necessário,apps/all-in-one/src/components/SmartCRUD.tsx:739,apps/all-in-one/src/pages/finance/SplitsList.tsx:5
finance,splits,list,não localizada,Excluir,click,DELETE,/finance/resources/splits/{id},UUID e confirmação,soft delete; imutáveis/sensíveis retornam 409,parcial_com_fallback_local,False,True,backend audita somente chamada remota aceita,running;completed;failed,não localizado por superfície,apps/all-in-one/src/components/SmartCRUD.tsx:748,apps/all-in-one/src/pages/finance/SplitsList.tsx:5
finance,valleygoldledgerentries,list,não localizada,Pesquisar,click,GET,/finance/resources/valleygoldledgerentries,query/limit,lista protegida por actor_from_headers,parcial_com_fallback_local,False,True,leitura sensível não comprovada por superfície,loading;erro;sucesso,não localizado por superfície,apps/all-in-one/src/components/SmartCRUD.tsx:603,apps/all-in-one/src/pages/finance/WalletLedger.tsx:6
finance,valleygoldledgerentries,list,não localizada,Novo registro,click,local,/finance/valleygoldledgerentries-form,navegação,não aplicável até salvar,comprovado_local,False,não aplicável,não aplicável,idle,não localizado por superfície,apps/all-in-one/src/components/SmartCRUD.tsx:612,apps/all-in-one/src/pages/finance/WalletLedger.tsx:6
finance,valleygoldledgerentries,list,não localizada,Ver detalhes,click,local,modal em memória,registro já carregado,não consulta GET de detalhe,comprovado_local_sem_refresh,False,False,leitura de detalhe não auditada no clique,aberto;fechado,não localizado por superfície,apps/all-in-one/src/components/SmartCRUD.tsx:730,apps/all-in-one/src/pages/finance/WalletLedger.tsx:6
finance,valleygoldledgerentries,list,não localizada,Editar,click,local,/finance/valleygoldledgerentries-form,registro em location.state,salvamento posterior usa PATCH ResourcePatch,compativel_via_formulario,token validado no salvamento,no salvamento,backend no salvamento,idle,contrato estático compartilhado; E2E por superfície ainda necessário,apps/all-in-one/src/components/SmartCRUD.tsx:739,apps/all-in-one/src/pages/finance/WalletLedger.tsx:6
finance,valleygoldledgerentries,list,não localizada,Excluir,click,DELETE,/finance/resources/valleygoldledgerentries/{id},UUID e confirmação,soft delete; imutáveis/sensíveis retornam 409,parcial_com_fallback_local,False,True,backend audita somente chamada remota aceita,running;completed;failed,não localizado por superfície,apps/all-in-one/src/components/SmartCRUD.tsx:748,apps/all-in-one/src/pages/finance/WalletLedger.tsx:6
finance,wallets,form,não localizada,Cancelar,click,local,navigate(-1),não aplicável,não aplicável,comprovado_local,não aplicável,não aplicável,não aplicável,idle,não localizado por superfície,apps/all-in-one/src/components/SmartCRUD.tsx:537,apps/all-in-one/src/pages/finance/WalletsForm.tsx:5
finance,wallets,form,não localizada,Salvar Registro,submit,POST (criação) / PATCH (edição),/finance/resources/wallets,"POST {user_id,payload}; PATCH {payload}; correlação e idempotência na criação","ResourceCreate {user_id,entity_id?,payload}; ResourcePatch {payload}",compativel,token com sub obrigatório,True,backend registra criação/edição aceita com ator e correlação,saving;saved;failed,contrato estático compartilhado; E2E por superfície ainda necessário,apps/all-in-one/src/components/SmartCRUD.tsx:383,apps/all-in-one/src/pages/finance/WalletsForm.tsx:5
finance,wallets,list,não localizada,Pesquisar,click,GET,/finance/resources/wallets,query/limit,lista protegida por actor_from_headers,parcial_com_fallback_local,False,True,leitura sensível não comprovada por superfície,loading;erro;sucesso,não localizado por superfície,apps/all-in-one/src/components/SmartCRUD.tsx:603,apps/all-in-one/src/pages/finance/WalletsList.tsx:5
finance,wallets,list,não localizada,Novo registro,click,local,/finance/wallets-form,navegação,não aplicável até salvar,comprovado_local,False,não aplicável,não aplicável,idle,não localizado por superfície,apps/all-in-one/src/components/SmartCRUD.tsx:612,apps/all-in-one/src/pages/finance/WalletsList.tsx:5
finance,wallets,list,não localizada,Ver detalhes,click,local,modal em memória,registro já carregado,não consulta GET de detalhe,comprovado_local_sem_refresh,False,False,leitura de detalhe não auditada no clique,aberto;fechado,não localizado por superfície,apps/all-in-one/src/components/SmartCRUD.tsx:730,apps/all-in-one/src/pages/finance/WalletsList.tsx:5
finance,wallets,list,não localizada,Editar,click,local,/finance/wallets-form,registro em location.state,salvamento posterior usa PATCH ResourcePatch,compativel_via_formulario,token validado no salvamento,no salvamento,backend no salvamento,idle,contrato estático compartilhado; E2E por superfície ainda necessário,apps/all-in-one/src/components/SmartCRUD.tsx:739,apps/all-in-one/src/pages/finance/WalletsList.tsx:5
finance,wallets,list,não localizada,Excluir,click,DELETE,/finance/resources/wallets/{id},UUID e confirmação,soft delete; imutáveis/sensíveis retornam 409,parcial_com_fallback_local,False,True,backend audita somente chamada remota aceita,running;completed;failed,não localizado por superfície,apps/all-in-one/src/components/SmartCRUD.tsx:748,apps/all-in-one/src/pages/finance/WalletsList.tsx:5
health,appointments,form,não localizada,Cancelar,click,local,navigate(-1),não aplicável,não aplicável,comprovado_local,não aplicável,não aplicável,não aplicável,idle,não localizado por superfície,apps/all-in-one/src/components/SmartCRUD.tsx:537,apps/all-in-one/src/pages/health/AppointmentsForm.tsx:5
health,appointments,form,não localizada,Salvar Registro,submit,POST (criação) / PATCH (edição),/health/resources/appointments,"POST {user_id,payload}; PATCH {payload}; correlação e idempotência na criação","ResourceCreate {user_id,entity_id?,payload}; ResourcePatch {payload}",compativel,token com sub obrigatório,True,backend registra criação/edição aceita com ator e correlação,saving;saved;failed,contrato estático compartilhado; E2E por superfície ainda necessário,apps/all-in-one/src/components/SmartCRUD.tsx:383,apps/all-in-one/src/pages/health/AppointmentsForm.tsx:5
health,appointments,list,não localizada,Pesquisar,click,GET,/health/resources/appointments,query/limit,lista protegida por actor_from_headers,parcial_com_fallback_local,False,True,leitura sensível não comprovada por superfície,loading;erro;sucesso,não localizado por superfície,apps/all-in-one/src/components/SmartCRUD.tsx:603,apps/all-in-one/src/pages/health/AppointmentsList.tsx:5
health,appointments,list,não localizada,Novo registro,click,local,/health/appointments-form,navegação,não aplicável até salvar,comprovado_local,False,não aplicável,não aplicável,idle,não localizado por superfície,apps/all-in-one/src/components/SmartCRUD.tsx:612,apps/all-in-one/src/pages/health/AppointmentsList.tsx:5
health,appointments,list,não localizada,Ver detalhes,click,local,modal em memória,registro já carregado,não consulta GET de detalhe,comprovado_local_sem_refresh,False,False,leitura de detalhe não auditada no clique,aberto;fechado,não localizado por superfície,apps/all-in-one/src/components/SmartCRUD.tsx:730,apps/all-in-one/src/pages/health/AppointmentsList.tsx:5
health,appointments,list,não localizada,Editar,click,local,/health/appointments-form,registro em location.state,salvamento posterior usa PATCH ResourcePatch,compativel_via_formulario,token validado no salvamento,no salvamento,backend no salvamento,idle,contrato estático compartilhado; E2E por superfície ainda necessário,apps/all-in-one/src/components/SmartCRUD.tsx:739,apps/all-in-one/src/pages/health/AppointmentsList.tsx:5
health,appointments,list,não localizada,Excluir,click,DELETE,/health/resources/appointments/{id},UUID e confirmação,soft delete; imutáveis/sensíveis retornam 409,parcial_com_fallback_local,False,True,backend audita somente chamada remota aceita,running;completed;failed,não localizado por superfície,apps/all-in-one/src/components/SmartCRUD.tsx:748,apps/all-in-one/src/pages/health/AppointmentsList.tsx:5
health,beds,form,não localizada,Cancelar,click,local,navigate(-1),não aplicável,não aplicável,comprovado_local,não aplicável,não aplicável,não aplicável,idle,não localizado por superfície,apps/all-in-one/src/components/SmartCRUD.tsx:537,apps/all-in-one/src/pages/health/BedsForm.tsx:5
health,beds,form,não localizada,Salvar Registro,submit,POST (criação) / PATCH (edição),/health/resources/beds,"POST {user_id,payload}; PATCH {payload}; correlação e idempotência na criação","ResourceCreate {user_id,entity_id?,payload}; ResourcePatch {payload}",compativel,token com sub obrigatório,True,backend registra criação/edição aceita com ator e correlação,saving;saved;failed,contrato estático compartilhado; E2E por superfície ainda necessário,apps/all-in-one/src/components/SmartCRUD.tsx:383,apps/all-in-one/src/pages/health/BedsForm.tsx:5
health,beds,list,não localizada,Pesquisar,click,GET,/health/resources/beds,query/limit,lista protegida por actor_from_headers,parcial_com_fallback_local,False,True,leitura sensível não comprovada por superfície,loading;erro;sucesso,não localizado por superfície,apps/all-in-one/src/components/SmartCRUD.tsx:603,apps/all-in-one/src/pages/health/BedsList.tsx:5
health,beds,list,não localizada,Novo registro,click,local,/health/beds-form,navegação,não aplicável até salvar,comprovado_local,False,não aplicável,não aplicável,idle,não localizado por superfície,apps/all-in-one/src/components/SmartCRUD.tsx:612,apps/all-in-one/src/pages/health/BedsList.tsx:5
health,beds,list,não localizada,Ver detalhes,click,local,modal em memória,registro já carregado,não consulta GET de detalhe,comprovado_local_sem_refresh,False,False,leitura de detalhe não auditada no clique,aberto;fechado,não localizado por superfície,apps/all-in-one/src/components/SmartCRUD.tsx:730,apps/all-in-one/src/pages/health/BedsList.tsx:5
health,beds,list,não localizada,Editar,click,local,/health/beds-form,registro em location.state,salvamento posterior usa PATCH ResourcePatch,compativel_via_formulario,token validado no salvamento,no salvamento,backend no salvamento,idle,contrato estático compartilhado; E2E por superfície ainda necessário,apps/all-in-one/src/components/SmartCRUD.tsx:739,apps/all-in-one/src/pages/health/BedsList.tsx:5
health,beds,list,não localizada,Excluir,click,DELETE,/health/resources/beds/{id},UUID e confirmação,soft delete; imutáveis/sensíveis retornam 409,parcial_com_fallback_local,False,True,backend audita somente chamada remota aceita,running;completed;failed,não localizado por superfície,apps/all-in-one/src/components/SmartCRUD.tsx:748,apps/all-in-one/src/pages/health/BedsList.tsx:5
health,healthpermissions,list,não localizada,Pesquisar,click,GET,/health/resources/healthpermissions,query/limit,lista protegida por actor_from_headers,parcial_com_fallback_local,False,True,leitura sensível não comprovada por superfície,loading;erro;sucesso,não localizado por superfície,apps/all-in-one/src/components/SmartCRUD.tsx:603,apps/all-in-one/src/pages/health/HealthPermissions.tsx:6
health,healthpermissions,list,não localizada,Novo registro,click,local,/health/healthpermissions-form,navegação,não aplicável até salvar,comprovado_local,False,não aplicável,não aplicável,idle,não localizado por superfície,apps/all-in-one/src/components/SmartCRUD.tsx:612,apps/all-in-one/src/pages/health/HealthPermissions.tsx:6
health,healthpermissions,list,não localizada,Ver detalhes,click,local,modal em memória,registro já carregado,não consulta GET de detalhe,comprovado_local_sem_refresh,False,False,leitura de detalhe não auditada no clique,aberto;fechado,não localizado por superfície,apps/all-in-one/src/components/SmartCRUD.tsx:730,apps/all-in-one/src/pages/health/HealthPermissions.tsx:6
health,healthpermissions,list,não localizada,Editar,click,local,/health/healthpermissions-form,registro em location.state,salvamento posterior usa PATCH ResourcePatch,compativel_via_formulario,token validado no salvamento,no salvamento,backend no salvamento,idle,contrato estático compartilhado; E2E por superfície ainda necessário,apps/all-in-one/src/components/SmartCRUD.tsx:739,apps/all-in-one/src/pages/health/HealthPermissions.tsx:6
health,healthpermissions,list,não localizada,Excluir,click,DELETE,/health/resources/healthpermissions/{id},UUID e confirmação,soft delete; imutáveis/sensíveis retornam 409,parcial_com_fallback_local,False,True,backend audita somente chamada remota aceita,running;completed;failed,não localizado por superfície,apps/all-in-one/src/components/SmartCRUD.tsx:748,apps/all-in-one/src/pages/health/HealthPermissions.tsx:6
health,medicalrecords,form,não localizada,Cancelar,click,local,navigate(-1),não aplicável,não aplicável,comprovado_local,não aplicável,não aplicável,não aplicável,idle,não localizado por superfície,apps/all-in-one/src/components/SmartCRUD.tsx:537,apps/all-in-one/src/pages/health/MedicalRecordsForm.tsx:5
health,medicalrecords,form,não localizada,Salvar Registro,submit,POST (criação) / PATCH (edição),/health/resources/medicalrecords,"POST {user_id,payload}; PATCH {payload}; correlação e idempotência na criação","ResourceCreate {user_id,entity_id?,payload}; ResourcePatch {payload}",compativel,token com sub obrigatório,True,backend registra criação/edição aceita com ator e correlação,saving;saved;failed,contrato estático compartilhado; E2E por superfície ainda necessário,apps/all-in-one/src/components/SmartCRUD.tsx:383,apps/all-in-one/src/pages/health/MedicalRecordsForm.tsx:5
health,medicalrecords,list,não localizada,Pesquisar,click,GET,/health/resources/medicalrecords,query/limit,lista protegida por actor_from_headers,parcial_com_fallback_local,False,True,leitura sensível não comprovada por superfície,loading;erro;sucesso,não localizado por superfície,apps/all-in-one/src/components/SmartCRUD.tsx:603,apps/all-in-one/src/pages/health/MedicalRecordsList.tsx:5
health,medicalrecords,list,não localizada,Novo registro,click,local,/health/medicalrecords-form,navegação,não aplicável até salvar,comprovado_local,False,não aplicável,não aplicável,idle,não localizado por superfície,apps/all-in-one/src/components/SmartCRUD.tsx:612,apps/all-in-one/src/pages/health/MedicalRecordsList.tsx:5
health,medicalrecords,list,não localizada,Ver detalhes,click,local,modal em memória,registro já carregado,não consulta GET de detalhe,comprovado_local_sem_refresh,False,False,leitura de detalhe não auditada no clique,aberto;fechado,não localizado por superfície,apps/all-in-one/src/components/SmartCRUD.tsx:730,apps/all-in-one/src/pages/health/MedicalRecordsList.tsx:5
health,medicalrecords,list,não localizada,Editar,click,local,/health/medicalrecords-form,registro em location.state,salvamento posterior usa PATCH ResourcePatch,compativel_via_formulario,token validado no salvamento,no salvamento,backend no salvamento,idle,contrato estático compartilhado; E2E por superfície ainda necessário,apps/all-in-one/src/components/SmartCRUD.tsx:739,apps/all-in-one/src/pages/health/MedicalRecordsList.tsx:5
health,medicalrecords,list,não localizada,Excluir,click,DELETE,/health/resources/medicalrecords/{id},UUID e confirmação,soft delete; imutáveis/sensíveis retornam 409,parcial_com_fallback_local,False,True,backend audita somente chamada remota aceita,running;completed;failed,não localizado por superfície,apps/all-in-one/src/components/SmartCRUD.tsx:748,apps/all-in-one/src/pages/health/MedicalRecordsList.tsx:5
health,patients,form,não localizada,Cancelar,click,local,navigate(-1),não aplicável,não aplicável,comprovado_local,não aplicável,não aplicável,não aplicável,idle,não localizado por superfície,apps/all-in-one/src/components/SmartCRUD.tsx:537,apps/all-in-one/src/pages/health/PatientsForm.tsx:5
health,patients,form,não localizada,Salvar Registro,submit,POST (criação) / PATCH (edição),/health/resources/patients,"POST {user_id,payload}; PATCH {payload}; correlação e idempotência na criação","ResourceCreate {user_id,entity_id?,payload}; ResourcePatch {payload}",compativel,token com sub obrigatório,True,backend registra criação/edição aceita com ator e correlação,saving;saved;failed,contrato estático compartilhado; E2E por superfície ainda necessário,apps/all-in-one/src/components/SmartCRUD.tsx:383,apps/all-in-one/src/pages/health/PatientsForm.tsx:5
health,patients,list,não localizada,Pesquisar,click,GET,/health/resources/patients,query/limit,lista protegida por actor_from_headers,parcial_com_fallback_local,False,True,leitura sensível não comprovada por superfície,loading;erro;sucesso,não localizado por superfície,apps/all-in-one/src/components/SmartCRUD.tsx:603,apps/all-in-one/src/pages/health/PatientsList.tsx:5
health,patients,list,não localizada,Novo registro,click,local,/health/patients-form,navegação,não aplicável até salvar,comprovado_local,False,não aplicável,não aplicável,idle,não localizado por superfície,apps/all-in-one/src/components/SmartCRUD.tsx:612,apps/all-in-one/src/pages/health/PatientsList.tsx:5
health,patients,list,não localizada,Ver detalhes,click,local,modal em memória,registro já carregado,não consulta GET de detalhe,comprovado_local_sem_refresh,False,False,leitura de detalhe não auditada no clique,aberto;fechado,não localizado por superfície,apps/all-in-one/src/components/SmartCRUD.tsx:730,apps/all-in-one/src/pages/health/PatientsList.tsx:5
health,patients,list,não localizada,Editar,click,local,/health/patients-form,registro em location.state,salvamento posterior usa PATCH ResourcePatch,compativel_via_formulario,token validado no salvamento,no salvamento,backend no salvamento,idle,contrato estático compartilhado; E2E por superfície ainda necessário,apps/all-in-one/src/components/SmartCRUD.tsx:739,apps/all-in-one/src/pages/health/PatientsList.tsx:5
health,patients,list,não localizada,Excluir,click,DELETE,/health/resources/patients/{id},UUID e confirmação,soft delete; imutáveis/sensíveis retornam 409,parcial_com_fallback_local,False,True,backend audita somente chamada remota aceita,running;completed;failed,não localizado por superfície,apps/all-in-one/src/components/SmartCRUD.tsx:748,apps/all-in-one/src/pages/health/PatientsList.tsx:5
health,prescriptions,form,não localizada,Cancelar,click,local,navigate(-1),não aplicável,não aplicável,comprovado_local,não aplicável,não aplicável,não aplicável,idle,não localizado por superfície,apps/all-in-one/src/components/SmartCRUD.tsx:537,apps/all-in-one/src/pages/health/PrescriptionsForm.tsx:5
health,prescriptions,form,não localizada,Salvar Registro,submit,POST (criação) / PATCH (edição),/health/resources/prescriptions,"POST {user_id,payload}; PATCH {payload}; correlação e idempotência na criação","ResourceCreate {user_id,entity_id?,payload}; ResourcePatch {payload}",compativel,token com sub obrigatório,True,backend registra criação/edição aceita com ator e correlação,saving;saved;failed,contrato estático compartilhado; E2E por superfície ainda necessário,apps/all-in-one/src/components/SmartCRUD.tsx:383,apps/all-in-one/src/pages/health/PrescriptionsForm.tsx:5
health,prescriptions,list,não localizada,Pesquisar,click,GET,/health/resources/prescriptions,query/limit,lista protegida por actor_from_headers,parcial_com_fallback_local,False,True,leitura sensível não comprovada por superfície,loading;erro;sucesso,não localizado por superfície,apps/all-in-one/src/components/SmartCRUD.tsx:603,apps/all-in-one/src/pages/health/PrescriptionsList.tsx:5
health,prescriptions,list,não localizada,Novo registro,click,local,/health/prescriptions-form,navegação,não aplicável até salvar,comprovado_local,False,não aplicável,não aplicável,idle,não localizado por superfície,apps/all-in-one/src/components/SmartCRUD.tsx:612,apps/all-in-one/src/pages/health/PrescriptionsList.tsx:5
health,prescriptions,list,não localizada,Ver detalhes,click,local,modal em memória,registro já carregado,não consulta GET de detalhe,comprovado_local_sem_refresh,False,False,leitura de detalhe não auditada no clique,aberto;fechado,não localizado por superfície,apps/all-in-one/src/components/SmartCRUD.tsx:730,apps/all-in-one/src/pages/health/PrescriptionsList.tsx:5
health,prescriptions,list,não localizada,Editar,click,local,/health/prescriptions-form,registro em location.state,salvamento posterior usa PATCH ResourcePatch,compativel_via_formulario,token validado no salvamento,no salvamento,backend no salvamento,idle,contrato estático compartilhado; E2E por superfície ainda necessário,apps/all-in-one/src/components/SmartCRUD.tsx:739,apps/all-in-one/src/pages/health/PrescriptionsList.tsx:5
health,prescriptions,list,não localizada,Excluir,click,DELETE,/health/resources/prescriptions/{id},UUID e confirmação,soft delete; imutáveis/sensíveis retornam 409,parcial_com_fallback_local,False,True,backend audita somente chamada remota aceita,running;completed;failed,não localizado por superfície,apps/all-in-one/src/components/SmartCRUD.tsx:748,apps/all-in-one/src/pages/health/PrescriptionsList.tsx:5
hr,candidates,form,não localizada,Cancelar,click,local,navigate(-1),não aplicável,não aplicável,comprovado_local,não aplicável,não aplicável,não aplicável,idle,não localizado por superfície,apps/all-in-one/src/components/SmartCRUD.tsx:537,apps/all-in-one/src/pages/hr/CandidatesForm.tsx:5
hr,candidates,form,não localizada,Salvar Registro,submit,POST (criação) / PATCH (edição),/hr/resources/candidates,"POST {user_id,payload}; PATCH {payload}; correlação e idempotência na criação","ResourceCreate {user_id,entity_id?,payload}; ResourcePatch {payload}",compativel,token com sub obrigatório,True,backend registra criação/edição aceita com ator e correlação,saving;saved;failed,contrato estático compartilhado; E2E por superfície ainda necessário,apps/all-in-one/src/components/SmartCRUD.tsx:383,apps/all-in-one/src/pages/hr/CandidatesForm.tsx:5
hr,candidates,list,não localizada,Pesquisar,click,GET,/hr/resources/candidates,query/limit,lista protegida por actor_from_headers,parcial_com_fallback_local,False,True,leitura sensível não comprovada por superfície,loading;erro;sucesso,não localizado por superfície,apps/all-in-one/src/components/SmartCRUD.tsx:603,apps/all-in-one/src/pages/hr/CandidatesList.tsx:5
hr,candidates,list,não localizada,Novo registro,click,local,/hr/candidates-form,navegação,não aplicável até salvar,comprovado_local,False,não aplicável,não aplicável,idle,não localizado por superfície,apps/all-in-one/src/components/SmartCRUD.tsx:612,apps/all-in-one/src/pages/hr/CandidatesList.tsx:5
hr,candidates,list,não localizada,Ver detalhes,click,local,modal em memória,registro já carregado,não consulta GET de detalhe,comprovado_local_sem_refresh,False,False,leitura de detalhe não auditada no clique,aberto;fechado,não localizado por superfície,apps/all-in-one/src/components/SmartCRUD.tsx:730,apps/all-in-one/src/pages/hr/CandidatesList.tsx:5
hr,candidates,list,não localizada,Editar,click,local,/hr/candidates-form,registro em location.state,salvamento posterior usa PATCH ResourcePatch,compativel_via_formulario,token validado no salvamento,no salvamento,backend no salvamento,idle,contrato estático compartilhado; E2E por superfície ainda necessário,apps/all-in-one/src/components/SmartCRUD.tsx:739,apps/all-in-one/src/pages/hr/CandidatesList.tsx:5
hr,candidates,list,não localizada,Excluir,click,DELETE,/hr/resources/candidates/{id},UUID e confirmação,soft delete; imutáveis/sensíveis retornam 409,parcial_com_fallback_local,False,True,backend audita somente chamada remota aceita,running;completed;failed,não localizado por superfície,apps/all-in-one/src/components/SmartCRUD.tsx:748,apps/all-in-one/src/pages/hr/CandidatesList.tsx:5
hr,courses,form,não localizada,Cancelar,click,local,navigate(-1),não aplicável,não aplicável,comprovado_local,não aplicável,não aplicável,não aplicável,idle,não localizado por superfície,apps/all-in-one/src/components/SmartCRUD.tsx:537,apps/all-in-one/src/pages/hr/CoursesForm.tsx:5
hr,courses,form,não localizada,Salvar Registro,submit,POST (criação) / PATCH (edição),/hr/resources/courses,"POST {user_id,payload}; PATCH {payload}; correlação e idempotência na criação","ResourceCreate {user_id,entity_id?,payload}; ResourcePatch {payload}",compativel,token com sub obrigatório,True,backend registra criação/edição aceita com ator e correlação,saving;saved;failed,contrato estático compartilhado; E2E por superfície ainda necessário,apps/all-in-one/src/components/SmartCRUD.tsx:383,apps/all-in-one/src/pages/hr/CoursesForm.tsx:5
hr,courses,list,não localizada,Pesquisar,click,GET,/hr/resources/courses,query/limit,lista protegida por actor_from_headers,parcial_com_fallback_local,False,True,leitura sensível não comprovada por superfície,loading;erro;sucesso,não localizado por superfície,apps/all-in-one/src/components/SmartCRUD.tsx:603,apps/all-in-one/src/pages/hr/CoursesList.tsx:5
hr,courses,list,não localizada,Novo registro,click,local,/hr/courses-form,navegação,não aplicável até salvar,comprovado_local,False,não aplicável,não aplicável,idle,não localizado por superfície,apps/all-in-one/src/components/SmartCRUD.tsx:612,apps/all-in-one/src/pages/hr/CoursesList.tsx:5
hr,courses,list,não localizada,Ver detalhes,click,local,modal em memória,registro já carregado,não consulta GET de detalhe,comprovado_local_sem_refresh,False,False,leitura de detalhe não auditada no clique,aberto;fechado,não localizado por superfície,apps/all-in-one/src/components/SmartCRUD.tsx:730,apps/all-in-one/src/pages/hr/CoursesList.tsx:5
hr,courses,list,não localizada,Editar,click,local,/hr/courses-form,registro em location.state,salvamento posterior usa PATCH ResourcePatch,compativel_via_formulario,token validado no salvamento,no salvamento,backend no salvamento,idle,contrato estático compartilhado; E2E por superfície ainda necessário,apps/all-in-one/src/components/SmartCRUD.tsx:739,apps/all-in-one/src/pages/hr/CoursesList.tsx:5
hr,courses,list,não localizada,Excluir,click,DELETE,/hr/resources/courses/{id},UUID e confirmação,soft delete; imutáveis/sensíveis retornam 409,parcial_com_fallback_local,False,True,backend audita somente chamada remota aceita,running;completed;failed,não localizado por superfície,apps/all-in-one/src/components/SmartCRUD.tsx:748,apps/all-in-one/src/pages/hr/CoursesList.tsx:5
hr,employees,form,não localizada,Cancelar,click,local,navigate(-1),não aplicável,não aplicável,comprovado_local,não aplicável,não aplicável,não aplicável,idle,não localizado por superfície,apps/all-in-one/src/components/SmartCRUD.tsx:537,apps/all-in-one/src/pages/hr/EmployeesForm.tsx:5
hr,employees,form,não localizada,Salvar Registro,submit,POST (criação) / PATCH (edição),/hr/resources/employees,"POST {user_id,payload}; PATCH {payload}; correlação e idempotência na criação","ResourceCreate {user_id,entity_id?,payload}; ResourcePatch {payload}",compativel,token com sub obrigatório,True,backend registra criação/edição aceita com ator e correlação,saving;saved;failed,contrato estático compartilhado; E2E por superfície ainda necessário,apps/all-in-one/src/components/SmartCRUD.tsx:383,apps/all-in-one/src/pages/hr/EmployeesForm.tsx:5
hr,employees,list,não localizada,Pesquisar,click,GET,/hr/resources/employees,query/limit,lista protegida por actor_from_headers,parcial_com_fallback_local,False,True,leitura sensível não comprovada por superfície,loading;erro;sucesso,não localizado por superfície,apps/all-in-one/src/components/SmartCRUD.tsx:603,apps/all-in-one/src/pages/hr/EmployeesList.tsx:5
hr,employees,list,não localizada,Novo registro,click,local,/hr/employees-form,navegação,não aplicável até salvar,comprovado_local,False,não aplicável,não aplicável,idle,não localizado por superfície,apps/all-in-one/src/components/SmartCRUD.tsx:612,apps/all-in-one/src/pages/hr/EmployeesList.tsx:5
hr,employees,list,não localizada,Ver detalhes,click,local,modal em memória,registro já carregado,não consulta GET de detalhe,comprovado_local_sem_refresh,False,False,leitura de detalhe não auditada no clique,aberto;fechado,não localizado por superfície,apps/all-in-one/src/components/SmartCRUD.tsx:730,apps/all-in-one/src/pages/hr/EmployeesList.tsx:5
hr,employees,list,não localizada,Editar,click,local,/hr/employees-form,registro em location.state,salvamento posterior usa PATCH ResourcePatch,compativel_via_formulario,token validado no salvamento,no salvamento,backend no salvamento,idle,contrato estático compartilhado; E2E por superfície ainda necessário,apps/all-in-one/src/components/SmartCRUD.tsx:739,apps/all-in-one/src/pages/hr/EmployeesList.tsx:5
hr,employees,list,não localizada,Excluir,click,DELETE,/hr/resources/employees/{id},UUID e confirmação,soft delete; imutáveis/sensíveis retornam 409,parcial_com_fallback_local,False,True,backend audita somente chamada remota aceita,running;completed;failed,não localizado por superfície,apps/all-in-one/src/components/SmartCRUD.tsx:748,apps/all-in-one/src/pages/hr/EmployeesList.tsx:5
hr,hrpermissions,list,não localizada,Pesquisar,click,GET,/hr/resources/hrpermissions,query/limit,lista protegida por actor_from_headers,parcial_com_fallback_local,False,True,leitura sensível não comprovada por superfície,loading;erro;sucesso,não localizado por superfície,apps/all-in-one/src/components/SmartCRUD.tsx:603,apps/all-in-one/src/pages/hr/HrPermissions.tsx:5
hr,hrpermissions,list,não localizada,Novo registro,click,local,/hr/hrpermissions-form,navegação,não aplicável até salvar,comprovado_local,False,não aplicável,não aplicável,idle,não localizado por superfície,apps/all-in-one/src/components/SmartCRUD.tsx:612,apps/all-in-one/src/pages/hr/HrPermissions.tsx:5
hr,hrpermissions,list,não localizada,Ver detalhes,click,local,modal em memória,registro já carregado,não consulta GET de detalhe,comprovado_local_sem_refresh,False,False,leitura de detalhe não auditada no clique,aberto;fechado,não localizado por superfície,apps/all-in-one/src/components/SmartCRUD.tsx:730,apps/all-in-one/src/pages/hr/HrPermissions.tsx:5
hr,hrpermissions,list,não localizada,Editar,click,local,/hr/hrpermissions-form,registro em location.state,salvamento posterior usa PATCH ResourcePatch,compativel_via_formulario,token validado no salvamento,no salvamento,backend no salvamento,idle,contrato estático compartilhado; E2E por superfície ainda necessário,apps/all-in-one/src/components/SmartCRUD.tsx:739,apps/all-in-one/src/pages/hr/HrPermissions.tsx:5
hr,hrpermissions,list,não localizada,Excluir,click,DELETE,/hr/resources/hrpermissions/{id},UUID e confirmação,soft delete; imutáveis/sensíveis retornam 409,parcial_com_fallback_local,False,True,backend audita somente chamada remota aceita,running;completed;failed,não localizado por superfície,apps/all-in-one/src/components/SmartCRUD.tsx:748,apps/all-in-one/src/pages/hr/HrPermissions.tsx:5
hr,occupationalrecords,form,não localizada,Cancelar,click,local,navigate(-1),não aplicável,não aplicável,comprovado_local,não aplicável,não aplicável,não aplicável,idle,não localizado por superfície,apps/all-in-one/src/components/SmartCRUD.tsx:537,apps/all-in-one/src/pages/hr/OccupationalRecordsForm.tsx:6
hr,occupationalrecords,form,não localizada,Salvar Registro,submit,POST (criação) / PATCH (edição),/hr/resources/occupationalrecords,"POST {user_id,payload}; PATCH {payload}; correlação e idempotência na criação","ResourceCreate {user_id,entity_id?,payload}; ResourcePatch {payload}",compativel,token com sub obrigatório,True,backend registra criação/edição aceita com ator e correlação,saving;saved;failed,contrato estático compartilhado; E2E por superfície ainda necessário,apps/all-in-one/src/components/SmartCRUD.tsx:383,apps/all-in-one/src/pages/hr/OccupationalRecordsForm.tsx:6
hr,occupationalrecords,list,não localizada,Pesquisar,click,GET,/hr/resources/occupationalrecords,query/limit,lista protegida por actor_from_headers,parcial_com_fallback_local,False,True,leitura sensível não comprovada por superfície,loading;erro;sucesso,não localizado por superfície,apps/all-in-one/src/components/SmartCRUD.tsx:603,apps/all-in-one/src/pages/hr/OccupationalRecordsList.tsx:6
hr,occupationalrecords,list,não localizada,Novo registro,click,local,/hr/occupationalrecords-form,navegação,não aplicável até salvar,comprovado_local,False,não aplicável,não aplicável,idle,não localizado por superfície,apps/all-in-one/src/components/SmartCRUD.tsx:612,apps/all-in-one/src/pages/hr/OccupationalRecordsList.tsx:6
hr,occupationalrecords,list,não localizada,Ver detalhes,click,local,modal em memória,registro já carregado,não consulta GET de detalhe,comprovado_local_sem_refresh,False,False,leitura de detalhe não auditada no clique,aberto;fechado,não localizado por superfície,apps/all-in-one/src/components/SmartCRUD.tsx:730,apps/all-in-one/src/pages/hr/OccupationalRecordsList.tsx:6
hr,occupationalrecords,list,não localizada,Editar,click,local,/hr/occupationalrecords-form,registro em location.state,salvamento posterior usa PATCH ResourcePatch,compativel_via_formulario,token validado no salvamento,no salvamento,backend no salvamento,idle,contrato estático compartilhado; E2E por superfície ainda necessário,apps/all-in-one/src/components/SmartCRUD.tsx:739,apps/all-in-one/src/pages/hr/OccupationalRecordsList.tsx:6
hr,occupationalrecords,list,não localizada,Excluir,click,DELETE,/hr/resources/occupationalrecords/{id},UUID e confirmação,soft delete; imutáveis/sensíveis retornam 409,parcial_com_fallback_local,False,True,backend audita somente chamada remota aceita,running;completed;failed,não localizado por superfície,apps/all-in-one/src/components/SmartCRUD.tsx:748,apps/all-in-one/src/pages/hr/OccupationalRecordsList.tsx:6
hr,payrollruns,form,não localizada,Cancelar,click,local,navigate(-1),não aplicável,não aplicável,comprovado_local,não aplicável,não aplicável,não aplicável,idle,não localizado por superfície,apps/all-in-one/src/components/SmartCRUD.tsx:537,apps/all-in-one/src/pages/hr/PayrollRunsForm.tsx:5
hr,payrollruns,form,não localizada,Salvar Registro,submit,POST (criação) / PATCH (edição),/hr/resources/payrollruns,"POST {user_id,payload}; PATCH {payload}; correlação e idempotência na criação","ResourceCreate {user_id,entity_id?,payload}; ResourcePatch {payload}",compativel,token com sub obrigatório,True,backend registra criação/edição aceita com ator e correlação,saving;saved;failed,contrato estático compartilhado; E2E por superfície ainda necessário,apps/all-in-one/src/components/SmartCRUD.tsx:383,apps/all-in-one/src/pages/hr/PayrollRunsForm.tsx:5
hr,payrollruns,list,não localizada,Pesquisar,click,GET,/hr/resources/payrollruns,query/limit,lista protegida por actor_from_headers,parcial_com_fallback_local,False,True,leitura sensível não comprovada por superfície,loading;erro;sucesso,não localizado por superfície,apps/all-in-one/src/components/SmartCRUD.tsx:603,apps/all-in-one/src/pages/hr/PayrollRunsList.tsx:5
hr,payrollruns,list,não localizada,Novo registro,click,local,/hr/payrollruns-form,navegação,não aplicável até salvar,comprovado_local,False,não aplicável,não aplicável,idle,não localizado por superfície,apps/all-in-one/src/components/SmartCRUD.tsx:612,apps/all-in-one/src/pages/hr/PayrollRunsList.tsx:5
hr,payrollruns,list,não localizada,Ver detalhes,click,local,modal em memória,registro já carregado,não consulta GET de detalhe,comprovado_local_sem_refresh,False,False,leitura de detalhe não auditada no clique,aberto;fechado,não localizado por superfície,apps/all-in-one/src/components/SmartCRUD.tsx:730,apps/all-in-one/src/pages/hr/PayrollRunsList.tsx:5
hr,payrollruns,list,não localizada,Editar,click,local,/hr/payrollruns-form,registro em location.state,salvamento posterior usa PATCH ResourcePatch,compativel_via_formulario,token validado no salvamento,no salvamento,backend no salvamento,idle,contrato estático compartilhado; E2E por superfície ainda necessário,apps/all-in-one/src/components/SmartCRUD.tsx:739,apps/all-in-one/src/pages/hr/PayrollRunsList.tsx:5
hr,payrollruns,list,não localizada,Excluir,click,DELETE,/hr/resources/payrollruns/{id},UUID e confirmação,soft delete; imutáveis/sensíveis retornam 409,parcial_com_fallback_local,False,True,backend audita somente chamada remota aceita,running;completed;failed,não localizado por superfície,apps/all-in-one/src/components/SmartCRUD.tsx:748,apps/all-in-one/src/pages/hr/PayrollRunsList.tsx:5
identity,authgateway,form,não localizada,Cancelar,click,local,navigate(-1),não aplicável,não aplicável,comprovado_local,não aplicável,não aplicável,não aplicável,idle,não localizado por superfície,apps/all-in-one/src/components/SmartCRUD.tsx:537,apps/all-in-one/src/pages/identity/AuthGateway.tsx:5
identity,authgateway,form,não localizada,Salvar Registro,submit,POST (criação) / PATCH (edição),/identity/resources/authgateway,"POST {user_id,payload}; PATCH {payload}; correlação e idempotência na criação","ResourceCreate {user_id,entity_id?,payload}; ResourcePatch {payload}",compativel,token com sub obrigatório,True,backend registra criação/edição aceita com ator e correlação,saving;saved;failed,contrato estático compartilhado; E2E por superfície ainda necessário,apps/all-in-one/src/components/SmartCRUD.tsx:383,apps/all-in-one/src/pages/identity/AuthGateway.tsx:5
identity,biometrics,form,não localizada,Cancelar,click,local,navigate(-1),não aplicável,não aplicável,comprovado_local,não aplicável,não aplicável,não aplicável,idle,não localizado por superfície,apps/all-in-one/src/components/SmartCRUD.tsx:537,apps/all-in-one/src/pages/identity/BiometricsForm.tsx:5
identity,biometrics,form,não localizada,Salvar Registro,submit,POST (criação) / PATCH (edição),/identity/resources/biometrics,"POST {user_id,payload}; PATCH {payload}; correlação e idempotência na criação","ResourceCreate {user_id,entity_id?,payload}; ResourcePatch {payload}",compativel,token com sub obrigatório,True,backend registra criação/edição aceita com ator e correlação,saving;saved;failed,contrato estático compartilhado; E2E por superfície ainda necessário,apps/all-in-one/src/components/SmartCRUD.tsx:383,apps/all-in-one/src/pages/identity/BiometricsForm.tsx:5
identity,biometrics,list,não localizada,Pesquisar,click,GET,/identity/resources/biometrics,query/limit,lista protegida por actor_from_headers,parcial_com_fallback_local,False,True,leitura sensível não comprovada por superfície,loading;erro;sucesso,não localizado por superfície,apps/all-in-one/src/components/SmartCRUD.tsx:603,apps/all-in-one/src/pages/identity/BiometricsList.tsx:5
identity,biometrics,list,não localizada,Novo registro,click,local,/identity/biometrics-form,navegação,não aplicável até salvar,comprovado_local,False,não aplicável,não aplicável,idle,não localizado por superfície,apps/all-in-one/src/components/SmartCRUD.tsx:612,apps/all-in-one/src/pages/identity/BiometricsList.tsx:5
identity,biometrics,list,não localizada,Ver detalhes,click,local,modal em memória,registro já carregado,não consulta GET de detalhe,comprovado_local_sem_refresh,False,False,leitura de detalhe não auditada no clique,aberto;fechado,não localizado por superfície,apps/all-in-one/src/components/SmartCRUD.tsx:730,apps/all-in-one/src/pages/identity/BiometricsList.tsx:5
identity,biometrics,list,não localizada,Editar,click,local,/identity/biometrics-form,registro em location.state,salvamento posterior usa PATCH ResourcePatch,compativel_via_formulario,token validado no salvamento,no salvamento,backend no salvamento,idle,contrato estático compartilhado; E2E por superfície ainda necessário,apps/all-in-one/src/components/SmartCRUD.tsx:739,apps/all-in-one/src/pages/identity/BiometricsList.tsx:5
identity,biometrics,list,não localizada,Excluir,click,DELETE,/identity/resources/biometrics/{id},UUID e confirmação,soft delete; imutáveis/sensíveis retornam 409,parcial_com_fallback_local,False,True,backend audita somente chamada remota aceita,running;completed;failed,não localizado por superfície,apps/all-in-one/src/components/SmartCRUD.tsx:748,apps/all-in-one/src/pages/identity/BiometricsList.tsx:5
identity,consentlgpd,form,não localizada,Cancelar,click,local,navigate(-1),não aplicável,não aplicável,comprovado_local,não aplicável,não aplicável,não aplicável,idle,não localizado por superfície,apps/all-in-one/src/components/SmartCRUD.tsx:537,apps/all-in-one/src/pages/identity/ConsentLgpd.tsx:5
identity,consentlgpd,form,não localizada,Salvar Registro,submit,POST (criação) / PATCH (edição),/identity/resources/consentlgpd,"POST {user_id,payload}; PATCH {payload}; correlação e idempotência na criação","ResourceCreate {user_id,entity_id?,payload}; ResourcePatch {payload}",compativel,token com sub obrigatório,True,backend registra criação/edição aceita com ator e correlação,saving;saved;failed,contrato estático compartilhado; E2E por superfície ainda necessário,apps/all-in-one/src/components/SmartCRUD.tsx:383,apps/all-in-one/src/pages/identity/ConsentLgpd.tsx:5
identity,consentrecords,form,não localizada,Cancelar,click,local,navigate(-1),não aplicável,não aplicável,comprovado_local,não aplicável,não aplicável,não aplicável,idle,não localizado por superfície,apps/all-in-one/src/components/SmartCRUD.tsx:537,apps/all-in-one/src/pages/identity/ConsentRecordsForm.tsx:6
identity,consentrecords,form,não localizada,Salvar Registro,submit,POST (criação) / PATCH (edição),/identity/resources/consentrecords,"POST {user_id,payload}; PATCH {payload}; correlação e idempotência na criação","ResourceCreate {user_id,entity_id?,payload}; ResourcePatch {payload}",compativel,token com sub obrigatório,True,backend registra criação/edição aceita com ator e correlação,saving;saved;failed,contrato estático compartilhado; E2E por superfície ainda necessário,apps/all-in-one/src/components/SmartCRUD.tsx:383,apps/all-in-one/src/pages/identity/ConsentRecordsForm.tsx:6
identity,consentrecords,list,não localizada,Pesquisar,click,GET,/identity/resources/consentrecords,query/limit,lista protegida por actor_from_headers,parcial_com_fallback_local,False,True,leitura sensível não comprovada por superfície,loading;erro;sucesso,não localizado por superfície,apps/all-in-one/src/components/SmartCRUD.tsx:603,apps/all-in-one/src/pages/identity/ConsentRecordsList.tsx:6
identity,consentrecords,list,não localizada,Novo registro,click,local,/identity/consentrecords-form,navegação,não aplicável até salvar,comprovado_local,False,não aplicável,não aplicável,idle,não localizado por superfície,apps/all-in-one/src/components/SmartCRUD.tsx:612,apps/all-in-one/src/pages/identity/ConsentRecordsList.tsx:6
identity,consentrecords,list,não localizada,Ver detalhes,click,local,modal em memória,registro já carregado,não consulta GET de detalhe,comprovado_local_sem_refresh,False,False,leitura de detalhe não auditada no clique,aberto;fechado,não localizado por superfície,apps/all-in-one/src/components/SmartCRUD.tsx:730,apps/all-in-one/src/pages/identity/ConsentRecordsList.tsx:6
identity,consentrecords,list,não localizada,Editar,click,local,/identity/consentrecords-form,registro em location.state,salvamento posterior usa PATCH ResourcePatch,compativel_via_formulario,token validado no salvamento,no salvamento,backend no salvamento,idle,contrato estático compartilhado; E2E por superfície ainda necessário,apps/all-in-one/src/components/SmartCRUD.tsx:739,apps/all-in-one/src/pages/identity/ConsentRecordsList.tsx:6
identity,consentrecords,list,não localizada,Excluir,click,DELETE,/identity/resources/consentrecords/{id},UUID e confirmação,soft delete; imutáveis/sensíveis retornam 409,parcial_com_fallback_local,False,True,backend audita somente chamada remota aceita,running;completed;failed,não localizado por superfície,apps/all-in-one/src/components/SmartCRUD.tsx:748,apps/all-in-one/src/pages/identity/ConsentRecordsList.tsx:6
identity,documents,form,não localizada,Cancelar,click,local,navigate(-1),não aplicável,não aplicável,comprovado_local,não aplicável,não aplicável,não aplicável,idle,não localizado por superfície,apps/all-in-one/src/components/SmartCRUD.tsx:537,apps/all-in-one/src/pages/identity/DocumentsForm.tsx:5
identity,documents,form,não localizada,Salvar Registro,submit,POST (criação) / PATCH (edição),/identity/resources/documents,"POST {user_id,payload}; PATCH {payload}; correlação e idempotência na criação","ResourceCreate {user_id,entity_id?,payload}; ResourcePatch {payload}",compativel,token com sub obrigatório,True,backend registra criação/edição aceita com ator e correlação,saving;saved;failed,contrato estático compartilhado; E2E por superfície ainda necessário,apps/all-in-one/src/components/SmartCRUD.tsx:383,apps/all-in-one/src/pages/identity/DocumentsForm.tsx:5
identity,documents,list,não localizada,Pesquisar,click,GET,/identity/resources/documents,query/limit,lista protegida por actor_from_headers,parcial_com_fallback_local,False,True,leitura sensível não comprovada por superfície,loading;erro;sucesso,não localizado por superfície,apps/all-in-one/src/components/SmartCRUD.tsx:603,apps/all-in-one/src/pages/identity/DocumentsList.tsx:5
identity,documents,list,não localizada,Novo registro,click,local,/identity/documents-form,navegação,não aplicável até salvar,comprovado_local,False,não aplicável,não aplicável,idle,não localizado por superfície,apps/all-in-one/src/components/SmartCRUD.tsx:612,apps/all-in-one/src/pages/identity/DocumentsList.tsx:5
identity,documents,list,não localizada,Ver detalhes,click,local,modal em memória,registro já carregado,não consulta GET de detalhe,comprovado_local_sem_refresh,False,False,leitura de detalhe não auditada no clique,aberto;fechado,não localizado por superfície,apps/all-in-one/src/components/SmartCRUD.tsx:730,apps/all-in-one/src/pages/identity/DocumentsList.tsx:5
identity,documents,list,não localizada,Editar,click,local,/identity/documents-form,registro em location.state,salvamento posterior usa PATCH ResourcePatch,compativel_via_formulario,token validado no salvamento,no salvamento,backend no salvamento,idle,contrato estático compartilhado; E2E por superfície ainda necessário,apps/all-in-one/src/components/SmartCRUD.tsx:739,apps/all-in-one/src/pages/identity/DocumentsList.tsx:5
identity,documents,list,não localizada,Excluir,click,DELETE,/identity/resources/documents/{id},UUID e confirmação,soft delete; imutáveis/sensíveis retornam 409,parcial_com_fallback_local,False,True,backend audita somente chamada remota aceita,running;completed;failed,não localizado por superfície,apps/all-in-one/src/components/SmartCRUD.tsx:748,apps/all-in-one/src/pages/identity/DocumentsList.tsx:5
identity,identitypermissions,list,não localizada,Pesquisar,click,GET,/identity/resources/identitypermissions,query/limit,lista protegida por actor_from_headers,parcial_com_fallback_local,False,True,leitura sensível não comprovada por superfície,loading;erro;sucesso,não localizado por superfície,apps/all-in-one/src/components/SmartCRUD.tsx:603,apps/all-in-one/src/pages/identity/IdentityPermissions.tsx:6
identity,identitypermissions,list,não localizada,Novo registro,click,local,/identity/identitypermissions-form,navegação,não aplicável até salvar,comprovado_local,False,não aplicável,não aplicável,idle,não localizado por superfície,apps/all-in-one/src/components/SmartCRUD.tsx:612,apps/all-in-one/src/pages/identity/IdentityPermissions.tsx:6
identity,identitypermissions,list,não localizada,Ver detalhes,click,local,modal em memória,registro já carregado,não consulta GET de detalhe,comprovado_local_sem_refresh,False,False,leitura de detalhe não auditada no clique,aberto;fechado,não localizado por superfície,apps/all-in-one/src/components/SmartCRUD.tsx:730,apps/all-in-one/src/pages/identity/IdentityPermissions.tsx:6
identity,identitypermissions,list,não localizada,Editar,click,local,/identity/identitypermissions-form,registro em location.state,salvamento posterior usa PATCH ResourcePatch,compativel_via_formulario,token validado no salvamento,no salvamento,backend no salvamento,idle,contrato estático compartilhado; E2E por superfície ainda necessário,apps/all-in-one/src/components/SmartCRUD.tsx:739,apps/all-in-one/src/pages/identity/IdentityPermissions.tsx:6
identity,identitypermissions,list,não localizada,Excluir,click,DELETE,/identity/resources/identitypermissions/{id},UUID e confirmação,soft delete; imutáveis/sensíveis retornam 409,parcial_com_fallback_local,False,True,backend audita somente chamada remota aceita,running;completed;failed,não localizado por superfície,apps/all-in-one/src/components/SmartCRUD.tsx:748,apps/all-in-one/src/pages/identity/IdentityPermissions.tsx:6
identity,identityverifications,form,não localizada,Cancelar,click,local,navigate(-1),não aplicável,não aplicável,comprovado_local,não aplicável,não aplicável,não aplicável,idle,não localizado por superfície,apps/all-in-one/src/components/SmartCRUD.tsx:537,apps/all-in-one/src/pages/identity/IdentityVerificationsForm.tsx:6
identity,identityverifications,form,não localizada,Salvar Registro,submit,POST (criação) / PATCH (edição),/identity/resources/identityverifications,"POST {user_id,payload}; PATCH {payload}; correlação e idempotência na criação","ResourceCreate {user_id,entity_id?,payload}; ResourcePatch {payload}",compativel,token com sub obrigatório,True,backend registra criação/edição aceita com ator e correlação,saving;saved;failed,contrato estático compartilhado; E2E por superfície ainda necessário,apps/all-in-one/src/components/SmartCRUD.tsx:383,apps/all-in-one/src/pages/identity/IdentityVerificationsForm.tsx:6
identity,identityverifications,list,não localizada,Pesquisar,click,GET,/identity/resources/identityverifications,query/limit,lista protegida por actor_from_headers,parcial_com_fallback_local,False,True,leitura sensível não comprovada por superfície,loading;erro;sucesso,não localizado por superfície,apps/all-in-one/src/components/SmartCRUD.tsx:603,apps/all-in-one/src/pages/identity/IdentityVerificationsList.tsx:6
identity,identityverifications,list,não localizada,Novo registro,click,local,/identity/identityverifications-form,navegação,não aplicável até salvar,comprovado_local,False,não aplicável,não aplicável,idle,não localizado por superfície,apps/all-in-one/src/components/SmartCRUD.tsx:612,apps/all-in-one/src/pages/identity/IdentityVerificationsList.tsx:6
identity,identityverifications,list,não localizada,Ver detalhes,click,local,modal em memória,registro já carregado,não consulta GET de detalhe,comprovado_local_sem_refresh,False,False,leitura de detalhe não auditada no clique,aberto;fechado,não localizado por superfície,apps/all-in-one/src/components/SmartCRUD.tsx:730,apps/all-in-one/src/pages/identity/IdentityVerificationsList.tsx:6
identity,identityverifications,list,não localizada,Editar,click,local,/identity/identityverifications-form,registro em location.state,salvamento posterior usa PATCH ResourcePatch,compativel_via_formulario,token validado no salvamento,no salvamento,backend no salvamento,idle,contrato estático compartilhado; E2E por superfície ainda necessário,apps/all-in-one/src/components/SmartCRUD.tsx:739,apps/all-in-one/src/pages/identity/IdentityVerificationsList.tsx:6
identity,identityverifications,list,não localizada,Excluir,click,DELETE,/identity/resources/identityverifications/{id},UUID e confirmação,soft delete; imutáveis/sensíveis retornam 409,parcial_com_fallback_local,False,True,backend audita somente chamada remota aceita,running;completed;failed,não localizado por superfície,apps/all-in-one/src/components/SmartCRUD.tsx:748,apps/all-in-one/src/pages/identity/IdentityVerificationsList.tsx:6
identity,kybbusiness,form,não localizada,Cancelar,click,local,navigate(-1),não aplicável,não aplicável,comprovado_local,não aplicável,não aplicável,não aplicável,idle,não localizado por superfície,apps/all-in-one/src/components/SmartCRUD.tsx:537,apps/all-in-one/src/pages/identity/KybBusiness.tsx:5
identity,kybbusiness,form,não localizada,Salvar Registro,submit,POST (criação) / PATCH (edição),/identity/resources/kybbusiness,"POST {user_id,payload}; PATCH {payload}; correlação e idempotência na criação","ResourceCreate {user_id,entity_id?,payload}; ResourcePatch {payload}",compativel,token com sub obrigatório,True,backend registra criação/edição aceita com ator e correlação,saving;saved;failed,contrato estático compartilhado; E2E por superfície ainda necessário,apps/all-in-one/src/components/SmartCRUD.tsx:383,apps/all-in-one/src/pages/identity/KybBusiness.tsx:5
identity,kycverification,form,não localizada,Cancelar,click,local,navigate(-1),não aplicável,não aplicável,comprovado_local,não aplicável,não aplicável,não aplicável,idle,não localizado por superfície,apps/all-in-one/src/components/SmartCRUD.tsx:537,apps/all-in-one/src/pages/identity/KycVerification.tsx:6
identity,kycverification,form,não localizada,Salvar Registro,submit,POST (criação) / PATCH (edição),/identity/resources/kycverification,"POST {user_id,payload}; PATCH {payload}; correlação e idempotência na criação","ResourceCreate {user_id,entity_id?,payload}; ResourcePatch {payload}",compativel,token com sub obrigatório,True,backend registra criação/edição aceita com ator e correlação,saving;saved;failed,contrato estático compartilhado; E2E por superfície ainda necessário,apps/all-in-one/src/components/SmartCRUD.tsx:383,apps/all-in-one/src/pages/identity/KycVerification.tsx:6
identity,mfamanager,form,não localizada,Cancelar,click,local,navigate(-1),não aplicável,não aplicável,comprovado_local,não aplicável,não aplicável,não aplicável,idle,não localizado por superfície,apps/all-in-one/src/components/SmartCRUD.tsx:537,apps/all-in-one/src/pages/identity/MfaManager.tsx:5
identity,mfamanager,form,não localizada,Salvar Registro,submit,POST (criação) / PATCH (edição),/identity/resources/mfamanager,"POST {user_id,payload}; PATCH {payload}; correlação e idempotência na criação","ResourceCreate {user_id,entity_id?,payload}; ResourcePatch {payload}",compativel,token com sub obrigatório,True,backend registra criação/edição aceita com ator e correlação,saving;saved;failed,contrato estático compartilhado; E2E por superfície ainda necessário,apps/all-in-one/src/components/SmartCRUD.tsx:383,apps/all-in-one/src/pages/identity/MfaManager.tsx:5
identity,sessioncontrol,form,não localizada,Cancelar,click,local,navigate(-1),não aplicável,não aplicável,comprovado_local,não aplicável,não aplicável,não aplicável,idle,não localizado por superfície,apps/all-in-one/src/components/SmartCRUD.tsx:537,apps/all-in-one/src/pages/identity/SessionControl.tsx:6
identity,sessioncontrol,form,não localizada,Salvar Registro,submit,POST (criação) / PATCH (edição),/identity/resources/sessioncontrol,"POST {user_id,payload}; PATCH {payload}; correlação e idempotência na criação","ResourceCreate {user_id,entity_id?,payload}; ResourcePatch {payload}",compativel,token com sub obrigatório,True,backend registra criação/edição aceita com ator e correlação,saving;saved;failed,contrato estático compartilhado; E2E por superfície ainda necessário,apps/all-in-one/src/components/SmartCRUD.tsx:383,apps/all-in-one/src/pages/identity/SessionControl.tsx:6
identity,sessions,form,não localizada,Cancelar,click,local,navigate(-1),não aplicável,não aplicável,comprovado_local,não aplicável,não aplicável,não aplicável,idle,não localizado por superfície,apps/all-in-one/src/components/SmartCRUD.tsx:537,apps/all-in-one/src/pages/identity/SessionsForm.tsx:5
identity,sessions,form,não localizada,Salvar Registro,submit,POST (criação) / PATCH (edição),/identity/resources/sessions,"POST {user_id,payload}; PATCH {payload}; correlação e idempotência na criação","ResourceCreate {user_id,entity_id?,payload}; ResourcePatch {payload}",compativel,token com sub obrigatório,True,backend registra criação/edição aceita com ator e correlação,saving;saved;failed,contrato estático compartilhado; E2E por superfície ainda necessário,apps/all-in-one/src/components/SmartCRUD.tsx:383,apps/all-in-one/src/pages/identity/SessionsForm.tsx:5
identity,sessions,list,não localizada,Pesquisar,click,GET,/identity/resources/sessions,query/limit,lista protegida por actor_from_headers,parcial_com_fallback_local,False,True,leitura sensível não comprovada por superfície,loading;erro;sucesso,não localizado por superfície,apps/all-in-one/src/components/SmartCRUD.tsx:603,apps/all-in-one/src/pages/identity/SessionsList.tsx:5
identity,sessions,list,não localizada,Novo registro,click,local,/identity/sessions-form,navegação,não aplicável até salvar,comprovado_local,False,não aplicável,não aplicável,idle,não localizado por superfície,apps/all-in-one/src/components/SmartCRUD.tsx:612,apps/all-in-one/src/pages/identity/SessionsList.tsx:5
identity,sessions,list,não localizada,Ver detalhes,click,local,modal em memória,registro já carregado,não consulta GET de detalhe,comprovado_local_sem_refresh,False,False,leitura de detalhe não auditada no clique,aberto;fechado,não localizado por superfície,apps/all-in-one/src/components/SmartCRUD.tsx:730,apps/all-in-one/src/pages/identity/SessionsList.tsx:5
identity,sessions,list,não localizada,Editar,click,local,/identity/sessions-form,registro em location.state,salvamento posterior usa PATCH ResourcePatch,compativel_via_formulario,token validado no salvamento,no salvamento,backend no salvamento,idle,contrato estático compartilhado; E2E por superfície ainda necessário,apps/all-in-one/src/components/SmartCRUD.tsx:739,apps/all-in-one/src/pages/identity/SessionsList.tsx:5
identity,sessions,list,não localizada,Excluir,click,DELETE,/identity/resources/sessions/{id},UUID e confirmação,soft delete; imutáveis/sensíveis retornam 409,parcial_com_fallback_local,False,True,backend audita somente chamada remota aceita,running;completed;failed,não localizado por superfície,apps/all-in-one/src/components/SmartCRUD.tsx:748,apps/all-in-one/src/pages/identity/SessionsList.tsx:5
identity,users,form,não localizada,Cancelar,click,local,navigate(-1),não aplicável,não aplicável,comprovado_local,não aplicável,não aplicável,não aplicável,idle,não localizado por superfície,apps/all-in-one/src/components/SmartCRUD.tsx:537,apps/all-in-one/src/pages/identity/UsersForm.tsx:5
identity,users,form,não localizada,Salvar Registro,submit,POST (criação) / PATCH (edição),/identity/resources/users,"POST {user_id,payload}; PATCH {payload}; correlação e idempotência na criação","ResourceCreate {user_id,entity_id?,payload}; ResourcePatch {payload}",compativel,token com sub obrigatório,True,backend registra criação/edição aceita com ator e correlação,saving;saved;failed,contrato estático compartilhado; E2E por superfície ainda necessário,apps/all-in-one/src/components/SmartCRUD.tsx:383,apps/all-in-one/src/pages/identity/UsersForm.tsx:5
identity,users,list,não localizada,Pesquisar,click,GET,/identity/resources/users,query/limit,lista protegida por actor_from_headers,parcial_com_fallback_local,False,True,leitura sensível não comprovada por superfície,loading;erro;sucesso,não localizado por superfície,apps/all-in-one/src/components/SmartCRUD.tsx:603,apps/all-in-one/src/pages/identity/UsersList.tsx:5
identity,users,list,não localizada,Novo registro,click,local,/identity/users-form,navegação,não aplicável até salvar,comprovado_local,False,não aplicável,não aplicável,idle,não localizado por superfície,apps/all-in-one/src/components/SmartCRUD.tsx:612,apps/all-in-one/src/pages/identity/UsersList.tsx:5
identity,users,list,não localizada,Ver detalhes,click,local,modal em memória,registro já carregado,não consulta GET de detalhe,comprovado_local_sem_refresh,False,False,leitura de detalhe não auditada no clique,aberto;fechado,não localizado por superfície,apps/all-in-one/src/components/SmartCRUD.tsx:730,apps/all-in-one/src/pages/identity/UsersList.tsx:5
identity,users,list,não localizada,Editar,click,local,/identity/users-form,registro em location.state,salvamento posterior usa PATCH ResourcePatch,compativel_via_formulario,token validado no salvamento,no salvamento,backend no salvamento,idle,contrato estático compartilhado; E2E por superfície ainda necessário,apps/all-in-one/src/components/SmartCRUD.tsx:739,apps/all-in-one/src/pages/identity/UsersList.tsx:5
identity,users,list,não localizada,Excluir,click,DELETE,/identity/resources/users/{id},UUID e confirmação,soft delete; imutáveis/sensíveis retornam 409,parcial_com_fallback_local,False,True,backend audita somente chamada remota aceita,running;completed;failed,não localizado por superfície,apps/all-in-one/src/components/SmartCRUD.tsx:748,apps/all-in-one/src/pages/identity/UsersList.tsx:5
jobs,applications,form,não localizada,Cancelar,click,local,navigate(-1),não aplicável,não aplicável,comprovado_local,não aplicável,não aplicável,não aplicável,idle,não localizado por superfície,apps/all-in-one/src/components/SmartCRUD.tsx:537,apps/all-in-one/src/pages/jobs/ApplicationsForm.tsx:5
jobs,applications,form,não localizada,Salvar Registro,submit,POST (criação) / PATCH (edição),/jobs/resources/applications,"POST {user_id,payload}; PATCH {payload}; correlação e idempotência na criação","ResourceCreate {user_id,entity_id?,payload}; ResourcePatch {payload}",compativel,token com sub obrigatório,True,backend registra criação/edição aceita com ator e correlação,saving;saved;failed,contrato estático compartilhado; E2E por superfície ainda necessário,apps/all-in-one/src/components/SmartCRUD.tsx:383,apps/all-in-one/src/pages/jobs/ApplicationsForm.tsx:5
jobs,applications,list,não localizada,Pesquisar,click,GET,/jobs/resources/applications,query/limit,lista protegida por actor_from_headers,parcial_com_fallback_local,False,True,leitura sensível não comprovada por superfície,loading;erro;sucesso,não localizado por superfície,apps/all-in-one/src/components/SmartCRUD.tsx:603,apps/all-in-one/src/pages/jobs/ApplicationsList.tsx:5
jobs,applications,list,não localizada,Novo registro,click,local,/jobs/applications-form,navegação,não aplicável até salvar,comprovado_local,False,não aplicável,não aplicável,idle,não localizado por superfície,apps/all-in-one/src/components/SmartCRUD.tsx:612,apps/all-in-one/src/pages/jobs/ApplicationsList.tsx:5
jobs,applications,list,não localizada,Ver detalhes,click,local,modal em memória,registro já carregado,não consulta GET de detalhe,comprovado_local_sem_refresh,False,False,leitura de detalhe não auditada no clique,aberto;fechado,não localizado por superfície,apps/all-in-one/src/components/SmartCRUD.tsx:730,apps/all-in-one/src/pages/jobs/ApplicationsList.tsx:5
jobs,applications,list,não localizada,Editar,click,local,/jobs/applications-form,registro em location.state,salvamento posterior usa PATCH ResourcePatch,compativel_via_formulario,token validado no salvamento,no salvamento,backend no salvamento,idle,contrato estático compartilhado; E2E por superfície ainda necessário,apps/all-in-one/src/components/SmartCRUD.tsx:739,apps/all-in-one/src/pages/jobs/ApplicationsList.tsx:5
jobs,applications,list,não localizada,Excluir,click,DELETE,/jobs/resources/applications/{id},UUID e confirmação,soft delete; imutáveis/sensíveis retornam 409,parcial_com_fallback_local,False,True,backend audita somente chamada remota aceita,running;completed;failed,não localizado por superfície,apps/all-in-one/src/components/SmartCRUD.tsx:748,apps/all-in-one/src/pages/jobs/ApplicationsList.tsx:5
jobs,candidateresume,form,não localizada,Cancelar,click,local,navigate(-1),não aplicável,não aplicável,comprovado_local,não aplicável,não aplicável,não aplicável,idle,não localizado por superfície,apps/all-in-one/src/components/SmartCRUD.tsx:537,apps/all-in-one/src/pages/jobs/CandidateResume.tsx:5
jobs,candidateresume,form,não localizada,Salvar Registro,submit,POST (criação) / PATCH (edição),/jobs/resources/candidateresume,"POST {user_id,payload}; PATCH {payload}; correlação e idempotência na criação","ResourceCreate {user_id,entity_id?,payload}; ResourcePatch {payload}",compativel,token com sub obrigatório,True,backend registra criação/edição aceita com ator e correlação,saving;saved;failed,contrato estático compartilhado; E2E por superfície ainda necessário,apps/all-in-one/src/components/SmartCRUD.tsx:383,apps/all-in-one/src/pages/jobs/CandidateResume.tsx:5
jobs,ctpsimport,form,não localizada,Cancelar,click,local,navigate(-1),não aplicável,não aplicável,comprovado_local,não aplicável,não aplicável,não aplicável,idle,não localizado por superfície,apps/all-in-one/src/components/SmartCRUD.tsx:537,apps/all-in-one/src/pages/jobs/CtpsImport.tsx:5
jobs,ctpsimport,form,não localizada,Salvar Registro,submit,POST (criação) / PATCH (edição),/jobs/resources/ctpsimport,"POST {user_id,payload}; PATCH {payload}; correlação e idempotência na criação","ResourceCreate {user_id,entity_id?,payload}; ResourcePatch {payload}",compativel,token com sub obrigatório,True,backend registra criação/edição aceita com ator e correlação,saving;saved;failed,contrato estático compartilhado; E2E por superfície ainda necessário,apps/all-in-one/src/components/SmartCRUD.tsx:383,apps/all-in-one/src/pages/jobs/CtpsImport.tsx:5
jobs,employmentrecords,form,não localizada,Cancelar,click,local,navigate(-1),não aplicável,não aplicável,comprovado_local,não aplicável,não aplicável,não aplicável,idle,não localizado por superfície,apps/all-in-one/src/components/SmartCRUD.tsx:537,apps/all-in-one/src/pages/jobs/EmploymentRecordsForm.tsx:6
jobs,employmentrecords,form,não localizada,Salvar Registro,submit,POST (criação) / PATCH (edição),/jobs/resources/employmentrecords,"POST {user_id,payload}; PATCH {payload}; correlação e idempotência na criação","ResourceCreate {user_id,entity_id?,payload}; ResourcePatch {payload}",compativel,token com sub obrigatório,True,backend registra criação/edição aceita com ator e correlação,saving;saved;failed,contrato estático compartilhado; E2E por superfície ainda necessário,apps/all-in-one/src/components/SmartCRUD.tsx:383,apps/all-in-one/src/pages/jobs/EmploymentRecordsForm.tsx:6
jobs,employmentrecords,list,não localizada,Pesquisar,click,GET,/jobs/resources/employmentrecords,query/limit,lista protegida por actor_from_headers,parcial_com_fallback_local,False,True,leitura sensível não comprovada por superfície,loading;erro;sucesso,não localizado por superfície,apps/all-in-one/src/components/SmartCRUD.tsx:603,apps/all-in-one/src/pages/jobs/EmploymentRecordsList.tsx:6
jobs,employmentrecords,list,não localizada,Novo registro,click,local,/jobs/employmentrecords-form,navegação,não aplicável até salvar,comprovado_local,False,não aplicável,não aplicável,idle,não localizado por superfície,apps/all-in-one/src/components/SmartCRUD.tsx:612,apps/all-in-one/src/pages/jobs/EmploymentRecordsList.tsx:6
jobs,employmentrecords,list,não localizada,Ver detalhes,click,local,modal em memória,registro já carregado,não consulta GET de detalhe,comprovado_local_sem_refresh,False,False,leitura de detalhe não auditada no clique,aberto;fechado,não localizado por superfície,apps/all-in-one/src/components/SmartCRUD.tsx:730,apps/all-in-one/src/pages/jobs/EmploymentRecordsList.tsx:6
jobs,employmentrecords,list,não localizada,Editar,click,local,/jobs/employmentrecords-form,registro em location.state,salvamento posterior usa PATCH ResourcePatch,compativel_via_formulario,token validado no salvamento,no salvamento,backend no salvamento,idle,contrato estático compartilhado; E2E por superfície ainda necessário,apps/all-in-one/src/components/SmartCRUD.tsx:739,apps/all-in-one/src/pages/jobs/EmploymentRecordsList.tsx:6
jobs,employmentrecords,list,não localizada,Excluir,click,DELETE,/jobs/resources/employmentrecords/{id},UUID e confirmação,soft delete; imutáveis/sensíveis retornam 409,parcial_com_fallback_local,False,True,backend audita somente chamada remota aceita,running;completed;failed,não localizado por superfície,apps/all-in-one/src/components/SmartCRUD.tsx:748,apps/all-in-one/src/pages/jobs/EmploymentRecordsList.tsx:6
jobs,jobpostings,form,não localizada,Cancelar,click,local,navigate(-1),não aplicável,não aplicável,comprovado_local,não aplicável,não aplicável,não aplicável,idle,não localizado por superfície,apps/all-in-one/src/components/SmartCRUD.tsx:537,apps/all-in-one/src/pages/jobs/JobPostingsForm.tsx:5
jobs,jobpostings,form,não localizada,Salvar Registro,submit,POST (criação) / PATCH (edição),/jobs/resources/job_postings,"POST {user_id,payload}; PATCH {payload}; correlação e idempotência na criação","ResourceCreate {user_id,entity_id?,payload}; ResourcePatch {payload}",compativel,token com sub obrigatório,True,backend registra criação/edição aceita com ator e correlação,saving;saved;failed,contrato estático compartilhado; E2E por superfície ainda necessário,apps/all-in-one/src/components/SmartCRUD.tsx:383,apps/all-in-one/src/pages/jobs/JobPostingsForm.tsx:5
jobs,jobpostings,list,não localizada,Pesquisar,click,GET,/jobs/resources/job_postings,query/limit,lista protegida por actor_from_headers,parcial_com_fallback_local,False,True,leitura sensível não comprovada por superfície,loading;erro;sucesso,não localizado por superfície,apps/all-in-one/src/components/SmartCRUD.tsx:603,apps/all-in-one/src/pages/jobs/JobPostingsList.tsx:5
jobs,jobpostings,list,não localizada,Novo registro,click,local,/jobs/jobpostings-form,navegação,não aplicável até salvar,comprovado_local,False,não aplicável,não aplicável,idle,não localizado por superfície,apps/all-in-one/src/components/SmartCRUD.tsx:612,apps/all-in-one/src/pages/jobs/JobPostingsList.tsx:5
jobs,jobpostings,list,não localizada,Ver detalhes,click,local,modal em memória,registro já carregado,não consulta GET de detalhe,comprovado_local_sem_refresh,False,False,leitura de detalhe não auditada no clique,aberto;fechado,não localizado por superfície,apps/all-in-one/src/components/SmartCRUD.tsx:730,apps/all-in-one/src/pages/jobs/JobPostingsList.tsx:5
jobs,jobpostings,list,não localizada,Editar,click,local,/jobs/jobpostings-form,registro em location.state,salvamento posterior usa PATCH ResourcePatch,compativel_via_formulario,token validado no salvamento,no salvamento,backend no salvamento,idle,contrato estático compartilhado; E2E por superfície ainda necessário,apps/all-in-one/src/components/SmartCRUD.tsx:739,apps/all-in-one/src/pages/jobs/JobPostingsList.tsx:5
jobs,jobpostings,list,não localizada,Excluir,click,DELETE,/jobs/resources/job_postings/{id},UUID e confirmação,soft delete; imutáveis/sensíveis retornam 409,parcial_com_fallback_local,False,True,backend audita somente chamada remota aceita,running;completed;failed,não localizado por superfície,apps/all-in-one/src/components/SmartCRUD.tsx:748,apps/all-in-one/src/pages/jobs/JobPostingsList.tsx:5
jobs,jobpostings,list,não localizada,Enviar candidatura,click,POST x2,/jobs/resources/{resumes|applications},contrato específico implementado no SmartCRUD,rotas específicas com actor/autorização,implementado_requer_e2e_vivo,token e presença de dados; papel não verificado,True,backend conforme transições,running;completed;failed,"testes de jornada existem, cobertura por tela requer confirmação",apps/all-in-one/src/components/SmartCRUD.tsx:257,apps/all-in-one/src/pages/jobs/JobPostingsList.tsx:5
jobs,jobspermissions,list,não localizada,Pesquisar,click,GET,/jobs/resources/jobspermissions,query/limit,lista protegida por actor_from_headers,parcial_com_fallback_local,False,True,leitura sensível não comprovada por superfície,loading;erro;sucesso,não localizado por superfície,apps/all-in-one/src/components/SmartCRUD.tsx:603,apps/all-in-one/src/pages/jobs/JobsPermissions.tsx:5
jobs,jobspermissions,list,não localizada,Novo registro,click,local,/jobs/jobspermissions-form,navegação,não aplicável até salvar,comprovado_local,False,não aplicável,não aplicável,idle,não localizado por superfície,apps/all-in-one/src/components/SmartCRUD.tsx:612,apps/all-in-one/src/pages/jobs/JobsPermissions.tsx:5
jobs,jobspermissions,list,não localizada,Ver detalhes,click,local,modal em memória,registro já carregado,não consulta GET de detalhe,comprovado_local_sem_refresh,False,False,leitura de detalhe não auditada no clique,aberto;fechado,não localizado por superfície,apps/all-in-one/src/components/SmartCRUD.tsx:730,apps/all-in-one/src/pages/jobs/JobsPermissions.tsx:5
jobs,jobspermissions,list,não localizada,Editar,click,local,/jobs/jobspermissions-form,registro em location.state,salvamento posterior usa PATCH ResourcePatch,compativel_via_formulario,token validado no salvamento,no salvamento,backend no salvamento,idle,contrato estático compartilhado; E2E por superfície ainda necessário,apps/all-in-one/src/components/SmartCRUD.tsx:739,apps/all-in-one/src/pages/jobs/JobsPermissions.tsx:5
jobs,jobspermissions,list,não localizada,Excluir,click,DELETE,/jobs/resources/jobspermissions/{id},UUID e confirmação,soft delete; imutáveis/sensíveis retornam 409,parcial_com_fallback_local,False,True,backend audita somente chamada remota aceita,running;completed;failed,não localizado por superfície,apps/all-in-one/src/components/SmartCRUD.tsx:748,apps/all-in-one/src/pages/jobs/JobsPermissions.tsx:5
jobs,recruiterresumereview,form,não localizada,Cancelar,click,local,navigate(-1),não aplicável,não aplicável,comprovado_local,não aplicável,não aplicável,não aplicável,idle,não localizado por superfície,apps/all-in-one/src/components/SmartCRUD.tsx:537,apps/all-in-one/src/pages/jobs/RecruiterResumeReview.tsx:6
jobs,recruiterresumereview,form,não localizada,Salvar Registro,submit,POST (criação) / PATCH (edição),/jobs/resources/recruiterresumereview,"POST {user_id,payload}; PATCH {payload}; correlação e idempotência na criação","ResourceCreate {user_id,entity_id?,payload}; ResourcePatch {payload}",compativel,token com sub obrigatório,True,backend registra criação/edição aceita com ator e correlação,saving;saved;failed,contrato estático compartilhado; E2E por superfície ainda necessário,apps/all-in-one/src/components/SmartCRUD.tsx:383,apps/all-in-one/src/pages/jobs/RecruiterResumeReview.tsx:6
jobs,resumeaccesslogs,form,não localizada,Cancelar,click,local,navigate(-1),não aplicável,não aplicável,comprovado_local,não aplicável,não aplicável,não aplicável,idle,não localizado por superfície,apps/all-in-one/src/components/SmartCRUD.tsx:537,apps/all-in-one/src/pages/jobs/ResumeAccessLogsForm.tsx:6
jobs,resumeaccesslogs,form,não localizada,Salvar Registro,submit,POST (criação) / PATCH (edição),/jobs/resources/resumeaccesslogs,"POST {user_id,payload}; PATCH {payload}; correlação e idempotência na criação","ResourceCreate {user_id,entity_id?,payload}; ResourcePatch {payload}",compativel,token com sub obrigatório,True,backend registra criação/edição aceita com ator e correlação,saving;saved;failed,contrato estático compartilhado; E2E por superfície ainda necessário,apps/all-in-one/src/components/SmartCRUD.tsx:383,apps/all-in-one/src/pages/jobs/ResumeAccessLogsForm.tsx:6
jobs,resumeaccesslogs,list,não localizada,Pesquisar,click,GET,/jobs/resources/resumeaccesslogs,query/limit,lista protegida por actor_from_headers,parcial_com_fallback_local,False,True,leitura sensível não comprovada por superfície,loading;erro;sucesso,não localizado por superfície,apps/all-in-one/src/components/SmartCRUD.tsx:603,apps/all-in-one/src/pages/jobs/ResumeAccessLogsList.tsx:6
jobs,resumeaccesslogs,list,não localizada,Novo registro,click,local,/jobs/resumeaccesslogs-form,navegação,não aplicável até salvar,comprovado_local,False,não aplicável,não aplicável,idle,não localizado por superfície,apps/all-in-one/src/components/SmartCRUD.tsx:612,apps/all-in-one/src/pages/jobs/ResumeAccessLogsList.tsx:6
jobs,resumeaccesslogs,list,não localizada,Ver detalhes,click,local,modal em memória,registro já carregado,não consulta GET de detalhe,comprovado_local_sem_refresh,False,False,leitura de detalhe não auditada no clique,aberto;fechado,não localizado por superfície,apps/all-in-one/src/components/SmartCRUD.tsx:730,apps/all-in-one/src/pages/jobs/ResumeAccessLogsList.tsx:6
jobs,resumeaccesslogs,list,não localizada,Editar,click,local,/jobs/resumeaccesslogs-form,registro em location.state,salvamento posterior usa PATCH ResourcePatch,compativel_via_formulario,token validado no salvamento,no salvamento,backend no salvamento,idle,contrato estático compartilhado; E2E por superfície ainda necessário,apps/all-in-one/src/components/SmartCRUD.tsx:739,apps/all-in-one/src/pages/jobs/ResumeAccessLogsList.tsx:6
jobs,resumeaccesslogs,list,não localizada,Excluir,click,DELETE,/jobs/resources/resumeaccesslogs/{id},UUID e confirmação,soft delete; imutáveis/sensíveis retornam 409,parcial_com_fallback_local,False,True,backend audita somente chamada remota aceita,running;completed;failed,não localizado por superfície,apps/all-in-one/src/components/SmartCRUD.tsx:748,apps/all-in-one/src/pages/jobs/ResumeAccessLogsList.tsx:6
jobs,resumedocuments,form,não localizada,Cancelar,click,local,navigate(-1),não aplicável,não aplicável,comprovado_local,não aplicável,não aplicável,não aplicável,idle,não localizado por superfície,apps/all-in-one/src/components/SmartCRUD.tsx:537,apps/all-in-one/src/pages/jobs/ResumeDocumentsForm.tsx:5
jobs,resumedocuments,form,não localizada,Salvar Registro,submit,POST (criação) / PATCH (edição),/jobs/resources/resumedocuments,"POST {user_id,payload}; PATCH {payload}; correlação e idempotência na criação","ResourceCreate {user_id,entity_id?,payload}; ResourcePatch {payload}",compativel,token com sub obrigatório,True,backend registra criação/edição aceita com ator e correlação,saving;saved;failed,contrato estático compartilhado; E2E por superfície ainda necessário,apps/all-in-one/src/components/SmartCRUD.tsx:383,apps/all-in-one/src/pages/jobs/ResumeDocumentsForm.tsx:5
jobs,resumedocuments,list,não localizada,Pesquisar,click,GET,/jobs/resources/resumedocuments,query/limit,lista protegida por actor_from_headers,parcial_com_fallback_local,False,True,leitura sensível não comprovada por superfície,loading;erro;sucesso,não localizado por superfície,apps/all-in-one/src/components/SmartCRUD.tsx:603,apps/all-in-one/src/pages/jobs/ResumeDocumentsList.tsx:5
jobs,resumedocuments,list,não localizada,Novo registro,click,local,/jobs/resumedocuments-form,navegação,não aplicável até salvar,comprovado_local,False,não aplicável,não aplicável,idle,não localizado por superfície,apps/all-in-one/src/components/SmartCRUD.tsx:612,apps/all-in-one/src/pages/jobs/ResumeDocumentsList.tsx:5
jobs,resumedocuments,list,não localizada,Ver detalhes,click,local,modal em memória,registro já carregado,não consulta GET de detalhe,comprovado_local_sem_refresh,False,False,leitura de detalhe não auditada no clique,aberto;fechado,não localizado por superfície,apps/all-in-one/src/components/SmartCRUD.tsx:730,apps/all-in-one/src/pages/jobs/ResumeDocumentsList.tsx:5
jobs,resumedocuments,list,não localizada,Editar,click,local,/jobs/resumedocuments-form,registro em location.state,salvamento posterior usa PATCH ResourcePatch,compativel_via_formulario,token validado no salvamento,no salvamento,backend no salvamento,idle,contrato estático compartilhado; E2E por superfície ainda necessário,apps/all-in-one/src/components/SmartCRUD.tsx:739,apps/all-in-one/src/pages/jobs/ResumeDocumentsList.tsx:5
jobs,resumedocuments,list,não localizada,Excluir,click,DELETE,/jobs/resources/resumedocuments/{id},UUID e confirmação,soft delete; imutáveis/sensíveis retornam 409,parcial_com_fallback_local,False,True,backend audita somente chamada remota aceita,running;completed;failed,não localizado por superfície,apps/all-in-one/src/components/SmartCRUD.tsx:748,apps/all-in-one/src/pages/jobs/ResumeDocumentsList.tsx:5
jobs,resumes,form,não localizada,Cancelar,click,local,navigate(-1),não aplicável,não aplicável,comprovado_local,não aplicável,não aplicável,não aplicável,idle,não localizado por superfície,apps/all-in-one/src/components/SmartCRUD.tsx:537,apps/all-in-one/src/pages/jobs/ResumesForm.tsx:5
jobs,resumes,form,não localizada,Salvar Registro,submit,POST (criação) / PATCH (edição),/jobs/resources/resumes,"POST {user_id,payload}; PATCH {payload}; correlação e idempotência na criação","ResourceCreate {user_id,entity_id?,payload}; ResourcePatch {payload}",compativel,token com sub obrigatório,True,backend registra criação/edição aceita com ator e correlação,saving;saved;failed,contrato estático compartilhado; E2E por superfície ainda necessário,apps/all-in-one/src/components/SmartCRUD.tsx:383,apps/all-in-one/src/pages/jobs/ResumesForm.tsx:5
jobs,resumes,list,não localizada,Pesquisar,click,GET,/jobs/resources/resumes,query/limit,lista protegida por actor_from_headers,parcial_com_fallback_local,False,True,leitura sensível não comprovada por superfície,loading;erro;sucesso,não localizado por superfície,apps/all-in-one/src/components/SmartCRUD.tsx:603,apps/all-in-one/src/pages/jobs/ResumesList.tsx:5
jobs,resumes,list,não localizada,Novo registro,click,local,/jobs/resumes-form,navegação,não aplicável até salvar,comprovado_local,False,não aplicável,não aplicável,idle,não localizado por superfície,apps/all-in-one/src/components/SmartCRUD.tsx:612,apps/all-in-one/src/pages/jobs/ResumesList.tsx:5
jobs,resumes,list,não localizada,Ver detalhes,click,local,modal em memória,registro já carregado,não consulta GET de detalhe,comprovado_local_sem_refresh,False,False,leitura de detalhe não auditada no clique,aberto;fechado,não localizado por superfície,apps/all-in-one/src/components/SmartCRUD.tsx:730,apps/all-in-one/src/pages/jobs/ResumesList.tsx:5
jobs,resumes,list,não localizada,Editar,click,local,/jobs/resumes-form,registro em location.state,salvamento posterior usa PATCH ResourcePatch,compativel_via_formulario,token validado no salvamento,no salvamento,backend no salvamento,idle,contrato estático compartilhado; E2E por superfície ainda necessário,apps/all-in-one/src/components/SmartCRUD.tsx:739,apps/all-in-one/src/pages/jobs/ResumesList.tsx:5
jobs,resumes,list,não localizada,Excluir,click,DELETE,/jobs/resources/resumes/{id},UUID e confirmação,soft delete; imutáveis/sensíveis retornam 409,parcial_com_fallback_local,False,True,backend audita somente chamada remota aceita,running;completed;failed,não localizado por superfície,apps/all-in-one/src/components/SmartCRUD.tsx:748,apps/all-in-one/src/pages/jobs/ResumesList.tsx:5
jobs,vacancysearch,form,não localizada,Cancelar,click,local,navigate(-1),não aplicável,não aplicável,comprovado_local,não aplicável,não aplicável,não aplicável,idle,não localizado por superfície,apps/all-in-one/src/components/SmartCRUD.tsx:537,apps/all-in-one/src/pages/jobs/VacancySearch.tsx:5
jobs,vacancysearch,form,não localizada,Salvar Registro,submit,POST (criação) / PATCH (edição),/jobs/resources/vacancysearch,"POST {user_id,payload}; PATCH {payload}; correlação e idempotência na criação","ResourceCreate {user_id,entity_id?,payload}; ResourcePatch {payload}",compativel,token com sub obrigatório,True,backend registra criação/edição aceita com ator e correlação,saving;saved;failed,contrato estático compartilhado; E2E por superfície ainda necessário,apps/all-in-one/src/components/SmartCRUD.tsx:383,apps/all-in-one/src/pages/jobs/VacancySearch.tsx:5
legal,cases,form,não localizada,Cancelar,click,local,navigate(-1),não aplicável,não aplicável,comprovado_local,não aplicável,não aplicável,não aplicável,idle,não localizado por superfície,apps/all-in-one/src/components/SmartCRUD.tsx:537,apps/all-in-one/src/pages/legal/CasesForm.tsx:5
legal,cases,form,não localizada,Salvar Registro,submit,POST (criação) / PATCH (edição),/legal/resources/cases,"POST {user_id,payload}; PATCH {payload}; correlação e idempotência na criação","ResourceCreate {user_id,entity_id?,payload}; ResourcePatch {payload}",compativel,token com sub obrigatório,True,backend registra criação/edição aceita com ator e correlação,saving;saved;failed,contrato estático compartilhado; E2E por superfície ainda necessário,apps/all-in-one/src/components/SmartCRUD.tsx:383,apps/all-in-one/src/pages/legal/CasesForm.tsx:5
legal,cases,list,não localizada,Pesquisar,click,GET,/legal/resources/cases,query/limit,lista protegida por actor_from_headers,parcial_com_fallback_local,False,True,leitura sensível não comprovada por superfície,loading;erro;sucesso,não localizado por superfície,apps/all-in-one/src/components/SmartCRUD.tsx:603,apps/all-in-one/src/pages/legal/CasesList.tsx:5
legal,cases,list,não localizada,Novo registro,click,local,/legal/cases-form,navegação,não aplicável até salvar,comprovado_local,False,não aplicável,não aplicável,idle,não localizado por superfície,apps/all-in-one/src/components/SmartCRUD.tsx:612,apps/all-in-one/src/pages/legal/CasesList.tsx:5
legal,cases,list,não localizada,Ver detalhes,click,local,modal em memória,registro já carregado,não consulta GET de detalhe,comprovado_local_sem_refresh,False,False,leitura de detalhe não auditada no clique,aberto;fechado,não localizado por superfície,apps/all-in-one/src/components/SmartCRUD.tsx:730,apps/all-in-one/src/pages/legal/CasesList.tsx:5
legal,cases,list,não localizada,Editar,click,local,/legal/cases-form,registro em location.state,salvamento posterior usa PATCH ResourcePatch,compativel_via_formulario,token validado no salvamento,no salvamento,backend no salvamento,idle,contrato estático compartilhado; E2E por superfície ainda necessário,apps/all-in-one/src/components/SmartCRUD.tsx:739,apps/all-in-one/src/pages/legal/CasesList.tsx:5
legal,cases,list,não localizada,Excluir,click,DELETE,/legal/resources/cases/{id},UUID e confirmação,soft delete; imutáveis/sensíveis retornam 409,parcial_com_fallback_local,False,True,backend audita somente chamada remota aceita,running;completed;failed,não localizado por superfície,apps/all-in-one/src/components/SmartCRUD.tsx:748,apps/all-in-one/src/pages/legal/CasesList.tsx:5
legal,deadlines,form,não localizada,Cancelar,click,local,navigate(-1),não aplicável,não aplicável,comprovado_local,não aplicável,não aplicável,não aplicável,idle,não localizado por superfície,apps/all-in-one/src/components/SmartCRUD.tsx:537,apps/all-in-one/src/pages/legal/DeadlinesForm.tsx:5
legal,deadlines,form,não localizada,Salvar Registro,submit,POST (criação) / PATCH (edição),/legal/resources/deadlines,"POST {user_id,payload}; PATCH {payload}; correlação e idempotência na criação","ResourceCreate {user_id,entity_id?,payload}; ResourcePatch {payload}",compativel,token com sub obrigatório,True,backend registra criação/edição aceita com ator e correlação,saving;saved;failed,contrato estático compartilhado; E2E por superfície ainda necessário,apps/all-in-one/src/components/SmartCRUD.tsx:383,apps/all-in-one/src/pages/legal/DeadlinesForm.tsx:5
legal,deadlines,list,não localizada,Pesquisar,click,GET,/legal/resources/deadlines,query/limit,lista protegida por actor_from_headers,parcial_com_fallback_local,False,True,leitura sensível não comprovada por superfície,loading;erro;sucesso,não localizado por superfície,apps/all-in-one/src/components/SmartCRUD.tsx:603,apps/all-in-one/src/pages/legal/DeadlinesList.tsx:5
legal,deadlines,list,não localizada,Novo registro,click,local,/legal/deadlines-form,navegação,não aplicável até salvar,comprovado_local,False,não aplicável,não aplicável,idle,não localizado por superfície,apps/all-in-one/src/components/SmartCRUD.tsx:612,apps/all-in-one/src/pages/legal/DeadlinesList.tsx:5
legal,deadlines,list,não localizada,Ver detalhes,click,local,modal em memória,registro já carregado,não consulta GET de detalhe,comprovado_local_sem_refresh,False,False,leitura de detalhe não auditada no clique,aberto;fechado,não localizado por superfície,apps/all-in-one/src/components/SmartCRUD.tsx:730,apps/all-in-one/src/pages/legal/DeadlinesList.tsx:5
legal,deadlines,list,não localizada,Editar,click,local,/legal/deadlines-form,registro em location.state,salvamento posterior usa PATCH ResourcePatch,compativel_via_formulario,token validado no salvamento,no salvamento,backend no salvamento,idle,contrato estático compartilhado; E2E por superfície ainda necessário,apps/all-in-one/src/components/SmartCRUD.tsx:739,apps/all-in-one/src/pages/legal/DeadlinesList.tsx:5
legal,deadlines,list,não localizada,Excluir,click,DELETE,/legal/resources/deadlines/{id},UUID e confirmação,soft delete; imutáveis/sensíveis retornam 409,parcial_com_fallback_local,False,True,backend audita somente chamada remota aceita,running;completed;failed,não localizado por superfície,apps/all-in-one/src/components/SmartCRUD.tsx:748,apps/all-in-one/src/pages/legal/DeadlinesList.tsx:5
legal,hearings,form,não localizada,Cancelar,click,local,navigate(-1),não aplicável,não aplicável,comprovado_local,não aplicável,não aplicável,não aplicável,idle,não localizado por superfície,apps/all-in-one/src/components/SmartCRUD.tsx:537,apps/all-in-one/src/pages/legal/HearingsForm.tsx:5
legal,hearings,form,não localizada,Salvar Registro,submit,POST (criação) / PATCH (edição),/legal/resources/hearings,"POST {user_id,payload}; PATCH {payload}; correlação e idempotência na criação","ResourceCreate {user_id,entity_id?,payload}; ResourcePatch {payload}",compativel,token com sub obrigatório,True,backend registra criação/edição aceita com ator e correlação,saving;saved;failed,contrato estático compartilhado; E2E por superfície ainda necessário,apps/all-in-one/src/components/SmartCRUD.tsx:383,apps/all-in-one/src/pages/legal/HearingsForm.tsx:5
legal,hearings,list,não localizada,Pesquisar,click,GET,/legal/resources/hearings,query/limit,lista protegida por actor_from_headers,parcial_com_fallback_local,False,True,leitura sensível não comprovada por superfície,loading;erro;sucesso,não localizado por superfície,apps/all-in-one/src/components/SmartCRUD.tsx:603,apps/all-in-one/src/pages/legal/HearingsList.tsx:5
legal,hearings,list,não localizada,Novo registro,click,local,/legal/hearings-form,navegação,não aplicável até salvar,comprovado_local,False,não aplicável,não aplicável,idle,não localizado por superfície,apps/all-in-one/src/components/SmartCRUD.tsx:612,apps/all-in-one/src/pages/legal/HearingsList.tsx:5
legal,hearings,list,não localizada,Ver detalhes,click,local,modal em memória,registro já carregado,não consulta GET de detalhe,comprovado_local_sem_refresh,False,False,leitura de detalhe não auditada no clique,aberto;fechado,não localizado por superfície,apps/all-in-one/src/components/SmartCRUD.tsx:730,apps/all-in-one/src/pages/legal/HearingsList.tsx:5
legal,hearings,list,não localizada,Editar,click,local,/legal/hearings-form,registro em location.state,salvamento posterior usa PATCH ResourcePatch,compativel_via_formulario,token validado no salvamento,no salvamento,backend no salvamento,idle,contrato estático compartilhado; E2E por superfície ainda necessário,apps/all-in-one/src/components/SmartCRUD.tsx:739,apps/all-in-one/src/pages/legal/HearingsList.tsx:5
legal,hearings,list,não localizada,Excluir,click,DELETE,/legal/resources/hearings/{id},UUID e confirmação,soft delete; imutáveis/sensíveis retornam 409,parcial_com_fallback_local,False,True,backend audita somente chamada remota aceita,running;completed;failed,não localizado por superfície,apps/all-in-one/src/components/SmartCRUD.tsx:748,apps/all-in-one/src/pages/legal/HearingsList.tsx:5
legal,legalcontracts,form,não localizada,Cancelar,click,local,navigate(-1),não aplicável,não aplicável,comprovado_local,não aplicável,não aplicável,não aplicável,idle,não localizado por superfície,apps/all-in-one/src/components/SmartCRUD.tsx:537,apps/all-in-one/src/pages/legal/LegalContractsForm.tsx:5
legal,legalcontracts,form,não localizada,Salvar Registro,submit,POST (criação) / PATCH (edição),/legal/resources/legalcontracts,"POST {user_id,payload}; PATCH {payload}; correlação e idempotência na criação","ResourceCreate {user_id,entity_id?,payload}; ResourcePatch {payload}",compativel,token com sub obrigatório,True,backend registra criação/edição aceita com ator e correlação,saving;saved;failed,contrato estático compartilhado; E2E por superfície ainda necessário,apps/all-in-one/src/components/SmartCRUD.tsx:383,apps/all-in-one/src/pages/legal/LegalContractsForm.tsx:5
legal,legalcontracts,list,não localizada,Pesquisar,click,GET,/legal/resources/legalcontracts,query/limit,lista protegida por actor_from_headers,parcial_com_fallback_local,False,True,leitura sensível não comprovada por superfície,loading;erro;sucesso,não localizado por superfície,apps/all-in-one/src/components/SmartCRUD.tsx:603,apps/all-in-one/src/pages/legal/LegalContractsList.tsx:5
legal,legalcontracts,list,não localizada,Novo registro,click,local,/legal/legalcontracts-form,navegação,não aplicável até salvar,comprovado_local,False,não aplicável,não aplicável,idle,não localizado por superfície,apps/all-in-one/src/components/SmartCRUD.tsx:612,apps/all-in-one/src/pages/legal/LegalContractsList.tsx:5
legal,legalcontracts,list,não localizada,Ver detalhes,click,local,modal em memória,registro já carregado,não consulta GET de detalhe,comprovado_local_sem_refresh,False,False,leitura de detalhe não auditada no clique,aberto;fechado,não localizado por superfície,apps/all-in-one/src/components/SmartCRUD.tsx:730,apps/all-in-one/src/pages/legal/LegalContractsList.tsx:5
legal,legalcontracts,list,não localizada,Editar,click,local,/legal/legalcontracts-form,registro em location.state,salvamento posterior usa PATCH ResourcePatch,compativel_via_formulario,token validado no salvamento,no salvamento,backend no salvamento,idle,contrato estático compartilhado; E2E por superfície ainda necessário,apps/all-in-one/src/components/SmartCRUD.tsx:739,apps/all-in-one/src/pages/legal/LegalContractsList.tsx:5
legal,legalcontracts,list,não localizada,Excluir,click,DELETE,/legal/resources/legalcontracts/{id},UUID e confirmação,soft delete; imutáveis/sensíveis retornam 409,parcial_com_fallback_local,False,True,backend audita somente chamada remota aceita,running;completed;failed,não localizado por superfície,apps/all-in-one/src/components/SmartCRUD.tsx:748,apps/all-in-one/src/pages/legal/LegalContractsList.tsx:5
legal,legalpermissions,list,não localizada,Pesquisar,click,GET,/legal/resources/legalpermissions,query/limit,lista protegida por actor_from_headers,parcial_com_fallback_local,False,True,leitura sensível não comprovada por superfície,loading;erro;sucesso,não localizado por superfície,apps/all-in-one/src/components/SmartCRUD.tsx:603,apps/all-in-one/src/pages/legal/LegalPermissions.tsx:6
legal,legalpermissions,list,não localizada,Novo registro,click,local,/legal/legalpermissions-form,navegação,não aplicável até salvar,comprovado_local,False,não aplicável,não aplicável,idle,não localizado por superfície,apps/all-in-one/src/components/SmartCRUD.tsx:612,apps/all-in-one/src/pages/legal/LegalPermissions.tsx:6
legal,legalpermissions,list,não localizada,Ver detalhes,click,local,modal em memória,registro já carregado,não consulta GET de detalhe,comprovado_local_sem_refresh,False,False,leitura de detalhe não auditada no clique,aberto;fechado,não localizado por superfície,apps/all-in-one/src/components/SmartCRUD.tsx:730,apps/all-in-one/src/pages/legal/LegalPermissions.tsx:6
legal,legalpermissions,list,não localizada,Editar,click,local,/legal/legalpermissions-form,registro em location.state,salvamento posterior usa PATCH ResourcePatch,compativel_via_formulario,token validado no salvamento,no salvamento,backend no salvamento,idle,contrato estático compartilhado; E2E por superfície ainda necessário,apps/all-in-one/src/components/SmartCRUD.tsx:739,apps/all-in-one/src/pages/legal/LegalPermissions.tsx:6
legal,legalpermissions,list,não localizada,Excluir,click,DELETE,/legal/resources/legalpermissions/{id},UUID e confirmação,soft delete; imutáveis/sensíveis retornam 409,parcial_com_fallback_local,False,True,backend audita somente chamada remota aceita,running;completed;failed,não localizado por superfície,apps/all-in-one/src/components/SmartCRUD.tsx:748,apps/all-in-one/src/pages/legal/LegalPermissions.tsx:6
marketplace,carts,form,não localizada,Cancelar,click,local,navigate(-1),não aplicável,não aplicável,comprovado_local,não aplicável,não aplicável,não aplicável,idle,não localizado por superfície,apps/all-in-one/src/components/SmartCRUD.tsx:537,apps/all-in-one/src/pages/marketplace/CartsForm.tsx:5
marketplace,carts,form,não localizada,Salvar Registro,submit,POST (criação) / PATCH (edição),/marketplace/resources/carts,"POST {user_id,payload}; PATCH {payload}; correlação e idempotência na criação","ResourceCreate {user_id,entity_id?,payload}; ResourcePatch {payload}",compativel,token com sub obrigatório,True,backend registra criação/edição aceita com ator e correlação,saving;saved;failed,contrato estático compartilhado; E2E por superfície ainda necessário,apps/all-in-one/src/components/SmartCRUD.tsx:383,apps/all-in-one/src/pages/marketplace/CartsForm.tsx:5
marketplace,carts,list,não localizada,Pesquisar,click,GET,/marketplace/resources/carts,query/limit,lista protegida por actor_from_headers,parcial_com_fallback_local,False,True,leitura sensível não comprovada por superfície,loading;erro;sucesso,não localizado por superfície,apps/all-in-one/src/components/SmartCRUD.tsx:603,apps/all-in-one/src/pages/marketplace/CartsList.tsx:5
marketplace,carts,list,não localizada,Novo registro,click,local,/marketplace/carts-form,navegação,não aplicável até salvar,comprovado_local,False,não aplicável,não aplicável,idle,não localizado por superfície,apps/all-in-one/src/components/SmartCRUD.tsx:612,apps/all-in-one/src/pages/marketplace/CartsList.tsx:5
marketplace,carts,list,não localizada,Ver detalhes,click,local,modal em memória,registro já carregado,não consulta GET de detalhe,comprovado_local_sem_refresh,False,False,leitura de detalhe não auditada no clique,aberto;fechado,não localizado por superfície,apps/all-in-one/src/components/SmartCRUD.tsx:730,apps/all-in-one/src/pages/marketplace/CartsList.tsx:5
marketplace,carts,list,não localizada,Editar,click,local,/marketplace/carts-form,registro em location.state,salvamento posterior usa PATCH ResourcePatch,compativel_via_formulario,token validado no salvamento,no salvamento,backend no salvamento,idle,contrato estático compartilhado; E2E por superfície ainda necessário,apps/all-in-one/src/components/SmartCRUD.tsx:739,apps/all-in-one/src/pages/marketplace/CartsList.tsx:5
marketplace,carts,list,não localizada,Excluir,click,DELETE,/marketplace/resources/carts/{id},UUID e confirmação,soft delete; imutáveis/sensíveis retornam 409,parcial_com_fallback_local,False,True,backend audita somente chamada remota aceita,running;completed;failed,não localizado por superfície,apps/all-in-one/src/components/SmartCRUD.tsx:748,apps/all-in-one/src/pages/marketplace/CartsList.tsx:5
marketplace,disputes,form,não localizada,Cancelar,click,local,navigate(-1),não aplicável,não aplicável,comprovado_local,não aplicável,não aplicável,não aplicável,idle,não localizado por superfície,apps/all-in-one/src/components/SmartCRUD.tsx:537,apps/all-in-one/src/pages/marketplace/DisputesForm.tsx:5
marketplace,disputes,form,não localizada,Salvar Registro,submit,POST (criação) / PATCH (edição),/marketplace/resources/disputes,"POST {user_id,payload}; PATCH {payload}; correlação e idempotência na criação","ResourceCreate {user_id,entity_id?,payload}; ResourcePatch {payload}",compativel,token com sub obrigatório,True,backend registra criação/edição aceita com ator e correlação,saving;saved;failed,contrato estático compartilhado; E2E por superfície ainda necessário,apps/all-in-one/src/components/SmartCRUD.tsx:383,apps/all-in-one/src/pages/marketplace/DisputesForm.tsx:5
marketplace,disputes,list,não localizada,Pesquisar,click,GET,/marketplace/resources/disputes,query/limit,lista protegida por actor_from_headers,parcial_com_fallback_local,False,True,leitura sensível não comprovada por superfície,loading;erro;sucesso,não localizado por superfície,apps/all-in-one/src/components/SmartCRUD.tsx:603,apps/all-in-one/src/pages/marketplace/DisputesList.tsx:5
marketplace,disputes,list,não localizada,Novo registro,click,local,/marketplace/disputes-form,navegação,não aplicável até salvar,comprovado_local,False,não aplicável,não aplicável,idle,não localizado por superfície,apps/all-in-one/src/components/SmartCRUD.tsx:612,apps/all-in-one/src/pages/marketplace/DisputesList.tsx:5
marketplace,disputes,list,não localizada,Ver detalhes,click,local,modal em memória,registro já carregado,não consulta GET de detalhe,comprovado_local_sem_refresh,False,False,leitura de detalhe não auditada no clique,aberto;fechado,não localizado por superfície,apps/all-in-one/src/components/SmartCRUD.tsx:730,apps/all-in-one/src/pages/marketplace/DisputesList.tsx:5
marketplace,disputes,list,não localizada,Editar,click,local,/marketplace/disputes-form,registro em location.state,salvamento posterior usa PATCH ResourcePatch,compativel_via_formulario,token validado no salvamento,no salvamento,backend no salvamento,idle,contrato estático compartilhado; E2E por superfície ainda necessário,apps/all-in-one/src/components/SmartCRUD.tsx:739,apps/all-in-one/src/pages/marketplace/DisputesList.tsx:5
marketplace,disputes,list,não localizada,Excluir,click,DELETE,/marketplace/resources/disputes/{id},UUID e confirmação,soft delete; imutáveis/sensíveis retornam 409,parcial_com_fallback_local,False,True,backend audita somente chamada remota aceita,running;completed;failed,não localizado por superfície,apps/all-in-one/src/components/SmartCRUD.tsx:748,apps/all-in-one/src/pages/marketplace/DisputesList.tsx:5
marketplace,marketplacepermissions,list,não localizada,Pesquisar,click,GET,/marketplace/resources/marketplacepermissions,query/limit,lista protegida por actor_from_headers,parcial_com_fallback_local,False,True,leitura sensível não comprovada por superfície,loading;erro;sucesso,não localizado por superfície,apps/all-in-one/src/components/SmartCRUD.tsx:603,apps/all-in-one/src/pages/marketplace/MarketplacePermissions.tsx:6
marketplace,marketplacepermissions,list,não localizada,Novo registro,click,local,/marketplace/marketplacepermissions-form,navegação,não aplicável até salvar,comprovado_local,False,não aplicável,não aplicável,idle,não localizado por superfície,apps/all-in-one/src/components/SmartCRUD.tsx:612,apps/all-in-one/src/pages/marketplace/MarketplacePermissions.tsx:6
marketplace,marketplacepermissions,list,não localizada,Ver detalhes,click,local,modal em memória,registro já carregado,não consulta GET de detalhe,comprovado_local_sem_refresh,False,False,leitura de detalhe não auditada no clique,aberto;fechado,não localizado por superfície,apps/all-in-one/src/components/SmartCRUD.tsx:730,apps/all-in-one/src/pages/marketplace/MarketplacePermissions.tsx:6
marketplace,marketplacepermissions,list,não localizada,Editar,click,local,/marketplace/marketplacepermissions-form,registro em location.state,salvamento posterior usa PATCH ResourcePatch,compativel_via_formulario,token validado no salvamento,no salvamento,backend no salvamento,idle,contrato estático compartilhado; E2E por superfície ainda necessário,apps/all-in-one/src/components/SmartCRUD.tsx:739,apps/all-in-one/src/pages/marketplace/MarketplacePermissions.tsx:6
marketplace,marketplacepermissions,list,não localizada,Excluir,click,DELETE,/marketplace/resources/marketplacepermissions/{id},UUID e confirmação,soft delete; imutáveis/sensíveis retornam 409,parcial_com_fallback_local,False,True,backend audita somente chamada remota aceita,running;completed;failed,não localizado por superfície,apps/all-in-one/src/components/SmartCRUD.tsx:748,apps/all-in-one/src/pages/marketplace/MarketplacePermissions.tsx:6
marketplace,orders,form,não localizada,Cancelar,click,local,navigate(-1),não aplicável,não aplicável,comprovado_local,não aplicável,não aplicável,não aplicável,idle,não localizado por superfície,apps/all-in-one/src/components/SmartCRUD.tsx:537,apps/all-in-one/src/pages/marketplace/OrdersForm.tsx:5
marketplace,orders,form,não localizada,Salvar Registro,submit,POST (criação) / PATCH (edição),/marketplace/resources/orders,"POST {user_id,payload}; PATCH {payload}; correlação e idempotência na criação","ResourceCreate {user_id,entity_id?,payload}; ResourcePatch {payload}",compativel,token com sub obrigatório,True,backend registra criação/edição aceita com ator e correlação,saving;saved;failed,contrato estático compartilhado; E2E por superfície ainda necessário,apps/all-in-one/src/components/SmartCRUD.tsx:383,apps/all-in-one/src/pages/marketplace/OrdersForm.tsx:5
marketplace,orders,list,não localizada,Pesquisar,click,GET,/marketplace/resources/orders,query/limit,lista protegida por actor_from_headers,parcial_com_fallback_local,False,True,leitura sensível não comprovada por superfície,loading;erro;sucesso,não localizado por superfície,apps/all-in-one/src/components/SmartCRUD.tsx:603,apps/all-in-one/src/pages/marketplace/OrdersList.tsx:5
marketplace,orders,list,não localizada,Novo registro,click,local,/marketplace/orders-form,navegação,não aplicável até salvar,comprovado_local,False,não aplicável,não aplicável,idle,não localizado por superfície,apps/all-in-one/src/components/SmartCRUD.tsx:612,apps/all-in-one/src/pages/marketplace/OrdersList.tsx:5
marketplace,orders,list,não localizada,Ver detalhes,click,local,modal em memória,registro já carregado,não consulta GET de detalhe,comprovado_local_sem_refresh,False,False,leitura de detalhe não auditada no clique,aberto;fechado,não localizado por superfície,apps/all-in-one/src/components/SmartCRUD.tsx:730,apps/all-in-one/src/pages/marketplace/OrdersList.tsx:5
marketplace,orders,list,não localizada,Editar,click,local,/marketplace/orders-form,registro em location.state,salvamento posterior usa PATCH ResourcePatch,compativel_via_formulario,token validado no salvamento,no salvamento,backend no salvamento,idle,contrato estático compartilhado; E2E por superfície ainda necessário,apps/all-in-one/src/components/SmartCRUD.tsx:739,apps/all-in-one/src/pages/marketplace/OrdersList.tsx:5
marketplace,orders,list,não localizada,Excluir,click,DELETE,/marketplace/resources/orders/{id},UUID e confirmação,soft delete; imutáveis/sensíveis retornam 409,parcial_com_fallback_local,False,True,backend audita somente chamada remota aceita,running;completed;failed,não localizado por superfície,apps/all-in-one/src/components/SmartCRUD.tsx:748,apps/all-in-one/src/pages/marketplace/OrdersList.tsx:5
marketplace,orders,list,não localizada,Autorizar pagamento sandbox,click,POST,/gateway/payments/sandbox/authorize,contrato específico implementado no SmartCRUD,rotas específicas com actor/autorização,implementado_requer_e2e_vivo,token e presença de dados; papel não verificado,True,backend conforme transições,running;completed;failed,"testes de jornada existem, cobertura por tela requer confirmação",apps/all-in-one/src/components/SmartCRUD.tsx:257,apps/all-in-one/src/pages/marketplace/OrdersList.tsx:5
marketplace,pepitagrants,form,não localizada,Cancelar,click,local,navigate(-1),não aplicável,não aplicável,comprovado_local,não aplicável,não aplicável,não aplicável,idle,não localizado por superfície,apps/all-in-one/src/components/SmartCRUD.tsx:537,apps/all-in-one/src/pages/marketplace/PepitaGrantsForm.tsx:5
marketplace,pepitagrants,form,não localizada,Salvar Registro,submit,POST (criação) / PATCH (edição),/marketplace/resources/pepitagrants,"POST {user_id,payload}; PATCH {payload}; correlação e idempotência na criação","ResourceCreate {user_id,entity_id?,payload}; ResourcePatch {payload}",compativel,token com sub obrigatório,True,backend registra criação/edição aceita com ator e correlação,saving;saved;failed,contrato estático compartilhado; E2E por superfície ainda necessário,apps/all-in-one/src/components/SmartCRUD.tsx:383,apps/all-in-one/src/pages/marketplace/PepitaGrantsForm.tsx:5
marketplace,pepitagrants,list,não localizada,Pesquisar,click,GET,/marketplace/resources/pepitagrants,query/limit,lista protegida por actor_from_headers,parcial_com_fallback_local,False,True,leitura sensível não comprovada por superfície,loading;erro;sucesso,não localizado por superfície,apps/all-in-one/src/components/SmartCRUD.tsx:603,apps/all-in-one/src/pages/marketplace/PepitaGrantsList.tsx:5
marketplace,pepitagrants,list,não localizada,Novo registro,click,local,/marketplace/pepitagrants-form,navegação,não aplicável até salvar,comprovado_local,False,não aplicável,não aplicável,idle,não localizado por superfície,apps/all-in-one/src/components/SmartCRUD.tsx:612,apps/all-in-one/src/pages/marketplace/PepitaGrantsList.tsx:5
marketplace,pepitagrants,list,não localizada,Ver detalhes,click,local,modal em memória,registro já carregado,não consulta GET de detalhe,comprovado_local_sem_refresh,False,False,leitura de detalhe não auditada no clique,aberto;fechado,não localizado por superfície,apps/all-in-one/src/components/SmartCRUD.tsx:730,apps/all-in-one/src/pages/marketplace/PepitaGrantsList.tsx:5
marketplace,pepitagrants,list,não localizada,Editar,click,local,/marketplace/pepitagrants-form,registro em location.state,salvamento posterior usa PATCH ResourcePatch,compativel_via_formulario,token validado no salvamento,no salvamento,backend no salvamento,idle,contrato estático compartilhado; E2E por superfície ainda necessário,apps/all-in-one/src/components/SmartCRUD.tsx:739,apps/all-in-one/src/pages/marketplace/PepitaGrantsList.tsx:5
marketplace,pepitagrants,list,não localizada,Excluir,click,DELETE,/marketplace/resources/pepitagrants/{id},UUID e confirmação,soft delete; imutáveis/sensíveis retornam 409,parcial_com_fallback_local,False,True,backend audita somente chamada remota aceita,running;completed;failed,não localizado por superfície,apps/all-in-one/src/components/SmartCRUD.tsx:748,apps/all-in-one/src/pages/marketplace/PepitaGrantsList.tsx:5
marketplace,products,form,não localizada,Cancelar,click,local,navigate(-1),não aplicável,não aplicável,comprovado_local,não aplicável,não aplicável,não aplicável,idle,não localizado por superfície,apps/all-in-one/src/components/SmartCRUD.tsx:537,apps/all-in-one/src/pages/marketplace/ProductsForm.tsx:5
marketplace,products,form,não localizada,Salvar Registro,submit,POST (criação) / PATCH (edição),/marketplace/resources/products,"POST {user_id,payload}; PATCH {payload}; correlação e idempotência na criação","ResourceCreate {user_id,entity_id?,payload}; ResourcePatch {payload}",compativel,token com sub obrigatório,True,backend registra criação/edição aceita com ator e correlação,saving;saved;failed,contrato estático compartilhado; E2E por superfície ainda necessário,apps/all-in-one/src/components/SmartCRUD.tsx:383,apps/all-in-one/src/pages/marketplace/ProductsForm.tsx:5
marketplace,products,list,não localizada,Pesquisar,click,GET,/marketplace/resources/products,query/limit,lista protegida por actor_from_headers,parcial_com_fallback_local,False,True,leitura sensível não comprovada por superfície,loading;erro;sucesso,não localizado por superfície,apps/all-in-one/src/components/SmartCRUD.tsx:603,apps/all-in-one/src/pages/marketplace/ProductsList.tsx:5
marketplace,products,list,não localizada,Novo registro,click,local,/marketplace/products-form,navegação,não aplicável até salvar,comprovado_local,False,não aplicável,não aplicável,idle,não localizado por superfície,apps/all-in-one/src/components/SmartCRUD.tsx:612,apps/all-in-one/src/pages/marketplace/ProductsList.tsx:5
marketplace,products,list,não localizada,Ver detalhes,click,local,modal em memória,registro já carregado,não consulta GET de detalhe,comprovado_local_sem_refresh,False,False,leitura de detalhe não auditada no clique,aberto;fechado,não localizado por superfície,apps/all-in-one/src/components/SmartCRUD.tsx:730,apps/all-in-one/src/pages/marketplace/ProductsList.tsx:5
marketplace,products,list,não localizada,Editar,click,local,/marketplace/products-form,registro em location.state,salvamento posterior usa PATCH ResourcePatch,compativel_via_formulario,token validado no salvamento,no salvamento,backend no salvamento,idle,contrato estático compartilhado; E2E por superfície ainda necessário,apps/all-in-one/src/components/SmartCRUD.tsx:739,apps/all-in-one/src/pages/marketplace/ProductsList.tsx:5
marketplace,products,list,não localizada,Excluir,click,DELETE,/marketplace/resources/products/{id},UUID e confirmação,soft delete; imutáveis/sensíveis retornam 409,parcial_com_fallback_local,False,True,backend audita somente chamada remota aceita,running;completed;failed,não localizado por superfície,apps/all-in-one/src/components/SmartCRUD.tsx:748,apps/all-in-one/src/pages/marketplace/ProductsList.tsx:5
marketplace,reviews,form,não localizada,Cancelar,click,local,navigate(-1),não aplicável,não aplicável,comprovado_local,não aplicável,não aplicável,não aplicável,idle,não localizado por superfície,apps/all-in-one/src/components/SmartCRUD.tsx:537,apps/all-in-one/src/pages/marketplace/ReviewsForm.tsx:5
marketplace,reviews,form,não localizada,Salvar Registro,submit,POST (criação) / PATCH (edição),/marketplace/resources/reviews,"POST {user_id,payload}; PATCH {payload}; correlação e idempotência na criação","ResourceCreate {user_id,entity_id?,payload}; ResourcePatch {payload}",compativel,token com sub obrigatório,True,backend registra criação/edição aceita com ator e correlação,saving;saved;failed,contrato estático compartilhado; E2E por superfície ainda necessário,apps/all-in-one/src/components/SmartCRUD.tsx:383,apps/all-in-one/src/pages/marketplace/ReviewsForm.tsx:5
marketplace,reviews,list,não localizada,Pesquisar,click,GET,/marketplace/resources/reviews,query/limit,lista protegida por actor_from_headers,parcial_com_fallback_local,False,True,leitura sensível não comprovada por superfície,loading;erro;sucesso,não localizado por superfície,apps/all-in-one/src/components/SmartCRUD.tsx:603,apps/all-in-one/src/pages/marketplace/ReviewsList.tsx:5
marketplace,reviews,list,não localizada,Novo registro,click,local,/marketplace/reviews-form,navegação,não aplicável até salvar,comprovado_local,False,não aplicável,não aplicável,idle,não localizado por superfície,apps/all-in-one/src/components/SmartCRUD.tsx:612,apps/all-in-one/src/pages/marketplace/ReviewsList.tsx:5
marketplace,reviews,list,não localizada,Ver detalhes,click,local,modal em memória,registro já carregado,não consulta GET de detalhe,comprovado_local_sem_refresh,False,False,leitura de detalhe não auditada no clique,aberto;fechado,não localizado por superfície,apps/all-in-one/src/components/SmartCRUD.tsx:730,apps/all-in-one/src/pages/marketplace/ReviewsList.tsx:5
marketplace,reviews,list,não localizada,Editar,click,local,/marketplace/reviews-form,registro em location.state,salvamento posterior usa PATCH ResourcePatch,compativel_via_formulario,token validado no salvamento,no salvamento,backend no salvamento,idle,contrato estático compartilhado; E2E por superfície ainda necessário,apps/all-in-one/src/components/SmartCRUD.tsx:739,apps/all-in-one/src/pages/marketplace/ReviewsList.tsx:5
marketplace,reviews,list,não localizada,Excluir,click,DELETE,/marketplace/resources/reviews/{id},UUID e confirmação,soft delete; imutáveis/sensíveis retornam 409,parcial_com_fallback_local,False,True,backend audita somente chamada remota aceita,running;completed;failed,não localizado por superfície,apps/all-in-one/src/components/SmartCRUD.tsx:748,apps/all-in-one/src/pages/marketplace/ReviewsList.tsx:5
marketplace,stores,form,não localizada,Cancelar,click,local,navigate(-1),não aplicável,não aplicável,comprovado_local,não aplicável,não aplicável,não aplicável,idle,não localizado por superfície,apps/all-in-one/src/components/SmartCRUD.tsx:537,apps/all-in-one/src/pages/marketplace/StoresForm.tsx:5
marketplace,stores,form,não localizada,Salvar Registro,submit,POST (criação) / PATCH (edição),/marketplace/resources/stores,"POST {user_id,payload}; PATCH {payload}; correlação e idempotência na criação","ResourceCreate {user_id,entity_id?,payload}; ResourcePatch {payload}",compativel,token com sub obrigatório,True,backend registra criação/edição aceita com ator e correlação,saving;saved;failed,contrato estático compartilhado; E2E por superfície ainda necessário,apps/all-in-one/src/components/SmartCRUD.tsx:383,apps/all-in-one/src/pages/marketplace/StoresForm.tsx:5
marketplace,stores,list,não localizada,Pesquisar,click,GET,/marketplace/resources/stores,query/limit,lista protegida por actor_from_headers,parcial_com_fallback_local,False,True,leitura sensível não comprovada por superfície,loading;erro;sucesso,não localizado por superfície,apps/all-in-one/src/components/SmartCRUD.tsx:603,apps/all-in-one/src/pages/marketplace/StoresList.tsx:5
marketplace,stores,list,não localizada,Novo registro,click,local,/marketplace/stores-form,navegação,não aplicável até salvar,comprovado_local,False,não aplicável,não aplicável,idle,não localizado por superfície,apps/all-in-one/src/components/SmartCRUD.tsx:612,apps/all-in-one/src/pages/marketplace/StoresList.tsx:5
marketplace,stores,list,não localizada,Ver detalhes,click,local,modal em memória,registro já carregado,não consulta GET de detalhe,comprovado_local_sem_refresh,False,False,leitura de detalhe não auditada no clique,aberto;fechado,não localizado por superfície,apps/all-in-one/src/components/SmartCRUD.tsx:730,apps/all-in-one/src/pages/marketplace/StoresList.tsx:5
marketplace,stores,list,não localizada,Editar,click,local,/marketplace/stores-form,registro em location.state,salvamento posterior usa PATCH ResourcePatch,compativel_via_formulario,token validado no salvamento,no salvamento,backend no salvamento,idle,contrato estático compartilhado; E2E por superfície ainda necessário,apps/all-in-one/src/components/SmartCRUD.tsx:739,apps/all-in-one/src/pages/marketplace/StoresList.tsx:5
marketplace,stores,list,não localizada,Excluir,click,DELETE,/marketplace/resources/stores/{id},UUID e confirmação,soft delete; imutáveis/sensíveis retornam 409,parcial_com_fallback_local,False,True,backend audita somente chamada remota aceita,running;completed;failed,não localizado por superfície,apps/all-in-one/src/components/SmartCRUD.tsx:748,apps/all-in-one/src/pages/marketplace/StoresList.tsx:5
mobility,farerules,form,não localizada,Cancelar,click,local,navigate(-1),não aplicável,não aplicável,comprovado_local,não aplicável,não aplicável,não aplicável,idle,não localizado por superfície,apps/all-in-one/src/components/SmartCRUD.tsx:537,apps/all-in-one/src/pages/mobility/FareRulesForm.tsx:5
mobility,farerules,form,não localizada,Salvar Registro,submit,POST (criação) / PATCH (edição),/mobility/resources/farerules,"POST {user_id,payload}; PATCH {payload}; correlação e idempotência na criação","ResourceCreate {user_id,entity_id?,payload}; ResourcePatch {payload}",compativel,token com sub obrigatório,True,backend registra criação/edição aceita com ator e correlação,saving;saved;failed,contrato estático compartilhado; E2E por superfície ainda necessário,apps/all-in-one/src/components/SmartCRUD.tsx:383,apps/all-in-one/src/pages/mobility/FareRulesForm.tsx:5
mobility,farerules,list,não localizada,Pesquisar,click,GET,/mobility/resources/farerules,query/limit,lista protegida por actor_from_headers,parcial_com_fallback_local,False,True,leitura sensível não comprovada por superfície,loading;erro;sucesso,não localizado por superfície,apps/all-in-one/src/components/SmartCRUD.tsx:603,apps/all-in-one/src/pages/mobility/FareRulesList.tsx:5
mobility,farerules,list,não localizada,Novo registro,click,local,/mobility/farerules-form,navegação,não aplicável até salvar,comprovado_local,False,não aplicável,não aplicável,idle,não localizado por superfície,apps/all-in-one/src/components/SmartCRUD.tsx:612,apps/all-in-one/src/pages/mobility/FareRulesList.tsx:5
mobility,farerules,list,não localizada,Ver detalhes,click,local,modal em memória,registro já carregado,não consulta GET de detalhe,comprovado_local_sem_refresh,False,False,leitura de detalhe não auditada no clique,aberto;fechado,não localizado por superfície,apps/all-in-one/src/components/SmartCRUD.tsx:730,apps/all-in-one/src/pages/mobility/FareRulesList.tsx:5
mobility,farerules,list,não localizada,Editar,click,local,/mobility/farerules-form,registro em location.state,salvamento posterior usa PATCH ResourcePatch,compativel_via_formulario,token validado no salvamento,no salvamento,backend no salvamento,idle,contrato estático compartilhado; E2E por superfície ainda necessário,apps/all-in-one/src/components/SmartCRUD.tsx:739,apps/all-in-one/src/pages/mobility/FareRulesList.tsx:5
mobility,farerules,list,não localizada,Excluir,click,DELETE,/mobility/resources/farerules/{id},UUID e confirmação,soft delete; imutáveis/sensíveis retornam 409,parcial_com_fallback_local,False,True,backend audita somente chamada remota aceita,running;completed;failed,não localizado por superfície,apps/all-in-one/src/components/SmartCRUD.tsx:748,apps/all-in-one/src/pages/mobility/FareRulesList.tsx:5
mobility,mobilitypermissions,list,não localizada,Pesquisar,click,GET,/mobility/resources/mobilitypermissions,query/limit,lista protegida por actor_from_headers,parcial_com_fallback_local,False,True,leitura sensível não comprovada por superfície,loading;erro;sucesso,não localizado por superfície,apps/all-in-one/src/components/SmartCRUD.tsx:603,apps/all-in-one/src/pages/mobility/MobilityPermissions.tsx:6
mobility,mobilitypermissions,list,não localizada,Novo registro,click,local,/mobility/mobilitypermissions-form,navegação,não aplicável até salvar,comprovado_local,False,não aplicável,não aplicável,idle,não localizado por superfície,apps/all-in-one/src/components/SmartCRUD.tsx:612,apps/all-in-one/src/pages/mobility/MobilityPermissions.tsx:6
mobility,mobilitypermissions,list,não localizada,Ver detalhes,click,local,modal em memória,registro já carregado,não consulta GET de detalhe,comprovado_local_sem_refresh,False,False,leitura de detalhe não auditada no clique,aberto;fechado,não localizado por superfície,apps/all-in-one/src/components/SmartCRUD.tsx:730,apps/all-in-one/src/pages/mobility/MobilityPermissions.tsx:6
mobility,mobilitypermissions,list,não localizada,Editar,click,local,/mobility/mobilitypermissions-form,registro em location.state,salvamento posterior usa PATCH ResourcePatch,compativel_via_formulario,token validado no salvamento,no salvamento,backend no salvamento,idle,contrato estático compartilhado; E2E por superfície ainda necessário,apps/all-in-one/src/components/SmartCRUD.tsx:739,apps/all-in-one/src/pages/mobility/MobilityPermissions.tsx:6
mobility,mobilitypermissions,list,não localizada,Excluir,click,DELETE,/mobility/resources/mobilitypermissions/{id},UUID e confirmação,soft delete; imutáveis/sensíveis retornam 409,parcial_com_fallback_local,False,True,backend audita somente chamada remota aceita,running;completed;failed,não localizado por superfície,apps/all-in-one/src/components/SmartCRUD.tsx:748,apps/all-in-one/src/pages/mobility/MobilityPermissions.tsx:6
mobility,rides,form,não localizada,Cancelar,click,local,navigate(-1),não aplicável,não aplicável,comprovado_local,não aplicável,não aplicável,não aplicável,idle,não localizado por superfície,apps/all-in-one/src/components/SmartCRUD.tsx:537,apps/all-in-one/src/pages/mobility/RidesForm.tsx:5
mobility,rides,form,não localizada,Salvar Registro,submit,POST (criação) / PATCH (edição),/mobility/resources/rides,"POST {user_id,payload}; PATCH {payload}; correlação e idempotência na criação","ResourceCreate {user_id,entity_id?,payload}; ResourcePatch {payload}",compativel,token com sub obrigatório,True,backend registra criação/edição aceita com ator e correlação,saving;saved;failed,contrato estático compartilhado; E2E por superfície ainda necessário,apps/all-in-one/src/components/SmartCRUD.tsx:383,apps/all-in-one/src/pages/mobility/RidesForm.tsx:5
mobility,rides,list,não localizada,Pesquisar,click,GET,/mobility/resources/rides,query/limit,lista protegida por actor_from_headers,parcial_com_fallback_local,False,True,leitura sensível não comprovada por superfície,loading;erro;sucesso,não localizado por superfície,apps/all-in-one/src/components/SmartCRUD.tsx:603,apps/all-in-one/src/pages/mobility/RidesList.tsx:5
mobility,rides,list,não localizada,Novo registro,click,local,/mobility/rides-form,navegação,não aplicável até salvar,comprovado_local,False,não aplicável,não aplicável,idle,não localizado por superfície,apps/all-in-one/src/components/SmartCRUD.tsx:612,apps/all-in-one/src/pages/mobility/RidesList.tsx:5
mobility,rides,list,não localizada,Ver detalhes,click,local,modal em memória,registro já carregado,não consulta GET de detalhe,comprovado_local_sem_refresh,False,False,leitura de detalhe não auditada no clique,aberto;fechado,não localizado por superfície,apps/all-in-one/src/components/SmartCRUD.tsx:730,apps/all-in-one/src/pages/mobility/RidesList.tsx:5
mobility,rides,list,não localizada,Editar,click,local,/mobility/rides-form,registro em location.state,salvamento posterior usa PATCH ResourcePatch,compativel_via_formulario,token validado no salvamento,no salvamento,backend no salvamento,idle,contrato estático compartilhado; E2E por superfície ainda necessário,apps/all-in-one/src/components/SmartCRUD.tsx:739,apps/all-in-one/src/pages/mobility/RidesList.tsx:5
mobility,rides,list,não localizada,Excluir,click,DELETE,/mobility/resources/rides/{id},UUID e confirmação,soft delete; imutáveis/sensíveis retornam 409,parcial_com_fallback_local,False,True,backend audita somente chamada remota aceita,running;completed;failed,não localizado por superfície,apps/all-in-one/src/components/SmartCRUD.tsx:748,apps/all-in-one/src/pages/mobility/RidesList.tsx:5
mobility,routes,form,não localizada,Cancelar,click,local,navigate(-1),não aplicável,não aplicável,comprovado_local,não aplicável,não aplicável,não aplicável,idle,não localizado por superfície,apps/all-in-one/src/components/SmartCRUD.tsx:537,apps/all-in-one/src/pages/mobility/RoutesForm.tsx:5
mobility,routes,form,não localizada,Salvar Registro,submit,POST (criação) / PATCH (edição),/mobility/resources/routes,"POST {user_id,payload}; PATCH {payload}; correlação e idempotência na criação","ResourceCreate {user_id,entity_id?,payload}; ResourcePatch {payload}",compativel,token com sub obrigatório,True,backend registra criação/edição aceita com ator e correlação,saving;saved;failed,contrato estático compartilhado; E2E por superfície ainda necessário,apps/all-in-one/src/components/SmartCRUD.tsx:383,apps/all-in-one/src/pages/mobility/RoutesForm.tsx:5
mobility,routes,list,não localizada,Pesquisar,click,GET,/mobility/resources/routes,query/limit,lista protegida por actor_from_headers,parcial_com_fallback_local,False,True,leitura sensível não comprovada por superfície,loading;erro;sucesso,não localizado por superfície,apps/all-in-one/src/components/SmartCRUD.tsx:603,apps/all-in-one/src/pages/mobility/RoutesList.tsx:5
mobility,routes,list,não localizada,Novo registro,click,local,/mobility/routes-form,navegação,não aplicável até salvar,comprovado_local,False,não aplicável,não aplicável,idle,não localizado por superfície,apps/all-in-one/src/components/SmartCRUD.tsx:612,apps/all-in-one/src/pages/mobility/RoutesList.tsx:5
mobility,routes,list,não localizada,Ver detalhes,click,local,modal em memória,registro já carregado,não consulta GET de detalhe,comprovado_local_sem_refresh,False,False,leitura de detalhe não auditada no clique,aberto;fechado,não localizado por superfície,apps/all-in-one/src/components/SmartCRUD.tsx:730,apps/all-in-one/src/pages/mobility/RoutesList.tsx:5
mobility,routes,list,não localizada,Editar,click,local,/mobility/routes-form,registro em location.state,salvamento posterior usa PATCH ResourcePatch,compativel_via_formulario,token validado no salvamento,no salvamento,backend no salvamento,idle,contrato estático compartilhado; E2E por superfície ainda necessário,apps/all-in-one/src/components/SmartCRUD.tsx:739,apps/all-in-one/src/pages/mobility/RoutesList.tsx:5
mobility,routes,list,não localizada,Excluir,click,DELETE,/mobility/resources/routes/{id},UUID e confirmação,soft delete; imutáveis/sensíveis retornam 409,parcial_com_fallback_local,False,True,backend audita somente chamada remota aceita,running;completed;failed,não localizado por superfície,apps/all-in-one/src/components/SmartCRUD.tsx:748,apps/all-in-one/src/pages/mobility/RoutesList.tsx:5
mobility,stops,form,não localizada,Cancelar,click,local,navigate(-1),não aplicável,não aplicável,comprovado_local,não aplicável,não aplicável,não aplicável,idle,não localizado por superfície,apps/all-in-one/src/components/SmartCRUD.tsx:537,apps/all-in-one/src/pages/mobility/StopsForm.tsx:5
mobility,stops,form,não localizada,Salvar Registro,submit,POST (criação) / PATCH (edição),/mobility/resources/stops,"POST {user_id,payload}; PATCH {payload}; correlação e idempotência na criação","ResourceCreate {user_id,entity_id?,payload}; ResourcePatch {payload}",compativel,token com sub obrigatório,True,backend registra criação/edição aceita com ator e correlação,saving;saved;failed,contrato estático compartilhado; E2E por superfície ainda necessário,apps/all-in-one/src/components/SmartCRUD.tsx:383,apps/all-in-one/src/pages/mobility/StopsForm.tsx:5
mobility,stops,list,não localizada,Pesquisar,click,GET,/mobility/resources/stops,query/limit,lista protegida por actor_from_headers,parcial_com_fallback_local,False,True,leitura sensível não comprovada por superfície,loading;erro;sucesso,não localizado por superfície,apps/all-in-one/src/components/SmartCRUD.tsx:603,apps/all-in-one/src/pages/mobility/StopsList.tsx:5
mobility,stops,list,não localizada,Novo registro,click,local,/mobility/stops-form,navegação,não aplicável até salvar,comprovado_local,False,não aplicável,não aplicável,idle,não localizado por superfície,apps/all-in-one/src/components/SmartCRUD.tsx:612,apps/all-in-one/src/pages/mobility/StopsList.tsx:5
mobility,stops,list,não localizada,Ver detalhes,click,local,modal em memória,registro já carregado,não consulta GET de detalhe,comprovado_local_sem_refresh,False,False,leitura de detalhe não auditada no clique,aberto;fechado,não localizado por superfície,apps/all-in-one/src/components/SmartCRUD.tsx:730,apps/all-in-one/src/pages/mobility/StopsList.tsx:5
mobility,stops,list,não localizada,Editar,click,local,/mobility/stops-form,registro em location.state,salvamento posterior usa PATCH ResourcePatch,compativel_via_formulario,token validado no salvamento,no salvamento,backend no salvamento,idle,contrato estático compartilhado; E2E por superfície ainda necessário,apps/all-in-one/src/components/SmartCRUD.tsx:739,apps/all-in-one/src/pages/mobility/StopsList.tsx:5
mobility,stops,list,não localizada,Excluir,click,DELETE,/mobility/resources/stops/{id},UUID e confirmação,soft delete; imutáveis/sensíveis retornam 409,parcial_com_fallback_local,False,True,backend audita somente chamada remota aceita,running;completed;failed,não localizado por superfície,apps/all-in-one/src/components/SmartCRUD.tsx:748,apps/all-in-one/src/pages/mobility/StopsList.tsx:5
mobility,tickets,form,não localizada,Cancelar,click,local,navigate(-1),não aplicável,não aplicável,comprovado_local,não aplicável,não aplicável,não aplicável,idle,não localizado por superfície,apps/all-in-one/src/components/SmartCRUD.tsx:537,apps/all-in-one/src/pages/mobility/TicketsForm.tsx:5
mobility,tickets,form,não localizada,Salvar Registro,submit,POST (criação) / PATCH (edição),/mobility/resources/tickets,"POST {user_id,payload}; PATCH {payload}; correlação e idempotência na criação","ResourceCreate {user_id,entity_id?,payload}; ResourcePatch {payload}",compativel,token com sub obrigatório,True,backend registra criação/edição aceita com ator e correlação,saving;saved;failed,contrato estático compartilhado; E2E por superfície ainda necessário,apps/all-in-one/src/components/SmartCRUD.tsx:383,apps/all-in-one/src/pages/mobility/TicketsForm.tsx:5
mobility,tickets,list,não localizada,Pesquisar,click,GET,/mobility/resources/tickets,query/limit,lista protegida por actor_from_headers,parcial_com_fallback_local,False,True,leitura sensível não comprovada por superfície,loading;erro;sucesso,não localizado por superfície,apps/all-in-one/src/components/SmartCRUD.tsx:603,apps/all-in-one/src/pages/mobility/TicketsList.tsx:5
mobility,tickets,list,não localizada,Novo registro,click,local,/mobility/tickets-form,navegação,não aplicável até salvar,comprovado_local,False,não aplicável,não aplicável,idle,não localizado por superfície,apps/all-in-one/src/components/SmartCRUD.tsx:612,apps/all-in-one/src/pages/mobility/TicketsList.tsx:5
mobility,tickets,list,não localizada,Ver detalhes,click,local,modal em memória,registro já carregado,não consulta GET de detalhe,comprovado_local_sem_refresh,False,False,leitura de detalhe não auditada no clique,aberto;fechado,não localizado por superfície,apps/all-in-one/src/components/SmartCRUD.tsx:730,apps/all-in-one/src/pages/mobility/TicketsList.tsx:5
mobility,tickets,list,não localizada,Editar,click,local,/mobility/tickets-form,registro em location.state,salvamento posterior usa PATCH ResourcePatch,compativel_via_formulario,token validado no salvamento,no salvamento,backend no salvamento,idle,contrato estático compartilhado; E2E por superfície ainda necessário,apps/all-in-one/src/components/SmartCRUD.tsx:739,apps/all-in-one/src/pages/mobility/TicketsList.tsx:5
mobility,tickets,list,não localizada,Excluir,click,DELETE,/mobility/resources/tickets/{id},UUID e confirmação,soft delete; imutáveis/sensíveis retornam 409,parcial_com_fallback_local,False,True,backend audita somente chamada remota aceita,running;completed;failed,não localizado por superfície,apps/all-in-one/src/components/SmartCRUD.tsx:748,apps/all-in-one/src/pages/mobility/TicketsList.tsx:5
permissions,accesspolicies,form,não localizada,Cancelar,click,local,navigate(-1),não aplicável,não aplicável,comprovado_local,não aplicável,não aplicável,não aplicável,idle,não localizado por superfície,apps/all-in-one/src/components/SmartCRUD.tsx:537,apps/all-in-one/src/pages/permissions/AccessPoliciesForm.tsx:6
permissions,accesspolicies,form,não localizada,Salvar Registro,submit,POST (criação) / PATCH (edição),/permissions/resources/accesspolicies,"POST {user_id,payload}; PATCH {payload}; correlação e idempotência na criação","ResourceCreate {user_id,entity_id?,payload}; ResourcePatch {payload}",compativel,token com sub obrigatório,True,backend registra criação/edição aceita com ator e correlação,saving;saved;failed,contrato estático compartilhado; E2E por superfície ainda necessário,apps/all-in-one/src/components/SmartCRUD.tsx:383,apps/all-in-one/src/pages/permissions/AccessPoliciesForm.tsx:6
permissions,accesspolicies,list,não localizada,Pesquisar,click,GET,/permissions/resources/accesspolicies,query/limit,lista protegida por actor_from_headers,parcial_com_fallback_local,False,True,leitura sensível não comprovada por superfície,loading;erro;sucesso,não localizado por superfície,apps/all-in-one/src/components/SmartCRUD.tsx:603,apps/all-in-one/src/pages/permissions/AccessPoliciesList.tsx:6
permissions,accesspolicies,list,não localizada,Novo registro,click,local,/permissions/accesspolicies-form,navegação,não aplicável até salvar,comprovado_local,False,não aplicável,não aplicável,idle,não localizado por superfície,apps/all-in-one/src/components/SmartCRUD.tsx:612,apps/all-in-one/src/pages/permissions/AccessPoliciesList.tsx:6
permissions,accesspolicies,list,não localizada,Ver detalhes,click,local,modal em memória,registro já carregado,não consulta GET de detalhe,comprovado_local_sem_refresh,False,False,leitura de detalhe não auditada no clique,aberto;fechado,não localizado por superfície,apps/all-in-one/src/components/SmartCRUD.tsx:730,apps/all-in-one/src/pages/permissions/AccessPoliciesList.tsx:6
permissions,accesspolicies,list,não localizada,Editar,click,local,/permissions/accesspolicies-form,registro em location.state,salvamento posterior usa PATCH ResourcePatch,compativel_via_formulario,token validado no salvamento,no salvamento,backend no salvamento,idle,contrato estático compartilhado; E2E por superfície ainda necessário,apps/all-in-one/src/components/SmartCRUD.tsx:739,apps/all-in-one/src/pages/permissions/AccessPoliciesList.tsx:6
permissions,accesspolicies,list,não localizada,Excluir,click,DELETE,/permissions/resources/accesspolicies/{id},UUID e confirmação,soft delete; imutáveis/sensíveis retornam 409,parcial_com_fallback_local,False,True,backend audita somente chamada remota aceita,running;completed;failed,não localizado por superfície,apps/all-in-one/src/components/SmartCRUD.tsx:748,apps/all-in-one/src/pages/permissions/AccessPoliciesList.tsx:6
permissions,approvallimits,form,não localizada,Cancelar,click,local,navigate(-1),não aplicável,não aplicável,comprovado_local,não aplicável,não aplicável,não aplicável,idle,não localizado por superfície,apps/all-in-one/src/components/SmartCRUD.tsx:537,apps/all-in-one/src/pages/permissions/ApprovalLimitsForm.tsx:6
permissions,approvallimits,form,não localizada,Salvar Registro,submit,POST (criação) / PATCH (edição),/permissions/resources/approvallimits,"POST {user_id,payload}; PATCH {payload}; correlação e idempotência na criação","ResourceCreate {user_id,entity_id?,payload}; ResourcePatch {payload}",compativel,token com sub obrigatório,True,backend registra criação/edição aceita com ator e correlação,saving;saved;failed,contrato estático compartilhado; E2E por superfície ainda necessário,apps/all-in-one/src/components/SmartCRUD.tsx:383,apps/all-in-one/src/pages/permissions/ApprovalLimitsForm.tsx:6
permissions,approvallimits,list,não localizada,Pesquisar,click,GET,/permissions/resources/approvallimits,query/limit,lista protegida por actor_from_headers,parcial_com_fallback_local,False,True,leitura sensível não comprovada por superfície,loading;erro;sucesso,não localizado por superfície,apps/all-in-one/src/components/SmartCRUD.tsx:603,apps/all-in-one/src/pages/permissions/ApprovalLimitsList.tsx:6
permissions,approvallimits,list,não localizada,Novo registro,click,local,/permissions/approvallimits-form,navegação,não aplicável até salvar,comprovado_local,False,não aplicável,não aplicável,idle,não localizado por superfície,apps/all-in-one/src/components/SmartCRUD.tsx:612,apps/all-in-one/src/pages/permissions/ApprovalLimitsList.tsx:6
permissions,approvallimits,list,não localizada,Ver detalhes,click,local,modal em memória,registro já carregado,não consulta GET de detalhe,comprovado_local_sem_refresh,False,False,leitura de detalhe não auditada no clique,aberto;fechado,não localizado por superfície,apps/all-in-one/src/components/SmartCRUD.tsx:730,apps/all-in-one/src/pages/permissions/ApprovalLimitsList.tsx:6
permissions,approvallimits,list,não localizada,Editar,click,local,/permissions/approvallimits-form,registro em location.state,salvamento posterior usa PATCH ResourcePatch,compativel_via_formulario,token validado no salvamento,no salvamento,backend no salvamento,idle,contrato estático compartilhado; E2E por superfície ainda necessário,apps/all-in-one/src/components/SmartCRUD.tsx:739,apps/all-in-one/src/pages/permissions/ApprovalLimitsList.tsx:6
permissions,approvallimits,list,não localizada,Excluir,click,DELETE,/permissions/resources/approvallimits/{id},UUID e confirmação,soft delete; imutáveis/sensíveis retornam 409,parcial_com_fallback_local,False,True,backend audita somente chamada remota aceita,running;completed;failed,não localizado por superfície,apps/all-in-one/src/components/SmartCRUD.tsx:748,apps/all-in-one/src/pages/permissions/ApprovalLimitsList.tsx:6
permissions,permissionspermissions,list,não localizada,Pesquisar,click,GET,/permissions/resources/permissionspermissions,query/limit,lista protegida por actor_from_headers,parcial_com_fallback_local,False,True,leitura sensível não comprovada por superfície,loading;erro;sucesso,não localizado por superfície,apps/all-in-one/src/components/SmartCRUD.tsx:603,apps/all-in-one/src/pages/permissions/PermissionsPermissions.tsx:6
permissions,permissionspermissions,list,não localizada,Novo registro,click,local,/permissions/permissionspermissions-form,navegação,não aplicável até salvar,comprovado_local,False,não aplicável,não aplicável,idle,não localizado por superfície,apps/all-in-one/src/components/SmartCRUD.tsx:612,apps/all-in-one/src/pages/permissions/PermissionsPermissions.tsx:6
permissions,permissionspermissions,list,não localizada,Ver detalhes,click,local,modal em memória,registro já carregado,não consulta GET de detalhe,comprovado_local_sem_refresh,False,False,leitura de detalhe não auditada no clique,aberto;fechado,não localizado por superfície,apps/all-in-one/src/components/SmartCRUD.tsx:730,apps/all-in-one/src/pages/permissions/PermissionsPermissions.tsx:6
permissions,permissionspermissions,list,não localizada,Editar,click,local,/permissions/permissionspermissions-form,registro em location.state,salvamento posterior usa PATCH ResourcePatch,compativel_via_formulario,token validado no salvamento,no salvamento,backend no salvamento,idle,contrato estático compartilhado; E2E por superfície ainda necessário,apps/all-in-one/src/components/SmartCRUD.tsx:739,apps/all-in-one/src/pages/permissions/PermissionsPermissions.tsx:6
permissions,permissionspermissions,list,não localizada,Excluir,click,DELETE,/permissions/resources/permissionspermissions/{id},UUID e confirmação,soft delete; imutáveis/sensíveis retornam 409,parcial_com_fallback_local,False,True,backend audita somente chamada remota aceita,running;completed;failed,não localizado por superfície,apps/all-in-one/src/components/SmartCRUD.tsx:748,apps/all-in-one/src/pages/permissions/PermissionsPermissions.tsx:6
permissions,roles,form,não localizada,Cancelar,click,local,navigate(-1),não aplicável,não aplicável,comprovado_local,não aplicável,não aplicável,não aplicável,idle,não localizado por superfície,apps/all-in-one/src/components/SmartCRUD.tsx:537,apps/all-in-one/src/pages/permissions/RolesForm.tsx:5
permissions,roles,form,não localizada,Salvar Registro,submit,POST (criação) / PATCH (edição),/permissions/resources/roles,"POST {user_id,payload}; PATCH {payload}; correlação e idempotência na criação","ResourceCreate {user_id,entity_id?,payload}; ResourcePatch {payload}",compativel,token com sub obrigatório,True,backend registra criação/edição aceita com ator e correlação,saving;saved;failed,contrato estático compartilhado; E2E por superfície ainda necessário,apps/all-in-one/src/components/SmartCRUD.tsx:383,apps/all-in-one/src/pages/permissions/RolesForm.tsx:5
permissions,roles,list,não localizada,Pesquisar,click,GET,/permissions/resources/roles,query/limit,lista protegida por actor_from_headers,parcial_com_fallback_local,False,True,leitura sensível não comprovada por superfície,loading;erro;sucesso,não localizado por superfície,apps/all-in-one/src/components/SmartCRUD.tsx:603,apps/all-in-one/src/pages/permissions/RolesList.tsx:5
permissions,roles,list,não localizada,Novo registro,click,local,/permissions/roles-form,navegação,não aplicável até salvar,comprovado_local,False,não aplicável,não aplicável,idle,não localizado por superfície,apps/all-in-one/src/components/SmartCRUD.tsx:612,apps/all-in-one/src/pages/permissions/RolesList.tsx:5
permissions,roles,list,não localizada,Ver detalhes,click,local,modal em memória,registro já carregado,não consulta GET de detalhe,comprovado_local_sem_refresh,False,False,leitura de detalhe não auditada no clique,aberto;fechado,não localizado por superfície,apps/all-in-one/src/components/SmartCRUD.tsx:730,apps/all-in-one/src/pages/permissions/RolesList.tsx:5
permissions,roles,list,não localizada,Editar,click,local,/permissions/roles-form,registro em location.state,salvamento posterior usa PATCH ResourcePatch,compativel_via_formulario,token validado no salvamento,no salvamento,backend no salvamento,idle,contrato estático compartilhado; E2E por superfície ainda necessário,apps/all-in-one/src/components/SmartCRUD.tsx:739,apps/all-in-one/src/pages/permissions/RolesList.tsx:5
permissions,roles,list,não localizada,Excluir,click,DELETE,/permissions/resources/roles/{id},UUID e confirmação,soft delete; imutáveis/sensíveis retornam 409,parcial_com_fallback_local,False,True,backend audita somente chamada remota aceita,running;completed;failed,não localizado por superfície,apps/all-in-one/src/components/SmartCRUD.tsx:748,apps/all-in-one/src/pages/permissions/RolesList.tsx:5
permissions,userroles,form,não localizada,Cancelar,click,local,navigate(-1),não aplicável,não aplicável,comprovado_local,não aplicável,não aplicável,não aplicável,idle,não localizado por superfície,apps/all-in-one/src/components/SmartCRUD.tsx:537,apps/all-in-one/src/pages/permissions/UserRolesForm.tsx:5
permissions,userroles,form,não localizada,Salvar Registro,submit,POST (criação) / PATCH (edição),/permissions/resources/userroles,"POST {user_id,payload}; PATCH {payload}; correlação e idempotência na criação","ResourceCreate {user_id,entity_id?,payload}; ResourcePatch {payload}",compativel,token com sub obrigatório,True,backend registra criação/edição aceita com ator e correlação,saving;saved;failed,contrato estático compartilhado; E2E por superfície ainda necessário,apps/all-in-one/src/components/SmartCRUD.tsx:383,apps/all-in-one/src/pages/permissions/UserRolesForm.tsx:5
permissions,userroles,list,não localizada,Pesquisar,click,GET,/permissions/resources/userroles,query/limit,lista protegida por actor_from_headers,parcial_com_fallback_local,False,True,leitura sensível não comprovada por superfície,loading;erro;sucesso,não localizado por superfície,apps/all-in-one/src/components/SmartCRUD.tsx:603,apps/all-in-one/src/pages/permissions/UserRolesList.tsx:5
permissions,userroles,list,não localizada,Novo registro,click,local,/permissions/userroles-form,navegação,não aplicável até salvar,comprovado_local,False,não aplicável,não aplicável,idle,não localizado por superfície,apps/all-in-one/src/components/SmartCRUD.tsx:612,apps/all-in-one/src/pages/permissions/UserRolesList.tsx:5
permissions,userroles,list,não localizada,Ver detalhes,click,local,modal em memória,registro já carregado,não consulta GET de detalhe,comprovado_local_sem_refresh,False,False,leitura de detalhe não auditada no clique,aberto;fechado,não localizado por superfície,apps/all-in-one/src/components/SmartCRUD.tsx:730,apps/all-in-one/src/pages/permissions/UserRolesList.tsx:5
permissions,userroles,list,não localizada,Editar,click,local,/permissions/userroles-form,registro em location.state,salvamento posterior usa PATCH ResourcePatch,compativel_via_formulario,token validado no salvamento,no salvamento,backend no salvamento,idle,contrato estático compartilhado; E2E por superfície ainda necessário,apps/all-in-one/src/components/SmartCRUD.tsx:739,apps/all-in-one/src/pages/permissions/UserRolesList.tsx:5
permissions,userroles,list,não localizada,Excluir,click,DELETE,/permissions/resources/userroles/{id},UUID e confirmação,soft delete; imutáveis/sensíveis retornam 409,parcial_com_fallback_local,False,True,backend audita somente chamada remota aceita,running;completed;failed,não localizado por superfície,apps/all-in-one/src/components/SmartCRUD.tsx:748,apps/all-in-one/src/pages/permissions/UserRolesList.tsx:5
property,assemblies,form,não localizada,Cancelar,click,local,navigate(-1),não aplicável,não aplicável,comprovado_local,não aplicável,não aplicável,não aplicável,idle,não localizado por superfície,apps/all-in-one/src/components/SmartCRUD.tsx:537,apps/all-in-one/src/pages/property/AssembliesForm.tsx:5
property,assemblies,form,não localizada,Salvar Registro,submit,POST (criação) / PATCH (edição),/property/resources/assemblies,"POST {user_id,payload}; PATCH {payload}; correlação e idempotência na criação","ResourceCreate {user_id,entity_id?,payload}; ResourcePatch {payload}",compativel,token com sub obrigatório,True,backend registra criação/edição aceita com ator e correlação,saving;saved;failed,contrato estático compartilhado; E2E por superfície ainda necessário,apps/all-in-one/src/components/SmartCRUD.tsx:383,apps/all-in-one/src/pages/property/AssembliesForm.tsx:5
property,assemblies,list,não localizada,Pesquisar,click,GET,/property/resources/assemblies,query/limit,lista protegida por actor_from_headers,parcial_com_fallback_local,False,True,leitura sensível não comprovada por superfície,loading;erro;sucesso,não localizado por superfície,apps/all-in-one/src/components/SmartCRUD.tsx:603,apps/all-in-one/src/pages/property/AssembliesList.tsx:5
property,assemblies,list,não localizada,Novo registro,click,local,/property/assemblies-form,navegação,não aplicável até salvar,comprovado_local,False,não aplicável,não aplicável,idle,não localizado por superfície,apps/all-in-one/src/components/SmartCRUD.tsx:612,apps/all-in-one/src/pages/property/AssembliesList.tsx:5
property,assemblies,list,não localizada,Ver detalhes,click,local,modal em memória,registro já carregado,não consulta GET de detalhe,comprovado_local_sem_refresh,False,False,leitura de detalhe não auditada no clique,aberto;fechado,não localizado por superfície,apps/all-in-one/src/components/SmartCRUD.tsx:730,apps/all-in-one/src/pages/property/AssembliesList.tsx:5
property,assemblies,list,não localizada,Editar,click,local,/property/assemblies-form,registro em location.state,salvamento posterior usa PATCH ResourcePatch,compativel_via_formulario,token validado no salvamento,no salvamento,backend no salvamento,idle,contrato estático compartilhado; E2E por superfície ainda necessário,apps/all-in-one/src/components/SmartCRUD.tsx:739,apps/all-in-one/src/pages/property/AssembliesList.tsx:5
property,assemblies,list,não localizada,Excluir,click,DELETE,/property/resources/assemblies/{id},UUID e confirmação,soft delete; imutáveis/sensíveis retornam 409,parcial_com_fallback_local,False,True,backend audita somente chamada remota aceita,running;completed;failed,não localizado por superfície,apps/all-in-one/src/components/SmartCRUD.tsx:748,apps/all-in-one/src/pages/property/AssembliesList.tsx:5
property,leases,form,não localizada,Cancelar,click,local,navigate(-1),não aplicável,não aplicável,comprovado_local,não aplicável,não aplicável,não aplicável,idle,não localizado por superfície,apps/all-in-one/src/components/SmartCRUD.tsx:537,apps/all-in-one/src/pages/property/LeasesForm.tsx:5
property,leases,form,não localizada,Salvar Registro,submit,POST (criação) / PATCH (edição),/property/resources/leases,"POST {user_id,payload}; PATCH {payload}; correlação e idempotência na criação","ResourceCreate {user_id,entity_id?,payload}; ResourcePatch {payload}",compativel,token com sub obrigatório,True,backend registra criação/edição aceita com ator e correlação,saving;saved;failed,contrato estático compartilhado; E2E por superfície ainda necessário,apps/all-in-one/src/components/SmartCRUD.tsx:383,apps/all-in-one/src/pages/property/LeasesForm.tsx:5
property,leases,list,não localizada,Pesquisar,click,GET,/property/resources/leases,query/limit,lista protegida por actor_from_headers,parcial_com_fallback_local,False,True,leitura sensível não comprovada por superfície,loading;erro;sucesso,não localizado por superfície,apps/all-in-one/src/components/SmartCRUD.tsx:603,apps/all-in-one/src/pages/property/LeasesList.tsx:5
property,leases,list,não localizada,Novo registro,click,local,/property/leases-form,navegação,não aplicável até salvar,comprovado_local,False,não aplicável,não aplicável,idle,não localizado por superfície,apps/all-in-one/src/components/SmartCRUD.tsx:612,apps/all-in-one/src/pages/property/LeasesList.tsx:5
property,leases,list,não localizada,Ver detalhes,click,local,modal em memória,registro já carregado,não consulta GET de detalhe,comprovado_local_sem_refresh,False,False,leitura de detalhe não auditada no clique,aberto;fechado,não localizado por superfície,apps/all-in-one/src/components/SmartCRUD.tsx:730,apps/all-in-one/src/pages/property/LeasesList.tsx:5
property,leases,list,não localizada,Editar,click,local,/property/leases-form,registro em location.state,salvamento posterior usa PATCH ResourcePatch,compativel_via_formulario,token validado no salvamento,no salvamento,backend no salvamento,idle,contrato estático compartilhado; E2E por superfície ainda necessário,apps/all-in-one/src/components/SmartCRUD.tsx:739,apps/all-in-one/src/pages/property/LeasesList.tsx:5
property,leases,list,não localizada,Excluir,click,DELETE,/property/resources/leases/{id},UUID e confirmação,soft delete; imutáveis/sensíveis retornam 409,parcial_com_fallback_local,False,True,backend audita somente chamada remota aceita,running;completed;failed,não localizado por superfície,apps/all-in-one/src/components/SmartCRUD.tsx:748,apps/all-in-one/src/pages/property/LeasesList.tsx:5
property,maintenanceorders,form,não localizada,Cancelar,click,local,navigate(-1),não aplicável,não aplicável,comprovado_local,não aplicável,não aplicável,não aplicável,idle,não localizado por superfície,apps/all-in-one/src/components/SmartCRUD.tsx:537,apps/all-in-one/src/pages/property/MaintenanceOrdersForm.tsx:6
property,maintenanceorders,form,não localizada,Salvar Registro,submit,POST (criação) / PATCH (edição),/property/resources/maintenanceorders,"POST {user_id,payload}; PATCH {payload}; correlação e idempotência na criação","ResourceCreate {user_id,entity_id?,payload}; ResourcePatch {payload}",compativel,token com sub obrigatório,True,backend registra criação/edição aceita com ator e correlação,saving;saved;failed,contrato estático compartilhado; E2E por superfície ainda necessário,apps/all-in-one/src/components/SmartCRUD.tsx:383,apps/all-in-one/src/pages/property/MaintenanceOrdersForm.tsx:6
property,maintenanceorders,list,não localizada,Pesquisar,click,GET,/property/resources/maintenanceorders,query/limit,lista protegida por actor_from_headers,parcial_com_fallback_local,False,True,leitura sensível não comprovada por superfície,loading;erro;sucesso,não localizado por superfície,apps/all-in-one/src/components/SmartCRUD.tsx:603,apps/all-in-one/src/pages/property/MaintenanceOrdersList.tsx:6
property,maintenanceorders,list,não localizada,Novo registro,click,local,/property/maintenanceorders-form,navegação,não aplicável até salvar,comprovado_local,False,não aplicável,não aplicável,idle,não localizado por superfície,apps/all-in-one/src/components/SmartCRUD.tsx:612,apps/all-in-one/src/pages/property/MaintenanceOrdersList.tsx:6
property,maintenanceorders,list,não localizada,Ver detalhes,click,local,modal em memória,registro já carregado,não consulta GET de detalhe,comprovado_local_sem_refresh,False,False,leitura de detalhe não auditada no clique,aberto;fechado,não localizado por superfície,apps/all-in-one/src/components/SmartCRUD.tsx:730,apps/all-in-one/src/pages/property/MaintenanceOrdersList.tsx:6
property,maintenanceorders,list,não localizada,Editar,click,local,/property/maintenanceorders-form,registro em location.state,salvamento posterior usa PATCH ResourcePatch,compativel_via_formulario,token validado no salvamento,no salvamento,backend no salvamento,idle,contrato estático compartilhado; E2E por superfície ainda necessário,apps/all-in-one/src/components/SmartCRUD.tsx:739,apps/all-in-one/src/pages/property/MaintenanceOrdersList.tsx:6
property,maintenanceorders,list,não localizada,Excluir,click,DELETE,/property/resources/maintenanceorders/{id},UUID e confirmação,soft delete; imutáveis/sensíveis retornam 409,parcial_com_fallback_local,False,True,backend audita somente chamada remota aceita,running;completed;failed,não localizado por superfície,apps/all-in-one/src/components/SmartCRUD.tsx:748,apps/all-in-one/src/pages/property/MaintenanceOrdersList.tsx:6
property,properties,form,não localizada,Cancelar,click,local,navigate(-1),não aplicável,não aplicável,comprovado_local,não aplicável,não aplicável,não aplicável,idle,não localizado por superfície,apps/all-in-one/src/components/SmartCRUD.tsx:537,apps/all-in-one/src/pages/property/PropertiesForm.tsx:5
property,properties,form,não localizada,Salvar Registro,submit,POST (criação) / PATCH (edição),/property/resources/properties,"POST {user_id,payload}; PATCH {payload}; correlação e idempotência na criação","ResourceCreate {user_id,entity_id?,payload}; ResourcePatch {payload}",compativel,token com sub obrigatório,True,backend registra criação/edição aceita com ator e correlação,saving;saved;failed,contrato estático compartilhado; E2E por superfície ainda necessário,apps/all-in-one/src/components/SmartCRUD.tsx:383,apps/all-in-one/src/pages/property/PropertiesForm.tsx:5
property,properties,list,não localizada,Pesquisar,click,GET,/property/resources/properties,query/limit,lista protegida por actor_from_headers,parcial_com_fallback_local,False,True,leitura sensível não comprovada por superfície,loading;erro;sucesso,não localizado por superfície,apps/all-in-one/src/components/SmartCRUD.tsx:603,apps/all-in-one/src/pages/property/PropertiesList.tsx:5
property,properties,list,não localizada,Novo registro,click,local,/property/properties-form,navegação,não aplicável até salvar,comprovado_local,False,não aplicável,não aplicável,idle,não localizado por superfície,apps/all-in-one/src/components/SmartCRUD.tsx:612,apps/all-in-one/src/pages/property/PropertiesList.tsx:5
property,properties,list,não localizada,Ver detalhes,click,local,modal em memória,registro já carregado,não consulta GET de detalhe,comprovado_local_sem_refresh,False,False,leitura de detalhe não auditada no clique,aberto;fechado,não localizado por superfície,apps/all-in-one/src/components/SmartCRUD.tsx:730,apps/all-in-one/src/pages/property/PropertiesList.tsx:5
property,properties,list,não localizada,Editar,click,local,/property/properties-form,registro em location.state,salvamento posterior usa PATCH ResourcePatch,compativel_via_formulario,token validado no salvamento,no salvamento,backend no salvamento,idle,contrato estático compartilhado; E2E por superfície ainda necessário,apps/all-in-one/src/components/SmartCRUD.tsx:739,apps/all-in-one/src/pages/property/PropertiesList.tsx:5
property,properties,list,não localizada,Excluir,click,DELETE,/property/resources/properties/{id},UUID e confirmação,soft delete; imutáveis/sensíveis retornam 409,parcial_com_fallback_local,False,True,backend audita somente chamada remota aceita,running;completed;failed,não localizado por superfície,apps/all-in-one/src/components/SmartCRUD.tsx:748,apps/all-in-one/src/pages/property/PropertiesList.tsx:5
property,propertypermissions,list,não localizada,Pesquisar,click,GET,/property/resources/propertypermissions,query/limit,lista protegida por actor_from_headers,parcial_com_fallback_local,False,True,leitura sensível não comprovada por superfície,loading;erro;sucesso,não localizado por superfície,apps/all-in-one/src/components/SmartCRUD.tsx:603,apps/all-in-one/src/pages/property/PropertyPermissions.tsx:6
property,propertypermissions,list,não localizada,Novo registro,click,local,/property/propertypermissions-form,navegação,não aplicável até salvar,comprovado_local,False,não aplicável,não aplicável,idle,não localizado por superfície,apps/all-in-one/src/components/SmartCRUD.tsx:612,apps/all-in-one/src/pages/property/PropertyPermissions.tsx:6
property,propertypermissions,list,não localizada,Ver detalhes,click,local,modal em memória,registro já carregado,não consulta GET de detalhe,comprovado_local_sem_refresh,False,False,leitura de detalhe não auditada no clique,aberto;fechado,não localizado por superfície,apps/all-in-one/src/components/SmartCRUD.tsx:730,apps/all-in-one/src/pages/property/PropertyPermissions.tsx:6
property,propertypermissions,list,não localizada,Editar,click,local,/property/propertypermissions-form,registro em location.state,salvamento posterior usa PATCH ResourcePatch,compativel_via_formulario,token validado no salvamento,no salvamento,backend no salvamento,idle,contrato estático compartilhado; E2E por superfície ainda necessário,apps/all-in-one/src/components/SmartCRUD.tsx:739,apps/all-in-one/src/pages/property/PropertyPermissions.tsx:6
property,propertypermissions,list,não localizada,Excluir,click,DELETE,/property/resources/propertypermissions/{id},UUID e confirmação,soft delete; imutáveis/sensíveis retornam 409,parcial_com_fallback_local,False,True,backend audita somente chamada remota aceita,running;completed;failed,não localizado por superfície,apps/all-in-one/src/components/SmartCRUD.tsx:748,apps/all-in-one/src/pages/property/PropertyPermissions.tsx:6
property,units,form,não localizada,Cancelar,click,local,navigate(-1),não aplicável,não aplicável,comprovado_local,não aplicável,não aplicável,não aplicável,idle,não localizado por superfície,apps/all-in-one/src/components/SmartCRUD.tsx:537,apps/all-in-one/src/pages/property/UnitsForm.tsx:5
property,units,form,não localizada,Salvar Registro,submit,POST (criação) / PATCH (edição),/property/resources/units,"POST {user_id,payload}; PATCH {payload}; correlação e idempotência na criação","ResourceCreate {user_id,entity_id?,payload}; ResourcePatch {payload}",compativel,token com sub obrigatório,True,backend registra criação/edição aceita com ator e correlação,saving;saved;failed,contrato estático compartilhado; E2E por superfície ainda necessário,apps/all-in-one/src/components/SmartCRUD.tsx:383,apps/all-in-one/src/pages/property/UnitsForm.tsx:5
property,units,list,não localizada,Pesquisar,click,GET,/property/resources/units,query/limit,lista protegida por actor_from_headers,parcial_com_fallback_local,False,True,leitura sensível não comprovada por superfície,loading;erro;sucesso,não localizado por superfície,apps/all-in-one/src/components/SmartCRUD.tsx:603,apps/all-in-one/src/pages/property/UnitsList.tsx:5
property,units,list,não localizada,Novo registro,click,local,/property/units-form,navegação,não aplicável até salvar,comprovado_local,False,não aplicável,não aplicável,idle,não localizado por superfície,apps/all-in-one/src/components/SmartCRUD.tsx:612,apps/all-in-one/src/pages/property/UnitsList.tsx:5
property,units,list,não localizada,Ver detalhes,click,local,modal em memória,registro já carregado,não consulta GET de detalhe,comprovado_local_sem_refresh,False,False,leitura de detalhe não auditada no clique,aberto;fechado,não localizado por superfície,apps/all-in-one/src/components/SmartCRUD.tsx:730,apps/all-in-one/src/pages/property/UnitsList.tsx:5
property,units,list,não localizada,Editar,click,local,/property/units-form,registro em location.state,salvamento posterior usa PATCH ResourcePatch,compativel_via_formulario,token validado no salvamento,no salvamento,backend no salvamento,idle,contrato estático compartilhado; E2E por superfície ainda necessário,apps/all-in-one/src/components/SmartCRUD.tsx:739,apps/all-in-one/src/pages/property/UnitsList.tsx:5
property,units,list,não localizada,Excluir,click,DELETE,/property/resources/units/{id},UUID e confirmação,soft delete; imutáveis/sensíveis retornam 409,parcial_com_fallback_local,False,True,backend audita somente chamada remota aceita,running;completed;failed,não localizado por superfície,apps/all-in-one/src/components/SmartCRUD.tsx:748,apps/all-in-one/src/pages/property/UnitsList.tsx:5
riders,riderdocuments,form,não localizada,Cancelar,click,local,navigate(-1),não aplicável,não aplicável,comprovado_local,não aplicável,não aplicável,não aplicável,idle,não localizado por superfície,apps/all-in-one/src/components/SmartCRUD.tsx:537,apps/all-in-one/src/pages/riders/RiderDocumentsForm.tsx:5
riders,riderdocuments,form,não localizada,Salvar Registro,submit,POST (criação) / PATCH (edição),/riders/resources/riderdocuments,"POST {user_id,payload}; PATCH {payload}; correlação e idempotência na criação","ResourceCreate {user_id,entity_id?,payload}; ResourcePatch {payload}",compativel,token com sub obrigatório,True,backend registra criação/edição aceita com ator e correlação,saving;saved;failed,contrato estático compartilhado; E2E por superfície ainda necessário,apps/all-in-one/src/components/SmartCRUD.tsx:383,apps/all-in-one/src/pages/riders/RiderDocumentsForm.tsx:5
riders,riderdocuments,list,não localizada,Pesquisar,click,GET,/riders/resources/riderdocuments,query/limit,lista protegida por actor_from_headers,parcial_com_fallback_local,False,True,leitura sensível não comprovada por superfície,loading;erro;sucesso,não localizado por superfície,apps/all-in-one/src/components/SmartCRUD.tsx:603,apps/all-in-one/src/pages/riders/RiderDocumentsList.tsx:5
riders,riderdocuments,list,não localizada,Novo registro,click,local,/riders/riderdocuments-form,navegação,não aplicável até salvar,comprovado_local,False,não aplicável,não aplicável,idle,não localizado por superfície,apps/all-in-one/src/components/SmartCRUD.tsx:612,apps/all-in-one/src/pages/riders/RiderDocumentsList.tsx:5
riders,riderdocuments,list,não localizada,Ver detalhes,click,local,modal em memória,registro já carregado,não consulta GET de detalhe,comprovado_local_sem_refresh,False,False,leitura de detalhe não auditada no clique,aberto;fechado,não localizado por superfície,apps/all-in-one/src/components/SmartCRUD.tsx:730,apps/all-in-one/src/pages/riders/RiderDocumentsList.tsx:5
riders,riderdocuments,list,não localizada,Editar,click,local,/riders/riderdocuments-form,registro em location.state,salvamento posterior usa PATCH ResourcePatch,compativel_via_formulario,token validado no salvamento,no salvamento,backend no salvamento,idle,contrato estático compartilhado; E2E por superfície ainda necessário,apps/all-in-one/src/components/SmartCRUD.tsx:739,apps/all-in-one/src/pages/riders/RiderDocumentsList.tsx:5
riders,riderdocuments,list,não localizada,Excluir,click,DELETE,/riders/resources/riderdocuments/{id},UUID e confirmação,soft delete; imutáveis/sensíveis retornam 409,parcial_com_fallback_local,False,True,backend audita somente chamada remota aceita,running;completed;failed,não localizado por superfície,apps/all-in-one/src/components/SmartCRUD.tsx:748,apps/all-in-one/src/pages/riders/RiderDocumentsList.tsx:5
riders,riderprofiles,form,não localizada,Cancelar,click,local,navigate(-1),não aplicável,não aplicável,comprovado_local,não aplicável,não aplicável,não aplicável,idle,não localizado por superfície,apps/all-in-one/src/components/SmartCRUD.tsx:537,apps/all-in-one/src/pages/riders/RiderProfilesForm.tsx:5
riders,riderprofiles,form,não localizada,Salvar Registro,submit,POST (criação) / PATCH (edição),/riders/resources/riderprofiles,"POST {user_id,payload}; PATCH {payload}; correlação e idempotência na criação","ResourceCreate {user_id,entity_id?,payload}; ResourcePatch {payload}",compativel,token com sub obrigatório,True,backend registra criação/edição aceita com ator e correlação,saving;saved;failed,contrato estático compartilhado; E2E por superfície ainda necessário,apps/all-in-one/src/components/SmartCRUD.tsx:383,apps/all-in-one/src/pages/riders/RiderProfilesForm.tsx:5
riders,riderprofiles,list,não localizada,Pesquisar,click,GET,/riders/resources/riderprofiles,query/limit,lista protegida por actor_from_headers,parcial_com_fallback_local,False,True,leitura sensível não comprovada por superfície,loading;erro;sucesso,não localizado por superfície,apps/all-in-one/src/components/SmartCRUD.tsx:603,apps/all-in-one/src/pages/riders/RiderProfilesList.tsx:5
riders,riderprofiles,list,não localizada,Novo registro,click,local,/riders/riderprofiles-form,navegação,não aplicável até salvar,comprovado_local,False,não aplicável,não aplicável,idle,não localizado por superfície,apps/all-in-one/src/components/SmartCRUD.tsx:612,apps/all-in-one/src/pages/riders/RiderProfilesList.tsx:5
riders,riderprofiles,list,não localizada,Ver detalhes,click,local,modal em memória,registro já carregado,não consulta GET de detalhe,comprovado_local_sem_refresh,False,False,leitura de detalhe não auditada no clique,aberto;fechado,não localizado por superfície,apps/all-in-one/src/components/SmartCRUD.tsx:730,apps/all-in-one/src/pages/riders/RiderProfilesList.tsx:5
riders,riderprofiles,list,não localizada,Editar,click,local,/riders/riderprofiles-form,registro em location.state,salvamento posterior usa PATCH ResourcePatch,compativel_via_formulario,token validado no salvamento,no salvamento,backend no salvamento,idle,contrato estático compartilhado; E2E por superfície ainda necessário,apps/all-in-one/src/components/SmartCRUD.tsx:739,apps/all-in-one/src/pages/riders/RiderProfilesList.tsx:5
riders,riderprofiles,list,não localizada,Excluir,click,DELETE,/riders/resources/riderprofiles/{id},UUID e confirmação,soft delete; imutáveis/sensíveis retornam 409,parcial_com_fallback_local,False,True,backend audita somente chamada remota aceita,running;completed;failed,não localizado por superfície,apps/all-in-one/src/components/SmartCRUD.tsx:748,apps/all-in-one/src/pages/riders/RiderProfilesList.tsx:5
riders,riderreviews,form,não localizada,Cancelar,click,local,navigate(-1),não aplicável,não aplicável,comprovado_local,não aplicável,não aplicável,não aplicável,idle,não localizado por superfície,apps/all-in-one/src/components/SmartCRUD.tsx:537,apps/all-in-one/src/pages/riders/RiderReviewsForm.tsx:5
riders,riderreviews,form,não localizada,Salvar Registro,submit,POST (criação) / PATCH (edição),/riders/resources/riderreviews,"POST {user_id,payload}; PATCH {payload}; correlação e idempotência na criação","ResourceCreate {user_id,entity_id?,payload}; ResourcePatch {payload}",compativel,token com sub obrigatório,True,backend registra criação/edição aceita com ator e correlação,saving;saved;failed,contrato estático compartilhado; E2E por superfície ainda necessário,apps/all-in-one/src/components/SmartCRUD.tsx:383,apps/all-in-one/src/pages/riders/RiderReviewsForm.tsx:5
riders,riderreviews,list,não localizada,Pesquisar,click,GET,/riders/resources/riderreviews,query/limit,lista protegida por actor_from_headers,parcial_com_fallback_local,False,True,leitura sensível não comprovada por superfície,loading;erro;sucesso,não localizado por superfície,apps/all-in-one/src/components/SmartCRUD.tsx:603,apps/all-in-one/src/pages/riders/RiderReviewsList.tsx:5
riders,riderreviews,list,não localizada,Novo registro,click,local,/riders/riderreviews-form,navegação,não aplicável até salvar,comprovado_local,False,não aplicável,não aplicável,idle,não localizado por superfície,apps/all-in-one/src/components/SmartCRUD.tsx:612,apps/all-in-one/src/pages/riders/RiderReviewsList.tsx:5
riders,riderreviews,list,não localizada,Ver detalhes,click,local,modal em memória,registro já carregado,não consulta GET de detalhe,comprovado_local_sem_refresh,False,False,leitura de detalhe não auditada no clique,aberto;fechado,não localizado por superfície,apps/all-in-one/src/components/SmartCRUD.tsx:730,apps/all-in-one/src/pages/riders/RiderReviewsList.tsx:5
riders,riderreviews,list,não localizada,Editar,click,local,/riders/riderreviews-form,registro em location.state,salvamento posterior usa PATCH ResourcePatch,compativel_via_formulario,token validado no salvamento,no salvamento,backend no salvamento,idle,contrato estático compartilhado; E2E por superfície ainda necessário,apps/all-in-one/src/components/SmartCRUD.tsx:739,apps/all-in-one/src/pages/riders/RiderReviewsList.tsx:5
riders,riderreviews,list,não localizada,Excluir,click,DELETE,/riders/resources/riderreviews/{id},UUID e confirmação,soft delete; imutáveis/sensíveis retornam 409,parcial_com_fallback_local,False,True,backend audita somente chamada remota aceita,running;completed;failed,não localizado por superfície,apps/all-in-one/src/components/SmartCRUD.tsx:748,apps/all-in-one/src/pages/riders/RiderReviewsList.tsx:5
riders,riderspermissions,list,não localizada,Pesquisar,click,GET,/riders/resources/riderspermissions,query/limit,lista protegida por actor_from_headers,parcial_com_fallback_local,False,True,leitura sensível não comprovada por superfície,loading;erro;sucesso,não localizado por superfície,apps/all-in-one/src/components/SmartCRUD.tsx:603,apps/all-in-one/src/pages/riders/RidersPermissions.tsx:6
riders,riderspermissions,list,não localizada,Novo registro,click,local,/riders/riderspermissions-form,navegação,não aplicável até salvar,comprovado_local,False,não aplicável,não aplicável,idle,não localizado por superfície,apps/all-in-one/src/components/SmartCRUD.tsx:612,apps/all-in-one/src/pages/riders/RidersPermissions.tsx:6
riders,riderspermissions,list,não localizada,Ver detalhes,click,local,modal em memória,registro já carregado,não consulta GET de detalhe,comprovado_local_sem_refresh,False,False,leitura de detalhe não auditada no clique,aberto;fechado,não localizado por superfície,apps/all-in-one/src/components/SmartCRUD.tsx:730,apps/all-in-one/src/pages/riders/RidersPermissions.tsx:6
riders,riderspermissions,list,não localizada,Editar,click,local,/riders/riderspermissions-form,registro em location.state,salvamento posterior usa PATCH ResourcePatch,compativel_via_formulario,token validado no salvamento,no salvamento,backend no salvamento,idle,contrato estático compartilhado; E2E por superfície ainda necessário,apps/all-in-one/src/components/SmartCRUD.tsx:739,apps/all-in-one/src/pages/riders/RidersPermissions.tsx:6
riders,riderspermissions,list,não localizada,Excluir,click,DELETE,/riders/resources/riderspermissions/{id},UUID e confirmação,soft delete; imutáveis/sensíveis retornam 409,parcial_com_fallback_local,False,True,backend audita somente chamada remota aceita,running;completed;failed,não localizado por superfície,apps/all-in-one/src/components/SmartCRUD.tsx:748,apps/all-in-one/src/pages/riders/RidersPermissions.tsx:6
riders,vehicles,form,não localizada,Cancelar,click,local,navigate(-1),não aplicável,não aplicável,comprovado_local,não aplicável,não aplicável,não aplicável,idle,não localizado por superfície,apps/all-in-one/src/components/SmartCRUD.tsx:537,apps/all-in-one/src/pages/riders/VehiclesForm.tsx:5
riders,vehicles,form,não localizada,Salvar Registro,submit,POST (criação) / PATCH (edição),/riders/resources/vehicles,"POST {user_id,payload}; PATCH {payload}; correlação e idempotência na criação","ResourceCreate {user_id,entity_id?,payload}; ResourcePatch {payload}",compativel,token com sub obrigatório,True,backend registra criação/edição aceita com ator e correlação,saving;saved;failed,contrato estático compartilhado; E2E por superfície ainda necessário,apps/all-in-one/src/components/SmartCRUD.tsx:383,apps/all-in-one/src/pages/riders/VehiclesForm.tsx:5
riders,vehicles,list,não localizada,Pesquisar,click,GET,/riders/resources/vehicles,query/limit,lista protegida por actor_from_headers,parcial_com_fallback_local,False,True,leitura sensível não comprovada por superfície,loading;erro;sucesso,não localizado por superfície,apps/all-in-one/src/components/SmartCRUD.tsx:603,apps/all-in-one/src/pages/riders/VehiclesList.tsx:5
riders,vehicles,list,não localizada,Novo registro,click,local,/riders/vehicles-form,navegação,não aplicável até salvar,comprovado_local,False,não aplicável,não aplicável,idle,não localizado por superfície,apps/all-in-one/src/components/SmartCRUD.tsx:612,apps/all-in-one/src/pages/riders/VehiclesList.tsx:5
riders,vehicles,list,não localizada,Ver detalhes,click,local,modal em memória,registro já carregado,não consulta GET de detalhe,comprovado_local_sem_refresh,False,False,leitura de detalhe não auditada no clique,aberto;fechado,não localizado por superfície,apps/all-in-one/src/components/SmartCRUD.tsx:730,apps/all-in-one/src/pages/riders/VehiclesList.tsx:5
riders,vehicles,list,não localizada,Editar,click,local,/riders/vehicles-form,registro em location.state,salvamento posterior usa PATCH ResourcePatch,compativel_via_formulario,token validado no salvamento,no salvamento,backend no salvamento,idle,contrato estático compartilhado; E2E por superfície ainda necessário,apps/all-in-one/src/components/SmartCRUD.tsx:739,apps/all-in-one/src/pages/riders/VehiclesList.tsx:5
riders,vehicles,list,não localizada,Excluir,click,DELETE,/riders/resources/vehicles/{id},UUID e confirmação,soft delete; imutáveis/sensíveis retornam 409,parcial_com_fallback_local,False,True,backend audita somente chamada remota aceita,running;completed;failed,não localizado por superfície,apps/all-in-one/src/components/SmartCRUD.tsx:748,apps/all-in-one/src/pages/riders/VehiclesList.tsx:5
services,evidence,form,não localizada,Cancelar,click,local,navigate(-1),não aplicável,não aplicável,comprovado_local,não aplicável,não aplicável,não aplicável,idle,não localizado por superfície,apps/all-in-one/src/components/SmartCRUD.tsx:537,apps/all-in-one/src/pages/services/EvidenceForm.tsx:5
services,evidence,form,não localizada,Salvar Registro,submit,POST (criação) / PATCH (edição),/services/resources/evidence,"POST {user_id,payload}; PATCH {payload}; correlação e idempotência na criação","ResourceCreate {user_id,entity_id?,payload}; ResourcePatch {payload}",compativel,token com sub obrigatório,True,backend registra criação/edição aceita com ator e correlação,saving;saved;failed,contrato estático compartilhado; E2E por superfície ainda necessário,apps/all-in-one/src/components/SmartCRUD.tsx:383,apps/all-in-one/src/pages/services/EvidenceForm.tsx:5
services,evidence,list,não localizada,Pesquisar,click,GET,/services/resources/evidence,query/limit,lista protegida por actor_from_headers,parcial_com_fallback_local,False,True,leitura sensível não comprovada por superfície,loading;erro;sucesso,não localizado por superfície,apps/all-in-one/src/components/SmartCRUD.tsx:603,apps/all-in-one/src/pages/services/EvidenceList.tsx:5
services,evidence,list,não localizada,Novo registro,click,local,/services/evidence-form,navegação,não aplicável até salvar,comprovado_local,False,não aplicável,não aplicável,idle,não localizado por superfície,apps/all-in-one/src/components/SmartCRUD.tsx:612,apps/all-in-one/src/pages/services/EvidenceList.tsx:5
services,evidence,list,não localizada,Ver detalhes,click,local,modal em memória,registro já carregado,não consulta GET de detalhe,comprovado_local_sem_refresh,False,False,leitura de detalhe não auditada no clique,aberto;fechado,não localizado por superfície,apps/all-in-one/src/components/SmartCRUD.tsx:730,apps/all-in-one/src/pages/services/EvidenceList.tsx:5
services,evidence,list,não localizada,Editar,click,local,/services/evidence-form,registro em location.state,salvamento posterior usa PATCH ResourcePatch,compativel_via_formulario,token validado no salvamento,no salvamento,backend no salvamento,idle,contrato estático compartilhado; E2E por superfície ainda necessário,apps/all-in-one/src/components/SmartCRUD.tsx:739,apps/all-in-one/src/pages/services/EvidenceList.tsx:5
services,evidence,list,não localizada,Excluir,click,DELETE,/services/resources/evidence/{id},UUID e confirmação,soft delete; imutáveis/sensíveis retornam 409,parcial_com_fallback_local,False,True,backend audita somente chamada remota aceita,running;completed;failed,não localizado por superfície,apps/all-in-one/src/components/SmartCRUD.tsx:748,apps/all-in-one/src/pages/services/EvidenceList.tsx:5
services,providers,form,não localizada,Cancelar,click,local,navigate(-1),não aplicável,não aplicável,comprovado_local,não aplicável,não aplicável,não aplicável,idle,não localizado por superfície,apps/all-in-one/src/components/SmartCRUD.tsx:537,apps/all-in-one/src/pages/services/ProvidersForm.tsx:5
services,providers,form,não localizada,Salvar Registro,submit,POST (criação) / PATCH (edição),/services/resources/providers,"POST {user_id,payload}; PATCH {payload}; correlação e idempotência na criação","ResourceCreate {user_id,entity_id?,payload}; ResourcePatch {payload}",compativel,token com sub obrigatório,True,backend registra criação/edição aceita com ator e correlação,saving;saved;failed,contrato estático compartilhado; E2E por superfície ainda necessário,apps/all-in-one/src/components/SmartCRUD.tsx:383,apps/all-in-one/src/pages/services/ProvidersForm.tsx:5
services,providers,list,não localizada,Pesquisar,click,GET,/services/resources/providers,query/limit,lista protegida por actor_from_headers,parcial_com_fallback_local,False,True,leitura sensível não comprovada por superfície,loading;erro;sucesso,não localizado por superfície,apps/all-in-one/src/components/SmartCRUD.tsx:603,apps/all-in-one/src/pages/services/ProvidersList.tsx:5
services,providers,list,não localizada,Novo registro,click,local,/services/providers-form,navegação,não aplicável até salvar,comprovado_local,False,não aplicável,não aplicável,idle,não localizado por superfície,apps/all-in-one/src/components/SmartCRUD.tsx:612,apps/all-in-one/src/pages/services/ProvidersList.tsx:5
services,providers,list,não localizada,Ver detalhes,click,local,modal em memória,registro já carregado,não consulta GET de detalhe,comprovado_local_sem_refresh,False,False,leitura de detalhe não auditada no clique,aberto;fechado,não localizado por superfície,apps/all-in-one/src/components/SmartCRUD.tsx:730,apps/all-in-one/src/pages/services/ProvidersList.tsx:5
services,providers,list,não localizada,Editar,click,local,/services/providers-form,registro em location.state,salvamento posterior usa PATCH ResourcePatch,compativel_via_formulario,token validado no salvamento,no salvamento,backend no salvamento,idle,contrato estático compartilhado; E2E por superfície ainda necessário,apps/all-in-one/src/components/SmartCRUD.tsx:739,apps/all-in-one/src/pages/services/ProvidersList.tsx:5
services,providers,list,não localizada,Excluir,click,DELETE,/services/resources/providers/{id},UUID e confirmação,soft delete; imutáveis/sensíveis retornam 409,parcial_com_fallback_local,False,True,backend audita somente chamada remota aceita,running;completed;failed,não localizado por superfície,apps/all-in-one/src/components/SmartCRUD.tsx:748,apps/all-in-one/src/pages/services/ProvidersList.tsx:5
services,quotes,form,não localizada,Cancelar,click,local,navigate(-1),não aplicável,não aplicável,comprovado_local,não aplicável,não aplicável,não aplicável,idle,não localizado por superfície,apps/all-in-one/src/components/SmartCRUD.tsx:537,apps/all-in-one/src/pages/services/QuotesForm.tsx:5
services,quotes,form,não localizada,Salvar Registro,submit,POST (criação) / PATCH (edição),/services/resources/quotes,"POST {user_id,payload}; PATCH {payload}; correlação e idempotência na criação","ResourceCreate {user_id,entity_id?,payload}; ResourcePatch {payload}",compativel,token com sub obrigatório,True,backend registra criação/edição aceita com ator e correlação,saving;saved;failed,contrato estático compartilhado; E2E por superfície ainda necessário,apps/all-in-one/src/components/SmartCRUD.tsx:383,apps/all-in-one/src/pages/services/QuotesForm.tsx:5
services,quotes,list,não localizada,Pesquisar,click,GET,/services/resources/quotes,query/limit,lista protegida por actor_from_headers,parcial_com_fallback_local,False,True,leitura sensível não comprovada por superfície,loading;erro;sucesso,não localizado por superfície,apps/all-in-one/src/components/SmartCRUD.tsx:603,apps/all-in-one/src/pages/services/QuotesList.tsx:5
services,quotes,list,não localizada,Novo registro,click,local,/services/quotes-form,navegação,não aplicável até salvar,comprovado_local,False,não aplicável,não aplicável,idle,não localizado por superfície,apps/all-in-one/src/components/SmartCRUD.tsx:612,apps/all-in-one/src/pages/services/QuotesList.tsx:5
services,quotes,list,não localizada,Ver detalhes,click,local,modal em memória,registro já carregado,não consulta GET de detalhe,comprovado_local_sem_refresh,False,False,leitura de detalhe não auditada no clique,aberto;fechado,não localizado por superfície,apps/all-in-one/src/components/SmartCRUD.tsx:730,apps/all-in-one/src/pages/services/QuotesList.tsx:5
services,quotes,list,não localizada,Editar,click,local,/services/quotes-form,registro em location.state,salvamento posterior usa PATCH ResourcePatch,compativel_via_formulario,token validado no salvamento,no salvamento,backend no salvamento,idle,contrato estático compartilhado; E2E por superfície ainda necessário,apps/all-in-one/src/components/SmartCRUD.tsx:739,apps/all-in-one/src/pages/services/QuotesList.tsx:5
services,quotes,list,não localizada,Excluir,click,DELETE,/services/resources/quotes/{id},UUID e confirmação,soft delete; imutáveis/sensíveis retornam 409,parcial_com_fallback_local,False,True,backend audita somente chamada remota aceita,running;completed;failed,não localizado por superfície,apps/all-in-one/src/components/SmartCRUD.tsx:748,apps/all-in-one/src/pages/services/QuotesList.tsx:5
services,servicecontracts,form,não localizada,Cancelar,click,local,navigate(-1),não aplicável,não aplicável,comprovado_local,não aplicável,não aplicável,não aplicável,idle,não localizado por superfície,apps/all-in-one/src/components/SmartCRUD.tsx:537,apps/all-in-one/src/pages/services/ServiceContractsForm.tsx:6
services,servicecontracts,form,não localizada,Salvar Registro,submit,POST (criação) / PATCH (edição),/services/resources/servicecontracts,"POST {user_id,payload}; PATCH {payload}; correlação e idempotência na criação","ResourceCreate {user_id,entity_id?,payload}; ResourcePatch {payload}",compativel,token com sub obrigatório,True,backend registra criação/edição aceita com ator e correlação,saving;saved;failed,contrato estático compartilhado; E2E por superfície ainda necessário,apps/all-in-one/src/components/SmartCRUD.tsx:383,apps/all-in-one/src/pages/services/ServiceContractsForm.tsx:6
services,servicecontracts,list,não localizada,Pesquisar,click,GET,/services/resources/servicecontracts,query/limit,lista protegida por actor_from_headers,parcial_com_fallback_local,False,True,leitura sensível não comprovada por superfície,loading;erro;sucesso,não localizado por superfície,apps/all-in-one/src/components/SmartCRUD.tsx:603,apps/all-in-one/src/pages/services/ServiceContractsList.tsx:6
services,servicecontracts,list,não localizada,Novo registro,click,local,/services/servicecontracts-form,navegação,não aplicável até salvar,comprovado_local,False,não aplicável,não aplicável,idle,não localizado por superfície,apps/all-in-one/src/components/SmartCRUD.tsx:612,apps/all-in-one/src/pages/services/ServiceContractsList.tsx:6
services,servicecontracts,list,não localizada,Ver detalhes,click,local,modal em memória,registro já carregado,não consulta GET de detalhe,comprovado_local_sem_refresh,False,False,leitura de detalhe não auditada no clique,aberto;fechado,não localizado por superfície,apps/all-in-one/src/components/SmartCRUD.tsx:730,apps/all-in-one/src/pages/services/ServiceContractsList.tsx:6
services,servicecontracts,list,não localizada,Editar,click,local,/services/servicecontracts-form,registro em location.state,salvamento posterior usa PATCH ResourcePatch,compativel_via_formulario,token validado no salvamento,no salvamento,backend no salvamento,idle,contrato estático compartilhado; E2E por superfície ainda necessário,apps/all-in-one/src/components/SmartCRUD.tsx:739,apps/all-in-one/src/pages/services/ServiceContractsList.tsx:6
services,servicecontracts,list,não localizada,Excluir,click,DELETE,/services/resources/servicecontracts/{id},UUID e confirmação,soft delete; imutáveis/sensíveis retornam 409,parcial_com_fallback_local,False,True,backend audita somente chamada remota aceita,running;completed;failed,não localizado por superfície,apps/all-in-one/src/components/SmartCRUD.tsx:748,apps/all-in-one/src/pages/services/ServiceContractsList.tsx:6
services,servicespermissions,list,não localizada,Pesquisar,click,GET,/services/resources/servicespermissions,query/limit,lista protegida por actor_from_headers,parcial_com_fallback_local,False,True,leitura sensível não comprovada por superfície,loading;erro;sucesso,não localizado por superfície,apps/all-in-one/src/components/SmartCRUD.tsx:603,apps/all-in-one/src/pages/services/ServicesPermissions.tsx:6
services,servicespermissions,list,não localizada,Novo registro,click,local,/services/servicespermissions-form,navegação,não aplicável até salvar,comprovado_local,False,não aplicável,não aplicável,idle,não localizado por superfície,apps/all-in-one/src/components/SmartCRUD.tsx:612,apps/all-in-one/src/pages/services/ServicesPermissions.tsx:6
services,servicespermissions,list,não localizada,Ver detalhes,click,local,modal em memória,registro já carregado,não consulta GET de detalhe,comprovado_local_sem_refresh,False,False,leitura de detalhe não auditada no clique,aberto;fechado,não localizado por superfície,apps/all-in-one/src/components/SmartCRUD.tsx:730,apps/all-in-one/src/pages/services/ServicesPermissions.tsx:6
services,servicespermissions,list,não localizada,Editar,click,local,/services/servicespermissions-form,registro em location.state,salvamento posterior usa PATCH ResourcePatch,compativel_via_formulario,token validado no salvamento,no salvamento,backend no salvamento,idle,contrato estático compartilhado; E2E por superfície ainda necessário,apps/all-in-one/src/components/SmartCRUD.tsx:739,apps/all-in-one/src/pages/services/ServicesPermissions.tsx:6
services,servicespermissions,list,não localizada,Excluir,click,DELETE,/services/resources/servicespermissions/{id},UUID e confirmação,soft delete; imutáveis/sensíveis retornam 409,parcial_com_fallback_local,False,True,backend audita somente chamada remota aceita,running;completed;failed,não localizado por superfície,apps/all-in-one/src/components/SmartCRUD.tsx:748,apps/all-in-one/src/pages/services/ServicesPermissions.tsx:6
services,visits,form,não localizada,Cancelar,click,local,navigate(-1),não aplicável,não aplicável,comprovado_local,não aplicável,não aplicável,não aplicável,idle,não localizado por superfície,apps/all-in-one/src/components/SmartCRUD.tsx:537,apps/all-in-one/src/pages/services/VisitsForm.tsx:5
services,visits,form,não localizada,Salvar Registro,submit,POST (criação) / PATCH (edição),/services/resources/visits,"POST {user_id,payload}; PATCH {payload}; correlação e idempotência na criação","ResourceCreate {user_id,entity_id?,payload}; ResourcePatch {payload}",compativel,token com sub obrigatório,True,backend registra criação/edição aceita com ator e correlação,saving;saved;failed,contrato estático compartilhado; E2E por superfície ainda necessário,apps/all-in-one/src/components/SmartCRUD.tsx:383,apps/all-in-one/src/pages/services/VisitsForm.tsx:5
services,visits,list,não localizada,Pesquisar,click,GET,/services/resources/visits,query/limit,lista protegida por actor_from_headers,parcial_com_fallback_local,False,True,leitura sensível não comprovada por superfície,loading;erro;sucesso,não localizado por superfície,apps/all-in-one/src/components/SmartCRUD.tsx:603,apps/all-in-one/src/pages/services/VisitsList.tsx:5
services,visits,list,não localizada,Novo registro,click,local,/services/visits-form,navegação,não aplicável até salvar,comprovado_local,False,não aplicável,não aplicável,idle,não localizado por superfície,apps/all-in-one/src/components/SmartCRUD.tsx:612,apps/all-in-one/src/pages/services/VisitsList.tsx:5
services,visits,list,não localizada,Ver detalhes,click,local,modal em memória,registro já carregado,não consulta GET de detalhe,comprovado_local_sem_refresh,False,False,leitura de detalhe não auditada no clique,aberto;fechado,não localizado por superfície,apps/all-in-one/src/components/SmartCRUD.tsx:730,apps/all-in-one/src/pages/services/VisitsList.tsx:5
services,visits,list,não localizada,Editar,click,local,/services/visits-form,registro em location.state,salvamento posterior usa PATCH ResourcePatch,compativel_via_formulario,token validado no salvamento,no salvamento,backend no salvamento,idle,contrato estático compartilhado; E2E por superfície ainda necessário,apps/all-in-one/src/components/SmartCRUD.tsx:739,apps/all-in-one/src/pages/services/VisitsList.tsx:5
services,visits,list,não localizada,Excluir,click,DELETE,/services/resources/visits/{id},UUID e confirmação,soft delete; imutáveis/sensíveis retornam 409,parcial_com_fallback_local,False,True,backend audita somente chamada remota aceita,running;completed;failed,não localizado por superfície,apps/all-in-one/src/components/SmartCRUD.tsx:748,apps/all-in-one/src/pages/services/VisitsList.tsx:5
stock,catalogproducts,form,não localizada,Cancelar,click,local,navigate(-1),não aplicável,não aplicável,comprovado_local,não aplicável,não aplicável,não aplicável,idle,não localizado por superfície,apps/all-in-one/src/components/SmartCRUD.tsx:537,apps/all-in-one/src/pages/stock/CatalogProductsForm.tsx:5
stock,catalogproducts,form,não localizada,Salvar Registro,submit,POST (criação) / PATCH (edição),/stock/resources/catalogproducts,"POST {user_id,payload}; PATCH {payload}; correlação e idempotência na criação","ResourceCreate {user_id,entity_id?,payload}; ResourcePatch {payload}",compativel,token com sub obrigatório,True,backend registra criação/edição aceita com ator e correlação,saving;saved;failed,contrato estático compartilhado; E2E por superfície ainda necessário,apps/all-in-one/src/components/SmartCRUD.tsx:383,apps/all-in-one/src/pages/stock/CatalogProductsForm.tsx:5
stock,catalogproducts,list,não localizada,Pesquisar,click,GET,/stock/resources/catalogproducts,query/limit,lista protegida por actor_from_headers,parcial_com_fallback_local,False,True,leitura sensível não comprovada por superfície,loading;erro;sucesso,não localizado por superfície,apps/all-in-one/src/components/SmartCRUD.tsx:603,apps/all-in-one/src/pages/stock/CatalogProductsList.tsx:5
stock,catalogproducts,list,não localizada,Novo registro,click,local,/stock/catalogproducts-form,navegação,não aplicável até salvar,comprovado_local,False,não aplicável,não aplicável,idle,não localizado por superfície,apps/all-in-one/src/components/SmartCRUD.tsx:612,apps/all-in-one/src/pages/stock/CatalogProductsList.tsx:5
stock,catalogproducts,list,não localizada,Ver detalhes,click,local,modal em memória,registro já carregado,não consulta GET de detalhe,comprovado_local_sem_refresh,False,False,leitura de detalhe não auditada no clique,aberto;fechado,não localizado por superfície,apps/all-in-one/src/components/SmartCRUD.tsx:730,apps/all-in-one/src/pages/stock/CatalogProductsList.tsx:5
stock,catalogproducts,list,não localizada,Editar,click,local,/stock/catalogproducts-form,registro em location.state,salvamento posterior usa PATCH ResourcePatch,compativel_via_formulario,token validado no salvamento,no salvamento,backend no salvamento,idle,contrato estático compartilhado; E2E por superfície ainda necessário,apps/all-in-one/src/components/SmartCRUD.tsx:739,apps/all-in-one/src/pages/stock/CatalogProductsList.tsx:5
stock,catalogproducts,list,não localizada,Excluir,click,DELETE,/stock/resources/catalogproducts/{id},UUID e confirmação,soft delete; imutáveis/sensíveis retornam 409,parcial_com_fallback_local,False,True,backend audita somente chamada remota aceita,running;completed;failed,não localizado por superfície,apps/all-in-one/src/components/SmartCRUD.tsx:748,apps/all-in-one/src/pages/stock/CatalogProductsList.tsx:5
stock,discountquotes,form,não localizada,Cancelar,click,local,navigate(-1),não aplicável,não aplicável,comprovado_local,não aplicável,não aplicável,não aplicável,idle,não localizado por superfície,apps/all-in-one/src/components/SmartCRUD.tsx:537,apps/all-in-one/src/pages/stock/DiscountQuotesForm.tsx:5
stock,discountquotes,form,não localizada,Salvar Registro,submit,POST (criação) / PATCH (edição),/stock/resources/discountquotes,"POST {user_id,payload}; PATCH {payload}; correlação e idempotência na criação","ResourceCreate {user_id,entity_id?,payload}; ResourcePatch {payload}",compativel,token com sub obrigatório,True,backend registra criação/edição aceita com ator e correlação,saving;saved;failed,contrato estático compartilhado; E2E por superfície ainda necessário,apps/all-in-one/src/components/SmartCRUD.tsx:383,apps/all-in-one/src/pages/stock/DiscountQuotesForm.tsx:5
stock,discountquotes,list,não localizada,Pesquisar,click,GET,/stock/resources/discountquotes,query/limit,lista protegida por actor_from_headers,parcial_com_fallback_local,False,True,leitura sensível não comprovada por superfície,loading;erro;sucesso,não localizado por superfície,apps/all-in-one/src/components/SmartCRUD.tsx:603,apps/all-in-one/src/pages/stock/DiscountQuotesList.tsx:5
stock,discountquotes,list,não localizada,Novo registro,click,local,/stock/discountquotes-form,navegação,não aplicável até salvar,comprovado_local,False,não aplicável,não aplicável,idle,não localizado por superfície,apps/all-in-one/src/components/SmartCRUD.tsx:612,apps/all-in-one/src/pages/stock/DiscountQuotesList.tsx:5
stock,discountquotes,list,não localizada,Ver detalhes,click,local,modal em memória,registro já carregado,não consulta GET de detalhe,comprovado_local_sem_refresh,False,False,leitura de detalhe não auditada no clique,aberto;fechado,não localizado por superfície,apps/all-in-one/src/components/SmartCRUD.tsx:730,apps/all-in-one/src/pages/stock/DiscountQuotesList.tsx:5
stock,discountquotes,list,não localizada,Editar,click,local,/stock/discountquotes-form,registro em location.state,salvamento posterior usa PATCH ResourcePatch,compativel_via_formulario,token validado no salvamento,no salvamento,backend no salvamento,idle,contrato estático compartilhado; E2E por superfície ainda necessário,apps/all-in-one/src/components/SmartCRUD.tsx:739,apps/all-in-one/src/pages/stock/DiscountQuotesList.tsx:5
stock,discountquotes,list,não localizada,Excluir,click,DELETE,/stock/resources/discountquotes/{id},UUID e confirmação,soft delete; imutáveis/sensíveis retornam 409,parcial_com_fallback_local,False,True,backend audita somente chamada remota aceita,running;completed;failed,não localizado por superfície,apps/all-in-one/src/components/SmartCRUD.tsx:748,apps/all-in-one/src/pages/stock/DiscountQuotesList.tsx:5
stock,pricerules,form,não localizada,Cancelar,click,local,navigate(-1),não aplicável,não aplicável,comprovado_local,não aplicável,não aplicável,não aplicável,idle,não localizado por superfície,apps/all-in-one/src/components/SmartCRUD.tsx:537,apps/all-in-one/src/pages/stock/PriceRulesForm.tsx:5
stock,pricerules,form,não localizada,Salvar Registro,submit,POST (criação) / PATCH (edição),/stock/resources/pricerules,"POST {user_id,payload}; PATCH {payload}; correlação e idempotência na criação","ResourceCreate {user_id,entity_id?,payload}; ResourcePatch {payload}",compativel,token com sub obrigatório,True,backend registra criação/edição aceita com ator e correlação,saving;saved;failed,contrato estático compartilhado; E2E por superfície ainda necessário,apps/all-in-one/src/components/SmartCRUD.tsx:383,apps/all-in-one/src/pages/stock/PriceRulesForm.tsx:5
stock,pricerules,list,não localizada,Pesquisar,click,GET,/stock/resources/pricerules,query/limit,lista protegida por actor_from_headers,parcial_com_fallback_local,False,True,leitura sensível não comprovada por superfície,loading;erro;sucesso,não localizado por superfície,apps/all-in-one/src/components/SmartCRUD.tsx:603,apps/all-in-one/src/pages/stock/PriceRulesList.tsx:5
stock,pricerules,list,não localizada,Novo registro,click,local,/stock/pricerules-form,navegação,não aplicável até salvar,comprovado_local,False,não aplicável,não aplicável,idle,não localizado por superfície,apps/all-in-one/src/components/SmartCRUD.tsx:612,apps/all-in-one/src/pages/stock/PriceRulesList.tsx:5
stock,pricerules,list,não localizada,Ver detalhes,click,local,modal em memória,registro já carregado,não consulta GET de detalhe,comprovado_local_sem_refresh,False,False,leitura de detalhe não auditada no clique,aberto;fechado,não localizado por superfície,apps/all-in-one/src/components/SmartCRUD.tsx:730,apps/all-in-one/src/pages/stock/PriceRulesList.tsx:5
stock,pricerules,list,não localizada,Editar,click,local,/stock/pricerules-form,registro em location.state,salvamento posterior usa PATCH ResourcePatch,compativel_via_formulario,token validado no salvamento,no salvamento,backend no salvamento,idle,contrato estático compartilhado; E2E por superfície ainda necessário,apps/all-in-one/src/components/SmartCRUD.tsx:739,apps/all-in-one/src/pages/stock/PriceRulesList.tsx:5
stock,pricerules,list,não localizada,Excluir,click,DELETE,/stock/resources/pricerules/{id},UUID e confirmação,soft delete; imutáveis/sensíveis retornam 409,parcial_com_fallback_local,False,True,backend audita somente chamada remota aceita,running;completed;failed,não localizado por superfície,apps/all-in-one/src/components/SmartCRUD.tsx:748,apps/all-in-one/src/pages/stock/PriceRulesList.tsx:5
stock,stockpermissions,list,não localizada,Pesquisar,click,GET,/stock/resources/stockpermissions,query/limit,lista protegida por actor_from_headers,parcial_com_fallback_local,False,True,leitura sensível não comprovada por superfície,loading;erro;sucesso,não localizado por superfície,apps/all-in-one/src/components/SmartCRUD.tsx:603,apps/all-in-one/src/pages/stock/StockPermissions.tsx:6
stock,stockpermissions,list,não localizada,Novo registro,click,local,/stock/stockpermissions-form,navegação,não aplicável até salvar,comprovado_local,False,não aplicável,não aplicável,idle,não localizado por superfície,apps/all-in-one/src/components/SmartCRUD.tsx:612,apps/all-in-one/src/pages/stock/StockPermissions.tsx:6
stock,stockpermissions,list,não localizada,Ver detalhes,click,local,modal em memória,registro já carregado,não consulta GET de detalhe,comprovado_local_sem_refresh,False,False,leitura de detalhe não auditada no clique,aberto;fechado,não localizado por superfície,apps/all-in-one/src/components/SmartCRUD.tsx:730,apps/all-in-one/src/pages/stock/StockPermissions.tsx:6
stock,stockpermissions,list,não localizada,Editar,click,local,/stock/stockpermissions-form,registro em location.state,salvamento posterior usa PATCH ResourcePatch,compativel_via_formulario,token validado no salvamento,no salvamento,backend no salvamento,idle,contrato estático compartilhado; E2E por superfície ainda necessário,apps/all-in-one/src/components/SmartCRUD.tsx:739,apps/all-in-one/src/pages/stock/StockPermissions.tsx:6
stock,stockpermissions,list,não localizada,Excluir,click,DELETE,/stock/resources/stockpermissions/{id},UUID e confirmação,soft delete; imutáveis/sensíveis retornam 409,parcial_com_fallback_local,False,True,backend audita somente chamada remota aceita,running;completed;failed,não localizado por superfície,apps/all-in-one/src/components/SmartCRUD.tsx:748,apps/all-in-one/src/pages/stock/StockPermissions.tsx:6
stock,supplierorders,form,não localizada,Cancelar,click,local,navigate(-1),não aplicável,não aplicável,comprovado_local,não aplicável,não aplicável,não aplicável,idle,não localizado por superfície,apps/all-in-one/src/components/SmartCRUD.tsx:537,apps/all-in-one/src/pages/stock/SupplierOrdersForm.tsx:5
stock,supplierorders,form,não localizada,Salvar Registro,submit,POST (criação) / PATCH (edição),/stock/resources/supplierorders,"POST {user_id,payload}; PATCH {payload}; correlação e idempotência na criação","ResourceCreate {user_id,entity_id?,payload}; ResourcePatch {payload}",compativel,token com sub obrigatório,True,backend registra criação/edição aceita com ator e correlação,saving;saved;failed,contrato estático compartilhado; E2E por superfície ainda necessário,apps/all-in-one/src/components/SmartCRUD.tsx:383,apps/all-in-one/src/pages/stock/SupplierOrdersForm.tsx:5
stock,supplierorders,list,não localizada,Pesquisar,click,GET,/stock/resources/supplierorders,query/limit,lista protegida por actor_from_headers,parcial_com_fallback_local,False,True,leitura sensível não comprovada por superfície,loading;erro;sucesso,não localizado por superfície,apps/all-in-one/src/components/SmartCRUD.tsx:603,apps/all-in-one/src/pages/stock/SupplierOrdersList.tsx:5
stock,supplierorders,list,não localizada,Novo registro,click,local,/stock/supplierorders-form,navegação,não aplicável até salvar,comprovado_local,False,não aplicável,não aplicável,idle,não localizado por superfície,apps/all-in-one/src/components/SmartCRUD.tsx:612,apps/all-in-one/src/pages/stock/SupplierOrdersList.tsx:5
stock,supplierorders,list,não localizada,Ver detalhes,click,local,modal em memória,registro já carregado,não consulta GET de detalhe,comprovado_local_sem_refresh,False,False,leitura de detalhe não auditada no clique,aberto;fechado,não localizado por superfície,apps/all-in-one/src/components/SmartCRUD.tsx:730,apps/all-in-one/src/pages/stock/SupplierOrdersList.tsx:5
stock,supplierorders,list,não localizada,Editar,click,local,/stock/supplierorders-form,registro em location.state,salvamento posterior usa PATCH ResourcePatch,compativel_via_formulario,token validado no salvamento,no salvamento,backend no salvamento,idle,contrato estático compartilhado; E2E por superfície ainda necessário,apps/all-in-one/src/components/SmartCRUD.tsx:739,apps/all-in-one/src/pages/stock/SupplierOrdersList.tsx:5
stock,supplierorders,list,não localizada,Excluir,click,DELETE,/stock/resources/supplierorders/{id},UUID e confirmação,soft delete; imutáveis/sensíveis retornam 409,parcial_com_fallback_local,False,True,backend audita somente chamada remota aceita,running;completed;failed,não localizado por superfície,apps/all-in-one/src/components/SmartCRUD.tsx:748,apps/all-in-one/src/pages/stock/SupplierOrdersList.tsx:5
stock,suppliers,form,não localizada,Cancelar,click,local,navigate(-1),não aplicável,não aplicável,comprovado_local,não aplicável,não aplicável,não aplicável,idle,não localizado por superfície,apps/all-in-one/src/components/SmartCRUD.tsx:537,apps/all-in-one/src/pages/stock/SuppliersForm.tsx:5
stock,suppliers,form,não localizada,Salvar Registro,submit,POST (criação) / PATCH (edição),/stock/resources/suppliers,"POST {user_id,payload}; PATCH {payload}; correlação e idempotência na criação","ResourceCreate {user_id,entity_id?,payload}; ResourcePatch {payload}",compativel,token com sub obrigatório,True,backend registra criação/edição aceita com ator e correlação,saving;saved;failed,contrato estático compartilhado; E2E por superfície ainda necessário,apps/all-in-one/src/components/SmartCRUD.tsx:383,apps/all-in-one/src/pages/stock/SuppliersForm.tsx:5
stock,suppliers,list,não localizada,Pesquisar,click,GET,/stock/resources/suppliers,query/limit,lista protegida por actor_from_headers,parcial_com_fallback_local,False,True,leitura sensível não comprovada por superfície,loading;erro;sucesso,não localizado por superfície,apps/all-in-one/src/components/SmartCRUD.tsx:603,apps/all-in-one/src/pages/stock/SuppliersList.tsx:5
stock,suppliers,list,não localizada,Novo registro,click,local,/stock/suppliers-form,navegação,não aplicável até salvar,comprovado_local,False,não aplicável,não aplicável,idle,não localizado por superfície,apps/all-in-one/src/components/SmartCRUD.tsx:612,apps/all-in-one/src/pages/stock/SuppliersList.tsx:5
stock,suppliers,list,não localizada,Ver detalhes,click,local,modal em memória,registro já carregado,não consulta GET de detalhe,comprovado_local_sem_refresh,False,False,leitura de detalhe não auditada no clique,aberto;fechado,não localizado por superfície,apps/all-in-one/src/components/SmartCRUD.tsx:730,apps/all-in-one/src/pages/stock/SuppliersList.tsx:5
stock,suppliers,list,não localizada,Editar,click,local,/stock/suppliers-form,registro em location.state,salvamento posterior usa PATCH ResourcePatch,compativel_via_formulario,token validado no salvamento,no salvamento,backend no salvamento,idle,contrato estático compartilhado; E2E por superfície ainda necessário,apps/all-in-one/src/components/SmartCRUD.tsx:739,apps/all-in-one/src/pages/stock/SuppliersList.tsx:5
stock,suppliers,list,não localizada,Excluir,click,DELETE,/stock/resources/suppliers/{id},UUID e confirmação,soft delete; imutáveis/sensíveis retornam 409,parcial_com_fallback_local,False,True,backend audita somente chamada remota aceita,running;completed;failed,não localizado por superfície,apps/all-in-one/src/components/SmartCRUD.tsx:748,apps/all-in-one/src/pages/stock/SuppliersList.tsx:5
tms,carriers,form,não localizada,Cancelar,click,local,navigate(-1),não aplicável,não aplicável,comprovado_local,não aplicável,não aplicável,não aplicável,idle,não localizado por superfície,apps/all-in-one/src/components/SmartCRUD.tsx:537,apps/all-in-one/src/pages/tms/CarriersForm.tsx:5
tms,carriers,form,não localizada,Salvar Registro,submit,POST (criação) / PATCH (edição),/tms/resources/carriers,"POST {user_id,payload}; PATCH {payload}; correlação e idempotência na criação","ResourceCreate {user_id,entity_id?,payload}; ResourcePatch {payload}",compativel,token com sub obrigatório,True,backend registra criação/edição aceita com ator e correlação,saving;saved;failed,contrato estático compartilhado; E2E por superfície ainda necessário,apps/all-in-one/src/components/SmartCRUD.tsx:383,apps/all-in-one/src/pages/tms/CarriersForm.tsx:5
tms,carriers,list,não localizada,Pesquisar,click,GET,/tms/resources/carriers,query/limit,lista protegida por actor_from_headers,parcial_com_fallback_local,False,True,leitura sensível não comprovada por superfície,loading;erro;sucesso,não localizado por superfície,apps/all-in-one/src/components/SmartCRUD.tsx:603,apps/all-in-one/src/pages/tms/CarriersList.tsx:5
tms,carriers,list,não localizada,Novo registro,click,local,/tms/carriers-form,navegação,não aplicável até salvar,comprovado_local,False,não aplicável,não aplicável,idle,não localizado por superfície,apps/all-in-one/src/components/SmartCRUD.tsx:612,apps/all-in-one/src/pages/tms/CarriersList.tsx:5
tms,carriers,list,não localizada,Ver detalhes,click,local,modal em memória,registro já carregado,não consulta GET de detalhe,comprovado_local_sem_refresh,False,False,leitura de detalhe não auditada no clique,aberto;fechado,não localizado por superfície,apps/all-in-one/src/components/SmartCRUD.tsx:730,apps/all-in-one/src/pages/tms/CarriersList.tsx:5
tms,carriers,list,não localizada,Editar,click,local,/tms/carriers-form,registro em location.state,salvamento posterior usa PATCH ResourcePatch,compativel_via_formulario,token validado no salvamento,no salvamento,backend no salvamento,idle,contrato estático compartilhado; E2E por superfície ainda necessário,apps/all-in-one/src/components/SmartCRUD.tsx:739,apps/all-in-one/src/pages/tms/CarriersList.tsx:5
tms,carriers,list,não localizada,Excluir,click,DELETE,/tms/resources/carriers/{id},UUID e confirmação,soft delete; imutáveis/sensíveis retornam 409,parcial_com_fallback_local,False,True,backend audita somente chamada remota aceita,running;completed;failed,não localizado por superfície,apps/all-in-one/src/components/SmartCRUD.tsx:748,apps/all-in-one/src/pages/tms/CarriersList.tsx:5
tms,freightaudits,form,não localizada,Cancelar,click,local,navigate(-1),não aplicável,não aplicável,comprovado_local,não aplicável,não aplicável,não aplicável,idle,não localizado por superfície,apps/all-in-one/src/components/SmartCRUD.tsx:537,apps/all-in-one/src/pages/tms/FreightAuditsForm.tsx:5
tms,freightaudits,form,não localizada,Salvar Registro,submit,POST (criação) / PATCH (edição),/tms/resources/freightaudits,"POST {user_id,payload}; PATCH {payload}; correlação e idempotência na criação","ResourceCreate {user_id,entity_id?,payload}; ResourcePatch {payload}",compativel,token com sub obrigatório,True,backend registra criação/edição aceita com ator e correlação,saving;saved;failed,contrato estático compartilhado; E2E por superfície ainda necessário,apps/all-in-one/src/components/SmartCRUD.tsx:383,apps/all-in-one/src/pages/tms/FreightAuditsForm.tsx:5
tms,freightaudits,list,não localizada,Pesquisar,click,GET,/tms/resources/freightaudits,query/limit,lista protegida por actor_from_headers,parcial_com_fallback_local,False,True,leitura sensível não comprovada por superfície,loading;erro;sucesso,não localizado por superfície,apps/all-in-one/src/components/SmartCRUD.tsx:603,apps/all-in-one/src/pages/tms/FreightAuditsList.tsx:5
tms,freightaudits,list,não localizada,Novo registro,click,local,/tms/freightaudits-form,navegação,não aplicável até salvar,comprovado_local,False,não aplicável,não aplicável,idle,não localizado por superfície,apps/all-in-one/src/components/SmartCRUD.tsx:612,apps/all-in-one/src/pages/tms/FreightAuditsList.tsx:5
tms,freightaudits,list,não localizada,Ver detalhes,click,local,modal em memória,registro já carregado,não consulta GET de detalhe,comprovado_local_sem_refresh,False,False,leitura de detalhe não auditada no clique,aberto;fechado,não localizado por superfície,apps/all-in-one/src/components/SmartCRUD.tsx:730,apps/all-in-one/src/pages/tms/FreightAuditsList.tsx:5
tms,freightaudits,list,não localizada,Editar,click,local,/tms/freightaudits-form,registro em location.state,salvamento posterior usa PATCH ResourcePatch,compativel_via_formulario,token validado no salvamento,no salvamento,backend no salvamento,idle,contrato estático compartilhado; E2E por superfície ainda necessário,apps/all-in-one/src/components/SmartCRUD.tsx:739,apps/all-in-one/src/pages/tms/FreightAuditsList.tsx:5
tms,freightaudits,list,não localizada,Excluir,click,DELETE,/tms/resources/freightaudits/{id},UUID e confirmação,soft delete; imutáveis/sensíveis retornam 409,parcial_com_fallback_local,False,True,backend audita somente chamada remota aceita,running;completed;failed,não localizado por superfície,apps/all-in-one/src/components/SmartCRUD.tsx:748,apps/all-in-one/src/pages/tms/FreightAuditsList.tsx:5
tms,freights,form,não localizada,Cancelar,click,local,navigate(-1),não aplicável,não aplicável,comprovado_local,não aplicável,não aplicável,não aplicável,idle,não localizado por superfície,apps/all-in-one/src/components/SmartCRUD.tsx:537,apps/all-in-one/src/pages/tms/FreightsForm.tsx:5
tms,freights,form,não localizada,Salvar Registro,submit,POST (criação) / PATCH (edição),/tms/resources/freights,"POST {user_id,payload}; PATCH {payload}; correlação e idempotência na criação","ResourceCreate {user_id,entity_id?,payload}; ResourcePatch {payload}",compativel,token com sub obrigatório,True,backend registra criação/edição aceita com ator e correlação,saving;saved;failed,contrato estático compartilhado; E2E por superfície ainda necessário,apps/all-in-one/src/components/SmartCRUD.tsx:383,apps/all-in-one/src/pages/tms/FreightsForm.tsx:5
tms,freights,list,não localizada,Pesquisar,click,GET,/tms/resources/freights,query/limit,lista protegida por actor_from_headers,parcial_com_fallback_local,False,True,leitura sensível não comprovada por superfície,loading;erro;sucesso,não localizado por superfície,apps/all-in-one/src/components/SmartCRUD.tsx:603,apps/all-in-one/src/pages/tms/FreightsList.tsx:5
tms,freights,list,não localizada,Novo registro,click,local,/tms/freights-form,navegação,não aplicável até salvar,comprovado_local,False,não aplicável,não aplicável,idle,não localizado por superfície,apps/all-in-one/src/components/SmartCRUD.tsx:612,apps/all-in-one/src/pages/tms/FreightsList.tsx:5
tms,freights,list,não localizada,Ver detalhes,click,local,modal em memória,registro já carregado,não consulta GET de detalhe,comprovado_local_sem_refresh,False,False,leitura de detalhe não auditada no clique,aberto;fechado,não localizado por superfície,apps/all-in-one/src/components/SmartCRUD.tsx:730,apps/all-in-one/src/pages/tms/FreightsList.tsx:5
tms,freights,list,não localizada,Editar,click,local,/tms/freights-form,registro em location.state,salvamento posterior usa PATCH ResourcePatch,compativel_via_formulario,token validado no salvamento,no salvamento,backend no salvamento,idle,contrato estático compartilhado; E2E por superfície ainda necessário,apps/all-in-one/src/components/SmartCRUD.tsx:739,apps/all-in-one/src/pages/tms/FreightsList.tsx:5
tms,freights,list,não localizada,Excluir,click,DELETE,/tms/resources/freights/{id},UUID e confirmação,soft delete; imutáveis/sensíveis retornam 409,parcial_com_fallback_local,False,True,backend audita somente chamada remota aceita,running;completed;failed,não localizado por superfície,apps/all-in-one/src/components/SmartCRUD.tsx:748,apps/all-in-one/src/pages/tms/FreightsList.tsx:5
tms,proofsofdelivery,form,não localizada,Cancelar,click,local,navigate(-1),não aplicável,não aplicável,comprovado_local,não aplicável,não aplicável,não aplicável,idle,não localizado por superfície,apps/all-in-one/src/components/SmartCRUD.tsx:537,apps/all-in-one/src/pages/tms/ProofsOfDeliveryForm.tsx:6
tms,proofsofdelivery,form,não localizada,Salvar Registro,submit,POST (criação) / PATCH (edição),/tms/resources/proofsofdelivery,"POST {user_id,payload}; PATCH {payload}; correlação e idempotência na criação","ResourceCreate {user_id,entity_id?,payload}; ResourcePatch {payload}",compativel,token com sub obrigatório,True,backend registra criação/edição aceita com ator e correlação,saving;saved;failed,contrato estático compartilhado; E2E por superfície ainda necessário,apps/all-in-one/src/components/SmartCRUD.tsx:383,apps/all-in-one/src/pages/tms/ProofsOfDeliveryForm.tsx:6
tms,proofsofdelivery,list,não localizada,Pesquisar,click,GET,/tms/resources/proofsofdelivery,query/limit,lista protegida por actor_from_headers,parcial_com_fallback_local,False,True,leitura sensível não comprovada por superfície,loading;erro;sucesso,não localizado por superfície,apps/all-in-one/src/components/SmartCRUD.tsx:603,apps/all-in-one/src/pages/tms/ProofsOfDeliveryList.tsx:6
tms,proofsofdelivery,list,não localizada,Novo registro,click,local,/tms/proofsofdelivery-form,navegação,não aplicável até salvar,comprovado_local,False,não aplicável,não aplicável,idle,não localizado por superfície,apps/all-in-one/src/components/SmartCRUD.tsx:612,apps/all-in-one/src/pages/tms/ProofsOfDeliveryList.tsx:6
tms,proofsofdelivery,list,não localizada,Ver detalhes,click,local,modal em memória,registro já carregado,não consulta GET de detalhe,comprovado_local_sem_refresh,False,False,leitura de detalhe não auditada no clique,aberto;fechado,não localizado por superfície,apps/all-in-one/src/components/SmartCRUD.tsx:730,apps/all-in-one/src/pages/tms/ProofsOfDeliveryList.tsx:6
tms,proofsofdelivery,list,não localizada,Editar,click,local,/tms/proofsofdelivery-form,registro em location.state,salvamento posterior usa PATCH ResourcePatch,compativel_via_formulario,token validado no salvamento,no salvamento,backend no salvamento,idle,contrato estático compartilhado; E2E por superfície ainda necessário,apps/all-in-one/src/components/SmartCRUD.tsx:739,apps/all-in-one/src/pages/tms/ProofsOfDeliveryList.tsx:6
tms,proofsofdelivery,list,não localizada,Excluir,click,DELETE,/tms/resources/proofsofdelivery/{id},UUID e confirmação,soft delete; imutáveis/sensíveis retornam 409,parcial_com_fallback_local,False,True,backend audita somente chamada remota aceita,running;completed;failed,não localizado por superfície,apps/all-in-one/src/components/SmartCRUD.tsx:748,apps/all-in-one/src/pages/tms/ProofsOfDeliveryList.tsx:6
tms,routes,form,não localizada,Cancelar,click,local,navigate(-1),não aplicável,não aplicável,comprovado_local,não aplicável,não aplicável,não aplicável,idle,não localizado por superfície,apps/all-in-one/src/components/SmartCRUD.tsx:537,apps/all-in-one/src/pages/tms/RoutesForm.tsx:5
tms,routes,form,não localizada,Salvar Registro,submit,POST (criação) / PATCH (edição),/tms/resources/routes,"POST {user_id,payload}; PATCH {payload}; correlação e idempotência na criação","ResourceCreate {user_id,entity_id?,payload}; ResourcePatch {payload}",compativel,token com sub obrigatório,True,backend registra criação/edição aceita com ator e correlação,saving;saved;failed,contrato estático compartilhado; E2E por superfície ainda necessário,apps/all-in-one/src/components/SmartCRUD.tsx:383,apps/all-in-one/src/pages/tms/RoutesForm.tsx:5
tms,routes,list,não localizada,Pesquisar,click,GET,/tms/resources/routes,query/limit,lista protegida por actor_from_headers,parcial_com_fallback_local,False,True,leitura sensível não comprovada por superfície,loading;erro;sucesso,não localizado por superfície,apps/all-in-one/src/components/SmartCRUD.tsx:603,apps/all-in-one/src/pages/tms/RoutesList.tsx:5
tms,routes,list,não localizada,Novo registro,click,local,/tms/routes-form,navegação,não aplicável até salvar,comprovado_local,False,não aplicável,não aplicável,idle,não localizado por superfície,apps/all-in-one/src/components/SmartCRUD.tsx:612,apps/all-in-one/src/pages/tms/RoutesList.tsx:5
tms,routes,list,não localizada,Ver detalhes,click,local,modal em memória,registro já carregado,não consulta GET de detalhe,comprovado_local_sem_refresh,False,False,leitura de detalhe não auditada no clique,aberto;fechado,não localizado por superfície,apps/all-in-one/src/components/SmartCRUD.tsx:730,apps/all-in-one/src/pages/tms/RoutesList.tsx:5
tms,routes,list,não localizada,Editar,click,local,/tms/routes-form,registro em location.state,salvamento posterior usa PATCH ResourcePatch,compativel_via_formulario,token validado no salvamento,no salvamento,backend no salvamento,idle,contrato estático compartilhado; E2E por superfície ainda necessário,apps/all-in-one/src/components/SmartCRUD.tsx:739,apps/all-in-one/src/pages/tms/RoutesList.tsx:5
tms,routes,list,não localizada,Excluir,click,DELETE,/tms/resources/routes/{id},UUID e confirmação,soft delete; imutáveis/sensíveis retornam 409,parcial_com_fallback_local,False,True,backend audita somente chamada remota aceita,running;completed;failed,não localizado por superfície,apps/all-in-one/src/components/SmartCRUD.tsx:748,apps/all-in-one/src/pages/tms/RoutesList.tsx:5
tms,tmspermissions,list,não localizada,Pesquisar,click,GET,/tms/resources/tmspermissions,query/limit,lista protegida por actor_from_headers,parcial_com_fallback_local,False,True,leitura sensível não comprovada por superfície,loading;erro;sucesso,não localizado por superfície,apps/all-in-one/src/components/SmartCRUD.tsx:603,apps/all-in-one/src/pages/tms/TmsPermissions.tsx:5
tms,tmspermissions,list,não localizada,Novo registro,click,local,/tms/tmspermissions-form,navegação,não aplicável até salvar,comprovado_local,False,não aplicável,não aplicável,idle,não localizado por superfície,apps/all-in-one/src/components/SmartCRUD.tsx:612,apps/all-in-one/src/pages/tms/TmsPermissions.tsx:5
tms,tmspermissions,list,não localizada,Ver detalhes,click,local,modal em memória,registro já carregado,não consulta GET de detalhe,comprovado_local_sem_refresh,False,False,leitura de detalhe não auditada no clique,aberto;fechado,não localizado por superfície,apps/all-in-one/src/components/SmartCRUD.tsx:730,apps/all-in-one/src/pages/tms/TmsPermissions.tsx:5
tms,tmspermissions,list,não localizada,Editar,click,local,/tms/tmspermissions-form,registro em location.state,salvamento posterior usa PATCH ResourcePatch,compativel_via_formulario,token validado no salvamento,no salvamento,backend no salvamento,idle,contrato estático compartilhado; E2E por superfície ainda necessário,apps/all-in-one/src/components/SmartCRUD.tsx:739,apps/all-in-one/src/pages/tms/TmsPermissions.tsx:5
tms,tmspermissions,list,não localizada,Excluir,click,DELETE,/tms/resources/tmspermissions/{id},UUID e confirmação,soft delete; imutáveis/sensíveis retornam 409,parcial_com_fallback_local,False,True,backend audita somente chamada remota aceita,running;completed;failed,não localizado por superfície,apps/all-in-one/src/components/SmartCRUD.tsx:748,apps/all-in-one/src/pages/tms/TmsPermissions.tsx:5
wms,bins,form,não localizada,Cancelar,click,local,navigate(-1),não aplicável,não aplicável,comprovado_local,não aplicável,não aplicável,não aplicável,idle,não localizado por superfície,apps/all-in-one/src/components/SmartCRUD.tsx:537,apps/all-in-one/src/pages/wms/BinsForm.tsx:5
wms,bins,form,não localizada,Salvar Registro,submit,POST (criação) / PATCH (edição),/wms/resources/bins,"POST {user_id,payload}; PATCH {payload}; correlação e idempotência na criação","ResourceCreate {user_id,entity_id?,payload}; ResourcePatch {payload}",compativel,token com sub obrigatório,True,backend registra criação/edição aceita com ator e correlação,saving;saved;failed,contrato estático compartilhado; E2E por superfície ainda necessário,apps/all-in-one/src/components/SmartCRUD.tsx:383,apps/all-in-one/src/pages/wms/BinsForm.tsx:5
wms,bins,list,não localizada,Pesquisar,click,GET,/wms/resources/bins,query/limit,lista protegida por actor_from_headers,parcial_com_fallback_local,False,True,leitura sensível não comprovada por superfície,loading;erro;sucesso,não localizado por superfície,apps/all-in-one/src/components/SmartCRUD.tsx:603,apps/all-in-one/src/pages/wms/BinsList.tsx:5
wms,bins,list,não localizada,Novo registro,click,local,/wms/bins-form,navegação,não aplicável até salvar,comprovado_local,False,não aplicável,não aplicável,idle,não localizado por superfície,apps/all-in-one/src/components/SmartCRUD.tsx:612,apps/all-in-one/src/pages/wms/BinsList.tsx:5
wms,bins,list,não localizada,Ver detalhes,click,local,modal em memória,registro já carregado,não consulta GET de detalhe,comprovado_local_sem_refresh,False,False,leitura de detalhe não auditada no clique,aberto;fechado,não localizado por superfície,apps/all-in-one/src/components/SmartCRUD.tsx:730,apps/all-in-one/src/pages/wms/BinsList.tsx:5
wms,bins,list,não localizada,Editar,click,local,/wms/bins-form,registro em location.state,salvamento posterior usa PATCH ResourcePatch,compativel_via_formulario,token validado no salvamento,no salvamento,backend no salvamento,idle,contrato estático compartilhado; E2E por superfície ainda necessário,apps/all-in-one/src/components/SmartCRUD.tsx:739,apps/all-in-one/src/pages/wms/BinsList.tsx:5
wms,bins,list,não localizada,Excluir,click,DELETE,/wms/resources/bins/{id},UUID e confirmação,soft delete; imutáveis/sensíveis retornam 409,parcial_com_fallback_local,False,True,backend audita somente chamada remota aceita,running;completed;failed,não localizado por superfície,apps/all-in-one/src/components/SmartCRUD.tsx:748,apps/all-in-one/src/pages/wms/BinsList.tsx:5
wms,inventory,form,não localizada,Cancelar,click,local,navigate(-1),não aplicável,não aplicável,comprovado_local,não aplicável,não aplicável,não aplicável,idle,não localizado por superfície,apps/all-in-one/src/components/SmartCRUD.tsx:537,apps/all-in-one/src/pages/wms/InventoryForm.tsx:5
wms,inventory,form,não localizada,Salvar Registro,submit,POST (criação) / PATCH (edição),/wms/resources/inventory,"POST {user_id,payload}; PATCH {payload}; correlação e idempotência na criação","ResourceCreate {user_id,entity_id?,payload}; ResourcePatch {payload}",compativel,token com sub obrigatório,True,backend registra criação/edição aceita com ator e correlação,saving;saved;failed,contrato estático compartilhado; E2E por superfície ainda necessário,apps/all-in-one/src/components/SmartCRUD.tsx:383,apps/all-in-one/src/pages/wms/InventoryForm.tsx:5
wms,inventory,list,não localizada,Pesquisar,click,GET,/wms/resources/inventory,query/limit,lista protegida por actor_from_headers,parcial_com_fallback_local,False,True,leitura sensível não comprovada por superfície,loading;erro;sucesso,não localizado por superfície,apps/all-in-one/src/components/SmartCRUD.tsx:603,apps/all-in-one/src/pages/wms/InventoryList.tsx:5
wms,inventory,list,não localizada,Novo registro,click,local,/wms/inventory-form,navegação,não aplicável até salvar,comprovado_local,False,não aplicável,não aplicável,idle,não localizado por superfície,apps/all-in-one/src/components/SmartCRUD.tsx:612,apps/all-in-one/src/pages/wms/InventoryList.tsx:5
wms,inventory,list,não localizada,Ver detalhes,click,local,modal em memória,registro já carregado,não consulta GET de detalhe,comprovado_local_sem_refresh,False,False,leitura de detalhe não auditada no clique,aberto;fechado,não localizado por superfície,apps/all-in-one/src/components/SmartCRUD.tsx:730,apps/all-in-one/src/pages/wms/InventoryList.tsx:5
wms,inventory,list,não localizada,Editar,click,local,/wms/inventory-form,registro em location.state,salvamento posterior usa PATCH ResourcePatch,compativel_via_formulario,token validado no salvamento,no salvamento,backend no salvamento,idle,contrato estático compartilhado; E2E por superfície ainda necessário,apps/all-in-one/src/components/SmartCRUD.tsx:739,apps/all-in-one/src/pages/wms/InventoryList.tsx:5
wms,inventory,list,não localizada,Excluir,click,DELETE,/wms/resources/inventory/{id},UUID e confirmação,soft delete; imutáveis/sensíveis retornam 409,parcial_com_fallback_local,False,True,backend audita somente chamada remota aceita,running;completed;failed,não localizado por superfície,apps/all-in-one/src/components/SmartCRUD.tsx:748,apps/all-in-one/src/pages/wms/InventoryList.tsx:5
wms,pickingwaves,form,não localizada,Cancelar,click,local,navigate(-1),não aplicável,não aplicável,comprovado_local,não aplicável,não aplicável,não aplicável,idle,não localizado por superfície,apps/all-in-one/src/components/SmartCRUD.tsx:537,apps/all-in-one/src/pages/wms/PickingWavesForm.tsx:5
wms,pickingwaves,form,não localizada,Salvar Registro,submit,POST (criação) / PATCH (edição),/wms/resources/pickingwaves,"POST {user_id,payload}; PATCH {payload}; correlação e idempotência na criação","ResourceCreate {user_id,entity_id?,payload}; ResourcePatch {payload}",compativel,token com sub obrigatório,True,backend registra criação/edição aceita com ator e correlação,saving;saved;failed,contrato estático compartilhado; E2E por superfície ainda necessário,apps/all-in-one/src/components/SmartCRUD.tsx:383,apps/all-in-one/src/pages/wms/PickingWavesForm.tsx:5
wms,pickingwaves,list,não localizada,Pesquisar,click,GET,/wms/resources/pickingwaves,query/limit,lista protegida por actor_from_headers,parcial_com_fallback_local,False,True,leitura sensível não comprovada por superfície,loading;erro;sucesso,não localizado por superfície,apps/all-in-one/src/components/SmartCRUD.tsx:603,apps/all-in-one/src/pages/wms/PickingWavesList.tsx:5
wms,pickingwaves,list,não localizada,Novo registro,click,local,/wms/pickingwaves-form,navegação,não aplicável até salvar,comprovado_local,False,não aplicável,não aplicável,idle,não localizado por superfície,apps/all-in-one/src/components/SmartCRUD.tsx:612,apps/all-in-one/src/pages/wms/PickingWavesList.tsx:5
wms,pickingwaves,list,não localizada,Ver detalhes,click,local,modal em memória,registro já carregado,não consulta GET de detalhe,comprovado_local_sem_refresh,False,False,leitura de detalhe não auditada no clique,aberto;fechado,não localizado por superfície,apps/all-in-one/src/components/SmartCRUD.tsx:730,apps/all-in-one/src/pages/wms/PickingWavesList.tsx:5
wms,pickingwaves,list,não localizada,Editar,click,local,/wms/pickingwaves-form,registro em location.state,salvamento posterior usa PATCH ResourcePatch,compativel_via_formulario,token validado no salvamento,no salvamento,backend no salvamento,idle,contrato estático compartilhado; E2E por superfície ainda necessário,apps/all-in-one/src/components/SmartCRUD.tsx:739,apps/all-in-one/src/pages/wms/PickingWavesList.tsx:5
wms,pickingwaves,list,não localizada,Excluir,click,DELETE,/wms/resources/pickingwaves/{id},UUID e confirmação,soft delete; imutáveis/sensíveis retornam 409,parcial_com_fallback_local,False,True,backend audita somente chamada remota aceita,running;completed;failed,não localizado por superfície,apps/all-in-one/src/components/SmartCRUD.tsx:748,apps/all-in-one/src/pages/wms/PickingWavesList.tsx:5
wms,shipments,form,não localizada,Cancelar,click,local,navigate(-1),não aplicável,não aplicável,comprovado_local,não aplicável,não aplicável,não aplicável,idle,não localizado por superfície,apps/all-in-one/src/components/SmartCRUD.tsx:537,apps/all-in-one/src/pages/wms/ShipmentsForm.tsx:5
wms,shipments,form,não localizada,Salvar Registro,submit,POST (criação) / PATCH (edição),/wms/resources/shipments,"POST {user_id,payload}; PATCH {payload}; correlação e idempotência na criação","ResourceCreate {user_id,entity_id?,payload}; ResourcePatch {payload}",compativel,token com sub obrigatório,True,backend registra criação/edição aceita com ator e correlação,saving;saved;failed,contrato estático compartilhado; E2E por superfície ainda necessário,apps/all-in-one/src/components/SmartCRUD.tsx:383,apps/all-in-one/src/pages/wms/ShipmentsForm.tsx:5
wms,shipments,list,não localizada,Pesquisar,click,GET,/wms/resources/shipments,query/limit,lista protegida por actor_from_headers,parcial_com_fallback_local,False,True,leitura sensível não comprovada por superfície,loading;erro;sucesso,não localizado por superfície,apps/all-in-one/src/components/SmartCRUD.tsx:603,apps/all-in-one/src/pages/wms/ShipmentsList.tsx:5
wms,shipments,list,não localizada,Novo registro,click,local,/wms/shipments-form,navegação,não aplicável até salvar,comprovado_local,False,não aplicável,não aplicável,idle,não localizado por superfície,apps/all-in-one/src/components/SmartCRUD.tsx:612,apps/all-in-one/src/pages/wms/ShipmentsList.tsx:5
wms,shipments,list,não localizada,Ver detalhes,click,local,modal em memória,registro já carregado,não consulta GET de detalhe,comprovado_local_sem_refresh,False,False,leitura de detalhe não auditada no clique,aberto;fechado,não localizado por superfície,apps/all-in-one/src/components/SmartCRUD.tsx:730,apps/all-in-one/src/pages/wms/ShipmentsList.tsx:5
wms,shipments,list,não localizada,Editar,click,local,/wms/shipments-form,registro em location.state,salvamento posterior usa PATCH ResourcePatch,compativel_via_formulario,token validado no salvamento,no salvamento,backend no salvamento,idle,contrato estático compartilhado; E2E por superfície ainda necessário,apps/all-in-one/src/components/SmartCRUD.tsx:739,apps/all-in-one/src/pages/wms/ShipmentsList.tsx:5
wms,shipments,list,não localizada,Excluir,click,DELETE,/wms/resources/shipments/{id},UUID e confirmação,soft delete; imutáveis/sensíveis retornam 409,parcial_com_fallback_local,False,True,backend audita somente chamada remota aceita,running;completed;failed,não localizado por superfície,apps/all-in-one/src/components/SmartCRUD.tsx:748,apps/all-in-one/src/pages/wms/ShipmentsList.tsx:5
wms,warehouses,form,não localizada,Cancelar,click,local,navigate(-1),não aplicável,não aplicável,comprovado_local,não aplicável,não aplicável,não aplicável,idle,não localizado por superfície,apps/all-in-one/src/components/SmartCRUD.tsx:537,apps/all-in-one/src/pages/wms/WarehousesForm.tsx:5
wms,warehouses,form,não localizada,Salvar Registro,submit,POST (criação) / PATCH (edição),/wms/resources/warehouses,"POST {user_id,payload}; PATCH {payload}; correlação e idempotência na criação","ResourceCreate {user_id,entity_id?,payload}; ResourcePatch {payload}",compativel,token com sub obrigatório,True,backend registra criação/edição aceita com ator e correlação,saving;saved;failed,contrato estático compartilhado; E2E por superfície ainda necessário,apps/all-in-one/src/components/SmartCRUD.tsx:383,apps/all-in-one/src/pages/wms/WarehousesForm.tsx:5
wms,warehouses,list,não localizada,Pesquisar,click,GET,/wms/resources/warehouses,query/limit,lista protegida por actor_from_headers,parcial_com_fallback_local,False,True,leitura sensível não comprovada por superfície,loading;erro;sucesso,não localizado por superfície,apps/all-in-one/src/components/SmartCRUD.tsx:603,apps/all-in-one/src/pages/wms/WarehousesList.tsx:5
wms,warehouses,list,não localizada,Novo registro,click,local,/wms/warehouses-form,navegação,não aplicável até salvar,comprovado_local,False,não aplicável,não aplicável,idle,não localizado por superfície,apps/all-in-one/src/components/SmartCRUD.tsx:612,apps/all-in-one/src/pages/wms/WarehousesList.tsx:5
wms,warehouses,list,não localizada,Ver detalhes,click,local,modal em memória,registro já carregado,não consulta GET de detalhe,comprovado_local_sem_refresh,False,False,leitura de detalhe não auditada no clique,aberto;fechado,não localizado por superfície,apps/all-in-one/src/components/SmartCRUD.tsx:730,apps/all-in-one/src/pages/wms/WarehousesList.tsx:5
wms,warehouses,list,não localizada,Editar,click,local,/wms/warehouses-form,registro em location.state,salvamento posterior usa PATCH ResourcePatch,compativel_via_formulario,token validado no salvamento,no salvamento,backend no salvamento,idle,contrato estático compartilhado; E2E por superfície ainda necessário,apps/all-in-one/src/components/SmartCRUD.tsx:739,apps/all-in-one/src/pages/wms/WarehousesList.tsx:5
wms,warehouses,list,não localizada,Excluir,click,DELETE,/wms/resources/warehouses/{id},UUID e confirmação,soft delete; imutáveis/sensíveis retornam 409,parcial_com_fallback_local,False,True,backend audita somente chamada remota aceita,running;completed;failed,não localizado por superfície,apps/all-in-one/src/components/SmartCRUD.tsx:748,apps/all-in-one/src/pages/wms/WarehousesList.tsx:5
wms,wmspermissions,list,não localizada,Pesquisar,click,GET,/wms/resources/wmspermissions,query/limit,lista protegida por actor_from_headers,parcial_com_fallback_local,False,True,leitura sensível não comprovada por superfície,loading;erro;sucesso,não localizado por superfície,apps/all-in-one/src/components/SmartCRUD.tsx:603,apps/all-in-one/src/pages/wms/WmsPermissions.tsx:5
wms,wmspermissions,list,não localizada,Novo registro,click,local,/wms/wmspermissions-form,navegação,não aplicável até salvar,comprovado_local,False,não aplicável,não aplicável,idle,não localizado por superfície,apps/all-in-one/src/components/SmartCRUD.tsx:612,apps/all-in-one/src/pages/wms/WmsPermissions.tsx:5
wms,wmspermissions,list,não localizada,Ver detalhes,click,local,modal em memória,registro já carregado,não consulta GET de detalhe,comprovado_local_sem_refresh,False,False,leitura de detalhe não auditada no clique,aberto;fechado,não localizado por superfície,apps/all-in-one/src/components/SmartCRUD.tsx:730,apps/all-in-one/src/pages/wms/WmsPermissions.tsx:5
wms,wmspermissions,list,não localizada,Editar,click,local,/wms/wmspermissions-form,registro em location.state,salvamento posterior usa PATCH ResourcePatch,compativel_via_formulario,token validado no salvamento,no salvamento,backend no salvamento,idle,contrato estático compartilhado; E2E por superfície ainda necessário,apps/all-in-one/src/components/SmartCRUD.tsx:739,apps/all-in-one/src/pages/wms/WmsPermissions.tsx:5
wms,wmspermissions,list,não localizada,Excluir,click,DELETE,/wms/resources/wmspermissions/{id},UUID e confirmação,soft delete; imutáveis/sensíveis retornam 409,parcial_com_fallback_local,False,True,backend audita somente chamada remota aceita,running;completed;failed,não localizado por superfície,apps/all-in-one/src/components/SmartCRUD.tsx:748,apps/all-in-one/src/pages/wms/WmsPermissions.tsx:5
